miRDeep2 score	novel miRNAs reported by miRDeep2	novel miRNAs, estimated false positives	novel miRNAs, estimated true positives	known miRNAs in species	known miRNAs in data	known miRNAs detected by miRDeep2	estimated signal-to-noise	excision gearing
10	1	1 +/- 1	0 +/- 0 (39 +/- 49%)	164	13	0 (0%)	1.1	1
9	1	1 +/- 1	0 +/- 0 (36 +/- 48%)	164	13	0 (0%)	1	1
8	1	1 +/- 1	0 +/- 0 (34 +/- 48%)	164	13	0 (0%)	0.9	1
7	1	1 +/- 1	0 +/- 0 (30 +/- 46%)	164	13	0 (0%)	0.8	1
6	1	1 +/- 1	0 +/- 0 (25 +/- 44%)	164	13	0 (0%)	0.8	1
5	1	1 +/- 1	0 +/- 0 (21 +/- 41%)	164	13	3 (23%)	2.1	1
4	2	2 +/- 1	1 +/- 1 (37 +/- 38%)	164	13	6 (46%)	3.9	1
3	3	3 +/- 2	0 +/- 1 (13 +/- 24%)	164	13	8 (62%)	2.3	1
2	5	5 +/- 2	1 +/- 1 (12 +/- 21%)	164	13	9 (69%)	2.4	1
1	19	9 +/- 3	10 +/- 3 (54 +/- 16%)	164	13	9 (69%)	3.2	1
0	36	31 +/- 5	6 +/- 4 (16 +/- 11%)	164	13	9 (69%)	1.5	1
-1	54	97 +/- 8	0 +/- 0 (0 +/- 0%)	164	13	9 (69%)	0.6	1
-2	68	176 +/- 10	0 +/- 0 (0 +/- 0%)	164	13	9 (69%)	0.4	1
-3	107	273 +/- 13	0 +/- 0 (0 +/- 0%)	164	13	9 (69%)	0.4	1
-4	180	367 +/- 15	0 +/- 0 (0 +/- 0%)	164	13	9 (69%)	0.5	1
-5	258	460 +/- 18	0 +/- 0 (0 +/- 0%)	164	13	9 (69%)	0.6	1
-6	336	544 +/- 18	0 +/- 0 (0 +/- 0%)	164	13	9 (69%)	0.6	1
-7	419	618 +/- 19	0 +/- 0 (0 +/- 0%)	164	13	9 (69%)	0.7	1
-8	488	685 +/- 19	0 +/- 0 (0 +/- 0%)	164	13	9 (69%)	0.7	1
-9	563	743 +/- 21	0 +/- 0 (0 +/- 0%)	164	13	9 (69%)	0.8	1
-10	640	796 +/- 21	0 +/- 0 (0 +/- 0%)	164	13	9 (69%)	0.8	1



novel miRNAs predicted by miRDeep2
provisional id	miRDeep2 score	estimated probability that the miRNA candidate is a true positive	rfam alert	total read count	mature read count	loop read count	star read count	significant randfold p-value	miRBase miRNA	example miRBase miRNA with the same seed	UCSC browser	NCBI blastn	consensus mature sequence	consensus star sequence	consensus precursor sequence	precursor coordinate
1_16209	175.6	39 +/- 49%	-	343	113	178	52	yes	-	-	-	-	uggauuggauuuggauuggauuug	auuggauuuggauuggauuuggauu	uggauuggauuuggauuggauuuggauuggauuuggauuggauuuggauuggauuuggauuggauuuggauuggauuuugauuggauuuggauuggauuuggauu	1:239278198..239278303:+
3_10148	4	37 +/- 38%	-	17	17	0	0	yes	-	dme-miR-4953-3p	-	-	auuuuuauuuuucugauugcuaugu	ugaguaugagagacuuaaaaauuu	auuuuuauuuuucugauugcuauguauugaguaugagagacuuaaaaauuu	3:263646540..263646591:+
3_13124	3.1	13 +/- 24%	-	27	27	0	0	yes	-	-	-	-	cgaagcccaccagaacgauucuauu	uagaaucguucuggugggcuucgau	uagaaucguucuggugggcuucgaucccacgggagucgugggaucgaagcccaccagaacgauucuauu	3:223346221..223346290:-
2_828	2.8	12 +/- 21%	-	18	11	0	7	no	-	-	-	-	uaugagagcugagggcaca	gugcuuccggacauuccgaa	gugcuuccggacauuccgaauucuagccccucccagugaguaguagauuaugagagcugagggcaca	2:102884464..102884531:+
3_8146	2.1	12 +/- 21%	-	7	7	0	0	yes	-	dme-miR-9377-3p	-	-	auugauggaaagacagcccuacac	guagaggagcuacuuuccaucgacgg	auugauggaaagacagcccuacacuuugcugccagccaaagcugcuaccuugagauuguagaggagcuacuuuccaucgacgg	3:36822690..36822773:+
2_7552	1.9	54 +/- 16%	-	20	20	0	0	yes	-	-	-	-	acggaaccgcucaagcguaaaauaa	auuuugacguuugagcggugccaaau	auuuugacguuugagcggugccaaauucacucguugacauagucacauaaauaacacggaaccgcucaagcguaaaauaa	2:452844984..452845064:-
3_9313	1.8	54 +/- 16%	-	22	22	0	0	yes	-	-	-	-	augagggcaggaucaaacauguc	aguguuugauccuucgaccuugacg	aguguuugauccuucgaccuugacgcuugcuccugcuggggcgggugaugagggcaggaucaaacauguc	3:165810039..165810109:+
1_16816	1.7	54 +/- 16%	-	32	32	0	0	yes	-	-	-	-	caauccaauccaaacccaaucc	auuggguuuggauuggauuagga	auuggguuuggauuggauuaggauugcauuugaacuccaauccaauccaaacccaaucc	1:9914681..9914740:-
2_5718	1.6	54 +/- 16%	-	19	19	0	0	yes	-	-	-	-	augagaguggccaaauuaggag	ccuaaauuggccaaucgcauug	ccuaaauuggccaaucgcauugauuucucaugagaguggccaaauuaggag	2:232855053..232855104:-
1_19290	1.5	54 +/- 16%	-	18	18	0	0	yes	-	-	-	-	cuaucuggaugcggaccggggcaac	gauucugagcugcugccgaaagau	gauucugagcugcugccgaaagauaucuucguacacuugaacgauaucuaucuggaugcggaccggggcaac	1:234089833..234089905:-
2_594	1.4	54 +/- 16%	-	20	20	0	0	yes	-	-	-	-	auuucaccgaacuguucaa	gagauaacggugaaauuc	auuucaccgaacuguucaacuguugagauaacggugaaauuc	2:76020271..76020313:+
2_6506	1.4	54 +/- 16%	-	16	16	0	0	yes	-	-	-	-	agauuaucaccagaaaccguacgau	ugcagggucugaugaugaucugc	ugcagggucugaugaugaucugcuuucagaggauuuuagugauccuaacuaaaauccacccaaaucagauuaucaccagaaaccguacgau	2:307575108..307575199:-
3_13103	1.3	54 +/- 16%	-	19	19	0	0	yes	-	-	-	-	aguugggcaggcucaaaaua	agaaggguuugcuccacgcg	aguugggcaggcucaaaauaugaaagaaggguuugcuccacgcg	3:220123034..220123078:-
2_5612	1.3	54 +/- 16%	-	14	14	0	0	yes	-	-	-	-	agaugacgaagcgguugaauggu	uucaucacauucguaucgaucacucuug	uucaucacauucguaucgaucacucuugauucaagaugacgaagcgguugaauggu	2:223249779..223249835:-
1_17875	1.3	54 +/- 16%	-	17	17	0	0	yes	-	-	-	-	ucggaaggaaucgucccggaugac	uuucuggacucgguucuuccgaaa	ucggaaggaaucgucccggaugaccugucgguauuucuggacucgguucuuccgaaa	1:159467253..159467310:-
3_11604	1.1	54 +/- 16%	-	17	17	0	0	yes	-	-	-	-	uaauggccguuuggcauaaugauu	ucguuuggcauaauggccauuugg	ucguuuggcauaauggccauuuggcauaauggccguuuggcauaaugauu	3:25747170..25747220:-
2_805	1.1	54 +/- 16%	-	15	15	0	0	yes	-	-	-	-	uaaggccaaugacaguuugcgaaau	ugagcaagagagagucauuggccucuca	ugagcaagagagagucauuggccucucaccaugcuaaggccaaugacaguuugcgaaau	2:99496944..99497003:+
3_8627	1.1	54 +/- 16%	-	13	13	0	0	yes	-	dme-miR-4979-3p	-	-	uuacauguugaaggacacgaaaac	aaacguggccuugaagauguauuu	aaacguggccuugaagauguauuuaaccaaaaauguaauuuuacauguugaaggacacgaaaac	3:89340509..89340573:+
3_13760	1	54 +/- 16%	-	11	11	0	0	yes	-	-	-	-	cagaagcuggcaaagcugc	agcuggcaaagcuucucuu	agcuggcaaagcuucucuucagaagcuggcaaagcuucucuucagaagcuggcaaagcugc	3:314033870..314033931:-
1_15975	0.9	16 +/- 11%	-	19	19	0	0	yes	-	-	-	-	auuugugcacuguugcauaugc	auguguucagugccaucgaa	auguguucagugccaucgaacugauuugugcacuguugcauaugc	1:213008363..213008408:+
NIGP01001744_19961	0.9	16 +/- 11%	-	22	22	0	0	yes	-	-	-	-	aaacuuuauccaaccgaagc	uucggaugaaguggcc	aaacuuuauccaaccgaagcacauuucggaugaaguggcc	NIGP01001744:4231..4271:-
1_15094	0.8	16 +/- 11%	-	11	11	0	0	yes	-	-	-	-	augauguaaucgcaaaac	ugaucguuacguuaacc	augauguaaucgcaaaacggcugaaggcagaaggguuacuugagccguugaucguuacguuaacc	1:86551192..86551257:+
2_7771	0.8	16 +/- 11%	-	16	16	0	0	no	-	dme-miR-2494-3p	-	-	uucccagugcagauucaaaac	ugaugacuuugcacgugguaagu	uucccagugcagauucaaaacggccaguggaagauuguucagggcuuguccguugaugacuuugcacgugguaagu	2:470385258..470385334:-
3_8893	0.7	16 +/- 11%	-	13	13	0	0	yes	-	-	-	-	aauccacggagggaaaac	uaucuacguuggaugga	uaucuacguuggauggacggugacgaagaaguguucuuuuuuuugugccgaagaaaaauccacggagggaaaac	3:124142015..124142089:+
2_1133	0.6	16 +/- 11%	-	13	13	0	0	yes	-	-	-	-	ccuugaucuaugacaaaguucuuau	gagaagcuuugucuggauuacuagu	gagaagcuuugucuggauuacuaguuggacuacuccuugaucuaugacaaaguucuuau	2:134384976..134385035:+
3_13499	0.5	16 +/- 11%	-	19	19	0	0	yes	-	-	-	-	uauaacguuguaaagccuaacggau	caaaggcuuucacaaugcgucgug	uauaacguuguaaagccuaacggauugaagaugauuuggcauaaagucaacauuccuucaaaggcuuucacaaugcgucgug	3:286839768..286839850:-
3_11776	0.5	16 +/- 11%	-	18	18	0	0	yes	-	-	-	-	gcaugcggaagaauuccacu	uggacuucuucucgaucaaugcac	uggacuucuucucgaucaaugcacaacgcgcagcacucgccaucacggccaacugcugucugaaucugcaugcggaagaauuccacu	3:47826225..47826312:-
3_12073	0.3	16 +/- 11%	-	16	16	0	0	no	-	dme-miR-2491-5p	-	-	agcuguugauggcggccaauu	uugcacgucgcaucuccacccg	agcuguugauggcggccaauuguaaucgauugcacgucgcaucuccacccg	3:95416727..95416778:-
2_6967	0.3	16 +/- 11%	-	14	14	0	0	yes	-	-	-	-	ugaacaacuuggccgaaaaca	ucaggccaaguugucagg	ugaacaacuuggccgaaaacaccauuuugucaggccaaguugucagg	2:365306938..365306985:-
2_2057	0.3	16 +/- 11%	-	10	10	0	0	yes	-	-	-	-	uaggggugcaaugagugaccuuac	gaguaacgcuucuucgccugagaa	gaguaacgcuucuucgccugagaaggcaaucauggucguagccaugauuuucuuuaggggugcaaugagugaccuuac	2:246998242..246998320:+
2_582	0.2	16 +/- 11%	-	14	14	0	0	yes	-	-	-	-	uacucaguuuagguacaaaac	aaugucccucaacacgaguucc	uacucaguuuagguacaaaacaaaaaugucccucaacacgaguucc	2:74673340..74673386:+
2_5627	0.2	16 +/- 11%	-	91	91	0	0	yes	-	-	-	-	aucccacuucugacacca	uugucguguaugugggaauuucc	aucccacuucugacaccaaauugucguguaugugggaauuucc	2:224862812..224862855:-
2_6701	0.1	16 +/- 11%	-	18	18	0	0	yes	-	-	-	-	ucgauauaacguaacucgauu	ucgagguuacguuauaucgaag	ucgauauaacguaacucgauuuuuauuuucguugcguuauaucgagguuacguuauaucgaag	2:331112933..331112996:-
2_1958	0	16 +/- 11%	-	9	9	0	0	yes	-	-	-	-	acuuugauuuuuuagauuguuaugu	augagggacuugaaaauuggcacca	acuuugauuuuuuagauuguuauguauuaaguaugagggacuugaaaauuggcacca	2:240831228..240831285:+
3_9054	0	16 +/- 11%	-	11	11	0	0	yes	-	-	-	-	uuaaggauucugacuagaaau	ugcugaccaaaaauccuuugag	uuaaggauucugacuagaaauccuuugacgauucagaccaaaaauccugugaggaugcugaccaaaaauccuuugag	3:143137447..143137524:+
2_6172	0	16 +/- 11%	-	10	10	0	0	no	-	dme-miR-278-3p	-	-	gcggugggaauugucggag	cugaacaauuacaucuucg	cugaacaauuacaucuucgucgcggugggaauugucggag	2:281679999..281680039:-



mature miRBase miRNAs detected by miRDeep2
tag id	miRDeep2 score	estimated probability that the miRNA is a true positive	rfam alert	total read count	mature read count	loop read count	star read count	significant randfold p-value	mature miRBase miRNA	example miRBase miRNA with the same seed	UCSC browser	NCBI blastn	consensus mature sequence	consensus star sequence	consensus precursor sequence	precursor coordinate
1_19678	5.2	21 +/- 41%	-	75	75	0	0	yes	aae-miR-277-5p	dme-miR-277-3p	-	-	uaaaugcacuaucugguacgaca	gcgugucagaagugcauuuaca	gcgugucagaagugcauuuacauagguauuucccguuuagcaguauuuguaaaugcacuaucugguacgaca	1:302603812..302603884:-
2_7318	5	21 +/- 41%	-	22	22	0	0	yes	aae-miR-184	dme-miR-184-3p	-	-	uggacggagaacugauaagggc	ccuuaucauucuugcgccccgu	ccuuaucauucuugcgccccguguuauauuguuggcgacuggacggagaacugauaagggc	2:417599380..417599441:-
2_4399	4.9	37 +/- 38%	-	15	15	0	0	yes	aae-miR-281-5p	dme-miR-281-1-5p	-	-	aaagagagcuauccgucgacag	gucauggaauugcucucuuuau	aaagagagcuauccgucgacaguagggauaugauucacugucauggaauugcucucuuuau	2:96469360..96469421:-
2_7196	4.6	37 +/- 38%	-	26	26	0	0	yes	aae-miR-1	dme-miR-1-3p	-	-	uggaauguaaagaaguauggag	ccaugcuuccuugcauucaaua	ccaugcuuccuugcauucaauagugauucugaaagcauauggaauguaaagaaguauggag	2:399501023..399501084:-
1_19728	3.8	13 +/- 24%	-	10	10	0	0	yes	aae-miR-1175-5p	dme-miR-958-3p	-	-	ugagauucuacuucuccgacuua	aguggaguaguggucucaucgcu	aguggaguaguggucucaucgcuuaguauuagaaaagugagauucuacuucuccgacuua	1:307010045..307010105:-
2_4126	2.1	12 +/- 21%	-	925	925	0	0	yes	aae-miR-11894a	-	-	-	uuuaccauuucaagaugaccua	ggucgucuugaaaugguaaaga	ggucgucuugaaaugguaaagagugucaaucaucaucuuuaccauuucaagaugaccua	2:58785158..58785217:-
2_4128	2	12 +/- 21%	-	925	925	0	0	yes	aae-miR-11894a	-	-	-	uuuaccauuucaagaugaccua	ggucgucuugaaaugguaaaga	ggucgucuugaaaugguaaagagugucaaucaucaucuuuaccauuucaagaugaccua	2:58786284..58786343:-
2_4130	2	12 +/- 21%	-	925	925	0	0	yes	aae-miR-11894a	-	-	-	uuuaccauuucaagaugaccua	ggucgucuugaaaugguaaaga	ggucgucuugaaaugguaaagagugucaaucaucaucuuuaccauuucaagaugaccua	2:58787426..58787485:-
2_4132	1.9	54 +/- 16%	-	925	925	0	0	yes	aae-miR-11894a	-	-	-	uuuaccauuucaagaugaccua	ggucgucuugaaaugguaaaga	ggucgucuugaaaugguaaagagugucaaucaucaucuuuaccauuucaagaugaccua	2:58787948..58788007:-
2_4400	-2.8	0 +/- 0%	-	15	15	0	0	no	aae-miR-281-5p	dme-miR-281-1-5p	-	-	aaagagagcuauccgucgacag	guugacgugggauuuuuuugu	guugacgugggauuuuuuuguucauuuuguucuuucgcugguuucgaauaugaaaauaaagagagcuauccgucgacag	2:96469399..96469478:-

#miRBase miRNAs not detected by miRDeep2
miRBase precursor id	total read count	mature read count(s)	star read count	remaining reads	UCSC browser	NCBI blastn	miRBase mature sequence(s)	miRBase star sequence(s)	miRBase precursor sequence
55	55	0	0	-	-	uuuaccauuucaauaugaccua	-	gaugggucguauugaaaugguaaagagugucaaucaucaucuuuaccauuucaauaugaccuauu	
28	28	0	0	-	-	caucuuaccgggcagcauuaga	uaauacugucagguaaagauguc	-	gucuguucacaucuuaccgggcagcauuagauauuuuugaaauacuucuaauacugucagguaaagaugucguccgaac	
16	16	0	0	-	-	uaaggcacgcggugaaugc	-	uuuucuccugguauccacugccggccuauauguccuauuucgguacucauaaggcacgcggugaaugccaagagcg	
10	10	0	0	-	-	uucaugcauucacuucugcuga	-	gauaagcaggagugaaugcaugaguuuggcauuugaaacuaauucaugcauucacuucugcugauc	
1	1	0	0	-	-	ugguuuaucuuaucugucgaggc	gucgacagggagauaaaucacu	-	cauugguuuaucuuaucugucgaggcaaguuauuuuaccggauaguguuucuuuucgugagcaaucaccacuauccagcucuucuugucgacagggagauaaaucacug	





15	0	0	15	-	-	ucagaucuacuuaauacccau	-	acuccaauucuggguauuuuagauccuuggcauaguuacgugauugaaugcacuguucuucuuugguuuacccaguaucgaacacgcgucaaucugucagaucuacuuaauacccaua	
















































































































