miRDeep2 score	novel miRNAs reported by miRDeep2	novel miRNAs, estimated false positives	novel miRNAs, estimated true positives	known miRNAs in species	known miRNAs in data	known miRNAs detected by miRDeep2	estimated signal-to-noise	excision gearing
10	0	0 +/- 0	0 +/- 0 (0 +/- 0%)	164	16	0 (0%)	0	1
9	0	0 +/- 0	0 +/- 0 (0 +/- 0%)	164	16	0 (0%)	0	1
8	0	0 +/- 0	0 +/- 0 (0 +/- 0%)	164	16	0 (0%)	0	1
7	0	0 +/- 0	0 +/- 0 (0 +/- 0%)	164	16	0 (0%)	0	1
6	0	0 +/- 0	0 +/- 0 (0 +/- 0%)	164	16	0 (0%)	0	1
5	0	0 +/- 0	0 +/- 0 (0 +/- 0%)	164	16	0 (0%)	0	1
4	0	0 +/- 0	0 +/- 0 (0 +/- 0%)	164	16	0 (0%)	0	1
3	0	0 +/- 0	0 +/- 0 (0 +/- 0%)	164	16	0 (0%)	0	1
2	0	0 +/- 0	0 +/- 0 (0 +/- 0%)	164	16	0 (0%)	0	1
1	0	0 +/- 0	0 +/- 0 (0 +/- 0%)	164	16	0 (0%)	0	1
0	0	0 +/- 0	0 +/- 0 (0 +/- 0%)	164	16	3 (19%)	5.1	1
-1	0	0 +/- 0	0 +/- 0 (0 +/- 0%)	164	16	7 (44%)	7	1
-2	0	0 +/- 0	0 +/- 0 (0 +/- 0%)	164	16	7 (44%)	2.1	1
-3	0	0 +/- 0	0 +/- 0 (0 +/- 0%)	164	16	8 (50%)	1.7	1
-4	3	3 +/- 2	0 +/- 1 (16 +/- 26%)	164	16	11 (69%)	2.8	1
-5	6	6 +/- 2	1 +/- 1 (17 +/- 22%)	164	16	13 (81%)	2.4	1
-6	8	14 +/- 3	0 +/- 0 (0 +/- 1%)	164	16	13 (81%)	1.1	1
-7	12	23 +/- 3	0 +/- 0 (0 +/- 0%)	164	16	13 (81%)	0.9	1
-8	16	33 +/- 4	0 +/- 0 (0 +/- 0%)	164	16	13 (81%)	0.8	1
-9	18	43 +/- 5	0 +/- 0 (0 +/- 0%)	164	16	13 (81%)	0.6	1
-10	26	49 +/- 5	0 +/- 0 (0 +/- 0%)	164	16	13 (81%)	0.7	1



novel miRNAs predicted by miRDeep2
provisional id	miRDeep2 score	estimated probability that the miRNA candidate is a true positive	rfam alert	total read count	mature read count	loop read count	star read count	significant randfold p-value	miRBase miRNA	example miRBase miRNA with the same seed	UCSC browser	NCBI blastn	consensus mature sequence	consensus star sequence	consensus precursor sequence	precursor coordinate



mature miRBase miRNAs detected by miRDeep2
tag id	miRDeep2 score	estimated probability that the miRNA is a true positive	rfam alert	total read count	mature read count	loop read count	star read count	significant randfold p-value	mature miRBase miRNA	example miRBase miRNA with the same seed	UCSC browser	NCBI blastn	consensus mature sequence	consensus star sequence	consensus precursor sequence	precursor coordinate
2_490	0.5	0 +/- 0%	-	3	3	0	0	yes	aae-miR-184	dme-miR-184-3p	-	-	uggacggagaacugauaagggc	ccuuaucauucuugcgccccgu	ccuuaucauucuugcgccccguguuauauuguuggcgacuggacggagaacugauaagggc	2:417599380..417599441:-
3_1048	0	0 +/- 0%	-	9	9	0	0	yes	aae-miR-308-5p	-	-	-	aaaucacaggaguauacugugag	cgcgguauauucuuguggcuuga	cgcgguauauucuuguggcuugaugcauuugaaaaaucucaaaucacaggaguauacugugag	3:403338483..403338546:-
2_294	-0.3	0 +/- 0%	-	1	1	0	0	yes	aae-miR-13-5p	dme-miR-2a-3p	-	-	uaucacagccauuuugacgaguu	aucguaaaaaugguugugcugug	aucguaaaaaugguugugcuguguuguuacgcucgaaauucauaucacagccauuuugacgaguu	2:107237649..107237714:-
2_289	-0.5	0 +/- 0%	-	1	1	0	0	yes	aae-miR-281-5p	dme-miR-281-2-5p	-	-	aagagagcuauccgucgacagua	cugucauggaauugcucucuuua	aagagagcuauccgucgacaguagggauaugauucacugucauggaauugcucucuuua	2:96469361..96469420:-
1_1669	-2.4	0 +/- 0%	-	4	4	0	0	yes	aae-miR-283	-	-	-	auaucagcugguaauucugg	ggaauuccaacugauaucc	auaucagcugguaauucugggcuuaccccaccguuauacgcuucccggaauuccaacugauaucc	1:305625602..305625667:-
2_292	-3.2	16 +/- 26%	-	2	2	0	0	yes	aae-miR-2a-5p	-	-	-	aucacagccagcuuugaagagcgaa	ccacucucaaagugguugugaaau	ccacucucaaagugguugugaaaugaguuacucuugaacgaucucauaucacagccagcuuugaagagcgaa	2:107237499..107237571:-
2_270	-3.4	16 +/- 26%	-	1	1	0	0	yes	aae-miR-11894a	-	-	-	uuuaccauuucaagaugaccu	gucgucuugaaaugguaaaga	gucgucuugaaaugguaaagagugucaaucaucaucuuuaccauuucaagaugaccu	2:58786285..58786342:-
2_164	-4.7	17 +/- 22%	-	2	2	0	0	no	aae-miR-305-5p	dme-miR-305-5p	-	-	auuguacuucaucaggugcucugg	ccggcacauguuggaguacacuua	auuguacuucaucaggugcucugguuguuuucgauacccggcacauguuggaguacacuua	2:307145445..307145506:+
2_290	-7.8	0 +/- 0%	-	1	1	0	0	no	aae-miR-281-5p	dme-miR-281-2-5p	-	-	aagagagcuauccgucgacagua	cguugacgugggauuuuuuug	cguugacgugggauuuuuuuguucauuuuguucuuucgcugguuucgaauaugaaaauaaagagagcuauccgucgacagua	2:96469397..96469479:-
2_269	-9.7	0 +/- 0%	-	1	1	0	0	no	aae-miR-11894a	-	-	-	uuuaccauuucaagaugaccu	gucaucgcugcauuguaagga	uuuaccauuucaagaugaccuauucuggagagucaucgcugcauuguaagga	2:58786254..58786306:-

#miRBase miRNAs not detected by miRDeep2
miRBase precursor id	total read count	mature read count(s)	star read count	remaining reads	UCSC browser	NCBI blastn	miRBase mature sequence(s)	miRBase star sequence(s)	miRBase precursor sequence
4	4	0	0	-	-	ugguuuaucuuaucugucgaggc	gucgacagggagauaaaucacu	-	cauugguuuaucuuaucugucgaggcaaguuauuuuaccggauaguguuucuuuucgugagcaaucaccacuauccagcucuucuugucgacagggagauaaaucacug	
2	2	0	0	-	-	ugacuagauccacacucauuaa	-	acaucccaacgguugucgaugggugugaaucuaguguuucacaugauuuucgauagccugugacuagauccacacucauuaacaaaaguugccgg	
2	2	0	0	-	-	caguacuuauguuaugcucucu	ugaguauuacaucagguacuggu	-	uucggacugaguauuacaucagguacuggugucgauauucgaaucaccaacgaaucggguuccuuugauuaacuuaccaguacuuauguuaugcucucuccg	
1	1	0	0	-	-	uaaguacuagugccgcaggag	cugcugcccaagugcuuaucg	-	gaauucuuuacuaaguacuagugccgcaggagagauuugaaccccugcugcccaagugcuuaucgaagagu	
1	1	0	0	-	-	cacguuacagauugggguuucc	uaaucucaaauuguaacagugg	-	gagguaaucucaaauuguaacaguggguugauuuuccuggugaaucccggccuuguccuccgucacaagugugacaagugucucgaaaacguguucgcuauacccacguuacagauugggguuucccc	




















































































































