miRDeep2 score	novel miRNAs reported by miRDeep2	novel miRNAs, estimated false positives	novel miRNAs, estimated true positives	known miRNAs in species	known miRNAs in data	known miRNAs detected by miRDeep2	estimated signal-to-noise	excision gearing
10	3	0 +/- 1	3 +/- 1 (91 +/- 18%)	164	56	8 (14%)	25.8	2
9	3	0 +/- 1	3 +/- 1 (91 +/- 18%)	164	56	8 (14%)	25.8	2
8	3	0 +/- 1	3 +/- 1 (91 +/- 18%)	164	56	8 (14%)	25.8	2
7	3	0 +/- 1	3 +/- 1 (90 +/- 19%)	164	56	8 (14%)	25	2
6	3	0 +/- 1	3 +/- 1 (90 +/- 19%)	164	56	8 (14%)	24.2	2
5	3	0 +/- 1	3 +/- 1 (89 +/- 20%)	164	56	21 (38%)	48.6	2
4	3	0 +/- 1	3 +/- 1 (87 +/- 21%)	164	56	37 (66%)	56.5	2
3	3	1 +/- 1	2 +/- 1 (83 +/- 26%)	164	56	41 (73%)	43.9	2
2	3	1 +/- 1	2 +/- 1 (78 +/- 29%)	164	56	42 (75%)	39.5	2
1	3	1 +/- 1	2 +/- 1 (68 +/- 33%)	164	56	51 (91%)	30	2
0	5	2 +/- 2	3 +/- 1 (55 +/- 29%)	164	56	52 (93%)	14.7	2
-1	6	5 +/- 2	1 +/- 1 (25 +/- 24%)	164	56	52 (93%)	7.3	2
-2	9	13 +/- 3	0 +/- 1 (3 +/- 8%)	164	56	52 (93%)	3.3	2
-3	20	19 +/- 4	2 +/- 3 (10 +/- 13%)	164	56	52 (93%)	2.8	2
-4	44	29 +/- 5	15 +/- 5 (34 +/- 11%)	164	56	52 (93%)	2.7	2
-5	69	65 +/- 7	5 +/- 5 (8 +/- 7%)	164	56	52 (93%)	1.6	2
-6	95	137 +/- 11	0 +/- 0 (0 +/- 0%)	164	56	52 (93%)	1	2
-7	115	212 +/- 12	0 +/- 0 (0 +/- 0%)	164	56	52 (93%)	0.7	2
-8	154	282 +/- 14	0 +/- 0 (0 +/- 0%)	164	56	52 (93%)	0.7	2
-9	206	352 +/- 15	0 +/- 0 (0 +/- 0%)	164	56	52 (93%)	0.7	2
-10	254	412 +/- 16	0 +/- 0 (0 +/- 0%)	164	56	52 (93%)	0.7	2



novel miRNAs predicted by miRDeep2
provisional id	miRDeep2 score	estimated probability that the miRNA candidate is a true positive	rfam alert	total read count	mature read count	loop read count	star read count	significant randfold p-value	miRBase miRNA	example miRBase miRNA with the same seed	UCSC browser	NCBI blastn	consensus mature sequence	consensus star sequence	consensus precursor sequence	precursor coordinate
3_10171	240.9	91 +/- 18%	-	478	303	1	174	yes	-	-	-	-	augaccaaaggucgcaugag	auaugaccaaaggucgcaugag	augaccaaaggucgcaugagugcguaaauuacgaaaaaaaaaucuucucaaagaagucgucaucauaugaccaaaggucgcaugag	3:158081730..158081816:+
3_10815	237.3	91 +/- 18%	-	481	307	0	174	no	-	-	-	-	augaccaaaggucgcaugag	auaugaccaaaggucgcaugag	augaccaaaggucgcaugagugcgaaaguauuauauaaaaguucuucaaucaagucgucaucauaugaccaaaggucgcaugag	3:214117089..214117173:+
3_9951	235.8	91 +/- 18%	-	476	403	0	73	no	-	-	-	-	augaccaaaggucgcaugag	aucauaugaccaaaggucgcaugag	aucauaugaccaaaggucgcaugagugcgaaaguuuuauauaaaaguucuucaaucaagucgucaucauaugaccaaaggucgcaugag	3:136448710..136448799:+
1_21269	0.6	55 +/- 29%	-	22	22	0	0	yes	-	-	-	-	auuugauccaguuauauugauu	aaaauuuuucuggaucaaauau	auuugauccaguuauauugauuaaaaauuuuucuggaucaaauau	1:205513979..205514024:-
2_1525	0.3	55 +/- 29%	-	43	43	0	0	yes	-	-	-	-	auccgguucgaaggacca	auccuaaccggcccg	auccuaaccggcccgaaaccaucggauccgguucgaaggacca	2:181618077..181618120:+



mature miRBase miRNAs detected by miRDeep2
tag id	miRDeep2 score	estimated probability that the miRNA is a true positive	rfam alert	total read count	mature read count	loop read count	star read count	significant randfold p-value	mature miRBase miRNA	example miRBase miRNA with the same seed	UCSC browser	NCBI blastn	consensus mature sequence	consensus star sequence	consensus precursor sequence	precursor coordinate
1_23421	1114.7	91 +/- 18%	-	2178	2177	0	1	yes	aae-miR-283	dme-miR-283-5p	-	-	caauaucagcugguaauucuggg	cggaauuccaacugauauccacu	caauaucagcugguaauucugggcuuaccccaccguuauacgcuucccggaauuccaacugauauccacu	1:305625599..305625669:-
2_4922	253.2	91 +/- 18%	-	488	486	0	2	yes	aae-miR-2a-5p	dme-miR-2a-3p	-	-	uaucacagccagcuuugaagagcg	acucucaaagugguugugaaaug	acucucaaagugguugugaaaugaguuacucuugaacgaucucauaucacagccagcuuugaagagcg	2:107237501..107237569:-
2_4929	128.4	91 +/- 18%	-	250	249	0	1	yes	aae-miR-71-5p	-	-	-	agaaagacauggguagugagau	ucucacuaccuugucuuucau	agaaagacauggguagugagauaguuucacccuauugcacugggaucucacuaccuugucuuucau	2:107238288..107238354:-
2_4673	34.4	91 +/- 18%	-	59	46	0	13	yes	aae-miR-276-5p	dme-miR-276a-3p	-	-	uaggaacuucauaccgugcucu	agcgagguauagaguuccuacg	agcgagguauagaguuccuacguugcgugugcgaaauugguaggaacuucauaccgugcucu	2:73120452..73120514:-
2_4485	26.4	91 +/- 18%	-	44	38	0	6	yes	aae-miR-190	dme-miR-190-5p	-	-	agauauguuugauauucuugguug	cccaggaaucaaacauauuauua	agauauguuugauauucuugguuguuaaauuuuauauuaucacccaggaaucaaacauauuauua	2:48811877..48811942:-
3_13278	5.4	89 +/- 20%	-	55	55	0	0	yes	aae-miR-998	dme-miR-285-3p	-	-	uagcaccaugagauucagcuc	acugaacucucgugggucugca	acugaacucucgugggucugcaguugauauuucgaaagcuuguagcaccaugagauucagcuc	3:75489589..75489652:-
1_23392	5.2	89 +/- 20%	-	226	226	0	0	yes	aae-miR-317	dme-miR-317-3p	-	-	ugaacacagcuggugguaucuca	ggauacacccugugcucgcu	ggauacacccugugcucgcuuugcauucgaaacuagugaacacagcuggugguaucuca	1:302667131..302667190:-
2_2669	5.2	89 +/- 20%	-	63	63	0	0	yes	aae-miR-275-5p	dme-miR-275-3p	-	-	ucagguaccugaaguagcgcgcg	cgcgcuaagcaggaaccgagacu	cgcgcuaagcaggaaccgagacuuugucauuugcuagcagucagguaccugaaguagcgcgcg	2:307135668..307135731:+
1_23390	5.2	89 +/- 20%	-	63	63	0	0	yes	aae-miR-277-5p	dme-miR-277-3p	-	-	uaaaugcacuaucugguacgaca	gcgugucagaagugcauuuaca	gcgugucagaagugcauuuacauagguauuucccguuuagcaguauuuguaaaugcacuaucugguacgaca	1:302603812..302603884:-
2_4688	5.1	89 +/- 20%	-	47	47	0	0	yes	aae-miR-276-3p	dme-miR-276a-3p	-	-	uaggaacuucauaccgugcucu	agcgagguauagaguuccuaug	agcgagguauagaguuccuaugcguucggauaaaauauuccauaggaacuucauaccgugcucu	2:73509399..73509463:-
2_8052	5	89 +/- 20%	-	2597	2597	0	0	yes	aae-miR-184	dme-miR-184-3p	-	-	uggacggagaacugauaaggg	cuuaucauucuugcgccccgu	cuuaucauucuugcgccccguguuauauuguuggcgacuggacggagaacugauaaggg	2:417599381..417599440:-
3_13280	5	89 +/- 20%	-	11	11	0	0	yes	aae-miR-11-5p	dme-miR-9382-5p	-	-	aucacagucugaguucuugcu	cgagaacuccggcugugaccugu	cgagaacuccggcugugaccuguguacacuuuauccaaaucacaucacagucugaguucuugcu	3:75489864..75489928:-
3_16642	5	89 +/- 20%	-	1756	1756	0	0	yes	aae-miR-308-5p	dme-miR-2a-3p	-	-	aaucacaggaguauacugugag	cgcgguauauucuuguggcuug	cgcgguauauucuuguggcuugaugcauuugaaaaaucucaaaucacaggaguauacugugag	3:403338483..403338546:-
2_7392	5	89 +/- 20%	-	71	71	0	0	yes	aae-miR-79-5p	dme-miR-9a-3p	-	-	uaaagcuagauuaccaaagcau	gcuuuggcgcuuuagcuguaug	gcuuuggcgcuuuagcuguaugauagaauuuaauauuucauaaagcuagauuaccaaagcau	2:335780884..335780946:-
NIGP01000533_24116	4.9	87 +/- 21%	-	18	18	0	0	yes	aae-miR-970	dme-miR-970-3p	-	-	ucauaagacacacgcggcuau	agcuugcguuugucuuagcuggua	agcuugcguuugucuuagcugguauugaaugugauagguaucauaagacacacgcggcuau	NIGP01000533:10107..10168:-
2_4815	4.9	87 +/- 21%	-	28	28	0	0	yes	aae-miR-281-5p	dme-miR-281-2-5p	-	-	aagagagcuauccgucgacagu	ugucauggaauugcucucuuua	aagagagcuauccgucgacaguagggauaugauucacugucauggaauugcucucuuua	2:96469361..96469420:-
2_7396	4.9	87 +/- 21%	-	20	18	0	2	yes	aae-miR-9c-5p	dme-miR-9c-3p	-	-	uaaagcuuuaguaccagagguc	ucuuugguauucuagcuguagaa	ucuuugguauucuagcuguagaauguugagcuuugugauaugguaucuucuaaagcuuuaguaccagagguc	2:335810364..335810436:-
2_4820	4.8	87 +/- 21%	-	11	11	0	0	yes	aae-miR-282-5p	dme-miR-282-3p	-	-	acauagccugacagagguuagg	uagccucuccuaggcuuugucu	uagccucuccuaggcuuugucuguuaccuuccuugggaauuccacuagccagacauagccugacagagguuagg	2:96911966..96912040:-
1_23417	4.6	87 +/- 21%	-	845	845	0	0	yes	aae-miR-12-5p	dme-miR-12-5p	-	-	ugaguauuacaucagguacuggu	caguacuuauguuaugcucucu	ugaguauuacaucagguacuggugucgauauucgaaucaccaacgaaucggguuccuuugauuaacuuaccaguacuuauguuaugcucucu	1:305613548..305613640:-
3_11913	4.4	87 +/- 21%	-	46	46	0	0	yes	aae-miR-8-5p	dme-miR-8-3p	-	-	uaauacugucagguaaagauguc	caucuuaccgggcagcauuaga	caucuuaccgggcagcauuagauauuuuugaaauacuucuaauacugucagguaaagauguc	3:328527955..328528017:+
1_20995	4.4	87 +/- 21%	-	181	181	0	0	yes	aae-miR-252-5p	dme-miR-252-5p	-	-	cuaaguacuagugccgcaggag	ccugcugcccaagugcuuaucg	cuaaguacuagugccgcaggagagauuugaaccccugcugcccaagugcuuaucg	1:175818157..175818212:-
3_11127	4.4	87 +/- 21%	-	10	9	0	1	yes	aae-miR-307	dme-miR-307a-3p	-	-	ucacaaccuccuugagugagcga	acucaaccugggugugaug	acucaaccugggugugaugcuuauuugaaucaucacaaccuccuugagugagcga	3:244794380..244794435:+
2_2672	4	87 +/- 21%	-	519	519	0	0	yes	aae-miR-305-5p	dme-miR-305-5p	-	-	auuguacuucaucaggugcucugg	ccggcacauguuggaguacacuua	auuguacuucaucaggugcucugguuguuuucgauacccggcacauguuggaguacacuua	2:307145445..307145506:+
2_1866	3.7	83 +/- 26%	-	16	16	0	0	yes	aae-miR-7	dme-miR-7-5p	-	-	uggaagacuagugauuuuguuguu	uaacaauaaaucucaagucuuucuac	uggaagacuagugauuuuguuguuuugcuuacgauaauaacaauaaaucucaagucuuucuac	2:222802544..222802607:+
3_10425	3.5	83 +/- 26%	-	213	213	0	0	yes	aae-bantam-5p	dme-bantam-3p	-	-	ugagaucauuuugaaagcugauu	ccgguuuucauuuucgaucugacu	ccgguuuucauuuucgaucugacuuauuugauuuaacaagagugagaucauuuugaaagcugauu	3:178082830..178082895:+
2_3447	3.5	83 +/- 26%	-	9	9	0	0	yes	aae-miR-965	dme-miR-965-3p	-	-	uaagcguauagcuuuucccauu	ggggaaauccuguacgcuguaug	ggggaaauccuguacgcuguauguuguauuugaauaauccauaagcguauagcuuuucccauu	2:429778750..429778813:+
2_4548	2	78 +/- 29%	-	44	44	0	0	yes	aae-miR-11894a	-	-	-	uuuaccauuucaagaugaccua	ggucgucuugaaaugguaaaga	ggucgucuugaaaugguaaagagugucaaucaucaucuuuaccauuucaagaugaccua	2:58786284..58786343:-
2_4546	2	78 +/- 29%	-	44	44	0	0	yes	aae-miR-11894a	-	-	-	uuuaccauuucaagaugaccua	ggucgucuugaaaugguaaaga	ggucgucuugaaaugguaaagagugucaaucaucaucuuuaccauuucaagaugaccua	2:58785850..58785909:-
2_4550	2	78 +/- 29%	-	44	44	0	0	yes	aae-miR-11894a	-	-	-	uuuaccauuucaagaugaccua	ggucgucuugaaaugguaaaga	ggucgucuugaaaugguaaagagugucaaucaucaucuuuaccauuucaagaugaccua	2:58787426..58787485:-
2_4920	1.8	68 +/- 33%	-	192	192	0	0	yes	aae-miR-2c	-	-	-	aucacagccagcuuugauga	cucaaaguggcugugaaau	cucaaaguggcugugaaaugguuugauuuugcucauaucacagccagcuuugauga	2:107235887..107235943:-
2_3107	1.5	68 +/- 33%	-	26	26	0	0	yes	aae-miR-2945-5p	-	-	-	augacuagaggcagacucguuua	agcggguccguuucuagugucaugu	agcggguccguuucuagugucaugugcuguauucgaauaucaugacuagaggcagacucguuua	2:374947142..374947206:+
2_4928	1.5	68 +/- 33%	-	247	247	0	0	yes	aae-miR-2c	-	-	-	ucacagccagcuuugaugagca	ggcaucaaauuugguuguuuua	ggcaucaaauuugguuguuuuaguacgaccucuuugaaaccccuaucacagccagcuuugaugagca	2:107237995..107238062:-
1_18463	1.4	68 +/- 33%	-	20	20	0	0	yes	aae-miR-996	-	-	-	gugacuagauuacaugcucgucu	gcgugcaugaaucuggugcacgg	gcgugcaugaaucuggugcacgguuuuccaguuguaauaucgcuucgugacuagauuacaugcucgucu	1:207012536..207012605:+
2_4924	1.4	68 +/- 33%	-	276	276	0	0	yes	aae-miR-13-5p	-	-	-	aucacagccauuuugacgaguu	aucguaaaaaugguugugcugu	aucguaaaaaugguugugcuguguuguuacgcucgaaauucauaucacagccauuuugacgaguu	2:107237649..107237714:-
2_7944	1.2	68 +/- 33%	-	5	5	0	0	yes	aae-miR-1	dme-miR-1-3p	-	-	uggaauguaaagaaguauggag	ccaugcuuccuugcauucaaua	ccaugcuuccuugcauucaauagugauucugaaagcauauggaauguaaagaaguauggag	2:399501023..399501084:-
1_18461	1.1	68 +/- 33%	-	151	151	0	0	yes	aae-miR-279	-	-	-	gugacuagauccacacucauuaa	gaugggugugaaucuaguguuucacau	gaugggugugaaucuaguguuucacaugauuuucgauagccugugacuagauccacacucauuaa	1:207007788..207007853:+
2_7389	0.9	55 +/- 29%	-	4	4	0	0	yes	aae-miR-9b	dme-miR-9a-5p	-	-	ucuuuggugauuuuagcugu	agcuuuaucaccaaaaacc	ucuuuggugauuuuagcuguaugcugauacguuucugauugcauauagcuuuaucaccaaaaacc	2:335780574..335780639:-
2_2670	-0.5	25 +/- 24%	-	63	63	0	0	no	aae-miR-275-3p	dme-miR-275-3p	-	-	ucagguaccugaaguagcgcgcg	ucaucaagcgacaacagaggcgugaaa	ucagguaccugaaguagcgcgcgugaucaaacaggaagcgucaucaagcgacaacagaggcgugaaa	2:307135708..307135775:+
2_4816	-2.3	10 +/- 13%	-	28	28	0	0	no	aae-miR-281-5p	dme-miR-281-2-5p	-	-	aagagagcuauccgucgacagu	cguugacgugggauuuuuuug	cguugacgugggauuuuuuuguucauuuuguucuuucgcugguuucgaauaugaaaauaaagagagcuauccgucgacagu	2:96469398..96469479:-

#miRBase miRNAs not detected by miRDeep2
miRBase precursor id	total read count	mature read count(s)	star read count	remaining reads	UCSC browser	NCBI blastn	miRBase mature sequence(s)	miRBase star sequence(s)	miRBase precursor sequence
797	797	0	0	-	-	cacguuacagauugggguuucc	uaaucucaaauuguaacagugg	-	gagguaaucucaaauuguaacaguggguugauuuuccuggugaaucccggccuuguccuccgucacaagugugacaagugucucgaaaacguguucgcuauacccacguuacagauugggguuucccc	
731	731	0	0	-	-	ugguuuaucuuaucugucgaggc	gucgacagggagauaaaucacu	-	cauugguuuaucuuaucugucgaggcaaguuauuuuaccggauaguguuucuuuucgugagcaaucaccacuauccagcucuucuugucgacagggagauaaaucacug	
145	145	0	0	-	-	ucagguacugagugacucucag	gagagcaccucgguaucuaagc	-	cauucgcaauuucaccgguucagguacugagugacucucagaugugcauuucucaagcaaucucguccucaggaccugagguugaaaaacccugagagcaccucgguaucuaagccaguguugcgaaaa	
4	4	0	0	-	-	uuuaccauuucaauaugaccua	-	gaugggucguauugaaaugguaaagagugucaaucaucaucuuuaccauuucaauaugaccuauu	
3	3	0	0	-	-	uagcugccuagugaagggc	cggccguucauugggucaucuagc	-	acuacaauucggccguucauugggucaucuagcucguguuggaaacaguuagcugccuagugaagggcaauauugu	
2	2	0	0	-	-	ugaaaucuuugauuaggucugg	-	aucgacauacggcuagagcuaauuggagaguucuugaauaguguugugaaccuucaugaaaucuuugauuaggucuggucguggug	
2	2	0	0	-	-	caaccacuauccgcccugccgcc	uggcagugugguuagcugguug	-	caaggcaauacgcuauggcagugugguuagcugguuguguagaacuuuggggggcuuccguggcguucgcgcgcacacgggggcucagauucacaaccacuauccgcccugccgccgcgaggugccagg	
3	2	0	1	-	-	cgguacggacaggggcaacauu	uauugcacuugucccggccua	-	aaucuacgcaucgguacggacaggggcaacauugugacauuugaaagcuaauauugcacuugucccggccuaugcguggagu	
2	2	0	0	-	-	auuuuuuugacuguaauuuuauag	-	augguaaaauuacguugaaaaaucgucucccucaaaaaaugaaaccugagacuaacaggagauuuuuuugacuguaauuuuauagu	
1	1	0	0	-	-	gaugccucguaaagcaacuggac	-	gccucaguugcuuuccgagcguagcacaguuuggaugcgggcccgugcaucguccacggugaugccucguaaagcaacuggacu	
1	1	0	0	-	-	ucaauuccguagugcauugcag	ugcaagcaauguggaagugaag	-	guaaucauagaauagcuucaauuccguagugcauugcagugugcuuuagacgaacugcaagcaauguggaagugaagcgauucucaaugaucauc	
1	1	0	0	-	-	ucggugggacuuucguccguuu	acggacgauagucuucagcggcc	-	uggugcgaacggacgauagucuucagcggccgugcauuugauagaauuggucggugggacuuucguccguuuguaaccgcc	
1	1	0	0	-	-	uggcaagauguuggcauagcuga	-	cgagauuuugggagauugaaggucguguuugcagagugaaauuggcaacuuggcaagauguuggcauagcugaaaguuuugaguuuagcuauucaacuucuugucuauuuuuccaauuuauugacaacgaagaggcguuuuuccgugau	
1	1	0	0	-	-	ucagucuuuuucucucuccuau	-	guggaauuacaccucaacgaauuugaacucugcucuacccgauaagccugugggagcgagauuaaggcuugcuggucauuuauuacacucgaagucagucuuuuucucucuccuauugguauaacgguguuucaacgaguccgaguucccgcaccguagucauccacaucauc	
1	1	0	0	-	-	ugguaacuccaccaccguuggc	-	aaacguuuccggagccugguaacuccaccaccguuggcgauauuugacagccaaugggagcuggaguucccgcgugccgaacguuca	
1	1	0	0	-	-	aauugcacuugucccggccugc	aggucgugacuugugcccguuug	-	gcuccgaauguaggucgugacuugugcccguuugcugaauuuuaauggucaaauugcacuugucccggccugcagccaagagc	
4	1	0	3	-	-	cugaaaacuuaaucgauugguc	-	uaaccugaaaacuuaaucgauuggucacuagcugcgcggugaccaaucgauuaaguuuucagcuua	
1	1	0	0	-	-	gugugcuuugugacaaugaga	ccccuuguugcaaaccucacgc	-	gcugcgggugugugcuuugugacaaugagauucgguucgauaucauccccuuguugcaaaccucacgcuugcggu	





1	0	0	1	-	-	gugcauuguaguugcauugca	-	ccacccgggugcauuguaguugcauugcacuuuugcguucgauaacacggugcaauacuucugcaaugcaagccaggugg	




1	0	0	1	-	-	cgagauacggagagauugcgaca	-	cagucgccucuucacaucucgauaucgaagggaccaucgagauacggagagauugcgacaa	






















































2	0	0	2	-	-	cugucgagccgguugaaccac	-	ccacugucgagccgguugaaccaccaagccccccauguaaauaaguuccauacaguagcagguaauguuuuucguucccauucguagugc	









3	0	0	3	-	-	uuggacuggcaugcguuuaugg	-	cccauaaacgcauaauugucccaugugaauagaaaauccagccacauuggacuggcaugcguuuauggg	
