miRDeep2 score	novel miRNAs reported by miRDeep2	novel miRNAs, estimated false positives	novel miRNAs, estimated true positives	known miRNAs in species	known miRNAs in data	known miRNAs detected by miRDeep2	estimated signal-to-noise	excision gearing
10	1	0 +/- 0	1 +/- 0 (100 +/- 0%)	164	50	3 (6%)	0	1
9	1	0 +/- 0	1 +/- 0 (99 +/- 10%)	164	50	5 (10%)	400	1
8	1	0 +/- 0	1 +/- 0 (98 +/- 14%)	164	50	5 (10%)	200	1
7	1	0 +/- 0	1 +/- 0 (97 +/- 17%)	164	50	5 (10%)	133.3	1
6	1	0 +/- 0	1 +/- 0 (94 +/- 24%)	164	50	5 (10%)	66.7	1
5	1	0 +/- 0	1 +/- 0 (93 +/- 26%)	164	50	7 (14%)	62.5	1
4	1	0 +/- 0	1 +/- 0 (93 +/- 26%)	164	50	13 (26%)	100	1
3	1	1 +/- 1	1 +/- 0 (61 +/- 49%)	164	50	14 (28%)	15.8	1
2	1	1 +/- 1	0 +/- 0 (32 +/- 47%)	164	50	18 (36%)	13.8	1
1	2	2 +/- 1	1 +/- 1 (28 +/- 35%)	164	50	20 (40%)	9.5	1
0	2	5 +/- 2	0 +/- 0 (3 +/- 16%)	164	50	24 (48%)	4.4	1
-1	8	11 +/- 3	0 +/- 1 (2 +/- 8%)	164	50	36 (72%)	3.2	1
-2	12	20 +/- 4	0 +/- 0 (0 +/- 2%)	164	50	37 (74%)	1.9	1
-3	16	31 +/- 5	0 +/- 0 (0 +/- 0%)	164	50	40 (80%)	1.5	1
-4	35	43 +/- 5	0 +/- 1 (0 +/- 2%)	164	50	43 (86%)	1.5	1
-5	44	62 +/- 6	0 +/- 0 (0 +/- 0%)	164	50	44 (88%)	1.2	1
-6	53	103 +/- 7	0 +/- 0 (0 +/- 0%)	164	50	44 (88%)	0.8	1
-7	66	140 +/- 8	0 +/- 0 (0 +/- 0%)	164	50	44 (88%)	0.7	1
-8	82	167 +/- 9	0 +/- 0 (0 +/- 0%)	164	50	44 (88%)	0.7	1
-9	109	193 +/- 9	0 +/- 0 (0 +/- 0%)	164	50	44 (88%)	0.7	1
-10	130	211 +/- 10	0 +/- 0 (0 +/- 0%)	164	50	44 (88%)	0.8	1



novel miRNAs predicted by miRDeep2
provisional id	miRDeep2 score	estimated probability that the miRNA candidate is a true positive	rfam alert	total read count	mature read count	loop read count	star read count	significant randfold p-value	miRBase miRNA	example miRBase miRNA with the same seed	UCSC browser	NCBI blastn	consensus mature sequence	consensus star sequence	consensus precursor sequence	precursor coordinate
1_3695	11.1	100 +/- 0%	-	13	9	0	4	yes	-	dme-miR-9370-5p	-	-	auuggguuuggauuggauuagga	caauccaauccaaacccaaucc	auuggguuuggauuggauuaggauugcauuugaacuccaauccaauccaaacccaaucc	1:9914681..9914740:-
1_3553	1.3	28 +/- 35%	-	14	14	0	0	yes	-	-	-	-	gaaucggcgaugcauccc	cuagcguugccgauuccc	cuagcguugccgauucccaauauaaccauccaucguauucaaccggaaucggcgaugcauccc	1:218593608..218593671:+



mature miRBase miRNAs detected by miRDeep2
tag id	miRDeep2 score	estimated probability that the miRNA is a true positive	rfam alert	total read count	mature read count	loop read count	star read count	significant randfold p-value	mature miRBase miRNA	example miRBase miRNA with the same seed	UCSC browser	NCBI blastn	consensus mature sequence	consensus star sequence	consensus precursor sequence	precursor coordinate
3_3099	22.8	100 +/- 0%	-	43	42	0	1	yes	aae-miR-308-5p	-	-	-	cgcgguauauucuuguggcuug	aaucacaggaguauacugugag	cgcgguauauucuuguggcuugaugcauuugaaaaaucucaaaucacaggaguauacugugag	3:403338483..403338546:-
1_4651	12	100 +/- 0%	-	15	14	0	1	yes	aae-miR-283	dme-miR-283-5p	-	-	caauaucagcugguaauucuggg	cggaauuccaacugauaucc	caauaucagcugguaauucugggcuuaccccaccguuauacgcuucccggaauuccaacugauaucc	1:305625602..305625669:-
2_959	9.2	99 +/- 10%	-	10	8	0	2	yes	aae-miR-281-5p	dme-miR-281-1-5p	-	-	aaagagagcuauccgucgacag	ugucauggaauugcucucuuua	aaagagagcuauccgucgacaguagggauaugauucacugucauggaauugcucucuuua	2:96469361..96469421:-
1_4638	5.2	93 +/- 26%	-	61	61	0	0	yes	aae-miR-277-5p	dme-miR-277-3p	-	-	uaaaugcacuaucugguacgaca	gcgugucagaagugcauuuaca	gcgugucagaagugcauuuacauagguauuucccguuuagcaguauuuguaaaugcacuaucugguacgaca	1:302603812..302603884:-
1_4656	4.7	93 +/- 26%	-	18	12	0	6	yes	aae-miR-1175-5p	dme-miR-958-3p	-	-	ugagauucuacuucuccgacuua	uaaguggaguaguggucucaucgcu	uaaguggaguaguggucucaucgcuuaguauuagaaaagugagauucuacuucuccgacuua	1:307010045..307010107:-
1_3997	4.3	93 +/- 26%	-	29	29	0	0	yes	aae-miR-252-5p	dme-miR-252-5p	-	-	cuaaguacuagugccgcagga	cugcugcccaagugcuuaucg	cuaaguacuagugccgcaggagagauuugaaccccugcugcccaagugcuuaucg	1:175818157..175818212:-
3_2335	4.2	93 +/- 26%	-	24	24	0	0	yes	aae-miR-8-5p	dme-miR-8-3p	-	-	uaauacugucagguaaag	uaccgggcagcauuaga	uaccgggcagcauuagauauuuuugaaauacuucuaauacugucagguaaag	3:328527960..328528012:+
2_1512	3.2	61 +/- 49%	-	9	9	0	0	yes	aae-miR-1	dme-miR-1-3p	-	-	uggaauguaaagaaguauggag	ccaugcuuccuugcauucaaua	ccaugcuuccuugcauucaauagugauucugaaagcauauggaauguaaagaaguauggag	2:399501023..399501084:-
3_2006	2.8	32 +/- 47%	-	8	8	0	0	yes	aae-bantam-5p	dme-bantam-5p	-	-	ccgguuuucauuuucgaucugacu	ugagaucauuuugaaagcugauu	ccgguuuucauuuucgaucugacuuauuugauuuaacaagagugagaucauuuugaaagcugauu	3:178082830..178082895:+
2_1540	2.6	32 +/- 47%	-	7	7	0	0	yes	aae-miR-184	dme-miR-184-3p	-	-	uggacggagaacugauaagggc	ccuuaucauucuugcgccccgu	ccuuaucauucuugcgccccguguuauauuguuggcgacuggacggagaacugauaagggc	2:417599380..417599441:-
2_902	2.1	32 +/- 47%	-	803	803	0	0	yes	aae-miR-11894a	-	-	-	uuuaccauuucaagaugaccua	ggucgucuugaaaugguaaaga	ggucgucuugaaaugguaaagagugucaaucaucaucuuuaccauuucaagaugaccua	2:58785158..58785217:-
2_906	2	32 +/- 47%	-	803	803	0	0	yes	aae-miR-11894a	-	-	-	uuuaccauuucaagaugaccua	ggucgucuugaaaugguaaaga	ggucgucuugaaaugguaaagagugucaaucaucaucuuuaccauuucaagaugaccua	2:58786284..58786343:-
2_904	2	32 +/- 47%	-	803	803	0	0	yes	aae-miR-11894a	-	-	-	uuuaccauuucaagaugaccua	ggucgucuugaaaugguaaaga	ggucgucuugaaaugguaaagagugucaaucaucaucuuuaccauuucaagaugaccua	2:58785850..58785909:-
2_898	2	32 +/- 47%	-	803	803	0	0	yes	aae-miR-11894a	-	-	-	uuuaccauuucaagaugaccua	gguugucuugaaaugguaaaga	gguugucuugaaaugguaaagagugucaaccaucaucuuuaccauuucaagaugaccua	2:58783350..58783409:-
2_908	2	32 +/- 47%	-	803	803	0	0	yes	aae-miR-11894a	-	-	-	uuuaccauuucaagaugaccua	ggucgucuugaaaugguaaaga	ggucgucuugaaaugguaaagagugucaaucaucaucuuuaccauuucaagaugaccua	2:58787426..58787485:-
2_900	1.9	28 +/- 35%	-	86	86	0	0	yes	aae-miR-11894b	-	-	-	uuuaccauuucaauaugaccua	ggucguauugaaaugguaaaga	ggucguauugaaaugguaaagagugucaaucaucaucuuuaccauuucaauaugaccua	2:58784590..58784649:-
NIGP01001349_4933	1.7	28 +/- 35%	-	920	920	0	0	yes	aae-miR-11895	-	-	-	uucaugcauucacuucugcuga	agcaggagugaaugcaugaguu	agcaggagugaaugcaugaguugacaucugaaaacuaauucaugcauucacuucugcuga	NIGP01001349:11838..11898:+
2_1418	1.7	28 +/- 35%	-	920	920	0	0	yes	aae-miR-11895	-	-	-	uucaugcauucacuucugcuga	agcaggagugaaugcaugaguu	agcaggagugaaugcaugaguuugacaucugaaacuaauucaugcauucacuucugcuga	2:324949494..324949554:-
1_4649	0.3	3 +/- 16%	-	3	3	0	0	yes	aae-miR-12-5p	dme-miR-12-5p	-	-	ugaguauuacaucagguacuggug	ccaguacuuauguuaugcucucu	ugaguauuacaucagguacuggugucgauauucgaaucaccaacgaaucggguuccuuugauuaacuuaccaguacuuauguuaugcucucu	1:305613548..305613640:-
1_4642	0.2	3 +/- 16%	-	2	2	0	0	yes	aae-miR-317	dme-miR-317-3p	-	-	ugaacacagcuggugguaucucagu	cgggauacacccugugcucgcu	cgggauacacccugugcucgcuuugcauucgaaacuagugaacacagcuggugguaucucagu	1:302667129..302667192:-
1_3474	0	3 +/- 16%	-	1	1	0	0	yes	aae-miR-929	dme-miR-929-5p	-	-	aaauugacucuaguagggagu	ucccuaacggagucagauuga	aaauugacucuaguagggaguccuuguguacgagugacucccuaacggagucagauuga	1:198495526..198495585:+
3_2598	-0.1	2 +/- 8%	-	2	2	0	0	yes	aae-miR-92a-5p	dme-miR-92a-3p	-	-	uauugcacuugucccggccuau	cgguacggacaggggcaacauu	cgguacggacaggggcaacauugugacauuugaaagcuaauauugcacuugucccggccuau	3:93477596..93477658:-
2_978	-0.1	2 +/- 8%	-	1	1	0	0	yes	aae-miR-2a-5p	dme-miR-2a-3p	-	-	uaucacagccagcuuugaag	ucaaagugguugugaaaug	ucaaagugguugugaaaugaguuacucuugaacgaucucauaucacagccagcuuugaag	2:107237505..107237565:-
2_877	-0.1	2 +/- 8%	-	2	2	0	0	yes	aae-miR-190	dme-miR-190-5p	-	-	agauauguuugauauucuugguug	cccaggaaucaaacauauuauua	agauauguuugauauucuugguuguuaaauuuuauauuaucacccaggaaucaaacauauuauua	2:48811877..48811942:-
2_980	-0.3	2 +/- 8%	-	1	1	0	0	yes	aae-miR-13-5p	dme-miR-2a-3p	-	-	uaucacagccauuuugacgaguu	aucguaaaaaugguugugcugug	aucguaaaaaugguugugcuguguuguuacgcucgaaauucauaucacagccauuuugacgaguu	2:107237649..107237714:-
2_940	-0.3	2 +/- 8%	-	1	1	0	0	yes	aae-miR-276-5p	dme-miR-276a-3p	-	-	uaggaacuucauaccgugcucu	agcgagguauagaguuccuacg	agcgagguauagaguuccuacguugcgugugcgaaauugguaggaacuucauaccgugcucu	2:73120452..73120514:-
2_611	-0.3	2 +/- 8%	-	8	8	0	0	yes	aae-miR-100	-	-	-	caagaacggauguaugggauuc	aacccguagauccgaacuugug	aacccguagauccgaacuugugcugccguuucacauguuacaagaacggauguaugggauuc	2:375117351..375117413:+
3_3034	-0.5	2 +/- 8%	-	1	1	0	0	yes	aae-miR-989	dme-miR-989-3p	-	-	ugugaugugacguagugguacc	cgccgcuaccucgcuuucacuug	cgccgcuaccucgcuuucacuugguaccgauuucccauaauccaugugaugugacguagugguacc	3:366439081..366439147:-
2_614	-1	2 +/- 8%	-	1	1	0	0	yes	aae-miR-125-5p	dme-miR-125-5p	-	-	ucccugagacccuaacuu	guuuugaucuccgguauu	ucccugagacccuaacuugugacuauaguugaaguuucacaaguuuugaucuccgguauu	2:375131781..375131841:+
3_1926	-1.6	0 +/- 2%	-	1	1	0	0	yes	aae-miR-31	dme-miR-31b-5p	-	-	uggcaagauguuggcauagcug	gcuauucaacuucuugucuau	uggcaagauguuggcauagcugaaaguuuugaguuuagcuauucaacuucuugucuau	3:136174150..136174208:+
2_981	-2.6	0 +/- 0%	-	3	3	0	0	yes	aae-miR-71-5p	-	-	-	agaaagacauggguagugagau	cucacuaccuugucuuucaug	agaaagacauggguagugagauaguuucacccuauugcacugggaucucacuaccuugucuuucaug	2:107238287..107238354:-
2_1536	-3	0 +/- 0%	-	3	3	0	0	yes	aae-miR-1890	-	-	-	ugaaaucuuugauuaggucugg	agagcuaauuggagaguucuug	agagcuaauuggagaguucuugaauaguguugugaaccuucaugaaaucuuugauuaggucugg	2:413654961..413655025:-
2_976	-3.6	0 +/- 2%	-	1	1	0	0	yes	aae-miR-2c	-	-	-	ucacagccagcuuugaugagcu	cucucaaaguggcugugaaa	cucucaaaguggcugugaaaugguuugauuuugcucauaucacagccagcuuugaugagcu	2:107235884..107235945:-
3_2625	-3.9	0 +/- 2%	-	1	1	0	0	yes	aae-miR-2765	-	-	-	ugguaacuccaccaccguuggc	caaugggagcuggaguucccgcg	ugguaacuccaccaccguuggcgauauuugacagccaaugggagcuggaguucccgcg	3:101895454..101895512:-
2_1106	-4.3	0 +/- 0%	-	1	1	0	0	yes	aae-miR-11899	-	-	-	uaugaccgauuuaauauauggcu	ccauguaugauuucggucaugua	ccauguaugauuucggucauguaugcaguugaaaauaauuauaugaccgauuuaauauauggcu	2:182319041..182319105:-
2_960	-4.7	0 +/- 0%	-	8	8	0	0	no	aae-miR-281-5p	dme-miR-281-1-5p	-	-	aaagagagcuauccgucgacag	guugacgugggauuuuuuugu	guugacgugggauuuuuuuguucauuuuguucuuucgcugguuucgaauaugaaaauaaagagagcuauccgucgacag	2:96469399..96469478:-
2_443	-10.3	0.00 +/- 0.00	-	1	1	0	0	no	aae-miR-11893	-	-	-	uuccugacuuauacgcuuaccuc	gguaaguagauaaaucagaaaga	gguaaguagauaaaucagaaagacguuuauaucguuucuuccugacuuauacgcuuaccuc	2:257889039..257889100:+

#miRBase miRNAs not detected by miRDeep2
miRBase precursor id	total read count	mature read count(s)	star read count	remaining reads	UCSC browser	NCBI blastn	miRBase mature sequence(s)	miRBase star sequence(s)	miRBase precursor sequence
11	11	0	0	-	-	ugguuuaucuuaucugucgaggc	gucgacagggagauaaaucacu	-	cauugguuuaucuuaucugucgaggcaaguuauuuuaccggauaguguuucuuuucgugagcaaucaccacuauccagcucuucuugucgacagggagauaaaucacug	
6	6	0	0	-	-	ugaggaguuaauuugcguguuu	-	aucuuuuuccgucauguugaggaguuaauuugcguguuuuuguauuugauuaaacacguccauuaacucugguacaugaugauaaaagccaa	
4	4	0	0	-	-	acguauacugaauguauccuga	cgguauaccuucaguauacguaac	-	gcuucaugaacguauacugaauguauccugagugcuaucuauccgguauaccuucaguauacguaacaggaggc	
5	5	0	0	-	-	caaccacuauccgcccugccgcc	uggcagugugguuagcugguug	-	caaggcaauacgcuauggcagugugguuagcugguuguguagaacuuuggggggcuuccguggcguucgcgcgcacacgggggcucagauucacaaccacuauccgcccugccgccgcgaggugccagg	
3	3	0	0	-	-	ucagguacugagugacucucag	gagagcaccucgguaucuaagc	-	cauucgcaauuucaccgguucagguacugagugacucucagaugugcauuucucaagcaaucucguccucaggaccugagguugaaaaacccugagagcaccucgguaucuaagccaguguugcgaaaa	
1	1	0	0	-	-	gugcauuguaguugcauugca	-	ccacccgggugcauuguaguugcauugcacuuuugcguucgauaacacggugcaauacuucugcaaugcaagccaggugg	
1	1	0	0	-	-	ucuuuggugauuuuagcuguaugc	-	ucacguuuauuggaucuuuggugauuuuagcuguaugcugauacguuucugauugcauauagcuuuaucaccaaaaaccuaaugaaugguga	
1	1	0	0	-	-	ucauaagacacacgcggcuau	-	aacgguauugcggcuuucauagguagcuugcguuugucuuagcugguauugaaugugauagguaucauaagacacacgcggcuauuuuugagaguaucaagcaucuug	















































1	0	0	1	-	-	ucacuuuuuagugacuugguc	-	caagucacuuuuuagugacuuggucacuuuuuucaaucuggucacuaaaaagucacuau	








































