miRDeep2 score	novel miRNAs reported by miRDeep2	novel miRNAs, estimated false positives	novel miRNAs, estimated true positives	known miRNAs in species	known miRNAs in data	known miRNAs detected by miRDeep2	estimated signal-to-noise	excision gearing
10	0	0 +/- 0	0 +/- 0 (0 +/- 0%)	164	107	26 (24%)	18.4	1
9	0	0 +/- 0	0 +/- 0 (0 +/- 0%)	164	107	26 (24%)	18.4	1
8	0	0 +/- 0	0 +/- 0 (0 +/- 0%)	164	107	26 (24%)	18.4	1
7	0	0 +/- 0	0 +/- 0 (0 +/- 0%)	164	107	26 (24%)	18.2	1
6	0	0 +/- 0	0 +/- 0 (0 +/- 0%)	164	107	26 (24%)	17.6	1
5	1	1 +/- 1	0 +/- 0 (42 +/- 50%)	164	107	51 (48%)	32.4	1
4	1	1 +/- 1	0 +/- 0 (33 +/- 47%)	164	107	72 (67%)	33.8	1
3	3	4 +/- 2	0 +/- 1 (7 +/- 19%)	164	107	75 (70%)	11.6	1
2	8	6 +/- 2	2 +/- 2 (31 +/- 23%)	164	107	76 (71%)	9.7	1
1	18	8 +/- 3	10 +/- 3 (53 +/- 16%)	164	107	86 (80%)	8.1	1
0	21	21 +/- 4	2 +/- 3 (8 +/- 12%)	164	107	91 (85%)	3.8	1
-1	23	43 +/- 6	0 +/- 0 (0 +/- 0%)	164	107	93 (87%)	2	1
-2	33	66 +/- 7	0 +/- 0 (0 +/- 0%)	164	107	94 (88%)	1.5	1
-3	50	87 +/- 8	0 +/- 0 (0 +/- 0%)	164	107	96 (90%)	1.3	1
-4	85	106 +/- 9	0 +/- 0 (0 +/- 0%)	164	107	98 (92%)	1.4	1
-5	112	132 +/- 9	0 +/- 0 (0 +/- 0%)	164	107	101 (94%)	1.4	1
-6	124	180 +/- 10	0 +/- 0 (0 +/- 0%)	164	107	101 (94%)	1.1	1
-7	141	221 +/- 10	0 +/- 0 (0 +/- 0%)	164	107	101 (94%)	1	1
-8	156	253 +/- 11	0 +/- 0 (0 +/- 0%)	164	107	101 (94%)	0.9	1
-9	184	281 +/- 12	0 +/- 0 (0 +/- 0%)	164	107	101 (94%)	0.9	1
-10	213	301 +/- 13	0 +/- 0 (0 +/- 0%)	164	107	101 (94%)	0.9	1



novel miRNAs predicted by miRDeep2
provisional id	miRDeep2 score	estimated probability that the miRNA candidate is a true positive	rfam alert	total read count	mature read count	loop read count	star read count	significant randfold p-value	miRBase miRNA	example miRBase miRNA with the same seed	UCSC browser	NCBI blastn	consensus mature sequence	consensus star sequence	consensus precursor sequence	precursor coordinate
3_2073	5.3	42 +/- 50%	-	321	321	0	0	yes	-	dme-miR-971-3p	-	-	uugguguuauaucuuacagugag	ggcuguaaguauuacagcaagc	ggcuguaaguauuacagcaagcuugcuauucgaaaggcgcuugguguuauaucuuacagugag	3:82678953..82679016:+
3_2853	3.2	7 +/- 19%	-	70	70	0	0	yes	-	-	-	-	uggcuugggcgcuucuccgag	cggagaagcguccaagccauc	uggcuugggcgcuucuccgagcggcaaacuacugcugcucggagaagcguccaagccauc	3:41882913..41882973:-
3_2887	3	7 +/- 19%	-	70	70	0	0	yes	-	-	-	-	uggcuugggcgcuucuccgag	cagagaagcguccaagccauc	uggcuugggcgcuucuccgagcggcaaacuacugcugcucagagaagcguccaagccauc	3:72544442..72544502:-
1_4130	2.4	31 +/- 23%	-	70	70	0	0	yes	-	-	-	-	ccgacgaaucccucugggggau	cccucugggggauuccgacgaa	cccucugggggauuccgacgaaucccucugggggauuccgacgaaucccucugggggauuccgacgaaucccucugggggau	1:250709623..250709705:+
2_438	2.4	31 +/- 23%	-	124	124	0	0	yes	-	-	-	-	aaggcugaaaaccuaaucgauug	aucgauaaaguuuucagcuuaaa	aaggcugaaaaccuaaucgauuggucacuagcuggcggugaccaaucgauaaaguuuucagcuuaaa	2:234260410..234260477:+
1_3577	2.3	31 +/- 23%	-	106	106	0	0	yes	-	-	-	-	uuuauaaaauguugagauu	ucucaaaauuuuauaaaac	ucucaaaauuuuauaaaacaugauuaagugcuuaucuuauucauguuuuauaaaauguugagauu	1:18404072..18404137:+
1_4129	2.2	31 +/- 23%	-	70	70	0	0	yes	-	-	-	-	ccgacgaaucccucugggggau	cccucugggggauuccgacgaa	cccucugggggauuccgacgaaucucucugggggauuccgacgaaucccucugggggauuccgacgaaucccucugggggau	1:250709577..250709659:+
3_1993	2.1	31 +/- 23%	-	197	197	0	0	yes	-	-	-	-	aaaauuucugugauguuuugu	aaaacaucacagaauuauuuu	aaaacaucacagaauuauuuuuacacauaguuucuuaucaguaaaaaaauuucugugauguuuugu	3:47183919..47183985:+
1_4185	1.8	53 +/- 16%	-	267	267	0	0	yes	-	-	-	-	ugugguuuacggcuuaagcgaagg	accgcuuaggccuuaaaccugguu	accgcuuaggccuuaaaccugguuuaaucguauggguaaaugugguuuacggcuuaagcgaagg	1:278614883..278614947:+
1_4132	1.8	53 +/- 16%	-	70	70	0	0	yes	-	-	-	-	ccgacgaaucccucugggggau	cuccuucuggggauuccgaagaa	ccgacgaaucccucugggggauuccgacgaaccucucuccuucuggggauuccgaagaa	1:250709842..250709901:+
3_2770	1.5	53 +/- 16%	-	454	453	0	1	yes	-	-	-	-	guaggccggcggaaacuacuugc	gggguuucuuucggccuccag	gggguuucuuucggccuccagcggcauuagauaguuguaggccggcggaaacuacuugc	3:6069685..6069744:-
3_3288	1.4	53 +/- 16%	-	108	108	0	0	yes	-	-	-	-	uggccaaauuauacgcguaa	acgaguacauaauuuugccauu	acgaguacauaauuuugccauuuacggcaaaaucaaaugaaaguggccaaauuauacgcguaa	3:237611319..237611382:-
1_3709	1.3	53 +/- 16%	-	632	632	0	0	yes	-	-	-	-	ucccaguaagugcuggucauuagcu	cucaaaugcgcauuuagucgggauu	cucaaaugcgcauuuagucgggauuauggauugaaaugguccauaugaaccuggaauucccaguaagugcuggucauuagcu	1:80231320..80231402:+
3_1991	1.3	53 +/- 16%	-	494	494	0	0	yes	-	-	-	-	uuuuuuucaaaaguguuguacaaaa	aaccacuacacugcuguugaggacgaaa	aaccacuacacugcuguugaggacgaaaagcgaguuuuuuuuucaaaaguguuguacaaaa	3:46138971..46139032:+
3_3130	1.2	53 +/- 16%	-	16	16	0	0	yes	-	-	-	-	auggauuuggacuuguucuacgccg	guguacgagaagaacgugucccguaa	guguacgagaagaacgugucccguaaugaaaucauuauggauuuggacuuguucuacgccg	3:168918040..168918101:-
2_1014	1.2	53 +/- 16%	-	494	494	0	0	yes	-	-	-	-	uuuuuuucaaaaguguuguacaaaa	aaccaccacacugcuguugaggacgaaaa	aaccaccacacugcuguugaggacgaaaagcgaguuuuuuuuuucaaaaguguuguacaaaa	2:72010391..72010453:-
3_2431	1.1	53 +/- 16%	-	267	267	0	0	yes	-	-	-	-	ugugguuuacggcuuaagcgaagg	accgcauaggccuuaauccugguu	accgcauaggccuuaauccugguuuaaucguauggguaaaugugguuuacggcuuaagcgaagg	3:260478146..260478210:+
1_4045	1.1	53 +/- 16%	-	160	160	0	0	yes	-	-	-	-	gagcacuaaaguuaauaccggaa	ucggauuaaccuuagugcucca	ucggauuaaccuuagugcuccaaaaucggagcacuaaaguuaauaccggaa	1:208815289..208815340:+
3_2522	0.9	8 +/- 12%	-	82	82	0	0	yes	-	-	-	-	guggaaccgaugaguggcuuc	agucaguguuuggucuagcgc	guggaaccgaugaguggcuucaacaugcagcagguaaggaagucaguguuuggucuagcgc	3:296802740..296802801:+
1_4277	0.4	8 +/- 12%	-	3	3	0	0	yes	-	dme-miR-4974-3p	-	-	aauaaaauuaaauagaac	uauuuuaauuuuaaauu	aauaaaauuaaauagaacgagcucaccaaaucuuuaaucgauugaaagaauuuggugagcucguuauuuuaauuuuaaauu	1:14781544..14781625:-
2_332	0.1	8 +/- 12%	-	1	1	0	0	yes	-	dme-miR-999-3p	-	-	aguuaacugcccauaaacgcauaa	augcguuuaugggcaguuaaaauc	aguuaacugcccauaaacgcauaauugucccauguacauaggaaauccagcaaacaugggacugacaugcguuuaugggcaguuaaaauc	2:186251126..186251216:+



mature miRBase miRNAs detected by miRDeep2
tag id	miRDeep2 score	estimated probability that the miRNA is a true positive	rfam alert	total read count	mature read count	loop read count	star read count	significant randfold p-value	mature miRBase miRNA	example miRBase miRNA with the same seed	UCSC browser	NCBI blastn	consensus mature sequence	consensus star sequence	consensus precursor sequence	precursor coordinate
1_5717	26608.5	0 +/- 0%	-	52184	52182	0	2	yes	aae-miR-12-5p	dme-miR-12-5p	-	-	ugaguauuacaucagguacuggu	caguacuuauguuaugcucucu	ugaguauuacaucagguacuggugucgauauucgaaucaccaacgaaucggguuccuuugauuaacuuaccaguacuuauguuaugcucucu	1:305613548..305613640:-
2_1102	12698.1	0 +/- 0%	-	24898	24894	0	4	yes	aae-miR-2a-5p	dme-miR-2a-3p	-	-	uaucacagccagcuuugaagagcg	acucucaaagugguugugaaa	acucucaaagugguugugaaaugaguuacucuugaacgaucucauaucacagccagcuuugaagagcg	2:107237501..107237569:-
2_1100	4636.9	0 +/- 0%	-	9086	9085	0	1	yes	aae-miR-2c	dme-miR-2a-3p	-	-	uaucacagccagcuuugaugagcu	acucucaaaguggcugugaaau	acucucaaaguggcugugaaaugguuugauuuugcucauaucacagccagcuuugaugagcu	2:107235884..107235946:-
3_2158	3949.6	0 +/- 0%	-	7741	7609	0	132	yes	aae-miR-31	dme-miR-31b-5p	-	-	uggcaagauguuggcauagcug	agcuauucaacuucuugucuau	uggcaagauguuggcauagcugaaaguuuugaguuuagcuauucaacuucuugucuau	3:136174150..136174208:+
2_1067	2654.7	0 +/- 0%	-	5199	5033	0	166	yes	aae-miR-281-5p	dme-miR-281-2-5p	-	-	aagagagcuauccgucgacagu	cugucauggaauugcucucuuua	aagagagcuauccgucgacaguagggauaugauucacugucauggaauugcucucuuua	2:96469361..96469420:-
1_5726	2299.7	0 +/- 0%	-	4503	4097	0	406	yes	aae-miR-1175-5p	dme-miR-958-3p	-	-	ugagauucuacuucuccgacuuaa	aaguggaguaguggucucaucgcu	aaguggaguaguggucucaucgcuuaguauuagaaaagugagauucuacuucuccgacuuaa	1:307010044..307010106:-
1_4643	1412.2	0 +/- 0%	-	2763	2702	0	61	yes	aae-miR-252-5p	dme-miR-252-5p	-	-	cuaaguacuagugccgcaggag	ccugcugcccaagugcuuaucg	cuaaguacuagugccgcaggagagauuugaaccccugcugcccaagugcuuaucg	1:175818157..175818212:-
2_1104	1282.9	0 +/- 0%	-	2508	2506	0	2	yes	aae-miR-13-5p	dme-miR-2a-3p	-	-	uaucacagccauuuugacgaguu	ucguaaaaaugguugugcugug	ucguaaaaaugguugugcuguguuguuacgcucgaaauucauaucacagccauuuugacgaguu	2:107237649..107237713:-
2_1018	1098.9	0 +/- 0%	-	2147	1937	0	210	yes	aae-miR-276-5p	dme-miR-276a-3p	-	-	uaggaacuucauaccgugcucu	agcgagguauagaguuccuacguu	agcgagguauagaguuccuacguugcgugugcgaaauugguaggaacuucauaccgugcucu	2:73120452..73120514:-
2_1707	697.1	0 +/- 0%	-	1367	1166	0	201	yes	aae-miR-1891	-	-	-	ugaggaguuaauuugcguguuu	acacguccauuaacucugguac	ugaggaguuaauuugcguguuuuuguauuugauuaaacacguccauuaacucugguac	2:360084867..360084925:-
2_1655	482.3	0 +/- 0%	-	938	583	0	355	yes	aae-miR-9c-5p	dme-miR-9a-5p	-	-	ucuuugguauucuagcuguaga	uaaagcuuuaguaccagaggucc	ucuuugguauucuagcuguagaauguugagcuuugugauaugguaucuucuaaagcuuuaguaccagaggucc	2:335810363..335810436:-
2_1071	481	0 +/- 0%	-	935	934	0	1	yes	aae-miR-282-5p	dme-miR-282-5p	-	-	uagccucuccuaggcuuugucu	acauagccugacagagguuagg	uagccucuccuaggcuuugucuguuaccuuccuugggaauuccacuagccagacauagccugacagagguuagg	2:96911966..96912040:-
3_2406	284.9	0 +/- 0%	-	550	424	0	126	yes	aae-miR-307	dme-miR-307a-5p	-	-	acucacucaaccugggugugau	ucacaaccuccuugagugagcga	acucacucaaccugggugugaugcuuauuugaaucaucacaaccuccuugagugagcga	3:244794376..244794435:+
1_4408	102.4	0 +/- 0%	-	193	192	0	1	yes	aae-miR-87	dme-miR-87-3p	-	-	gugagcaaauuuucaggugugu	cagccugaaauuugcuaaaccu	cagccugaaauuugcuaaaccuguguguauuugauucaaacaaucaaggugagcaaauuuucaggugugu	1:80682401..80682471:-
2_172	92.4	0 +/- 0%	-	174	173	0	1	yes	aae-miR-9a	dme-miR-9a-5p	-	-	ucuuugguuaucuagcuguauga	auaaagcuagcauaccgaaguua	ucuuugguuaucuagcuguaugagugaauuuagaacaucauaaagcuagcauaccgaaguua	2:108461947..108462009:+
1_3790	62.5	0 +/- 0%	-	116	114	0	2	yes	aae-miR-927	dme-miR-927-5p	-	-	uuuagaauuccuacgcuuuacc	aaagcguuuggguucuga	uuuagaauuccuacgcuuuaccgugauuuguugaaaguuuggcaaagcguuuggguucuga	1:115022929..115022990:+
1_3956	5.4	42 +/- 50%	-	505	505	0	0	yes	aae-miR-929	dme-miR-929-5p	-	-	aaauugacucuaguagggagucc	acucccuaacggagucagauuga	aaauugacucuaguagggaguccuuguguacgagugacucccuaacggagucagauuga	1:198495526..198495585:+
3_2904	5.4	42 +/- 50%	-	578	578	0	0	yes	aae-miR-998	dme-miR-285-3p	-	-	uagcaccaugagauucagcuc	acugaacucucgugggucugca	acugaacucucgugggucugcaguugauauuucgaaagcuuguagcaccaugagauucagcuc	3:75489589..75489652:-
1_4137	5.4	42 +/- 50%	-	485	485	0	0	yes	aae-miR-999	dme-miR-999-3p	-	-	uguuaacuguaagacugugucu	acgcggucgugcaggaaauuauu	acgcggucgugcaggaaauuauuuggcauuagauucaaauguuaacuguaagacugugucu	1:252222293..252222354:+
3_2906	5.4	42 +/- 50%	-	1549	1549	0	0	yes	aae-miR-11-5p	dme-miR-2a-3p	-	-	caucacagucugaguucuugcu	cgagaacuccggcugugaccugug	cgagaacuccggcugugaccuguguacacuuuauccaaaucacaucacagucugaguucuugcu	3:75489864..75489928:-
2_1020	5.3	42 +/- 50%	-	1933	1933	0	0	yes	aae-miR-276-3p	dme-miR-276a-3p	-	-	uaggaacuucauaccgugcucu	agcgagguauagaguuccuaug	agcgagguauagaguuccuaugcguucggauaaaauauuccauaggaacuucauaccgugcucu	2:73509399..73509463:-
2_145	5.3	42 +/- 50%	-	487	487	0	0	yes	aae-miR-988-5p	dme-miR-988-3p	-	-	ccccuuguugcaaaccucacgcu	ugugugcuuugugacaaugag	ugugugcuuugugacaaugagauucgguucgauaucauccccuuguugcaaaccucacgcu	2:93351379..93351440:+
1_4357	5.3	42 +/- 50%	-	253	253	0	0	yes	aae-miR-33	dme-miR-33-5p	-	-	gugcauuguaguugcauugc	aauacuucugcaaugcaagc	gugcauuguaguugcauugcacuuuugcguucgauaacacggugcaauacuucugcaaugcaagc	1:50888881..50888946:-
3_2764	5.2	42 +/- 50%	-	498	498	0	0	yes	aae-miR-980-5p	dme-miR-980-3p	-	-	uagcugccuagugaagggcaaua	cggccguucauugggucaucuagc	cggccguucauugggucaucuagcucguguuggaaacaguuagcugccuagugaagggcaaua	3:1054522..1054585:-
1_5708	5.2	42 +/- 50%	-	66843	66843	0	0	yes	aae-miR-277-5p	dme-miR-277-3p	-	-	uaaaugcacuaucugguacgaca	gcgugucagaagugcauuuaca	gcgugucagaagugcauuuacauagguauuucccguuuagcaguauuuguaaaugcacuaucugguacgaca	1:302603812..302603884:-
2_565	5.2	42 +/- 50%	-	1852	1852	0	0	yes	aae-miR-275-5p	dme-miR-275-3p	-	-	ucagguaccugaaguagcgcgcg	cgcgcuaagcaggaaccgagacu	cgcgcuaagcaggaaccgagacuuugucauuugcuagcagucagguaccugaaguagcgcgcg	2:307135668..307135731:+
3_3419	5.1	42 +/- 50%	-	468	468	0	0	yes	aae-miR-10365	dme-miR-927-5p	-	-	auuagaauguggaaucuguuuuu	aaaaguuuucauauucuugcgg	auuagaauguggaaucuguuuuuguacaucaaguguuacgaaacgaagcaaaaaaguuuucauauucuugcgg	3:320775621..320775694:-
2_667	5.1	42 +/- 50%	-	1060	1060	0	0	yes	aae-miR-2945-5p	dme-miR-279-3p	-	-	ugacuagaggcagacucguuua	agcggguccguuucuagugucaug	agcggguccguuucuagugucaugugcuguauucgaauaucaugacuagaggcagacucguuua	2:374947142..374947206:+
1_5721	5.1	42 +/- 50%	-	152063	152063	0	0	yes	aae-miR-283	dme-miR-283-5p	-	-	caauaucagcugguaauucuggg	cggaauuccaacugauauccac	caauaucagcugguaauucugggcuuaccccaccguuauacgcuucccggaauuccaacugauauccac	1:305625600..305625669:-
3_2932	5.1	42 +/- 50%	-	773	773	0	0	yes	aae-miR-92b-3p	dme-miR-92a-3p	-	-	aauugcacuugucccggccugc	aggucgugacuugugcccauuug	aggucgugacuugugcccauuugcugaauuuuaauggucaaauugcacuugucccggccugc	3:93418515..93418577:-
NIGP01001634_5943	5	42 +/- 50%	-	468	468	0	0	yes	aae-miR-10365	dme-miR-927-5p	-	-	auuagaauguggaaucuguuuuu	aaaaguuuucauauucuugcgg	auuagaauguggaaucuguuuuuguacaucaaguguuacgaaacgaagcaaaaaaguuuucauauucuugcgg	NIGP01001634:30709..30782:-
1_4041	5	42 +/- 50%	-	3002	3002	0	0	yes	aae-miR-996	dme-miR-279-3p	-	-	ugacuagauuacaugcucgucu	gcgugcaugaaucuggugcacg	gcgugcaugaaucuggugcacgguuuuccaguuguaauaucgcuucgugacuagauuacaugcucgucu	1:207012536..207012605:+
2_1652	5	42 +/- 50%	-	642	642	0	0	yes	aae-miR-79-3p	dme-miR-9a-3p	-	-	uaaagcuagauuaccaaagcau	gcuuuggcgcuuuagcuguaug	gcuuuggcgcuuuagcuguaugauagaauuuaauauuucauaaagcuagauuaccaaagcau	2:335780884..335780946:-
2_1832	5	42 +/- 50%	-	8101	8101	0	0	yes	aae-miR-184	dme-miR-184-3p	-	-	uggacggagaacugauaagggc	ccuuaucauucuugcgccccgu	ccuuaucauucuugcgccccguguuauauuguuggcgacuggacggagaacugauaagggc	2:417599380..417599441:-
3_3544	5	42 +/- 50%	-	12650	12650	0	0	yes	aae-miR-308-5p	dme-miR-2a-3p	-	-	aaucacaggaguauacugugag	cgcgguauauucuuguggcuug	cgcgguauauucuuguggcuugaugcauuugaaaaaucucaaaucacaggaguauacugugag	3:403338483..403338546:-
2_749	4.9	33 +/- 47%	-	185	185	0	0	yes	aae-miR-965	dme-miR-965-3p	-	-	uaagcguauagcuuuucccauu	ggggaaauccuguacgcuguaug	ggggaaauccuguacgcuguauguuguauuugaauaauccauaagcguauagcuuuucccauu	2:429778750..429778813:+
2_1649	4.9	33 +/- 47%	-	546	546	0	0	yes	aae-miR-9b	dme-miR-9a-5p	-	-	ucuuuggugauuuuagcuguaug	uauagcuuuaucaccaaaaacc	ucuuuggugauuuuagcuguaugcugauacguuucugauugcauauagcuuuaucaccaaaaacc	2:335780574..335780639:-
NIGP01000533_5928	4.9	33 +/- 47%	-	130	130	0	0	yes	aae-miR-970	dme-miR-970-3p	-	-	ucauaagacacacgcggcuau	agcuugcguuugucuuagcuggua	agcuugcguuugucuuagcugguauugaaugugauagguaucauaagacacacgcggcuau	NIGP01000533:10107..10168:-
3_2934	4.8	33 +/- 47%	-	518	518	0	0	yes	aae-miR-92a-5p	dme-miR-92a-3p	-	-	uauugcacuugucccggccuau	cgguacggacaggggcaacauu	cgguacggacaggggcaacauugugacauuugaaagcuaauauugcacuugucccggccuau	3:93477596..93477658:-
2_953	4.8	33 +/- 47%	-	1741	1741	0	0	yes	aae-miR-190	dme-miR-190-5p	-	-	agauauguuugauauucuugguug	cccaggaaucaaacauauuauua	agauauguuugauauucuugguuguuaaauuuuauauuaucacccaggaaucaaacauauuauua	2:48811877..48811942:-
2_1675	4.8	33 +/- 47%	-	452	452	0	0	yes	aae-miR-263a-5p	dme-miR-263a-5p	-	-	aauggcacuggaagaauucacgg	guguucuggcaguggcauccc	aauggcacuggaagaauucacggguauauuuugaaauccccguguucuggcaguggcauccc	2:348784448..348784510:-
2_659	4.8	33 +/- 47%	-	138	138	0	0	yes	aae-miR-124	dme-miR-124-3p	-	-	uaaggcacgcggugaaugcca	guauccacugccggccuauaug	guauccacugccggccuauauguccuauuucgguacucauaaggcacgcggugaaugcca	2:369307280..369307340:+
2_670	4.8	33 +/- 47%	-	291	291	0	0	yes	aae-let-7	dme-let-7-5p	-	-	ugagguaguugguuguauagu	uaugcaaucugcuagcuuguc	ugagguaguugguuguauaguagugacugauuaaauaucugcuaugcaaucugcuagcuuguc	2:375131497..375131560:+
1_3881	4.8	33 +/- 47%	-	130	130	0	0	yes	aae-miR-970	dme-miR-970-3p	-	-	ucauaagacacacgcggcuau	agcuugcguuugucuuagcuggua	agcuugcguuugucuuagcugguauugaaugugauagguaucauaagacacacgcggcuau	1:157238423..157238484:+
1_4039	4.7	33 +/- 47%	-	186	186	0	0	yes	aae-miR-279	dme-miR-279-3p	-	-	ugacuagauccacacucauuaa	gaugggugugaaucuaguguuucaca	gaugggugugaaucuaguguuucacaugauuuucgauagccugugacuagauccacacucauuaa	1:207007788..207007853:+
2_424	4.7	33 +/- 47%	-	167	167	0	0	yes	aae-miR-932-5p	dme-miR-932-5p	-	-	ucaauuccguagugcauugca	caagcaauguggaagugaag	ucaauuccguagugcauugcagugugcuuuagacgaacugcaagcaauguggaagugaag	2:231381156..231381216:+
2_12	4.6	33 +/- 47%	-	260	260	0	0	yes	aae-miR-219	dme-miR-219-5p	-	-	ugauuguccaaacgcaauucuug	agaguugugacuggacauccgug	ugauuguccaaacgcaauucuuguuuuauucgaauaugauauccaagaguugugacuggacauccgug	2:3715261..3715329:+
2_595	4.6	33 +/- 47%	-	352	352	0	0	yes	aae-miR-133	dme-miR-133-3p	-	-	uugguccccuucaaccagcug	gcugguugacuucgggucaaau	gcugguugacuucgggucaaaucgucaaauauuugcaaagauauuuccucagugaaauuauuugguccccuucaaccagcug	2:330417066..330417148:+
2_1784	4.6	33 +/- 47%	-	19252	19252	0	0	yes	aae-miR-1	dme-miR-1-3p	-	-	uggaauguaaagaaguauggag	ccaugcuuccuugcauucaaua	ccaugcuuccuugcauucaauagugauucugaaagcauauggaauguaaagaaguauggag	2:399501023..399501084:-
2_613	4.6	33 +/- 47%	-	1135	1135	0	0	yes	aae-miR-14	dme-miR-14-3p	-	-	ucagucuuuuucucucuccuau	gggagcgagauuaaggcuugcu	gggagcgagauuaaggcuugcuggucauuuauuacacucgaagucagucuuuuucucucuccuau	2:344767572..344767637:+
2_1201	4.5	33 +/- 47%	-	835	835	0	0	yes	aae-miR-263b-5p	dme-miR-263b-5p	-	-	cuuggcacugggagaauucacag	guggaucuuuucgugccaucgu	cuuggcacugggagaauucacaggcgcuauuugcuaucauucuguggaucuuuucgugccaucgu	2:153371131..153371196:-
2_568	4	33 +/- 47%	-	25057	25057	0	0	yes	aae-miR-305-5p	dme-miR-305-5p	-	-	auuguacuucaucaggugcucugg	ccggcacauguuggaguacacuua	auuguacuucaucaggugcucugguuguuuucgauacccggcacauguuggaguacacuua	2:307145445..307145506:+
2_386	3.7	7 +/- 19%	-	2597	2597	0	0	yes	aae-miR-7	dme-miR-7-5p	-	-	uggaagacuagugauuuuguuguu	uaacaauaaaucucaagucuuucuac	uggaagacuagugauuuuguuguuuugcuuacgauaauaacaauaaaucucaagucuuucuac	2:222802544..222802607:+
3_2283	3.5	7 +/- 19%	-	9871	9871	0	0	yes	aae-bantam-5p	dme-bantam-3p	-	-	ugagaucauuuugaaagcugauu	ccgguuuucauuuucgaucugacu	ccgguuuucauuuucgaucugacuuauuugauuuaacaagagugagaucauuuugaaagcugauu	3:178082830..178082895:+
2_566	3.2	7 +/- 19%	-	1852	1852	0	0	yes	aae-miR-275-3p	dme-miR-275-3p	-	-	ucagguaccugaaguagcgcgcg	ucaucaagcgacaacagaggcgugaaa	ucagguaccugaaguagcgcgcgugaucaaacaggaagcgucaucaagcgacaacagaggcgugaaa	2:307135708..307135775:+
2_974	2.1	31 +/- 23%	-	259	259	0	0	yes	aae-miR-11894a	-	-	-	uuuaccauuucaagaugaccua	ggucgucuugaaaugguaaaga	ggucgucuugaaaugguaaagagugucaaucaucaucuuuaccauuucaagaugaccua	2:58785158..58785217:-
2_976	2	31 +/- 23%	-	259	259	0	0	yes	aae-miR-11894a	-	-	-	uuuaccauuucaagaugaccua	ggucgucuugaaaugguaaaga	ggucgucuugaaaugguaaagagugucaaucaucaucuuuaccauuucaagaugaccua	2:58785850..58785909:-
2_978	2	31 +/- 23%	-	259	259	0	0	yes	aae-miR-11894a	-	-	-	uuuaccauuucaagaugaccua	ggucgucuugaaaugguaaaga	ggucgucuugaaaugguaaagagugucaaucaucaucuuuaccauuucaagaugaccua	2:58787948..58788007:-
2_972	1.9	53 +/- 16%	-	261	261	0	0	yes	aae-miR-11894b	-	-	-	uuuaccauuucaauaugaccua	ggucguauugaaaugguaaaga	ggucguauugaaaugguaaagagugucaaucaucaucuuuaccauuucaauaugaccua	2:58784590..58784649:-
2_1109	1.7	53 +/- 16%	-	1001	512	0	489	yes	aae-miR-71-5p	-	-	-	agaaagacauggguagugaga	ucucacuaccuugucuuucaugc	agaaagacauggguagugagauaguuucacccuauugcacugggaucucacuaccuugucuuucaugc	2:107238286..107238354:-
3_3296	1.7	53 +/- 16%	-	662	662	0	0	yes	aae-miR-278-5p	-	-	-	ggugggacuuucguccguuu	acggacgauagucuucagcgg	acggacgauagucuucagcggccgugcauuugauagaaguggucggugggacuuucguccguuu	3:243123888..243123952:-
2_1824	1.4	53 +/- 16%	-	868	868	0	0	yes	aae-miR-1890	-	-	-	ugaaaucuuugauuaggucugg	agagcuaauuggagaguucuug	agagcuaauuggagaguucuugaauaguguugugaaccuucaugaaaucuuugauuaggucugg	2:413654961..413655025:-
3_2959	1.4	53 +/- 16%	-	158	158	0	0	yes	aae-miR-2765	-	-	-	ugguaacuccaccaccguugg	aaugggagcuggaguucccgcg	ugguaacuccaccaccguuggcgauauuugacagccaaugggagcuggaguucccgcg	3:101895454..101895512:-
1_5710	1.3	53 +/- 16%	-	14138	14138	0	0	no	aae-miR-317	dme-miR-317-3p	-	-	ugaacacagcuggugguaucuc	gauacacccugugcucgcu	gauacacccugugcucgcuuugcauucgaaacuagugaacacagcuggugguaucuc	1:302667132..302667189:-
1_3793	1.1	53 +/- 16%	-	51	51	0	0	yes	aae-miR-981	-	-	-	guugucgacgaaaccugca	cggguuucgcggcgaacgg	cggguuucgcggcgaacgggcuuccaccaugaugaauagcaguucguugucgacgaaaccugca	1:118556348..118556412:+
2_146	1	53 +/- 16%	-	487	487	0	0	no	aae-miR-988-3p	dme-miR-988-3p	-	-	ccccuuguugcaaaccucacgcu	uggcagguaggggcaaugggggc	ccccuuguugcaaaccucacgcuugcgguagguuccacaacugcugagagguggcagguaggggcaaugggggc	2:93351417..93351491:+
2_672	1	53 +/- 16%	-	254	254	0	0	yes	aae-miR-125-5p	-	-	-	ccugagacccuaacuuguga	acaaguuuugaucuccggua	ccugagacccuaacuugugacuauaguugaaguuucacaaguuuugaucuccggua	2:375131783..375131839:+
3_2591	0.6	8 +/- 12%	-	2877	2876	0	1	no	aae-miR-8-5p	dme-miR-8-3p	-	-	uaauacugucagguaaagaugucg	aucuuaccgggcagcauuag	aucuuaccgggcagcauuagauauuuuugaaauacuucuaauacugucagguaaagaugucg	3:328527956..328528018:+
3_2737	0.4	8 +/- 12%	-	2	2	0	0	yes	aae-miR-957	dme-miR-957-3p	-	-	ugaaaccguccaaaacugaggc	guuaguuuugggcggguuuuagu	guuaguuuugggcggguuuuaguguauuucgauuagaguaucaauugaaaccguccaaaacugaggc	3:398466624..398466691:+
3_3550	0.2	8 +/- 12%	-	476	476	0	0	no	aae-miR-285	dme-miR-285-3p	-	-	uagcaccauucgaaaucaguac	acuggcuuccaaaggugaguaga	acuggcuuccaaaggugaguagauggcauucgauacacucuagcaccauucgaaaucaguac	3:406875046..406875108:-
1_3641	0.2	8 +/- 12%	-	1383	1383	0	0	no	aae-miR-210	dme-miR-210-3p	-	-	cuugugcgugugacaacggcuau	agcugcugaccacugcacaagau	agcugcugaccacugcacaagauuagauuaugacucuugugcgugugacaacggcuau	1:54892617..54892675:+
2_603	-0.7	0 +/- 0%	-	2	2	0	0	yes	aae-miR-375	dme-miR-375-3p	-	-	uuuguucguuuggcucgaguua	acuuaagcccaacguacagaaacu	acuuaagcccaacguacagaaacuugaaucugaaugccguucuagauuggcuugcuagaaguuuguucguuuggcucgaguua	2:337876532..337876615:+
3_2897	-0.9	0 +/- 0%	-	1	1	0	0	yes	aae-miR-1000	dme-miR-1000-5p	-	-	auauuguccugucacagcagua	cuguuguuucgggacauuuaca	auauuguccugucacagcaguacuguuacaaauuuacuguuguuucgggacauuuaca	3:74204061..74204119:-
2_1612	-1.2	0 +/- 0%	-	6	6	0	0	yes	aae-miR-11895	-	-	-	uucaugcauucacuucugcuga	agcaggagugaaugcaugaguu	agcaggagugaaugcaugaguuugacaucugaaacuaauucaugcauucacuucugcuga	2:324949494..324949554:-
2_1068	-2.3	0 +/- 0%	-	5033	5033	0	0	no	aae-miR-281-5p	dme-miR-281-2-5p	-	-	aagagagcuauccgucgacagu	cguugacgugggauuuuuuug	cguugacgugggauuuuuuuguucauuuuguucuuucgcugguuucgaauaugaaaauaaagagagcuauccgucgacagu	2:96469398..96469479:-
2_1488	-2.9	0 +/- 0%	-	4	4	0	0	yes	aae-miR-2941	-	-	-	uaguacggcuagaacuccacggau	ucgugguguuuagacguauuaca	ucgugguguuuagacguauuacaugauuuuuugaacauaacuguaguacggcuagaacuccacggau	2:268456009..268456076:-
1_4631	-3	0 +/- 0%	-	1	1	0	0	yes	aae-miR-11917	-	-	-	agcugaaaacuuaaucgauugg	aaucaauuaaguuuucaacuua	agcugaaaacuuaaucgauuggucaccaccagcaagugaccaaucaauuaaguuuucaacuua	1:171539700..171539763:-
2_1490	-3.9	0 +/- 0%	-	1	1	0	0	yes	aae-miR-2946	-	-	-	aguacggaaaagauauggggau	cgccauauuuuuaccgcuacugc	cgccauauuuuuaccgcuacugcauuucauuguaauaauuguaguacggaaaagauauggggau	2:268456440..268456504:-
1_4250	-4	0 +/- 0%	-	1	1	0	0	yes	aae-miR-10	-	-	-	cccuguagauccgaauuuguu	caaauucgguucuagagagguu	cccuguagauccgaauuuguuugaauauuuaacaagcgacaaauucgguucuagagagguu	1:310530476..310530537:+
1_5729	-4.4	0 +/- 0%	-	2	2	0	0	yes	aae-miR-iab-4-5p	-	-	-	cguauacugaauguauccuga	gguauaccuucaguauacgua	cguauacugaauguauccugagugcuaucuauccgguauaccuucaguauacgua	1:308965425..308965480:-
NIGP01000443_5921	-4.8	0 +/- 0%	-	166	166	0	0	no	aae-miR-11893	-	-	-	uuccugacuuauacgcuuaccu	guaaguagauaaaucagaaaga	guaaguagauaaaucagaaagacguuuauaucguuucuuccugacuuauacgcuuaccu	NIGP01000443:52102..52161:+
2_469	-4.8	0 +/- 0%	-	166	166	0	0	no	aae-miR-11893	-	-	-	uuccugacuuauacgcuuaccu	guaaguagauaaaucagaaaga	guaaguagauaaaucagaaagacguuuauaucguuucuuccugacuuauacgcuuaccu	2:257889040..257889099:+
2_671	-14.4	0.00 +/- 0.00	-	254	254	0	0	no	aae-miR-125-5p	-	-	-	ccugagacccuaacuuguga	augaaguuuaguguuauugu	augaaguuuaguguuauuguuuaguuuuguuucugcugauucccugagacccuaacuuguga	2:375131741..375131803:+

#miRBase miRNAs not detected by miRDeep2
miRBase precursor id	total read count	mature read count(s)	star read count	remaining reads	UCSC browser	NCBI blastn	miRBase mature sequence(s)	miRBase star sequence(s)	miRBase precursor sequence
27618	27618	0	0	-	-	caaccacuauccgcccugccgcc	uggcagugugguuagcugguug	-	caaggcaauacgcuauggcagugugguuagcugguuguguagaacuuuggggggcuuccguggcguucgcgcgcacacgggggcucagauucacaaccacuauccgcccugccgccgcgaggugccagg	
10885	10885	0	0	-	-	cacguuacagauugggguuucc	uaaucucaaauuguaacagugg	-	gagguaaucucaaauuguaacaguggguugauuuuccuggugaaucccggccuuguccuccgucacaagugugacaagugucucgaaaacguguucgcuauacccacguuacagauugggguuucccc	
4452	4452	0	0	-	-	ugguuuaucuuaucugucgaggc	gucgacagggagauaaaucacu	-	cauugguuuaucuuaucugucgaggcaaguuauuuuaccggauaguguuucuuuucgugagcaaucaccacuauccagcucuucuugucgacagggagauaaaucacug	
2889	2889	0	0	-	-	ucagguacugagugacucucag	gagagcaccucgguaucuaagc	-	cauucgcaauuucaccgguucagguacugagugacucucagaugugcauuucucaagcaaucucguccucaggaccugagguugaaaaacccugagagcaccucgguaucuaagccaguguugcgaaaa	
1595	1595	0	0	-	-	ugucuuuuuccgcuuacugccg	-	ccaacauuuugauugauuugucuuuuuccgcuuacugccgguggcauuugaaauucucgacagcaaaccgaaaaaggcgccucaaucaauu	
428	428	0	0	-	-	ugugaugugacguagugguac	-	uucaucauacggucaugggggaccgccgcuaccucgcuuucacuugguaccgauuucccauaauccaugugaugugacguagugguaccuucccuuggcuauuacaacacuuccu	
26	26	0	0	-	-	aacccguagauccgaacuugug	-	gcguagugguuguaguuacccauuugcaggaacccguagauccgaacuugugcugccguuucacauguuacaagaacggauguaugggauucugccgauguauggcuaaagcaucgaucgauuugu	




















158	0	0	158	-	-	uacuggccuacuaagucccaac	-	gcuugcuauguaauuuuuucaaucgaacugggauuuuguggaccagaagauuuccuccauucgauaauagcuacuggccuacuaagucccaacuuguuuggaaauuguccgacagauagcaagc	


























