miRDeep2 score	novel miRNAs reported by miRDeep2	novel miRNAs, estimated false positives	novel miRNAs, estimated true positives	known miRNAs in species	known miRNAs in data	known miRNAs detected by miRDeep2	estimated signal-to-noise	excision gearing
10	1	1 +/- 1	0 +/- 0 (42 +/- 50%)	164	71	2 (3%)	2.2	1
9	1	1 +/- 1	0 +/- 0 (42 +/- 50%)	164	71	2 (3%)	2.2	1
8	1	1 +/- 1	0 +/- 0 (42 +/- 50%)	164	71	2 (3%)	2.2	1
7	1	1 +/- 1	0 +/- 0 (42 +/- 50%)	164	71	2 (3%)	2.2	1
6	1	1 +/- 1	0 +/- 0 (42 +/- 50%)	164	71	2 (3%)	2.2	1
5	1	1 +/- 1	0 +/- 0 (40 +/- 49%)	164	71	23 (32%)	18	1
4	1	1 +/- 1	0 +/- 0 (38 +/- 49%)	164	71	45 (63%)	29.1	1
3	1	10 +/- 2	0 +/- 0 (0 +/- 0%)	164	71	49 (69%)	3.5	1
2	2	15 +/- 3	0 +/- 0 (0 +/- 0%)	164	71	49 (69%)	2.4	1
1	7	18 +/- 4	0 +/- 0 (0 +/- 0%)	164	71	58 (82%)	2.7	1
0	12	32 +/- 4	0 +/- 0 (0 +/- 0%)	164	71	61 (86%)	1.7	1
-1	23	67 +/- 6	0 +/- 0 (0 +/- 0%)	164	71	63 (89%)	1	1
-2	25	112 +/- 7	0 +/- 0 (0 +/- 0%)	164	71	63 (89%)	0.6	1
-3	42	144 +/- 8	0 +/- 0 (0 +/- 0%)	164	71	65 (92%)	0.6	1
-4	74	177 +/- 9	0 +/- 0 (0 +/- 0%)	164	71	65 (92%)	0.7	1
-5	102	200 +/- 9	0 +/- 0 (0 +/- 0%)	164	71	65 (92%)	0.7	1
-6	134	219 +/- 10	0 +/- 0 (0 +/- 0%)	164	71	65 (92%)	0.8	1
-7	156	236 +/- 10	0 +/- 0 (0 +/- 0%)	164	71	65 (92%)	0.8	1
-8	175	253 +/- 10	0 +/- 0 (0 +/- 0%)	164	71	65 (92%)	0.9	1
-9	196	267 +/- 10	0 +/- 0 (0 +/- 0%)	164	71	65 (92%)	0.9	1
-10	214	282 +/- 11	0 +/- 0 (0 +/- 0%)	164	71	65 (92%)	0.9	1



novel miRNAs predicted by miRDeep2
provisional id	miRDeep2 score	estimated probability that the miRNA candidate is a true positive	rfam alert	total read count	mature read count	loop read count	star read count	significant randfold p-value	miRBase miRNA	example miRBase miRNA with the same seed	UCSC browser	NCBI blastn	consensus mature sequence	consensus star sequence	consensus precursor sequence	precursor coordinate
2_66	85.6	42 +/- 50%	-	204	110	56	38	no	-	-	-	-	uucgugaugaucaacaaaaa	uuauaaugauucguuacuguuuc	uucgugaugaucaacaaaaauauaaguucggacuuauuaauuuuuauaaugauucguuacuguuuc	2:13888807..13888873:+
2_1086	2.8	0 +/- 0%	-	113	113	0	0	yes	-	dme-miR-4943-5p	-	-	auuuauuuaucguagugaguaacuu	uuuacucacuuuugaguaaaugu	auuuauuuaucguagugaguaacuuucugcucuguuguucuagauuuuaguuuuacucacuuuugaguaaaugu	2:434219653..434219727:+
2_1214	1.8	0 +/- 0%	-	41	41	0	0	yes	-	-	-	-	augagggcaggaucaaacaugucgc	guaguguuugauccuucgaccuugacg	guaguguuugauccuucgaccuugacgcuugcuccugcgggagcgggugaugagggcaggaucaaacaugucgc	2:10143870..10143944:-
2_2052	1.6	0 +/- 0%	-	65	65	0	0	yes	-	-	-	-	aaguagguguagaugggc	uguucuacgcauauuugu	uguucuacgcauauuuguccagcgguuuauaagguuuacauagaacaugggacaaguagguguagaugggc	2:290436857..290436928:-
3_3760	1.5	0 +/- 0%	-	114	114	0	0	yes	-	-	-	-	augauagguaaugaaguuu	aguucaauuauuauuu	augauagguaaugaaguuuacaguucaauuauuauuu	3:25440406..25440443:-
3_4231	1.2	0 +/- 0%	-	34	34	0	0	yes	-	-	-	-	ccagaaggcggggaaacggcaauc	uugcaauuucugcgcauccuugaa	ccagaaggcggggaaacggcaaucaaagaaaaucgccaguucuucgauugcaauuucugcgcauccuugaa	3:234041003..234041074:-
2_439	1.2	0 +/- 0%	-	45	45	0	0	yes	-	-	-	-	auggacgugcucaaguucgaacc	uucgauccaguacgauaucg	uucgauccaguacgauaucgccaccgguaaggugauggacgugcucaaguucgaacc	2:178995374..178995431:+
3_4287	0.9	0 +/- 0%	-	69	69	0	0	yes	-	-	-	-	aacuggugaaaacaacua	guucaaauuucgaccguguucu	aacuggugaaaacaacuaugaaguucaaauuucgaccguguucu	3:265030748..265030792:-
2_1092	0.9	0 +/- 0%	-	76	76	0	0	yes	-	-	-	-	ucuucaagaaacucaaugcauc	uaagaauggagguaucuugacgaac	ucuucaagaaacucaaugcaucccgcaaaggcuuuguuccgcgagccgaaaugugccgggauaagaauggagguaucuugacgaac	2:437068693..437068779:+
2_2401	0.5	0 +/- 0%	-	36	36	0	0	yes	-	-	-	-	aacgguaucauagugaac	cagcuggaugccgauaa	aacgguaucauagugaacaauaagcagcuggaugccgauaa	2:408481265..408481306:-
3_3609	0.4	0 +/- 0%	-	96	96	0	0	yes	-	-	-	-	aagaaucauaccggauuggagu	cccaaucugguuauugguuucauu	cccaaucugguuauugguuucauucuaagaaucauaccggauuggagu	3:374708928..374708976:+
3_3705	0	0 +/- 0%	-	30	30	0	0	yes	-	-	-	-	agaugugcauucguacuacugaa	ugguaguacauugcgaugcauauguuu	ugguaguacauugcgaugcauauguuuucgcguguacuucuugcgauaaauagaugugcauucguacuacugaa	3:409697873..409697947:+



mature miRBase miRNAs detected by miRDeep2
tag id	miRDeep2 score	estimated probability that the miRNA is a true positive	rfam alert	total read count	mature read count	loop read count	star read count	significant randfold p-value	mature miRBase miRNA	example miRBase miRNA with the same seed	UCSC browser	NCBI blastn	consensus mature sequence	consensus star sequence	consensus precursor sequence	precursor coordinate
2_1417	251.1	42 +/- 50%	-	484	361	0	123	yes	aae-miR-276-5p	dme-miR-276a-3p	-	-	uaggaacuucauaccgugcucu	agcgagguauagaguuccuacg	agcgagguauagaguuccuacguugcgugugcgaaauugguaggaacuucauaccgugcucu	2:73120452..73120514:-
NIGP01001012_7306	5.5	40 +/- 49%	-	76	76	0	0	yes	aae-miR-957	dme-miR-957-3p	-	-	ugaaaccguccaaaacugagg	uuaguuuugggcggguuuuagu	uuaguuuugggcggguuuuaguguauuucgauuagaguaucaauugaaaccguccaaaacugagg	NIGP01001012:27491..27556:-
3_3862	5.4	40 +/- 49%	-	135	135	0	0	yes	aae-miR-998	dme-miR-285-3p	-	-	uagcaccaugagauucagcuc	acugaacucucgugggucugca	acugaacucucgugggucugcaguugauauuucgaaagcuuguagcaccaugagauucagcuc	3:75489589..75489652:-
1_5148	5.4	40 +/- 49%	-	155	122	0	33	yes	aae-miR-929	dme-miR-929-5p	-	-	aaauugacucuaguagggagu	acucccuaacggagucagauuga	aaauugacucuaguagggaguccuuguguacgagugacucccuaacggagucagauuga	1:198495526..198495585:+
3_3671	5.3	40 +/- 49%	-	76	76	0	0	yes	aae-miR-957	dme-miR-957-3p	-	-	ugaaaccguccaaaacugagg	uuaguuuugggcggguuuuagu	uuaguuuugggcggguuuuaguguauuucgauuagaguaucaauugaaaccguccaaaacugagg	3:398466625..398466690:+
2_1420	5.3	40 +/- 49%	-	361	361	0	0	yes	aae-miR-276-3p	dme-miR-276a-3p	-	-	uaggaacuucauaccgugcucu	agcgagguauagaguuccuaug	agcgagguauagaguuccuaugcguucggauaaaauauuccauaggaacuucauaccgugcucu	2:73509399..73509463:-
1_7024	5.2	40 +/- 49%	-	3162	3162	0	0	yes	aae-miR-317	dme-miR-317-3p	-	-	ugaacacagcuggugguaucuca	ggauacacccugugcucgcu	ggauacacccugugcucgcuuugcauucgaaacuagugaacacagcuggugguaucuca	1:302667131..302667190:-
2_1498	5.2	40 +/- 49%	-	1061	1061	0	0	yes	aae-miR-2a-5p	dme-miR-2a-3p	-	-	uaucacagccagcuuugaag	ucaaagugguugugaaaug	ucaaagugguugugaaaugaguuacucuugaacgaucucauaucacagccagcuuugaag	2:107237505..107237565:-
1_7020	5.2	40 +/- 49%	-	139111	139111	0	0	yes	aae-miR-277-5p	dme-miR-277-3p	-	-	uaaaugcacuaucugguacgaca	gcgugucagaagugcauuuaca	gcgugucagaagugcauuuacauagguauuucccguuuagcaguauuuguaaaugcacuaucugguacgaca	1:302603812..302603884:-
3_3714	5.2	40 +/- 49%	-	620	620	0	0	yes	aae-miR-980-5p	dme-miR-980-3p	-	-	uagcugccuagugaagggcaau	ggccguucauugggucaucuagc	ggccguucauugggucaucuagcucguguuggaaacaguuagcugccuagugaagggcaau	3:1054523..1054584:-
2_978	5.1	40 +/- 49%	-	380	380	0	0	yes	aae-miR-100	dme-miR-100-5p	-	-	aacccguagauccgaacuugug	caagaacggauguaugggauuc	aacccguagauccgaacuugugcugccguuucacauguuacaagaacggauguaugggauuc	2:375117351..375117413:+
2_1474	5.1	40 +/- 49%	-	36	36	0	0	yes	aae-miR-282-5p	dme-miR-282-3p	-	-	acauagccugacagagguua	gccucuccuaggcuuugucu	gccucuccuaggcuuugucuguuaccuuccuugggaauuccacuagccagacauagccugacagagguua	2:96911968..96912038:-
2_1500	5	40 +/- 49%	-	493	493	0	0	yes	aae-miR-13-5p	dme-miR-2a-3p	-	-	uaucacagccauuuugacgaguu	aucguaaaaaugguugugcugug	aucguaaaaaugguugugcuguguuguuacgcucgaaauucauaucacagccauuuugacgaguu	2:107237649..107237714:-
2_2252	5	40 +/- 49%	-	732	732	0	0	yes	aae-miR-79-5p	dme-miR-4-3p	-	-	auaaagcuagauuaccaaagcau	gcuuuggcgcuuuagcuguauga	gcuuuggcgcuuuagcuguaugauagaauuuaauauuucauaaagcuagauuaccaaagcau	2:335780884..335780946:-
1_5468	5	40 +/- 49%	-	93	93	0	0	yes	aae-miR-10	dme-miR-10-5p	-	-	acccuguagauccgaauuuguu	caaauucgguucuagagagguuu	acccuguagauccgaauuuguuugaauauuuaacaagcgacaaauucgguucuagagagguuu	1:310530475..310530538:+
2_2432	5	40 +/- 49%	-	4589	4589	0	0	yes	aae-miR-184	dme-miR-184-3p	-	-	uggacggagaacugauaaggg	cuuaucauucuugcgccccgu	cuuaucauucuugcgccccguguuauauuguuggcgacuggacggagaacugauaaggg	2:417599381..417599440:-
3_4626	5	40 +/- 49%	-	12736	12736	0	0	yes	aae-miR-308-5p	dme-miR-2a-3p	-	-	aaucacaggaguauacugugag	cgcgguauauucuuguggcuug	cgcgguauauucuuguggcuugaugcauuugaaaaaucucaaaucacaggaguauacugugag	3:403338483..403338546:-
2_1471	4.9	38 +/- 49%	-	4668	4668	0	0	yes	aae-miR-281-5p	dme-miR-281-2-5p	-	-	aagagagcuauccgucgacagu	ugucauggaauugcucucuuua	aagagagcuauccgucgacaguagggauaugauucacugucauggaauugcucucuuua	2:96469361..96469420:-
NIGP01000533_7258	4.9	38 +/- 49%	-	138	138	0	0	yes	aae-miR-970	dme-miR-970-3p	-	-	ucauaagacacacgcggcuau	agcuugcguuugucuuagcuggua	agcuugcguuugucuuagcugguauugaaugugauagguaucauaagacacacgcggcuau	NIGP01000533:10107..10168:-
2_2256	4.9	38 +/- 49%	-	54	54	0	0	yes	aae-miR-9c-5p	dme-miR-9c-3p	-	-	uaaagcuuuaguaccagagguc	ucuuugguauucuagcuguaga	ucuuugguauucuagcuguagaauguugagcuuugugauaugguaucuucuaaagcuuuaguaccagagguc	2:335810364..335810436:-
1_5035	4.9	38 +/- 49%	-	138	138	0	0	yes	aae-miR-970	dme-miR-970-3p	-	-	ucauaagacacacgcggcuau	agcuugcguuugucuuagcuggua	agcuugcguuugucuuagcugguauugaaugugauagguaucauaagacacacgcggcuau	1:157238423..157238484:+
1_7056	4.7	38 +/- 49%	-	722	722	0	0	yes	aae-miR-1175-5p	dme-miR-958-3p	-	-	ugagauucuacuucuccgacuuaa	aaguggaguaguggucucaucgcu	aaguggaguaguggucucaucgcuuaguauuagaaaagugagauucuacuucuccgacuuaa	1:307010044..307010106:-
2_594	4.7	38 +/- 49%	-	320	249	0	71	yes	aae-miR-932-5p	dme-miR-932-5p	-	-	ucaauuccguagugcauugcagug	gcaagcaauguggaagugaag	ucaauuccguagugcauugcagugugcuuuagacgaacugcaagcaauguggaagugaag	2:231381156..231381216:+
2_467	4.6	38 +/- 49%	-	43	43	0	0	yes	aae-miR-137	dme-miR-137-3p	-	-	uauugcuugagaauacacguag	acgcguauucuuggguuauuaac	acgcguauucuuggguuauuaacacacuguuuauguuguuauugcuugagaauacacguag	2:189612067..189612128:+
2_2384	4.6	38 +/- 49%	-	89671	89671	0	0	yes	aae-miR-1	dme-miR-1-3p	-	-	uggaauguaaagaaguauggag	ccaugcuuccuugcauucaaua	ccaugcuuccuugcauucaauagugauucugaaagcauauggaauguaaagaaguauggag	2:399501023..399501084:-
1_7065	4.5	38 +/- 49%	-	203	203	0	0	yes	aae-miR-iab-4-5p	dme-miR-iab-4-5p	-	-	acguauacugaauguauccuga	gguauaccuucaguauacguaa	acguauacugaauguauccugagugcuaucuauccgguauaccuucaguauacguaa	1:308965424..308965481:-
2_1635	4.5	38 +/- 49%	-	77	77	0	0	yes	aae-miR-263b-5p	dme-miR-263b-5p	-	-	cuuggcacugggagaauucacag	guggaucuuuucgugccaucgu	cuuggcacugggagaauucacaggcgcuauuugcuaucauucuguggaucuuuucgugccaucgu	2:153371131..153371196:-
3_3493	4.4	38 +/- 49%	-	42627	42627	0	0	yes	aae-miR-8-3p	dme-miR-8-3p	-	-	uaauacugucagguaaagauguc	caucuuaccgggcagcauuaga	caucuuaccgggcagcauuagauauuuuugaaauacuucuaauacugucagguaaagauguc	3:328527955..328528017:+
1_5965	4.3	38 +/- 49%	-	213	213	0	0	yes	aae-miR-252-5p	dme-miR-252-5p	-	-	cuaaguacuagugccgcagga	cugcugcccaagugcuuaucg	cuaaguacuagugccgcaggagagauuugaaccccugcugcccaagugcuuaucg	1:175818157..175818212:-
1_4946	4.2	38 +/- 49%	-	80	80	0	0	yes	aae-miR-927	dme-miR-927-5p	-	-	uuuagaauuccuacgcuuuacc	caaagcguuuggguucugaaac	uuuagaauuccuacgcuuuaccgugauuuguugaaaguuuggcaaagcguuuggguucugaaac	1:115022929..115022993:+
2_836	4	38 +/- 49%	-	457	457	0	0	yes	aae-miR-305-5p	dme-miR-305-5p	-	-	auuguacuucaucaggugcucugg	ccggcacauguuggaguacacuua	auuguacuucaucaggugcucugguuguuuucgauacccggcacauguuggaguacacuua	2:307145445..307145506:+
3_2950	3.8	0 +/- 0%	-	943	943	0	0	yes	aae-miR-31	dme-miR-31b-5p	-	-	uggcaagauguuggcauagcuga	agcuauucaacuucuugucuau	uggcaagauguuggcauagcugaaaguuuugaguuuagcuauucaacuucuugucuau	3:136174150..136174208:+
2_554	3.7	0 +/- 0%	-	89	89	0	0	yes	aae-miR-7	dme-miR-7-5p	-	-	uggaagacuagugauuuuguuguu	uaacaauaaaucucaagucuuucuac	uggaagacuagugauuuuguuguuuugcuuacgauaauaacaauaaaucucaagucuuucuac	2:222802544..222802607:+
3_3081	3.5	0 +/- 0%	-	6666	6666	0	0	yes	aae-bantam-5p	dme-bantam-3p	-	-	ugagaucauuuugaaagcugauu	ccgguuuucauuuucgaucugacu	ccgguuuucauuuucgaucugacuuauuugauuuaacaagagugagaucauuuugaaagcugauu	3:178082830..178082895:+
2_1496	1.8	0 +/- 0%	-	415	415	0	0	yes	aae-miR-2c	-	-	-	aucacagccagcuuugauga	cucaaaguggcugugaaau	cucaaaguggcugugaaaugguuugauuuugcucauaucacagccagcuuugauga	2:107235887..107235943:-
2_1505	1.7	0 +/- 0%	-	1936	1936	0	0	yes	aae-miR-71-5p	-	-	-	agaaagacauggguagugag	cacuaccuugucuuucaug	agaaagacauggguagugagauaguuucacccuauugcacugggaucucacuaccuugucuuucaug	2:107238287..107238354:-
2_1504	1.5	0 +/- 0%	-	683	683	0	0	yes	aae-miR-2c	-	-	-	aucacagccagcuuugauga	aucaaauuugguuguuuuag	aucaaauuugguuguuuuaguacgaccucuuugaaaccccuaucacagccagcuuugauga	2:107237998..107238059:-
1_7043	1.5	0 +/- 0%	-	1881	1881	0	0	yes	aae-miR-283	-	-	-	aauaucagcugguaauucugg	ggaauuccaacugauaucca	aauaucagcugguaauucugggcuuaccccaccguuauacgcuucccggaauuccaacugauaucca	1:305625601..305625668:-
2_1994	1.5	0 +/- 0%	-	471	471	0	0	yes	aae-miR-2946	-	-	-	uaguacggaaaagauaugggga	gccauauuuuuaccgcuacugca	gccauauuuuuaccgcuacugcauuucauuguaauaauuguaguacggaaaagauaugggga	2:268456441..268456503:-
2_2414	1.4	0 +/- 0%	-	99	99	0	0	yes	aae-miR-1890	-	-	-	ugaaaucuuugauuaggucugg	agagcuaauuggagaguucuug	agagcuaauuggagaguucuugaauaguguugugaaccuucaugaaaucuuugauuaggucugg	2:413654961..413655025:-
2_959	1.1	0 +/- 0%	-	4189	4189	0	0	yes	aae-miR-124	-	-	-	aaggcacgcggugaaugccaa	gguauccacugccggccuauau	gguauccacugccggccuauauguccuauuucgguacucauaaggcacgcggugaaugccaa	2:369307279..369307341:+
2_1718	1.1	0 +/- 0%	-	118	118	0	0	yes	aae-miR-11899	-	-	-	augaccgauuuaauauauggc	cauguaugauuucggucaugu	cauguaugauuucggucauguaugcaguugaaaauaauuauaugaccgauuuaauauauggc	2:182319042..182319104:-
2_1992	0.9	0 +/- 0%	-	214	214	0	0	yes	aae-miR-2941	-	-	-	uaguacggcuagaacuccacggaca	uucgugaagcucagcugcauuaca	uucgugaagcucagcugcauuacacgauauggaauacgguuuguaguacggcuagaacuccacggaca	2:268456312..268456380:-
2_2312	0.9	0 +/- 0%	-	133	78	0	55	yes	aae-miR-1891	-	-	-	ugaggaguuaauuugcguguuuuu	acacguccauuaacucuggua	ugaggaguuaauuugcguguuuuuguauuugauuaaacacguccauuaacucuggua	2:360084868..360084925:-
3_4638	0.1	0 +/- 0%	-	872	872	0	0	no	aae-miR-285	dme-miR-285-3p	-	-	uagcaccauucgaaaucaguac	acuggcuuccaaaggugaguaga	acuggcuuccaaaggugaguagauggcauucgauacacucuagcaccauucgaaaucaguac	3:406875046..406875108:-
3_4262	-0.1	0 +/- 0%	-	1	1	0	0	yes	aae-miR-278-5p	dme-miR-278-3p	-	-	ucggugggacuuucgucc	acgauagucuucagcggcc	acgauagucuucagcggccgugcauuugauagaaguggucggugggacuuucgucc	3:243123892..243123948:-
2_1472	-2.3	0 +/- 0%	-	4668	4668	0	0	no	aae-miR-281-5p	dme-miR-281-2-5p	-	-	aagagagcuauccgucgacagu	cguugacgugggauuuuuuug	cguugacgugggauuuuuuuguucauuuuguucuuucgcugguuucgaauaugaaaauaaagagagcuauccgucgacagu	2:96469398..96469479:-
2_2285	-2.8	0 +/- 0%	-	328	328	0	0	no	aae-miR-263a-5p	-	-	-	uaauggcacuggaagaauucac	guucuggcaguggcaucccu	uaauggcacuggaagaauucacggguauauuuugaaauccccguguucuggcaguggcaucccu	2:348784447..348784511:-

#miRBase miRNAs not detected by miRDeep2
miRBase precursor id	total read count	mature read count(s)	star read count	remaining reads	UCSC browser	NCBI blastn	miRBase mature sequence(s)	miRBase star sequence(s)	miRBase precursor sequence
3932	3932	0	0	-	-	cacguuacagauugggguuucc	uaaucucaaauuguaacagugg	-	gagguaaucucaaauuguaacaguggguugauuuuccuggugaaucccggccuuguccuccgucacaagugugacaagugucucgaaaacguguucgcuauacccacguuacagauugggguuucccc	
3773	3773	0	0	-	-	caguacuuauguuaugcucucu	ugaguauuacaucagguacuggu	-	uucggacugaguauuacaucagguacuggugucgauauucgaaucaccaacgaaucggguuccuuugauuaacuuaccaguacuuauguuaugcucucuccg	
986	986	0	0	-	-	ugguuuaucuuaucugucgaggc	gucgacagggagauaaaucacu	-	cauugguuuaucuuaucugucgaggcaaguuauuuuaccggauaguguuucuuuucgugagcaaucaccacuauccagcucuucuugucgacagggagauaaaucacug	
286	286	0	0	-	-	ucagguacugagugacucucag	gagagcaccucgguaucuaagc	-	cauucgcaauuucaccgguucagguacugagugacucucagaugugcauuucucaagcaaucucguccucaggaccugagguugaaaaacccugagagcaccucgguaucuaagccaguguugcgaaaa	
131	131	0	0	-	-	ugagguaguugguuguauagu	-	cacguugagguaguugguuguauaguagugacugauuaaauaucugcuaugcaaucugcuagcuugucgug	
108	108	0	0	-	-	ucccugagacccuaacuuguga	-	uuaguuuuguuucugcugauucccugagacccuaacuugugacuauaguugaaguuucacaaguuuugaucuccgguauuagcggucgagauuca	
100	100	0	0	-	-	agauauguuugauauucuugguug	-	gggugauuccggugagauauguuugauauucuugguuguuaaauuuuauauuaucacccaggaaucaaacauauuauuacuguggucaucaugagacuucg	
80	80	0	0	-	-	ucagguaccugaaguagcgc	cgcgcuaagcaggaaccgagac	-	auccuuucgauuucgcgcgcuaagcaggaaccgagacuuugucauuugcuagcagucagguaccugaaguagcgcgcgugauc	
71	71	0	0	-	-	agcggguccguuucuagugucaug	ugacuagaggcagacucguuua	-	ucugaucugagcggguccguuucuagugucaugugcuguauucgaauaucaugacuagaggcagacucguuuaggucuggga	
64	64	0	0	-	-	ucagaucuacuuaauacccau	-	acuccaauucuggguauuuuagauccuuggcauaguuacgugauugaaugcacuguucuucuuugguuuacccaguaucgaacacgcgucaaucugucagaucuacuuaauacccaua	










































































