miRDeep2 score	novel miRNAs reported by miRDeep2	novel miRNAs, estimated false positives	novel miRNAs, estimated true positives	known miRNAs in species	known miRNAs in data	known miRNAs detected by miRDeep2	estimated signal-to-noise	excision gearing
10	0	0 +/- 0	0 +/- 0 (0 +/- 0%)	164	94	50 (53%)	43.4	1
9	0	0 +/- 0	0 +/- 0 (0 +/- 0%)	164	94	50 (53%)	43.4	1
8	0	0 +/- 0	0 +/- 0 (0 +/- 0%)	164	94	50 (53%)	43.4	1
7	0	0 +/- 0	0 +/- 0 (0 +/- 0%)	164	94	51 (54%)	46.1	1
6	2	0 +/- 1	2 +/- 1 (78 +/- 29%)	164	94	51 (54%)	48.1	1
5	2	0 +/- 1	2 +/- 1 (77 +/- 31%)	164	94	55 (59%)	48.8	1
4	2	0 +/- 1	2 +/- 1 (76 +/- 31%)	164	94	62 (66%)	48.9	1
3	2	1 +/- 1	1 +/- 1 (72 +/- 36%)	164	94	63 (67%)	42.9	1
2	9	1 +/- 1	8 +/- 1 (92 +/- 9%)	164	94	67 (71%)	42.3	1
1	15	1 +/- 1	14 +/- 1 (93 +/- 7%)	164	94	73 (78%)	30.5	1
0	22	2 +/- 1	20 +/- 1 (90 +/- 6%)	164	94	75 (80%)	17.7	1
-1	28	5 +/- 2	23 +/- 2 (82 +/- 7%)	164	94	79 (84%)	10.9	1
-2	31	17 +/- 4	14 +/- 4 (45 +/- 11%)	164	94	80 (85%)	4.5	1
-3	59	31 +/- 5	28 +/- 5 (48 +/- 8%)	164	94	82 (87%)	3.5	1
-4	151	46 +/- 6	105 +/- 6 (69 +/- 4%)	164	94	84 (89%)	4.2	1
-5	204	120 +/- 9	84 +/- 9 (41 +/- 4%)	164	94	86 (91%)	2.2	1
-6	225	279 +/- 12	0 +/- 0 (0 +/- 0%)	164	94	86 (91%)	1	1
-7	242	411 +/- 14	0 +/- 0 (0 +/- 0%)	164	94	86 (91%)	0.7	1
-8	278	525 +/- 16	0 +/- 0 (0 +/- 0%)	164	94	86 (91%)	0.7	1
-9	371	603 +/- 18	0 +/- 0 (0 +/- 0%)	164	94	86 (91%)	0.7	1
-10	463	671 +/- 19	0 +/- 0 (0 +/- 0%)	164	94	87 (93%)	0.8	1



novel miRNAs predicted by miRDeep2
provisional id	miRDeep2 score	estimated probability that the miRNA candidate is a true positive	rfam alert	total read count	mature read count	loop read count	star read count	significant randfold p-value	miRBase miRNA	example miRBase miRNA with the same seed	UCSC browser	NCBI blastn	consensus mature sequence	consensus star sequence	consensus precursor sequence	precursor coordinate
1_10998	6.8	78 +/- 29%	-	10	9	0	1	yes	-	-	-	-	cuagaggcagcaacagccgcu	cggcuguugcugccuuaaggc	cuagaggcagcaacagccgcucaaaauuuucuugcgcggcuguugcugccuuaaggc	1:6517469..6517526:-
1_10283	6.7	78 +/- 29%	-	10	9	0	1	yes	-	-	-	-	cuagaggcagcaacagccgcu	cggcuguugcugccuuaaggc	cuagaggcagcaacagccgcucaaaauuuccuugcgcggcuguugcugccuuaaggc	1:194259872..194259929:+
2_2231	2.7	92 +/- 9%	-	2	1	0	1	yes	-	-	-	-	cgagucacuucacucgagucgag	gacucgaguuaagugacucucc	gacucgaguuaagugacucuccauuugauuuacacggcgagucacuucacucgagucgag	2:20943929..20943989:-
2_4367	2.6	92 +/- 9%	-	5	1	0	4	yes	-	-	-	-	aacagaauuuuccaucugaacg	uuccaggugggaguuaucugauau	uuccaggugggaguuaucugauaugugaauaugguaccauaacagaauuuuccaucugaacg	2:413288585..413288647:-
1_11979	2.6	92 +/- 9%	-	5	1	0	4	yes	-	-	-	-	aacagaauuuuccaucugaacg	uuccaggugggaguuaucugauau	uuccaggugggaguuaucugauaugugaauaugguaccauaacagaauuuuccaucugaacg	1:194193576..194193638:-
3_8885	2.6	92 +/- 9%	-	5	1	0	4	yes	-	-	-	-	aacagaauuuuccaucugaacg	uuccaggugggaguuaucugauau	uuccaggugggaguuaucugauaugugaauaugguaccauaacagaauuuuccaucugaacg	3:315238060..315238122:-
1_11311	2.6	92 +/- 9%	-	5	1	0	4	yes	-	-	-	-	aacagaauuuuccaucugaacg	uuccaggugggaguuaucugauau	uuccaggugggaguuaucugauaugugaauaugguaccauaacagaauuuuccaucugaacg	1:61547450..61547512:-
3_7834	2.3	92 +/- 9%	-	5	1	0	4	yes	-	-	-	-	aacagaauuuuccaucugaacg	uuccaggugggaguuaucugauau	uuccaggugggaguuaucugauaugugaauaugguaccauaacagaauuuuccaucugaacg	3:148461683..148461745:-
1_10709	2	92 +/- 9%	-	2	1	0	1	yes	-	-	-	-	ugcggcgucuucugguggcugg	agucaccaucugaaacugacgg	agucaccaucugaaacugacggaggauggaugugcuccccuccuaagcacgguccuccgugcggcgucuucugguggcugg	1:252818172..252818253:+
3_8158	1.7	93 +/- 7%	-	25	25	0	0	yes	-	-	-	-	uacggcaagggcugauugcugc	agcauuucaggccuuaucauagu	agcauuucaggccuuaucauaguuugauaguagucugaacuacuagacugcaaaacuacggcaagggcugauugcugc	3:200130543..200130621:-
3_5989	1.6	93 +/- 7%	-	14	14	0	0	yes	-	-	-	-	caccuguccagcgaauugggag	cccaauucgauagacaugcg	cccaauucgauagacaugcggcugcgguaguugguaacgcaccuguccagcgaauugggag	3:218717124..218717185:+
1_11540	1.5	93 +/- 7%	-	25	25	0	0	yes	-	-	-	-	uacggcaagggcugauugcugc	agcauuucaggccuuaucauagu	agcauuucaggccuuaucauaguuugauaguagucugaacuacuagacuguaaaacuacggcaagggcugauugcugc	1:112901003..112901081:-
2_2276	1.4	93 +/- 7%	-	25	25	0	0	yes	-	-	-	-	uacggcaagggcugauugcugc	agcauuucaggucuuaucauagu	agcauuucaggucuuaucauaguuuuauaguagucuggaauaucagacuucaaaacuacggcaagggcugauugcugc	2:27490775..27490853:-
2_2546	1.1	93 +/- 7%	-	25	25	0	0	yes	-	-	-	-	uacggcaagggcugauugcugc	agcauuucaggccuuaucauagu	agcauuucaggccuuaucauaguuugauaguauuuugaacuacuagacugcaaaacuacggcaagggcugauugcugc	2:77897270..77897348:-
3_7057	1	93 +/- 7%	-	2	1	0	1	yes	-	-	-	-	auugucgcaacaagaauaggag	ucuguucuaguuguuauaaccu	ucuguucuaguuguuauaaccuguuguugcggaauaagauugucgcaacaagaauaggag	3:404471513..404471573:+
3_8209	0.7	90 +/- 6%	-	9	9	0	0	yes	-	-	-	-	cuagaggcagcaacagccgcu	cagcuguugcugccucaaggc	cuagaggcagcaacagccgcucagaauuuccuugcgcagcuguugcugccucaaggc	3:206376428..206376485:-
1_9961	0.7	90 +/- 6%	-	11	11	0	0	yes	-	-	-	-	aagcuucuccaacagcagcaca	uguugcaguugguggccaug	uguugcaguugguggccauggagccuccugguggacuuccaccggauaaagauggacauaagcuucuccaacagcagcaca	1:129529110..129529191:+
1_12799	0.6	90 +/- 6%	-	848	844	0	4	yes	-	-	-	-	auaggucgucggugaucau	aaccaaaccgagcugaua	aaccaaaccgagcugauaguguccccuuauaggucgucggugaucau	1:205681398..205681445:-
1_13275	0.4	90 +/- 6%	-	1	1	0	0	yes	-	dme-miR-4978-5p	-	-	accuggaauuccuccagggauu	uuacuccagggauuccaccugg	uuacuccagggauuccaccuggaauuccuccagggauuccaccuggaauuccuccagggauuccaccuggaauuccuccagggauu	1:237860011..237860097:-
1_13276	0.3	90 +/- 6%	-	1	1	0	0	yes	-	dme-miR-4978-5p	-	-	accuggaauuccuccagggauu	uuccuccagggauuccaccugg	uuccuccagggauuccaccuggaauuccuccagggauuccaccuggaauuacuccagggauuccaccuggaauuccuccagggauu	1:237860059..237860145:-
3_4982	0.1	90 +/- 6%	-	4	4	0	0	yes	-	dme-miR-974-3p	-	-	uauaacuugggggaaaauugaca	ucgguuuuccacaacaaaccuaucgagu	uauaacuugggggaaaauugacagugucgguuuuccacaacaaaccuaucgagu	3:34770704..34770758:+
2_4756	0	90 +/- 6%	-	9	9	0	0	yes	-	-	-	-	uacggcaagggcugauugcug	gcuuuucaggucuuaucauagu	gcuuuucaggucuuaucauaguuuuauaguagucuggaauacuagacugcaaaacuacggcaagggcugauugcug	2:465381731..465381807:-



mature miRBase miRNAs detected by miRDeep2
tag id	miRDeep2 score	estimated probability that the miRNA is a true positive	rfam alert	total read count	mature read count	loop read count	star read count	significant randfold p-value	mature miRBase miRNA	example miRBase miRNA with the same seed	UCSC browser	NCBI blastn	consensus mature sequence	consensus star sequence	consensus precursor sequence	precursor coordinate
1_13595	12328.3	0 +/- 0%	-	24173	24167	0	6	yes	aae-miR-283	dme-miR-283-5p	-	-	caauaucagcugguaauucuggg	ccggaauuccaacugauaucca	caauaucagcugguaauucugggcuuaccccaccguuauacgcuucccggaauuccaacugauaucca	1:305625601..305625669:-
2_4384	4898	0 +/- 0%	-	9599	9598	0	1	yes	aae-miR-184	dme-miR-184-3p	-	-	uggacggagaacugauaagggc	ccuuaucauucuugcgcc	ccuuaucauucuugcgccccguguuauauuguuggcgacuggacggagaacugauaagggc	2:417599380..417599441:-
2_2674	4288.5	0 +/- 0%	-	8403	8385	0	18	yes	aae-miR-2a-5p	dme-miR-2a-3p	-	-	uaucacagccagcuuugaagagcg	acucucaaagugguugugaaaug	acucucaaagugguugugaaaugaguuacucuugaacgaucucauaucacagccagcuuugaagagcg	2:107237501..107237569:-
3_9284	3342.1	0 +/- 0%	-	6547	6544	0	3	yes	aae-miR-308-5p	dme-miR-2a-3p	-	-	aaucacaggaguauacugugag	cgcgguauauucuuguggcuug	cgcgguauauucuuguggcuugaugcauuugaaaaaucucaaaucacaggaguauacugugag	3:403338483..403338546:-
2_2672	1441.3	0 +/- 0%	-	2818	2802	0	16	yes	aae-miR-2c	dme-miR-2a-3p	-	-	uaucacagccagcuuugaugagcu	acucucaaaguggcugugaaaug	acucucaaaguggcugugaaaugguuugauuuugcucauaucacagccagcuuugaugagcu	2:107235884..107235946:-
2_1410	1262.9	0 +/- 0%	-	2471	2469	0	2	yes	aae-miR-305-5p	dme-miR-305-5p	-	-	auuguacuucaucaggugcucugg	cggcacauguuggaguacacu	auuguacuucaucaggugcucugguuguuuucgauacccggcacauguuggaguacacu	2:307145445..307145504:+
1_11895	952.4	0 +/- 0%	-	1861	1697	0	164	yes	aae-miR-252-5p	dme-miR-252-5p	-	-	cuaaguacuagugccgcaggag	ccugcugcccaagugcuuaucg	cuaaguacuagugccgcaggagagauuugaaccccugcugcccaagugcuuaucg	1:175818157..175818212:-
2_1407	865.5	0 +/- 0%	-	1689	1687	0	2	yes	aae-miR-275-5p	dme-miR-275-3p	-	-	ucagguaccugaaguagcgcgcg	cgcgcuaagcaggaaccgagacu	cgcgcuaagcaggaaccgagacuuugucauuugcuagcagucagguaccugaaguagcgcgcg	2:307135668..307135731:+
3_5733	792.9	0 +/- 0%	-	1550	1546	0	4	yes	aae-bantam-5p	dme-bantam-3p	-	-	ugagaucauuuugaaagcugauu	ccgguuuucauuuucgaucugacu	ccgguuuucauuuucgaucugacuuauuugauuuaacaagagugagaucauuuugaaagcugauu	3:178082830..178082895:+
3_7410	569.5	0 +/- 0%	-	1108	1097	0	11	yes	aae-miR-11-5p	dme-miR-2a-3p	-	-	caucacagucugaguucuugcu	cgagaacuccggcugugaccug	cgagaacuccggcugugaccuguguacacuuuauccaaaucacaucacagucugaguucuugcu	3:75489864..75489928:-
2_2681	490.9	0 +/- 0%	-	961	794	0	167	yes	aae-miR-71-5p	-	-	-	agaaagacauggguagugagau	ucucacuaccuugucuuucaug	agaaagacauggguagugagauaguuucacccuauugcacugggaucucacuaccuugucuuucaug	2:107238287..107238354:-
2_2676	482.5	0 +/- 0%	-	938	890	0	48	yes	aae-miR-13-5p	dme-miR-2a-3p	-	-	uaucacagccauuuugacgaguu	ucguaaaaaugguugugcugu	ucguaaaaaugguugugcuguguuguuacgcucgaaauucauaucacagccauuuugacgaguu	2:107237649..107237713:-
3_7468	439.2	0 +/- 0%	-	853	852	0	1	yes	aae-miR-92b-3p	dme-miR-92a-3p	-	-	aauugcacuugucccggccugc	aggucgugacuugugcccauu	aggucgugacuugugcccauuugcugaauuuuaauggucaaauugcacuugucccggccugc	3:93418515..93418577:-
2_2623	330.6	0 +/- 0%	-	640	620	0	20	yes	aae-miR-282-5p	dme-miR-282-5p	-	-	uagccucuccuaggcuuugucu	acauagccugacagagguuagg	uagccucuccuaggcuuugucuguuaccuuccuugggaauuccacuagccagacauagccugacagagguuagg	2:96911966..96912040:-
2_2417	300.7	0 +/- 0%	-	582	580	0	2	yes	aae-miR-190	dme-miR-190-5p	-	-	agauauguuugauauucuugguug	cccaggaaucaaacauauuauu	agauauguuugauauucuugguuguuaaauuuuauauuaucacccaggaaucaaacauauuauu	2:48811878..48811942:-
1_10445	219.6	0 +/- 0%	-	423	422	0	1	yes	aae-miR-279	dme-miR-279-3p	-	-	ugacuagauccacacucauuaa	augggugugaaucuaguguuucaca	augggugugaaucuaguguuucacaugauuuucgauagccugugacuagauccacacucauuaa	1:207007789..207007853:+
2_2514	205.2	0 +/- 0%	-	394	333	0	61	yes	aae-miR-276-5p	dme-miR-276a-3p	-	-	uaggaacuucauaccgugcucu	agcgagguauagaguuccuacg	agcgagguauagaguuccuacguugcgugugcgaaauugguaggaacuucauaccgugcucu	2:73120452..73120514:-
2_2526	174.1	0 +/- 0%	-	333	331	0	2	yes	aae-miR-276-3p	dme-miR-276a-3p	-	-	uaggaacuucauaccgugcucu	agcgagguauagaguuccua	agcgagguauagaguuccuaugcguucggauaaaauauuccauaggaacuucauaccgugcucu	2:73509399..73509463:-
3_7408	159.6	0 +/- 0%	-	304	302	0	2	yes	aae-miR-998	dme-miR-285-3p	-	-	uagcaccaugagauucagcuc	acugaacucucgugggucugca	acugaacucucgugggucugcaguugauauuucgaaagcuuguagcaccaugagauucagcuc	3:75489589..75489652:-
1_11251	156.9	0 +/- 0%	-	299	290	0	9	yes	aae-miR-33	dme-miR-33-5p	-	-	gugcauuguaguugcauugca	caauacuucugcaaugcaagc	gugcauuguaguugcauugcacuuuugcguucgauaacacggugcaauacuucugcaaugcaagc	1:50888881..50888946:-
3_8430	153.4	0 +/- 0%	-	292	291	0	1	yes	aae-miR-278-5p	dme-miR-278-3p	-	-	ucggugggacuuucguccguuu	acggacgauagucuucagcggcc	acggacgauagucuucagcggccgugcauuugauagaaguggucggugggacuuucguccguuu	3:243123888..243123952:-
2_1537	118	0 +/- 0%	-	224	220	0	4	yes	aae-miR-14	dme-miR-14-3p	-	-	ucagucuuuuucucucuccuau	gggagcgagauuaaggcuugcu	gggagcgagauuaaggcuugcuggucauuuauuacacucgaagucagucuuuuucucucuccuau	2:344767572..344767637:+
2_1659	95	0 +/- 0%	-	178	177	0	1	yes	aae-miR-2945-5p	dme-miR-279-3p	-	-	ugacuagaggcagacucguuua	agcggguccguuucuagugucaug	agcggguccguuucuagugucaugugcuguauucgaauaucaugacuagaggcagacucguuua	2:374947142..374947206:+
3_6152	83.5	0 +/- 0%	-	155	74	0	81	yes	aae-miR-307	dme-miR-307a-5p	-	-	acucacucaaccugggugugaug	ucacaaccuccuugagugagcga	acucacucaaccugggugugaugcuuauuugaaucaucacaaccuccuugagugagcga	3:244794376..244794435:+
2_2619	83.1	0 +/- 0%	-	155	134	0	21	yes	aae-miR-281-5p	dme-miR-281-2-5p	-	-	aagagagcuauccgucgacagu	ugucauggaauugcucucuuua	aagagagcuauccgucgacaguagggauaugauucacugucauggaauugcucucuuua	2:96469361..96469420:-
3_6679	70.2	0 +/- 0%	-	131	129	0	2	yes	aae-miR-8-5p	dme-miR-8-3p	-	-	uaauacugucagguaaagauguc	caucuuaccgggcagcauuaga	caucuuaccgggcagcauuagauauuuuugaaauacuucuaauacugucagguaaagauguc	3:328527955..328528017:+
2_4009	59.7	0 +/- 0%	-	109	108	0	1	yes	aae-miR-9b	dme-miR-9a-5p	-	-	ucuuuggugauuuuagcuguaug	uauagcuuuaucaccaaaaacc	ucuuuggugauuuuagcuguaugcugauacguuucugauugcauauagcuuuaucaccaaaaacc	2:335780574..335780639:-
2_4015	45.4	0 +/- 0%	-	81	47	0	34	yes	aae-miR-9c-5p	dme-miR-9a-5p	-	-	ucuuugguauucuagcuguaga	uaaagcuuuaguaccagagguc	ucuuugguauucuagcuguagaauguugagcuuugugauaugguaucuucuaaagcuuuaguaccagagguc	2:335810364..335810436:-
2_4012	32.3	0 +/- 0%	-	55	53	0	2	yes	aae-miR-79-5p	dme-miR-9a-3p	-	-	uaaagcuagauuaccaaagcau	cuuuggcgcuuuagcuguauga	cuuuggcgcuuuagcuguaugauagaauuuaauauuucauaaagcuagauuaccaaagcau	2:335780884..335780945:-
2_423	28.5	0 +/- 0%	-	47	45	0	2	yes	aae-miR-988-5p	dme-miR-988-3p	-	-	ccccuuguugcaaaccucacgc	gugugcuuugugacaaugagau	gugugcuuugugacaaugagauucgguucgauaucauccccuuguugcaaaccucacgc	2:93351380..93351439:+
NIGP01000533_14026	25.5	0 +/- 0%	-	42	41	0	1	yes	aae-miR-970	dme-miR-970-3p	-	-	ucauaagacacacgcggcuau	agcuugcguuugucuuagcuggu	agcuugcguuugucuuagcugguauugaaugugauagguaucauaagacacacgcggcuau	NIGP01000533:10107..10168:-
1_10095	25.5	0 +/- 0%	-	42	41	0	1	yes	aae-miR-970	dme-miR-970-3p	-	-	ucauaagacacacgcggcuau	agcuugcguuugucuuagcuggu	agcuugcguuugucuuagcugguauugaaugugauagguaucauaagacacacgcggcuau	1:157238423..157238484:+
1_11398	17.3	0 +/- 0%	-	26	20	0	6	yes	aae-miR-87	dme-miR-87-3p	-	-	gugagcaaauuuucaggugugu	cagccugaaauuugcuaaaccu	cagccugaaauuugcuaaaccuguguguauuugauucaaacaaucaaggugagcaaauuuucaggugugu	1:80682401..80682471:-
NIGP01001634_14039	7.3	0 +/- 0%	-	6	4	0	2	yes	aae-miR-10365	dme-miR-927-5p	-	-	auuagaauguggaaucuguuuuu	aaaaaguuuucauauucuugcg	auuagaauguggaaucuguuuuuguacaucaaguguuacgaaacgaagcaaaaaaguuuucauauucuugcg	NIGP01001634:30710..30782:-
3_8912	7.3	0 +/- 0%	-	6	4	0	2	yes	aae-miR-10365	dme-miR-927-5p	-	-	auuagaauguggaaucuguuuuu	aaaaaguuuucauauucuugcg	auuagaauguggaaucuguuuuuguacaucaaguguuacgaaacgaagcaaaaaaguuuucauauucuugcg	3:320775622..320775694:-
1_13570	5.2	77 +/- 31%	-	251	251	0	0	yes	aae-miR-277-5p	dme-miR-277-3p	-	-	uaaaugcacuaucugguacgaca	gcgugucagaagugcauuuaca	gcgugucagaagugcauuuacauagguauuucccguuuagcaguauuuguaaaugcacuaucugguacgaca	1:302603812..302603884:-
1_13572	5.2	77 +/- 31%	-	2985	2981	0	4	yes	aae-miR-317	dme-miR-317-3p	-	-	ugaacacagcuggugguaucuca	cgggauacacccugugcucgcu	cgggauacacccugugcucgcuuugcauucgaaacuagugaacacagcuggugguaucuca	1:302667131..302667192:-
1_10447	5	77 +/- 31%	-	982	981	1	0	yes	aae-miR-996	dme-miR-279-3p	-	-	ugacuagauuacaugcucgucu	gcgugcaugaaucuggugcacg	gcgugcaugaaucuggugcacgguuuuccaguuguaauaucgcuucgugacuagauuacaugcucgucu	1:207012536..207012605:+
2_1891	4.9	76 +/- 31%	-	378	377	0	1	yes	aae-miR-965	dme-miR-965-3p	-	-	uaagcguauagcuuuucccau	gggggaaauccuguacgcuguaug	gggggaaauccuguacgcuguauguuguauuugaauaauccauaagcguauagcuuuucccau	2:429778749..429778812:+
3_7472	4.8	76 +/- 31%	-	106	106	0	0	yes	aae-miR-92a-5p	dme-miR-92a-3p	-	-	uauugcacuugucccggccuau	cgguacggacaggggcaacauu	cgguacggacaggggcaacauugugacauuugaaagcuaauauugcacuugucccggccuau	3:93477596..93477658:-
1_13626	4.7	76 +/- 31%	-	17	14	0	3	yes	aae-miR-1175-5p	dme-miR-958-3p	-	-	ugagauucuacuucuccgacuu	aaguggaguaguggucucaucg	aaguggaguaguggucucaucgcuuaguauuagaaaagugagauucuacuucuccgacuu	1:307010046..307010106:-
1_13591	4.6	76 +/- 31%	-	6167	6167	0	0	yes	aae-miR-12-5p	dme-miR-12-5p	-	-	ugaguauuacaucagguacuggu	caguacuuauguuaugcucucu	ugaguauuacaucagguacuggugucgauauucgaaucaccaacgaaucggguuccuuugauuaacuuaccaguacuuauguuaugcucucu	1:305613548..305613640:-
2_930	3.7	72 +/- 36%	-	520	520	0	0	yes	aae-miR-7	dme-miR-7-5p	-	-	uggaagacuagugauuuuguuguu	uaacaauaaaucucaagucuuucuac	uggaagacuagugauuuuguuguuuugcuuacgauaauaacaauaaaucucaagucuuucuac	2:222802544..222802607:+
2_1178	2.8	92 +/- 9%	-	6	5	0	1	yes	aae-miR-11893	-	-	-	uuccugacuuauacgcuuaccu	guaaguagauaaaucagaaag	guaaguagauaaaucagaaagacguuuauaucguuucuuccugacuuauacgcuuaccu	2:257889040..257889099:+
3_7092	2.3	92 +/- 9%	-	6	6	0	0	yes	aae-miR-980-5p	dme-miR-980-3p	-	-	uagcugccuagugaagggcaau	ggccguucauugggucaucuagc	ggccguucauugggucaucuagcucguguuggaaacaguuagcugccuagugaagggcaau	3:1054523..1054584:-
2_2460	2.1	92 +/- 9%	-	102	101	0	1	yes	aae-miR-11894a	-	-	-	uuuaccauuucaagaugaccua	ucgucuugaaaugguaaag	ucgucuugaaaugguaaagagugucaaucaucaucuuuaccauuucaagaugaccua	2:58785158..58785215:-
2_2463	2	92 +/- 9%	-	102	101	0	1	yes	aae-miR-11894a	-	-	-	uuuaccauuucaagaugaccua	ucgucuugaaaugguaaag	ucgucuugaaaugguaaagagugucaaucaucaucuuuaccauuucaagaugaccua	2:58786284..58786341:-
2_2466	2	92 +/- 9%	-	102	101	0	1	yes	aae-miR-11894a	-	-	-	uuuaccauuucaagaugaccua	ucgucuugaaaugguaaag	ucgucuugaaaugguaaagagugucaaucaucaucuuuaccauuucaagaugaccua	2:58787948..58788005:-
2_2462	2	92 +/- 9%	-	102	101	0	1	yes	aae-miR-11894a	-	-	-	uuuaccauuucaagaugaccua	ucgucuugaaaugguaaag	ucgucuugaaaugguaaagagugucaaucaucaucuuuaccauuucaagaugaccua	2:58785850..58785907:-
1_10306	1.9	93 +/- 7%	-	5	5	0	0	yes	aae-miR-929	dme-miR-929-5p	-	-	aaauugacucuaguagggaguc	cucccuaacggagucagauuga	aaauugacucuaguagggaguccuuguguacgagugacucccuaacggagucagauuga	1:198495526..198495585:+
2_3936	1.7	93 +/- 7%	-	16	16	0	0	yes	aae-miR-11895	-	-	-	uucaugcauucacuucugcuga	agcaggagugaaugcaugaguu	agcaggagugaaugcaugaguuugacaucugaaacuaauucaugcauucacuucugcuga	2:324949494..324949554:-
2_2680	1.5	93 +/- 7%	-	2073	2073	0	0	yes	aae-miR-2c	-	-	-	ucacagccagcuuugaugagca	ggcaucaaauuugguuguuuua	ggcaucaaauuugguuguuuuaguacgaccucuuugaaaccccuaucacagccagcuuugaugagca	2:107237995..107238062:-
2_4376	1.4	93 +/- 7%	-	78	77	0	1	yes	aae-miR-1890	-	-	-	ugaaaucuuugauuaggucugg	agcuaauuggagaguucuuga	agcuaauuggagaguucuugaauaguguugugaaccuucaugaaaucuuugauuaggucugg	2:413654961..413655023:-
3_7515	1.4	93 +/- 7%	-	410	410	0	0	yes	aae-miR-2765	-	-	-	ugguaacuccaccaccguuggc	caaugggagcuggaguucccgcg	ugguaacuccaccaccguuggcgauauuugacagccaaugggagcuggaguucccgcg	3:101895454..101895512:-
2_1018	1.3	93 +/- 7%	-	5	5	0	0	yes	aae-miR-932-5p	dme-miR-932-5p	-	-	ucaauuccguagugcauugcagu	ugcaagcaauguggaagugaag	ucaauuccguagugcauugcagugugcuuuagacgaacugcaagcaauguggaagugaag	2:231381156..231381216:+
2_424	1	93 +/- 7%	-	45	45	0	0	no	aae-miR-988-3p	dme-miR-988-3p	-	-	ccccuuguugcaaaccucacgc	ggcagguaggggcaaugggggc	ccccuuguugcaaaccucacgcuugcgguagguuccacaacugcugagagguggcagguaggggcaaugggggc	2:93351417..93351491:+
3_9104	0.4	90 +/- 6%	-	3	3	0	0	yes	aae-miR-989	dme-miR-989-3p	-	-	ugugaugugacguagugguaccu	ccgccgcuaccucgcuuucacuug	ccgccgcuaccucgcuuucacuugguaccgauuucccauaauccaugugaugugacguagugguaccu	3:366439080..366439148:-
2_1467	0.3	90 +/- 6%	-	3	3	0	0	yes	aae-miR-133	dme-miR-133-3p	-	-	uugguccccuucaaccagcugu	agcugguugacuucgggucaaau	agcugguugacuucgggucaaaucgucaaauauuugcaaagauauuuccucagugaaauuauuugguccccuucaaccagcugu	2:330417065..330417149:+
2_2458	-0.4	82 +/- 7%	-	7	7	0	0	yes	aae-miR-11894b	-	-	-	uuuaccauuucaauaugaccua	ggucguauugaaaugguaaaga	ggucguauugaaaugguaaagagugucaaucaucaucuuuaccauuucaauaugaccua	2:58784590..58784649:-
3_5480	-0.5	82 +/- 7%	-	3	3	0	0	yes	aae-miR-31	dme-miR-31b-5p	-	-	uggcaagauguuggcauagcuga	agcuauucaacuucuugucuau	uggcaagauguuggcauagcugaaaguuuugaguuuagcuauucaacuucuugucuau	3:136174150..136174208:+
2_1662	-0.6	82 +/- 7%	-	1	1	0	0	yes	aae-let-7	dme-let-7-5p	-	-	ugagguaguugguuguauagu	uaugcaaucugcuagcuuguc	ugagguaguugguuguauaguagugacugauuaaauaucugcuaugcaaucugcuagcuuguc	2:375131497..375131560:+
2_20	-0.6	82 +/- 7%	-	1	1	0	0	yes	aae-miR-219	dme-miR-219-5p	-	-	ugauuguccaaacgcaauucuug	agaguugugacuggacauccgug	ugauuguccaaacgcaauucuuguuuuauucgaauaugauauccaagaguugugacuggacauccgug	2:3715261..3715329:+
2_1408	-1	82 +/- 7%	-	1687	1687	0	0	no	aae-miR-275-3p	dme-miR-275-3p	-	-	ucagguaccugaaguagcgcgcg	ucaucaagcgacaacagaggcgugaaa	ucagguaccugaaguagcgcgcgugaucaaacaggaagcgucaucaagcgacaacagaggcgugaaa	2:307135708..307135775:+
3_8804	-1.6	45 +/- 11%	-	1	1	0	0	yes	aae-miR-309a	dme-miR-3-3p	-	-	ucacugggcaaaguuugucgc	gacuaacuucguucaguuuggug	gacuaacuucguucaguuuggugucauacgaagguuuccaguuucaucacugggcaaaguuugucgc	3:309335452..309335519:-
2_4038	-2.2	48 +/- 8%	-	4	4	0	0	yes	aae-miR-11916	-	-	-	gaugccucguaaagcaacugg	aguugcuuuccgagcguagcac	aguugcuuuccgagcguagcacaguuuggaugcgggcccgugcaucguccacggugaugccucguaaagcaacugg	2:344991983..344992059:-
2_2620	-2.3	48 +/- 8%	-	134	134	0	0	no	aae-miR-281-5p	dme-miR-281-2-5p	-	-	aagagagcuauccgucgacagu	cguugacgugggauuuuuuug	cguugacgugggauuuuuuuguucauuuuguucuuucgcugguuucgaauaugaaaauaaagagagcuauccgucgacagu	2:96469398..96469479:-
2_3616	-3	48 +/- 8%	-	4	4	0	0	yes	aae-miR-2941	-	-	-	uaguacggcuagaacuccacgga	cgugaagcucagcugcauuaca	cgugaagcucagcugcauuacacgauauggaauacgguuuguaguacggcuagaacuccacgga	2:268456314..268456378:-
1_9565	-3.3	69 +/- 4%	-	13	13	0	0	no	aae-miR-210	-	-	-	uugugcgugugacaacggcuau	agcugcugaccacugcacaaga	agcugcugaccacugcacaagauuagauuaugacucuugugcgugugacaacggcuau	1:54892617..54892675:+
2_4314	-3.8	69 +/- 4%	-	2	2	0	0	yes	aae-miR-1	-	-	-	ggaauguaaagaaguauggag	ccaugcuuccuugcauucaau	ccaugcuuccuugcauucaauagugauucugaaagcauauggaauguaaagaaguauggag	2:399501023..399501084:-
2_3618	-4.1	41 +/- 4%	-	1	1	0	0	yes	aae-miR-2946	-	-	-	uaguacggaaaagauaug	uauuuuuaccgcuacugca	uauuuuuaccgcuacugcauuucauuguaauaauuguaguacggaaaagauaug	2:268456445..268456499:-
1_10553	-4.1	41 +/- 4%	-	3	3	0	0	yes	aae-miR-11900	-	-	-	auuuuuuugacuguaauuuuaua	uaaaauuacguugaaaaaucgucu	uaaaauuacguugaaaaaucgucucccucaaaaaaugaaaccugagacuaacaggagauuuuuuugacuguaauuuuaua	1:223944071..223944151:+
3_8426	-9.4	0 +/- 0%	-	1	1	0	0	no	aae-miR-11923	-	-	-	acaacggcagccggaacgaucug	ucucguuccgucguccguaggucg	ucucguuccgucguccguaggucgguuuagccaaugcgacaacggcagccggaacgaucug	3:240286724..240286785:-
2_3617	-14.7	0.00 +/- 0.00	-	1	1	0	0	no	aae-miR-2946	-	-	-	uaguacggaaaagauaug	agucuuugugccuauugga	uaguacggaaaagauauggggauugggguucauaauuucuacugagucuuugugccuauugga	2:268456400..268456463:-

#miRBase miRNAs not detected by miRDeep2
miRBase precursor id	total read count	mature read count(s)	star read count	remaining reads	UCSC browser	NCBI blastn	miRBase mature sequence(s)	miRBase star sequence(s)	miRBase precursor sequence
3028	3028	0	0	-	-	ucagguacugagugacucucag	gagagcaccucgguaucuaagc	-	cauucgcaauuucaccgguucagguacugagugacucucagaugugcauuucucaagcaaucucguccucaggaccugagguugaaaaacccugagagcaccucgguaucuaagccaguguugcgaaaa	
2364	2363	0	1	-	-	cacguuacagauugggguuucc	uaaucucaaauuguaacagugg	-	gagguaaucucaaauuguaacaguggguugauuuuccuggugaaucccggccuuguccuccgucacaagugugacaagugucucgaaaacguguucgcuauacccacguuacagauugggguuucccc	
1709	1708	0	1	-	-	ugguuuaucuuaucugucgaggc	gucgacagggagauaaaucacu	-	cauugguuuaucuuaucugucgaggcaaguuauuuuaccggauaguguuucuuuucgugagcaaucaccacuauccagcucuucuugucgacagggagauaaaucacug	
1004	1004	0	0	-	-	caaccacuauccgcccugccgcc	uggcagugugguuagcugguug	-	caaggcaauacgcuauggcagugugguuagcugguuguguagaacuuuggggggcuuccguggcguucgcgcgcacacgggggcucagauucacaaccacuauccgcccugccgccgcgaggugccagg	
6	5	0	1	-	-	cugaaaacuuaaucgauugguc	-	uaaccugaaaacuuaaucgauuggucacuagcugcgcggugaccaaucgauuaaguuuucagcuua	
1	1	0	0	-	-	gaaggaacucccggugugauaua	uaucacagcaguaguuaccuga	-	aucgaaggaacucccggugugauauaugacucgauuauaucacagcaguaguuaccugauau	
1	1	0	0	-	-	aguugauccaaguagucuugccu	-	aauaguugauccaaguagucuugccuuuguaagaagacgagugcuuggaucaucaaua	
1	1	0	0	-	-	uagaaccugguagaauucggca	-	uuucucggauuuguccucguuucgggugcguuuuuuauuugcguucgacuugcaucguagaaccugguagaauucggcaaa	
1	1	0	0	-	-	aaaugggacugauaugcgaguau	-	ccauucucgcauaacaguaccauauucuugggauuucucauauaaaugggacugauaugcgaguaugg	










































1	0	0	1	-	-	uuccgaaguugggugucucgc	-	ugcaagauacccuacuucggaaguagggcgcauuagagcgcauccggaugcgaaucgaaugcaccacuuccgaaguugggugucucgca	













