miRDeep2 score	novel miRNAs reported by miRDeep2	novel miRNAs, estimated false positives	novel miRNAs, estimated true positives	known miRNAs in species	known miRNAs in data	known miRNAs detected by miRDeep2	estimated signal-to-noise	excision gearing
10	0	0 +/- 0	0 +/- 0 (0 +/- 0%)	164	12	0 (0%)	0	1
9	0	0 +/- 0	0 +/- 0 (0 +/- 0%)	164	12	0 (0%)	0	1
8	0	0 +/- 0	0 +/- 0 (0 +/- 0%)	164	12	0 (0%)	0	1
7	0	0 +/- 0	0 +/- 0 (0 +/- 0%)	164	12	0 (0%)	0	1
6	0	0 +/- 0	0 +/- 0 (0 +/- 0%)	164	12	0 (0%)	0	1
5	0	0 +/- 0	0 +/- 0 (0 +/- 0%)	164	12	0 (0%)	0	1
4	0	0 +/- 0	0 +/- 0 (0 +/- 0%)	164	12	0 (0%)	0	1
3	0	0 +/- 0	0 +/- 0 (0 +/- 0%)	164	12	0 (0%)	0	1
2	0	0 +/- 0	0 +/- 0 (0 +/- 0%)	164	12	0 (0%)	0	1
1	0	0 +/- 0	0 +/- 0 (0 +/- 0%)	164	12	0 (0%)	0	1
0	0	0 +/- 0	0 +/- 0 (0 +/- 0%)	164	12	0 (0%)	0	1
-1	0	0 +/- 0	0 +/- 0 (0 +/- 0%)	164	12	7 (58%)	15.2	1
-2	0	0 +/- 0	0 +/- 0 (0 +/- 0%)	164	12	9 (75%)	3.2	1
-3	0	0 +/- 0	0 +/- 0 (0 +/- 0%)	164	12	9 (75%)	2.6	1
-4	3	3 +/- 1	0 +/- 1 (16 +/- 23%)	164	12	9 (75%)	2.8	1
-5	6	4 +/- 2	2 +/- 1 (31 +/- 23%)	164	12	9 (75%)	2.6	1
-6	6	9 +/- 2	0 +/- 0 (1 +/- 4%)	164	12	9 (75%)	1.4	1
-7	6	11 +/- 2	0 +/- 0 (0 +/- 0%)	164	12	9 (75%)	1.2	1
-8	6	13 +/- 2	0 +/- 0 (0 +/- 0%)	164	12	9 (75%)	1	1
-9	7	15 +/- 3	0 +/- 0 (0 +/- 0%)	164	12	9 (75%)	0.9	1
-10	7	16 +/- 3	0 +/- 0 (0 +/- 0%)	164	12	9 (75%)	0.8	1



novel miRNAs predicted by miRDeep2
provisional id	miRDeep2 score	estimated probability that the miRNA candidate is a true positive	rfam alert	total read count	mature read count	loop read count	star read count	significant randfold p-value	miRBase miRNA	example miRBase miRNA with the same seed	UCSC browser	NCBI blastn	consensus mature sequence	consensus star sequence	consensus precursor sequence	precursor coordinate



mature miRBase miRNAs detected by miRDeep2
tag id	miRDeep2 score	estimated probability that the miRNA is a true positive	rfam alert	total read count	mature read count	loop read count	star read count	significant randfold p-value	mature miRBase miRNA	example miRBase miRNA with the same seed	UCSC browser	NCBI blastn	consensus mature sequence	consensus star sequence	consensus precursor sequence	precursor coordinate
2_43	-0.1	0 +/- 0%	-	1	1	0	0	yes	aae-miR-275-5p	dme-miR-275-3p	-	-	ucagguaccugaaguagcgcgcg	cgcgcuaagcaggaaccgagacu	cgcgcuaagcaggaaccgagacuuugucauuugcuagcagucagguaccugaaguagcgcgcg	2:307135668..307135731:+
1_438	-0.2	0 +/- 0%	-	1	1	0	0	yes	aae-miR-317	dme-miR-317-3p	-	-	ugaacacagcuggugguaucucagu	cgggauacacccugugcucgcu	cgggauacacccugugcucgcuuugcauucgaaacuagugaacacagcuggugguaucucagu	1:302667129..302667192:-
1_445	-0.3	0 +/- 0%	-	1	1	0	0	yes	aae-miR-283	dme-miR-283-5p	-	-	caauaucagcugguaauucuggg	cggaauuccaacugauauccac	caauaucagcugguaauucugggcuuaccccaccguuauacgcuucccggaauuccaacugauauccac	1:305625600..305625669:-
3_270	-0.4	0 +/- 0%	-	1	1	0	0	yes	aae-miR-308-3p	dme-miR-2a-3p	-	-	aaucacaggaguauacugugag	cgcgguauauucuuguggcuug	cgcgguauauucuuguggcuugaugcauuugaaaaaucucaaaucacaggaguauacugugag	3:403338483..403338546:-
2_118	-0.7	0 +/- 0%	-	1	1	0	0	yes	aae-miR-1	dme-miR-1-3p	-	-	uggaauguaaagaaguauggag	ccaugcuuccuugcauucaaua	ccaugcuuccuugcauucaauagugauucugaaagcauauggaauguaaagaaguauggag	2:399501023..399501084:-
3_153	-1.4	0 +/- 0%	-	2	2	0	0	yes	aae-bantam-5p	dme-bantam-3p	-	-	ugagaucauuuugaaagcugauu	ccgguuuucauuuucgaucugacu	ccgguuuucauuuucgaucugacuuauuugauuuaacaagagugagaucauuuugaaagcugauu	3:178082830..178082895:+
2_44	-6	1 +/- 4%	-	1	1	0	0	no	aae-miR-275-3p	dme-miR-275-3p	-	-	ucagguaccugaaguagcgcgcg	ucaucaagcgacaacagaggcgugaaa	ucagguaccugaaguagcgcgcgugaucaaacaggaagcgucaucaagcgacaacagaggcgugaaa	2:307135708..307135775:+

#miRBase miRNAs not detected by miRDeep2
miRBase precursor id	total read count	mature read count(s)	star read count	remaining reads	UCSC browser	NCBI blastn	miRBase mature sequence(s)	miRBase star sequence(s)	miRBase precursor sequence
2	2	0	0	-	-	cacguuacagauugggguuucc	uaaucucaaauuguaacagugg	-	gagguaaucucaaauuguaacaguggguugauuuuccuggugaaucccggccuuguccuccgucacaagugugacaagugucucgaaaacguguucgcuauacccacguuacagauugggguuucccc	
1	1	0	0	-	-	ugguuuaucuuaucugucgaggc	gucgacagggagauaaaucacu	-	cauugguuuaucuuaucugucgaggcaaguuauuuuaccggauaguguuucuuuucgugagcaaucaccacuauccagcucuucuugucgacagggagauaaaucacug	
1	1	0	0	-	-	caguacuuauguuaugcucucu	ugaguauuacaucagguacuggu	-	uucggacugaguauuacaucagguacuggugucgauauucgaaucaccaacgaaucggguuccuuugauuaacuuaccaguacuuauguuaugcucucuccg	

















































































































1	0	0	1	-	-	ugacuagaccgaacacucgcguccu	-	aucguuauuuggggcgauugucggacuagucgcugcguacaaaacggaacuauuucaacuagugacuagaccgaacacucgcguccuaaagcacgau	






