miRDeep2 score	novel miRNAs reported by miRDeep2	novel miRNAs, estimated false positives	novel miRNAs, estimated true positives	known miRNAs in species	known miRNAs in data	known miRNAs detected by miRDeep2	estimated signal-to-noise	excision gearing
10	3	1 +/- 1	2 +/- 1 (69 +/- 30%)	164	83	0 (0%)	3.2	1
9	3	1 +/- 1	2 +/- 1 (69 +/- 30%)	164	83	0 (0%)	3.2	1
8	3	1 +/- 1	2 +/- 1 (69 +/- 30%)	164	83	0 (0%)	3.2	1
7	3	1 +/- 1	2 +/- 1 (69 +/- 31%)	164	83	4 (5%)	5.3	1
6	3	1 +/- 1	2 +/- 1 (69 +/- 31%)	164	83	4 (5%)	5.3	1
5	3	1 +/- 1	2 +/- 1 (68 +/- 31%)	164	83	26 (31%)	17	1
4	3	1 +/- 1	2 +/- 1 (68 +/- 31%)	164	83	35 (42%)	20.5	1
3	3	2 +/- 1	1 +/- 1 (29 +/- 32%)	164	83	37 (45%)	8.8	1
2	3	3 +/- 2	1 +/- 1 (24 +/- 30%)	164	83	40 (48%)	8.9	1
1	4	3 +/- 2	1 +/- 1 (24 +/- 26%)	164	83	47 (57%)	7.5	1
0	6	11 +/- 3	0 +/- 0 (1 +/- 4%)	164	83	52 (63%)	3.2	1
-1	6	19 +/- 4	0 +/- 0 (0 +/- 0%)	164	83	61 (73%)	2.2	1
-2	8	26 +/- 4	0 +/- 0 (0 +/- 0%)	164	83	66 (80%)	1.8	1
-3	11	34 +/- 5	0 +/- 0 (0 +/- 0%)	164	83	71 (86%)	1.6	1
-4	13	40 +/- 5	0 +/- 0 (0 +/- 0%)	164	83	77 (93%)	1.5	1
-5	22	52 +/- 5	0 +/- 0 (0 +/- 0%)	164	83	77 (93%)	1.3	1
-6	30	70 +/- 6	0 +/- 0 (0 +/- 0%)	164	83	77 (93%)	1.1	1
-7	33	80 +/- 6	0 +/- 0 (0 +/- 0%)	164	83	78 (94%)	1	1
-8	38	88 +/- 7	0 +/- 0 (0 +/- 0%)	164	83	78 (94%)	1	1
-9	46	96 +/- 7	0 +/- 0 (0 +/- 0%)	164	83	78 (94%)	1	1
-10	50	102 +/- 7	0 +/- 0 (0 +/- 0%)	164	83	78 (94%)	1	1



novel miRNAs predicted by miRDeep2
provisional id	miRDeep2 score	estimated probability that the miRNA candidate is a true positive	rfam alert	total read count	mature read count	loop read count	star read count	significant randfold p-value	miRBase miRNA	example miRBase miRNA with the same seed	UCSC browser	NCBI blastn	consensus mature sequence	consensus star sequence	consensus precursor sequence	precursor coordinate
1_1230	7172.3	69 +/- 30%	-	14076	14075	0	1	no	-	-	-	-	aauuagcaauugggagacgcuac	uggugcucucaguagcuuccgggaa	aauuagcaauugggagacgcuacauuauggugcucucaguagcuuccgggaa	1:205637186..205637238:-
1_1349	1861.9	69 +/- 30%	-	3650	3645	4	1	yes	-	-	-	-	accgugccgcaacauaccgugagu	cccggguguugcaaucggcau	cccggguguugcaaucggcaugcggcuaccgggacccaggccgcaaggcccccggcaccgugccgcaacauaccgugagu	1:205692851..205692931:-
NIGP01001970_1541	1858.1	69 +/- 30%	-	3650	3645	4	1	no	-	-	-	-	accgugccgcaacauaccgugagu	cccggguguugcaaucggcau	cccggguguugcaaucggcaugcggcuaccgggacccaggccgcaaggcccccggcaccgugccgcaacauaccgugagu	NIGP01001970:10707..10787:+
2_92	1.4	24 +/- 26%	-	12	12	0	0	yes	-	dme-miR-4972-3p	-	-	aauaucuguggaggaauu	uuuuuuugcgggguuuug	aauaucuguggaggaauuucugaacgauuuuugugagauuuuuuuugcgggguuuug	2:237704949..237705006:+
2_268	0.8	1 +/- 4%	-	4	4	0	0	yes	-	dme-miR-2a-3p	-	-	uaucacagccauuuuaaugagcu	cucaucaauugguuguggcuaug	cucaucaauugguuguggcuaugugucuugcguagcguuucgcaccguuucgaagcgugucccccaucauaucacagccauuuuaaugagcu	2:107237801..107237893:-
3_483	0.2	1 +/- 4%	-	89	89	0	0	yes	-	-	-	-	ucacugacuaguuugguguc	cuacucauguugcucguuagauu	cuacucauguugcucguuagauuuuaauaaacaaaaucacugacuaguuugguguc	3:39597342..39597398:+



mature miRBase miRNAs detected by miRDeep2
tag id	miRDeep2 score	estimated probability that the miRNA is a true positive	rfam alert	total read count	mature read count	loop read count	star read count	significant randfold p-value	mature miRBase miRNA	example miRBase miRNA with the same seed	UCSC browser	NCBI blastn	consensus mature sequence	consensus star sequence	consensus precursor sequence	precursor coordinate
2_245	7.9	69 +/- 31%	-	7	6	0	1	yes	aae-miR-276-5p	dme-miR-276a-3p	-	-	uaggaacuucauaccgugcucu	agcgagguauagaguuccuacg	agcgagguauagaguuccuacguugcgugugcgaaauugguaggaacuucauaccgugcucu	2:73120452..73120514:-
2_397	7.1	69 +/- 31%	-	6	5	0	1	yes	aae-miR-9c-5p	dme-miR-9a-5p	-	-	ucuuugguauucuagcuguaga	uaaagcuuuaguaccagagg	ucuuugguauucuagcuguagaauguugagcuuugugauaugguaucuucuaaagcuuuaguaccagagg	2:335810366..335810436:-
2_262	5.4	68 +/- 31%	-	81	81	0	0	yes	aae-miR-2c	dme-miR-2a-3p	-	-	uaucacagccagcuuugaugagc	ucucaaaguggcugugaaaug	ucucaaaguggcugugaaaugguuugauuuugcucauaucacagccagcuuugaugagc	2:107235885..107235944:-
3_662	5.4	68 +/- 31%	-	14551	14551	0	0	yes	aae-miR-11-5p	dme-miR-2a-3p	-	-	caucacagucugaguucuugcu	cgagaacuccggcugugaccugug	cgagaacuccggcugugaccuguguacacuuuauccaaaucacaucacagucugaguucuugcu	3:75489864..75489928:-
3_740	5.3	68 +/- 31%	-	1419	1419	0	0	yes	aae-miR-278-5p	dme-miR-278-3p	-	-	ucggugggacuuucguccguuu	acggacgauagucuucagcggcc	acggacgauagucuucagcggccgugcauuugauagaaguggucggugggacuuucguccguuu	3:243123888..243123952:-
1_1432	5.2	68 +/- 31%	-	13508	13508	0	0	yes	aae-miR-277-5p	dme-miR-277-3p	-	-	uaaaugcacuaucugguacgaca	gcgugucagaagugcauuuaca	gcgugucagaagugcauuuacauagguauuucccguuuagcaguauuuguaaaugcacuaucugguacgaca	1:302603812..302603884:-
2_109	5.2	68 +/- 31%	-	3350	3350	0	0	yes	aae-miR-275-5p	dme-miR-275-3p	-	-	ucagguaccugaaguagcgcgcg	cgcgcuaagcaggaaccgagacu	cgcgcuaagcaggaaccgagacuuugucauuugcuagcagucagguaccugaaguagcgcgcg	2:307135668..307135731:+
2_264	5.2	68 +/- 31%	-	71795	71795	0	0	yes	aae-miR-2a-5p	dme-miR-2a-3p	-	-	uaucacagccagcuuugaagagcg	cucucaaagugguugugaaaug	cucucaaagugguugugaaaugaguuacucuugaacgaucucauaucacagccagcuuugaagagcg	2:107237501..107237568:-
1_1447	5.1	68 +/- 31%	-	205261	205261	0	0	yes	aae-miR-283	dme-miR-283-5p	-	-	caauaucagcugguaauucuggg	cggaauuccaacugauauccac	caauaucagcugguaauucugggcuuaccccaccguuauacgcuucccggaauuccaacugauauccac	1:305625600..305625669:-
1_1434	5.1	68 +/- 31%	-	29119	29119	0	0	yes	aae-miR-317	dme-miR-317-3p	-	-	ugaacacagcuggugguaucuc	gauacacccugugcucgcu	gauacacccugugcucgcuuugcauucgaaacuagugaacacagcuggugguaucuc	1:302667132..302667189:-
2_257	5.1	68 +/- 31%	-	14267	14267	0	0	yes	aae-miR-282-5p	dme-miR-282-5p	-	-	uagccucuccuaggcuuugucu	acauagccugacagagguuagg	uagccucuccuaggcuuugucuguuaccuuccuugggaauuccacuagccagacauagccugacagagguuagg	2:96911966..96912040:-
1_947	5	68 +/- 31%	-	14	14	0	0	yes	aae-miR-996	dme-miR-279-3p	-	-	ugacuagauuacaugcucgucu	gcgugcaugaaucuggugcacg	gcgugcaugaaucuggugcacgguuuuccaguuguaauaucgcuucgugacuagauuacaugcucgucu	1:207012536..207012605:+
2_434	5	68 +/- 31%	-	12846	12846	0	0	yes	aae-miR-184	dme-miR-184-3p	-	-	uggacggagaacugauaagggc	ccuuaucauucuugcgccccgu	ccuuaucauucuugcgccccguguuauauuguuggcgacuggacggagaacugauaagggc	2:417599380..417599441:-
2_266	5	68 +/- 31%	-	12478	12478	0	0	yes	aae-miR-13-5p	dme-miR-2a-3p	-	-	uaucacagccauuuugacgaguu	aucguaaaaaugguugugcugug	aucguaaaaaugguugugcuguguuguuacgcucgaaauucauaucacagccauuuugacgaguu	2:107237649..107237714:-
3_822	5	68 +/- 31%	-	50121	50121	0	0	yes	aae-miR-308-5p	dme-miR-2a-3p	-	-	aaucacaggaguauacugugag	cgcgguauauucuuguggcuug	cgcgguauauucuuguggcuugaugcauuugaaaaaucucaaaucacaggaguauacugugag	3:403338483..403338546:-
2_179	4.9	68 +/- 31%	-	323	323	0	0	yes	aae-miR-965	dme-miR-965-3p	-	-	uaagcguauagcuuuucccauu	ggggaaauccuguacgcuguaug	ggggaaauccuguacgcuguauguuguauuugaauaauccauaagcguauagcuuuucccauu	2:429778750..429778813:+
1_945	4.7	68 +/- 31%	-	1167	1167	0	0	yes	aae-miR-279	dme-miR-279-3p	-	-	ugacuagauccacacucauuaa	gaugggugugaaucuaguguuucaca	gaugggugugaaucuaguguuucacaugauuuucgauagccugugacuagauccacacucauuaa	1:207007788..207007853:+
2_135	4.6	68 +/- 31%	-	6266	6266	0	0	yes	aae-miR-14	dme-miR-14-3p	-	-	ucagucuuuuucucucuccuau	gggagcgagauuaaggcuugcu	gggagcgagauuaaggcuugcuggucauuuauuacacucgaagucagucuuuuucucucuccuau	2:344767572..344767637:+
1_1443	4.6	68 +/- 31%	-	47102	47102	0	0	yes	aae-miR-12-5p	dme-miR-12-5p	-	-	ugaguauuacaucagguacuggu	caguacuuauguuaugcucucu	ugaguauuacaucagguacuggugucgauauucgaaucaccaacgaaucggguuccuuugauuaacuuaccaguacuuauguuaugcucucu	1:305613548..305613640:-
1_1091	4.3	68 +/- 31%	-	7110	7110	0	0	yes	aae-miR-252-5p	dme-miR-252-5p	-	-	cuaaguacuagugccgcagga	cugcugcccaagugcuuaucg	cuaaguacuagugccgcaggagagauuugaaccccugcugcccaagugcuuaucg	1:175818157..175818212:-
2_112	4	68 +/- 31%	-	47249	47249	0	0	yes	aae-miR-305-5p	dme-miR-305-5p	-	-	auuguacuucaucaggugcucugg	ccggcacauguuggaguacacuua	auuguacuucaucaggugcucugguuguuuucgauacccggcacauguuggaguacacuua	2:307145445..307145506:+
3_551	3.5	29 +/- 32%	-	26667	26667	0	0	yes	aae-bantam-5p	dme-bantam-3p	-	-	ugagaucauuuugaaagcugauu	ccgguuuucauuuucgaucugacu	ccgguuuucauuuucgaucugacuuauuugauuuaacaagagugagaucauuuugaaagcugauu	3:178082830..178082895:+
2_248	2.2	24 +/- 30%	-	6	6	0	0	yes	aae-miR-276-3p	dme-miR-276a-3p	-	-	uaggaacuucauaccgugcucu	agcgagguauagaguuccuaug	agcgagguauagaguuccuaugcguucggauaaaauauuccauaggaacuucauaccgugcucu	2:73509399..73509463:-
2_236	2.1	24 +/- 30%	-	11412	11412	0	0	yes	aae-miR-11894a	-	-	-	uuuaccauuucaagaugaccua	ggucgucuugaaaugguaaaga	ggucgucuugaaaugguaaagagugucaaucaucaucuuuaccauuucaagaugaccua	2:58785158..58785217:-
3_626	2	24 +/- 30%	-	4	3	0	1	yes	aae-miR-8-5p	-	-	-	aauacugucagguaaagauguc	aucuuaccgggcagcauuaga	aucuuaccgggcagcauuagauauuuuugaaauacuucuaauacugucagguaaagauguc	3:328527956..328528017:+
2_240	2	24 +/- 30%	-	11412	11412	0	0	yes	aae-miR-11894a	-	-	-	uuuaccauuucaagaugaccua	ggucgucuugaaaugguaaaga	ggucgucuugaaaugguaaagagugucaaucaucaucuuuaccauuucaagaugaccua	2:58787948..58788007:-
2_238	2	24 +/- 30%	-	11412	11412	0	0	yes	aae-miR-11894a	-	-	-	uuuaccauuucaagaugaccua	ggucgucuugaaaugguaaaga	ggucgucuugaaaugguaaagagugucaaucaucaucuuuaccauuucaagaugaccua	2:58785850..58785909:-
2_232	2	24 +/- 30%	-	11412	11412	0	0	yes	aae-miR-11894a	-	-	-	uuuaccauuucaagaugaccua	gguugucuugaaaugguaaaga	gguugucuugaaaugguaaagagugucaaccaucaucuuuaccauuucaagaugaccua	2:58783350..58783409:-
3_660	1.9	24 +/- 26%	-	5	5	0	0	yes	aae-miR-998	dme-miR-285-3p	-	-	uagcaccaugagauucagcuc	acugaacucucgugggucugca	acugaacucucgugggucugcaguugauauuucgaaagcuuguagcaccaugagauucagcuc	3:75489589..75489652:-
2_390	1.7	24 +/- 26%	-	14429	14429	0	0	yes	aae-miR-11895	-	-	-	uucaugcauucacuucugcuga	agcaggagugaaugcaugaguu	agcaggagugaaugcaugaguuugacaucugaaacuaauucaugcauucacuucugcuga	2:324949494..324949554:-
2_270	1.5	24 +/- 26%	-	11603	11603	0	0	yes	aae-miR-2c	-	-	-	ucacagccagcuuugaugagcaa	ggcaucaaauuugguuguuuua	ggcaucaaauuugguuguuuuaguacgaccucuuugaaaccccuaucacagccagcuuugaugagcaa	2:107237994..107238062:-
2_253	1.3	24 +/- 26%	-	15	15	0	0	yes	aae-miR-281-5p	-	-	-	agagagcuauccgucgacaguag	acugucauggaauugcucucuuu	agagagcuauccgucgacaguagggauaugauucacugucauggaauugcucucuuu	2:96469362..96469419:-
3_672	1.2	24 +/- 26%	-	4	4	0	0	yes	aae-miR-92b-3p	dme-miR-92a-3p	-	-	aauugcacuugucccggccugc	aggucgugacuugugcccauuug	aggucgugacuugugcccauuugcugaauuuuaauggucaaauugcacuugucccggccugc	3:93418515..93418577:-
2_408	1.1	24 +/- 26%	-	2	1	0	1	yes	aae-miR-1891	-	-	-	cacguccauuaacucugguac	ugaggaguuaauuugcguguuu	ugaggaguuaauuugcguguuuuuguauuugauuaaacacguccauuaacucugguac	2:360084867..360084925:-
2_420	1	24 +/- 26%	-	58	58	0	0	yes	aae-miR-1	-	-	-	ggaauguaaagaaguauggag	ccaugcuuccuugcauucaau	ccaugcuuccuugcauucaauagugauucugaaagcauauggaauguaaagaaguauggag	2:399501023..399501084:-
2_227	0.9	1 +/- 4%	-	4	4	0	0	yes	aae-miR-190	dme-miR-190-5p	-	-	agauauguuugauauucuugguug	cccaggaaucaaacauauuauua	agauauguuugauauucuugguuguuaaauuuuauauuaucacccaggaaucaaacauauuauua	2:48811877..48811942:-
3_650	0.8	1 +/- 4%	-	3	3	0	0	yes	aae-miR-980-5p	dme-miR-980-3p	-	-	uagcugccuagugaagggcaaua	cggccguucauugggucaucuagc	cggccguucauugggucaucuagcucguguuggaaacaguuagcugccuagugaagggcaaua	3:1054522..1054585:-
1_1033	0.3	1 +/- 4%	-	2	2	0	0	yes	aae-miR-33	dme-miR-33-5p	-	-	gugcauuguaguugcauugca	caauacuucugcaaugcaagc	gugcauuguaguugcauugcacuuuugcguucgauaacacggugcaauacuucugcaaugcaagc	1:50888881..50888946:-
3_530	0.2	1 +/- 4%	-	25	25	0	0	yes	aae-miR-31	-	-	-	ggcaagauguuggcauagcug	gcuauucaacuucuugucua	ggcaagauguuggcauagcugaaaguuuugaguuuagcuauucaacuucuugucua	3:136174151..136174207:+
3_578	-0.1	0 +/- 0%	-	1	1	0	0	yes	aae-miR-307	dme-miR-307a-5p	-	-	acucacucaaccugggugugau	cacaaccuccuugagugagcga	acucacucaaccugggugugaugcuuauuugaaucaucacaaccuccuugagugagcga	3:244794376..244794435:+
3_674	-0.1	0 +/- 0%	-	2	2	0	0	yes	aae-miR-92a-5p	dme-miR-92a-3p	-	-	uauugcacuugucccggccuau	cgguacggacaggggcaacauu	cgguacggacaggggcaacauugugacauuugaaagcuaauauugcacuugucccggccuau	3:93477596..93477658:-
2_143	-0.3	0 +/- 0%	-	1	1	0	0	yes	aae-miR-2945-5p	dme-miR-279-3p	-	-	ugacuagaggcagacucguuua	agcggguccguuucuagugucaug	agcggguccguuucuagugucaugugcuguauucgaauaucaugacuagaggcagacucguuua	2:374947142..374947206:+
2_137	-0.5	0 +/- 0%	-	1	1	0	0	yes	aae-miR-124	dme-miR-124-3p	-	-	uaaggcacgcggugaaugccaa	gguauccacugccggccuauaug	gguauccacugccggccuauauguccuauuucgguacucauaaggcacgcggugaaugccaa	2:369307279..369307341:+
2_110	-0.5	0 +/- 0%	-	3350	3350	0	0	no	aae-miR-275-3p	dme-miR-275-3p	-	-	ucagguaccugaaguagcgcgcg	ucaucaagcgacaacagaggcgugaaa	ucagguaccugaaguagcgcgcgugaucaaacaggaagcgucaucaagcgacaacagaggcgugaaa	2:307135708..307135775:+
1_911	-0.5	0 +/- 0%	-	1	1	0	0	yes	aae-miR-970	dme-miR-970-3p	-	-	ucauaagacacacgcggcuau	agcuugcguuugucuuagcuggua	agcuugcguuugucuuagcugguauugaaugugauagguaucauaagacacacgcggcuau	1:157238423..157238484:+
2_88	-0.7	0 +/- 0%	-	1	1	0	0	yes	aae-miR-932-5p	dme-miR-932-5p	-	-	ucaauuccguagugcauugcag	gcaagcaauguggaagugaag	ucaauuccguagugcauugcagugugcuuuagacgaacugcaagcaauguggaagugaag	2:231381156..231381216:+
2_234	-1.4	0 +/- 0%	-	5	5	0	0	yes	aae-miR-11894b	-	-	-	uuuaccauuucaauaugaccua	ggucguauugaaaugguaaaga	ggucguauugaaaugguaaagagugucaaucaucaucuuuaccauuucaauaugaccua	2:58784590..58784649:-
2_146	-1.8	0 +/- 0%	-	6	6	0	0	yes	aae-miR-125-5p	-	-	-	cccugagacccuaacuugugacu	ucacaaguuuugaucuccgguau	cccugagacccuaacuugugacuauaguugaaguuucacaaguuuugaucuccgguau	2:375131782..375131840:+
2_303	-1.9	0 +/- 0%	-	6	6	0	0	yes	aae-miR-263b-5p	-	-	-	uuggcacugggagaauucacag	guggaucuuuucgugccaucg	uuggcacugggagaauucacaggcgcuauuugcuaucauucuguggaucuuuucgugccaucg	2:153371132..153371195:-
2_428	-2	0 +/- 0%	-	5	5	0	0	yes	aae-miR-1890	-	-	-	gaaaucuuugauuaggucug	gagcuaauuggagaguucuu	gagcuaauuggagaguucuugaauaguguugugaaccuucaugaaaucuuugauuaggucug	2:413654962..413655024:-
2_50	-2.5	0 +/- 0%	-	5	5	0	0	yes	aae-miR-9a	-	-	-	cuuugguuaucuagcuguauga	auaaagcuagcauaccgaaguu	cuuugguuaucuagcuguaugagugaauuuagaacaucauaaagcuagcauaccgaaguu	2:108461948..108462008:+
2_271	-2.6	0 +/- 0%	-	3	1	0	2	yes	aae-miR-71-5p	-	-	-	cucacuaccuugucuuucaugc	agaaagacauggguagugagau	agaaagacauggguagugagauaguuucacccuauugcacugggaucucacuaccuugucuuucaugc	2:107238286..107238354:-
2_123	-2.8	0 +/- 0%	-	4	4	0	0	yes	aae-miR-133	-	-	-	ugguccccuucaaccagcugu	agcugguugacuucgggucaaa	agcugguugacuucgggucaaaucgucaaauauuugcaaagauauuuccucagugaaauuauuugguccccuucaaccagcugu	2:330417065..330417149:+
1_926	-3	0 +/- 0%	-	2	2	0	0	yes	aae-miR-929	-	-	-	aauugacucuaguagggag	cccuaacggagucagauug	aauugacucuaguagggaguccuuguguacgagugacucccuaacggagucagauug	1:198495527..198495584:+
2_393	-3.6	0 +/- 0%	-	2	2	0	0	yes	aae-miR-9b	-	-	-	cuuuggugauuuuagcuguaug	uauagcuuuaucaccaaaaac	cuuuggugauuuuagcuguaugcugauacguuucugauugcauauagcuuuaucaccaaaaac	2:335780575..335780638:-
1_975	-3.6	0 +/- 0%	-	1	1	0	0	yes	aae-miR-999	-	-	-	guuaacuguaagacugugucu	acgcggucgugcaggaaauua	acgcggucgugcaggaaauuauuuggcauuagauucaaauguuaacuguaagacugugucu	1:252222293..252222354:+
2_86	-3.7	0 +/- 0%	-	4	4	0	0	yes	aae-miR-7	-	-	-	ggaagacuagugauuuuguuguu	uaacaauaaaucucaagucuuucua	ggaagacuagugauuuuguuguuuugcuuacgauaauaacaauaaaucucaagucuuucua	2:222802545..222802606:+
2_401	-3.9	0 +/- 0%	-	2	2	0	0	no	aae-miR-263a-5p	dme-miR-263a-5p	-	-	aauggcacuggaagaauucacggg	cguguucuggcaguggcauccc	aauggcacuggaagaauucacggguauauuuugaaauccccguguucuggcaguggcauccc	2:348784448..348784510:-
3_677	-3.9	0 +/- 0%	-	1	1	0	0	yes	aae-miR-2765	-	-	-	ugguaacuccaccaccguuggc	caaugggagcuggaguucccgcg	ugguaacuccaccaccguuggcgauauuugacagccaaugggagcuggaguucccgcg	3:101895454..101895512:-
2_254	-5.9	0 +/- 0%	-	15	15	0	0	no	aae-miR-281-5p	-	-	-	agagagcuauccgucgacaguag	gcguugacgugggauuuuuuu	gcguugacgugggauuuuuuuguucauuuuguucuuucgcugguuucgaauaugaaaauaaagagagcuauccgucgacaguag	2:96469396..96469480:-
1_839	-6.8	0 +/- 0%	-	5	5	0	0	no	aae-miR-210	-	-	-	uugugcgugugacaacggcuau	agcugcugaccacugcacaaga	agcugcugaccacugcacaagauuagauuaugacucuugugcgugugacaacggcuau	1:54892617..54892675:+

#miRBase miRNAs not detected by miRDeep2
miRBase precursor id	total read count	mature read count(s)	star read count	remaining reads	UCSC browser	NCBI blastn	miRBase mature sequence(s)	miRBase star sequence(s)	miRBase precursor sequence
44083	44083	0	0	-	-	cacguuacagauugggguuucc	uaaucucaaauuguaacagugg	-	gagguaaucucaaauuguaacaguggguugauuuuccuggugaaucccggccuuguccuccgucacaagugugacaagugucucgaaaacguguucgcuauacccacguuacagauugggguuucccc	
30017	30017	0	0	-	-	ugguuuaucuuaucugucgaggc	gucgacagggagauaaaucacu	-	cauugguuuaucuuaucugucgaggcaaguuauuuuaccggauaguguuucuuuucgugagcaaucaccacuauccagcucuucuugucgacagggagauaaaucacug	
6850	6850	0	0	-	-	ucagguacugagugacucucag	gagagcaccucgguaucuaagc	-	cauucgcaauuucaccgguucagguacugagugacucucagaugugcauuucucaagcaaucucguccucaggaccugagguugaaaaacccugagagcaccucgguaucuaagccaguguugcgaaaa	
53	53	0	0	-	-	caaccacuauccgcccugccgcc	uggcagugugguuagcugguug	-	caaggcaauacgcuauggcagugugguuagcugguuguguagaacuuuggggggcuuccguggcguucgcgcgcacacgggggcucagauucacaaccacuauccgcccugccgccgcgaggugccagg	
8	8	0	0	-	-	ugucuuuuuccgcuuacugccg	-	ccaacauuuugauugauuugucuuuuuccgcuuacugccgguggcauuugaaauucucgacagcaaaccgaaaaaggcgccucaaucaauu	
3	3	0	0	-	-	ugagauucuacuucuccgacuuaa	aaguggaguaguggucucaucg	-	acgauaugaaauaaguggaguaguggucucaucgcuuaguauuagaaaagugagauucuacuucuccgacuuaauucauaucua	
1	1	0	0	-	-	ugugaugugacguagugguac	-	uucaucauacggucaugggggaccgccgcuaccucgcuuucacuugguaccgauuucccauaauccaugugaugugacguagugguaccuucccuuggcuauuacaacacuuccu	


































































