miRDeep2 score	novel miRNAs reported by miRDeep2	novel miRNAs, estimated false positives	novel miRNAs, estimated true positives	known miRNAs in species	known miRNAs in data	known miRNAs detected by miRDeep2	estimated signal-to-noise	excision gearing
10	2	2 +/- 1	1 +/- 1 (28 +/- 37%)	164	64	20 (31%)	8.9	3
9	2	2 +/- 2	1 +/- 1 (26 +/- 36%)	164	64	20 (31%)	8.3	3
8	2	2 +/- 2	0 +/- 1 (23 +/- 35%)	164	64	20 (31%)	7.7	3
7	2	3 +/- 2	0 +/- 1 (20 +/- 35%)	164	64	20 (31%)	7.1	3
6	2	3 +/- 2	0 +/- 1 (19 +/- 35%)	164	64	20 (31%)	6.7	3
5	3	3 +/- 2	1 +/- 1 (22 +/- 32%)	164	64	34 (53%)	8.6	3
4	6	3 +/- 2	3 +/- 2 (43 +/- 29%)	164	64	40 (63%)	9.5	3
3	6	4 +/- 2	2 +/- 2 (30 +/- 27%)	164	64	46 (72%)	8.4	3
2	12	5 +/- 2	7 +/- 2 (55 +/- 19%)	164	64	51 (80%)	8.5	3
1	19	8 +/- 3	11 +/- 3 (60 +/- 15%)	164	64	56 (88%)	7	3
0	26	19 +/- 4	7 +/- 4 (29 +/- 16%)	164	64	58 (91%)	3.3	3
-1	39	34 +/- 6	6 +/- 5 (15 +/- 12%)	164	64	58 (91%)	2.2	3
-2	43	48 +/- 7	1 +/- 2 (2 +/- 5%)	164	64	58 (91%)	1.7	3
-3	57	65 +/- 8	1 +/- 2 (1 +/- 3%)	164	64	58 (91%)	1.5	3
-4	71	100 +/- 9	0 +/- 0 (0 +/- 0%)	164	64	58 (91%)	1.1	3
-5	83	157 +/- 12	0 +/- 0 (0 +/- 0%)	164	64	58 (91%)	0.8	3
-6	94	200 +/- 13	0 +/- 0 (0 +/- 0%)	164	64	58 (91%)	0.7	3
-7	112	235 +/- 14	0 +/- 0 (0 +/- 0%)	164	64	58 (91%)	0.7	3
-8	141	263 +/- 13	0 +/- 0 (0 +/- 0%)	164	64	58 (91%)	0.7	3
-9	171	287 +/- 14	0 +/- 0 (0 +/- 0%)	164	64	58 (91%)	0.7	3
-10	197	304 +/- 14	0 +/- 0 (0 +/- 0%)	164	64	58 (91%)	0.8	3



novel miRNAs predicted by miRDeep2
provisional id	miRDeep2 score	estimated probability that the miRNA candidate is a true positive	rfam alert	total read count	mature read count	loop read count	star read count	significant randfold p-value	miRBase miRNA	example miRBase miRNA with the same seed	UCSC browser	NCBI blastn	consensus mature sequence	consensus star sequence	consensus precursor sequence	precursor coordinate
1_11778	31.8	28 +/- 37%	-	60	31	4	25	yes	-	-	-	-	ucuccucagaagcuuggaagc	uuggaagcuucuccucagaag	ucuccucagaagcuuggaagcuucuccucagaagcuuggaagcuucucuucugaagcuugaaagcuucucuucugaagcuuggaagcuucuccucagaag	1:285139975..285140075:+
NIGP01000297_16059	21.5	28 +/- 37%	-	55	54	0	1	no	-	-	-	-	uugaaaauuugagguuuggcu	accaaucgaucaaguuuuca	accaaucgaucaaguuuucagcuugaccuguuguaugguucuccaaauuugugcucuugaaaauuugagguuuggcu	NIGP01000297:4728..4805:+
3_6106	5	22 +/- 32%	-	11	11	0	0	yes	-	dme-miR-967-5p	-	-	cgagauacccaacuucggaag	uccgaugcaggguaucuugca	cgagauacccaacuucggaaguggugcauucgauucgcauucggauauacaauaaugcacccuacuuccgaugcaggguaucuugca	3:202179536..202179623:+
2_2850	4.8	43 +/- 29%	-	26	26	0	0	yes	-	dme-miR-2a-3p	-	-	uaucacagccauuuuaaugagcu	cucaucaauugguuguggcuaug	cucaucaauugguuguggcuaugugucuugcguagcguuucgcaccguuucgaagcgugucccccaucauaucacagccauuuuaaugagcu	2:107237801..107237893:-
3_7373	4.7	43 +/- 29%	-	11	11	0	0	yes	-	dme-miR-967-5p	-	-	cgagauacccaacuucggaag	uucgaaaaaggguaucuugca	cgagauacccaacuucggaagugaugcauucgauuugcauccggaugcacucuaaugcgccauacauucgaaaaaggguaucuugca	3:9223207..9223294:-
1_12848	4.2	43 +/- 29%	-	18	9	5	4	no	-	-	-	-	cgggcagccaucucgagguga	caucaggcguugcgcugccaa	caucaggcguugcgcugccaacgguucauacacugcuugacuguuuuugucucuccacuaugaccguuuucgggcagccaucucgagguga	1:191532401..191532492:-
2_2024	2.7	55 +/- 19%	-	16	7	6	3	yes	-	-	-	-	caaaguuguuuagaaggaca	ucuaaacaacuuugccgaaga	caaaguuguuuagaaggacaaugacauucgaaaggcaagacuauaugccuuucgaaugucauuguccuucuaaacaacuuugccgaaga	2:457101188..457101277:+
1_14817	2.5	55 +/- 19%	-	14	13	1	0	yes	-	-	-	-	cuuuuauucucccgcuguucu	aacagcgggagaaugaaaaag	cuuuuauucucccgcuguucuuauguagcgcaaauagugacgucacuauuugcgcggcauaagaacagcgggagaaugaaaaag	1:298178889..298178973:-
3_8015	2.4	55 +/- 19%	-	79	79	0	0	yes	-	-	-	-	cuagaggcagcaacagccgcu	cggcuguugcugccucaaggc	cuagaggcagcaacagccgcucaaaauuuccuugcgcggcuguugcugccucaaggc	3:109885778..109885835:-
2_3571	2.3	55 +/- 19%	-	269	264	1	4	yes	-	-	-	-	ccaaacauccguuugagcuga	caaacggauguuugguucucc	ccaaacauccguuugagcugaaaacuuaaucgauugaucacuagcuggugaugaccaaucgauaagguuuucagcccaaacggauguuugguucucc	2:237913792..237913889:-
2_1892	2.2	55 +/- 19%	-	274	271	3	0	yes	-	-	-	-	ccaaacauccguuugagcuga	agcuuaaauggaaguuugauu	ccaaacauccguuugagcugaaaaccuaaucgauugguuaccaccagcuagugaccaaucgauuaaguuuucagcuuaaauggaaguuugauu	2:418195758..418195851:+
1_9833	2	55 +/- 19%	-	12	12	0	0	yes	-	-	-	-	caggagaauuucccuuggaaa	uccaggagaauuucccuugga	uccaggagaauuucccuuggaaauuccaggagaauuucccuuggaaauuccaggagaauuucccuuggaaa	1:38979623..38979694:+
1_9834	1.9	60 +/- 15%	-	12	12	0	0	yes	-	-	-	-	caggagaauuucccuuggaaa	uccaggagaauuucccuugga	uccaggagaauuucccuuggaaauuccaggagaauuucccuuggaaauuccaggagaauuucccuuggaaa	1:38979671..38979742:+
3_5275	1.9	60 +/- 15%	-	42	39	3	0	yes	-	-	-	-	ccggugaauuucccuuggaaa	ucccuuggaaauuccggugaa	ucccuuggaaauuccggugaauuucccuuggaaauuccggugaauuucccuuggaaauuccggugaauuucccuuggaaauuccggugaauuucccuuggaaa	3:53338345..53338448:+
3_5278	1.8	60 +/- 15%	-	42	37	5	0	yes	-	-	-	-	ccggugaauuucccuuggaaa	ucccuuggaaauuccggugaa	ucccuuggaaauuccggugaauuucccuuggaaauuccggugaauuucccuuggaaauuccggugaauuucccuuggaaauuccggugaauuucccuuggaaa	3:53338757..53338860:+
2_3168	1.6	60 +/- 15%	-	12	12	0	0	yes	-	-	-	-	uuugaaggaaaugugcgccgg	ggcgcguauuuuuuuucgaaga	ggcgcguauuuuuuuucgaagaaaagacaauuuucuugcugauggauuauggaagaaaauuucuucucuuugaaggaaaugugcgccgg	2:170804329..170804418:-
3_7686	1.5	60 +/- 15%	-	18	16	0	2	yes	-	-	-	-	ugaaagaauuccugaaggaau	uugaaggaauuccuggagga	uugaaggaauuccuggaggacucccuggaggaacuucuggaggacucccugaaagaauuccugaaggaau	3:59099745..59099815:-
3_5182	1.5	60 +/- 15%	-	10	10	0	0	yes	-	-	-	-	uuccugggcccauagccugguug	acagguuaugagcccaggaacg	uuccugggcccauagccugguuguuuugcguuuuaauuucaacagguuaugagcccaggaacg	3:32679283..32679346:+
3_5026	1.4	60 +/- 15%	-	736	203	393	140	yes	-	-	-	-	ggauuggauuuggauuggauuu	ggauuggauuuggauuggauuuggauu	ggauuggauuuggauuggauuuggauuggauuuggauuggauuuggauuggauuuggauuggauuuggauuggauuugggauuggauuuggauuggauuu	3:9007678..9007778:+
2_3763	0.7	29 +/- 16%	-	65	65	0	0	yes	-	-	-	-	ugcucugguauuuugauguucga	ggaacucaagauaccagaucaug	ugcucugguauuuugauguucgauggauuugauauuacucggaacucaagauaccagaucaug	2:289697988..289698051:-
1_14760	0.6	29 +/- 16%	-	722	319	331	72	yes	-	-	-	-	ggauuggauuuggauuggauuu	ggauuggauuuggauuggauuuggauu	ggauuggauuuggauuggauuuggauuggauuuggauuggauuuggauuggauuuggauuggauuuuggauuggauuuuggauuggauuuggauuggauuu	1:286759307..286759408:-
1_9715	0.6	29 +/- 16%	-	8	7	1	0	yes	-	-	-	-	agccaucgccaucgccgccgc	ugcggcgacgacgacggcuug	ugcggcgacgacgacggcuuggacgcuuuuccgagcggcaguaguucgccgcucggagaagcgcccaagccaucgccaucgccgccgc	1:17385951..17386039:+
1_12325	0.4	29 +/- 16%	-	21	21	0	0	yes	-	-	-	-	uauagggcuauuauauagcug	cuuguauaauagcacuauauu	uauagggcuauuauauagcugaaauggagcuugucacuuguauaauagcacuauauu	1:86928448..86928505:-
NIGP01001935_15219	0.1	29 +/- 16%	-	20	17	1	2	yes	-	-	-	-	aaaauccacuaagguggagag	ucacuuguuucuguuuuguag	aaaauccacuaagguggagagggagggaggguugacccucaaacacacccccucccacuaaucacuuguuucuguuuuguag	NIGP01001935:117540..117622:-
NIGP01000529_15820	0	29 +/- 16%	-	540	393	41	106	yes	-	-	-	-	ggauuggauuuggauuggauuu	ggauuuggauuggauuuggauu	ggauuuggauuggauuuggauugggauuugguuauuggauuuggauuugggauuuggauuggauuuggauugguuuggauuggauuuggauuggauuu	NIGP01000529:2314..2412:-
2_4372	0	29 +/- 16%	-	8	5	3	0	yes	-	-	-	-	agcuacggaagcagccgc	ggugguuuccguggugca	ggugguuuccguggugcaagccguagcggaagccgcuucgauagcuacggaagcagccgc	2:391124484..391124544:-



mature miRBase miRNAs detected by miRDeep2
tag id	miRDeep2 score	estimated probability that the miRNA is a true positive	rfam alert	total read count	mature read count	loop read count	star read count	significant randfold p-value	mature miRBase miRNA	example miRBase miRNA with the same seed	UCSC browser	NCBI blastn	consensus mature sequence	consensus star sequence	consensus precursor sequence	precursor coordinate
2_2566	27305	28 +/- 37%	-	53555	53531	0	24	yes	aae-miR-11894a	-	-	-	uuuaccauuucaagaugaccua	ggucgucuugaaaugguaaaga	ggucgucuugaaaugguaaagagugucaaucaucaucuuuaccauuucaagaugaccua	2:58785158..58785217:-
2_2568	27304.9	28 +/- 37%	-	53555	53531	0	24	yes	aae-miR-11894a	-	-	-	uuuaccauuucaagaugaccua	ggucgucuugaaaugguaaaga	ggucgucuugaaaugguaaagagugucaaucaucaucuuuaccauuucaagaugaccua	2:58785850..58785909:-
2_2574	27304.9	28 +/- 37%	-	53555	53531	0	24	yes	aae-miR-11894a	-	-	-	uuuaccauuucaagaugaccua	ggucgucuugaaaugguaaaga	ggucgucuugaaaugguaaagagugucaaucaucaucuuuaccauuucaagaugaccua	2:58787948..58788007:-
2_2570	27304.8	28 +/- 37%	-	53555	53531	0	24	yes	aae-miR-11894a	-	-	-	uuuaccauuucaagaugaccua	ggucgucuugaaaugguaaaga	ggucgucuugaaaugguaaagagugucaaucaucaucuuuaccauuucaagaugaccua	2:58786284..58786343:-
2_2572	27304.8	28 +/- 37%	-	53555	53531	0	24	yes	aae-miR-11894a	-	-	-	uuuaccauuucaagaugaccua	ggucgucuugaaaugguaaaga	ggucgucuugaaaugguaaagagugucaaucaucaucuuuaccauuucaagaugaccua	2:58787426..58787485:-
1_14857	979.6	28 +/- 37%	-	1913	1899	0	14	yes	aae-miR-283	dme-miR-283-5p	-	-	caauaucagcugguaauucuggg	cggaauuccaacugauauccac	caauaucagcugguaauucugggcuuaccccaccguuauacgcuucccggaauuccaacugauauccac	1:305625600..305625669:-
2_4510	458.5	28 +/- 37%	-	891	890	0	1	yes	aae-miR-184	dme-miR-184-3p	-	-	uggacggagaacugauaagggc	ccuuaucauucuugcgcc	ccuuaucauucuugcgccccguguuauauuguuggcgacuggacggagaacugauaagggc	2:417599380..417599441:-
1_14853	324.5	28 +/- 37%	-	629	628	0	1	yes	aae-miR-12-5p	dme-miR-12-5p	-	-	ugaguauuacaucagguacuggu	aguacuuauguuaugcucucu	ugaguauuacaucagguacuggugucgauauucgaaucaccaacgaaucggguuccuuugauuaacuuaccaguacuuauguuaugcucucu	1:305613548..305613640:-
3_9630	155.6	28 +/- 37%	-	297	212	0	85	yes	aae-miR-308-5p	dme-miR-2a-3p	-	-	aaucacaggaguauacugugag	cgcgguauauucuuguggcuug	cgcgguauauucuuguggcuugaugcauuugaaaaaucucaaaucacaggaguauacugugag	3:403338483..403338546:-
3_5959	62.3	28 +/- 37%	-	117	112	0	5	yes	aae-bantam-5p	dme-bantam-3p	-	-	ugagaucauuuugaaagcugauu	ccgguuuucauuuucgaucugacu	ccgguuuucauuuucgaucugacuuauuugauuuaacaagagugagaucauuuugaaagcugauu	3:178082830..178082895:+
2_2848	35.9	28 +/- 37%	-	62	45	0	17	yes	aae-miR-13-5p	dme-miR-2a-3p	-	-	uaucacagccauuuugacgaguu	ucguaaaaaugguugugcugu	ucguaaaaaugguugugcuguguuguuacgcucgaaauucauaucacagccauuuugacgaguu	2:107237649..107237713:-
3_7790	29	28 +/- 37%	-	48	39	0	9	yes	aae-miR-11-5p	dme-miR-2a-3p	-	-	caucacagucugaguucuugcu	cgagaacuccggcugugaccug	cgagaacuccggcugugaccuguguacacuuuauccaaaucacaucacagucugaguucuugcu	3:75489864..75489928:-
2_2853	28.5	28 +/- 37%	-	54	47	0	7	yes	aae-miR-71-5p	-	-	-	agaaagacauggguagugagau	ucucacuaccuugucuuucaug	agaaagacauggguagugagauaguuucacccuauugcacugggaucucacuaccuugucuuucaug	2:107238287..107238354:-
1_11265	25.7	28 +/- 37%	-	42	41	0	1	yes	aae-miR-996	dme-miR-279-3p	-	-	ugacuagauuacaugcucgucu	gcgugcaugaaucuggugcacg	gcgugcaugaaucuggugcacgguuuuccaguuguaauaucgcuucgugacuagauuacaugcucgucu	1:207012536..207012605:+
1_12149	18.7	28 +/- 37%	-	28	27	0	1	yes	aae-miR-33	dme-miR-33-5p	-	-	gugcauuguaguugcauugca	caauacuucugcaaugcaagcc	gugcauuguaguugcauugcacuuuugcguucgauaacacggugcaauacuucugcaaugcaagcc	1:50888880..50888946:-
2_2795	16.3	28 +/- 37%	-	24	22	0	2	yes	aae-miR-281-5p	dme-miR-281-2-5p	-	-	aagagagcuauccgucgacagu	ugucauggaauugcucucuuua	aagagagcuauccgucgacaguagggauaugauucacugucauggaauugcucucuuua	2:96469361..96469420:-
3_7788	12.7	28 +/- 37%	-	16	15	0	1	yes	aae-miR-998	dme-miR-285-3p	-	-	uagcaccaugagauucagcuc	acugaacucucgugggucugca	acugaacucucgugggucugcaguugauauuucgaaagcuuguagcaccaugagauucagcuc	3:75489589..75489652:-
2_2844	5.4	22 +/- 32%	-	173	173	0	0	yes	aae-miR-2c	dme-miR-2a-3p	-	-	uaucacagccagcuuugaugagcu	cucucaaaguggcugugaaaug	cucucaaaguggcugugaaaugguuugauuuugcucauaucacagccagcuuugaugagcu	2:107235884..107235945:-
3_8838	5.3	22 +/- 32%	-	39	39	0	0	yes	aae-miR-278-5p	dme-miR-278-3p	-	-	ucggugggacuuucguccguuu	acggacgauagucuucagcggcc	acggacgauagucuucagcggccgugcauuugauagaaguggucggugggacuuucguccguuu	3:243123888..243123952:-
2_1521	5.2	22 +/- 32%	-	72	72	0	0	yes	aae-miR-275-5p	dme-miR-275-3p	-	-	ucagguaccugaaguagcgcgcg	cgcgcuaagcaggaaccgagacu	cgcgcuaagcaggaaccgagacuuugucauuugcuagcagucagguaccugaaguagcgcgcg	2:307135668..307135731:+
1_14844	5.2	22 +/- 32%	-	116	114	0	2	yes	aae-miR-317	dme-miR-317-3p	-	-	ugaacacagcuggugguaucuca	cgggauacacccugugcucgcu	cgggauacacccugugcucgcuuugcauucgaaacuagugaacacagcuggugguaucuca	1:302667131..302667192:-
2_2846	5.2	22 +/- 32%	-	335	335	0	0	yes	aae-miR-2a-5p	dme-miR-2a-3p	-	-	uaucacagccagcuuugaaga	ucaaagugguugugaaaug	ucaaagugguugugaaaugaguuacucuugaacgaucucauaucacagccagcuuugaaga	2:107237504..107237565:-
1_14842	5.2	22 +/- 32%	-	38	38	0	0	yes	aae-miR-277-5p	dme-miR-277-3p	-	-	uaaaugcacuaucugguacgaca	gcgugucagaagugcauuuaca	gcgugucagaagugcauuuacauagguauuucccguuuagcaguauuuguaaaugcacuaucugguacgaca	1:302603812..302603884:-
3_7858	5.1	22 +/- 32%	-	35	35	0	0	yes	aae-miR-92b-3p	dme-miR-92a-3p	-	-	aauugcacuugucccggccugc	aggucgugacuugugcccauuug	aggucgugacuugugcccauuugcugaauuuuaauggucaaauugcacuugucccggccugc	3:93418515..93418577:-
2_2797	5.1	22 +/- 32%	-	22	20	2	0	yes	aae-miR-282-5p	dme-miR-282-5p	-	-	uagccucuccuaggcuuugucu	acauagccugacagagguuagg	uagccucuccuaggcuuugucuguuaccuuccuugggaauuccacuagccagacauagccugacagagguuagg	2:96911966..96912040:-
2_2475	4.8	43 +/- 29%	-	65	65	0	0	yes	aae-miR-190	dme-miR-190-5p	-	-	agauauguuugauauucuugguug	cccaggaaucaaacauauuauua	agauauguuugauauucuugguuguuaaauuuuauauuaucacccaggaaucaaacauauuauua	2:48811877..48811942:-
2_1639	4.6	43 +/- 29%	-	60	60	0	0	yes	aae-miR-14	dme-miR-14-3p	-	-	ucagucuuuuucucucuccuau	gggagcgagauuaaggcuugcu	gggagcgagauuaaggcuugcuggucauuuauuacacucgaagucagucuuuuucucucuccuau	2:344767572..344767637:+
2_2666	4.2	43 +/- 29%	-	10	10	0	0	yes	aae-miR-276-5p	dme-miR-276a-3p	-	-	uaggaacuucauaccgugcucu	agcgagguauagaguuccuacg	agcgagguauagaguuccuacguugcgugugcgaaauugguaggaacuucauaccgugcucu	2:73120452..73120514:-
2_1524	4	43 +/- 29%	-	199	199	0	0	yes	aae-miR-305-5p	dme-miR-305-5p	-	-	auuguacuucaucaggugcucugg	ccggcacauguuggaguacacuua	auuguacuucaucaggugcucugguuguuuucgauacccggcacauguuggaguacacuua	2:307145445..307145506:+
2_1012	3.7	30 +/- 27%	-	20	20	0	0	yes	aae-miR-7	dme-miR-7-5p	-	-	uggaagacuagugauuuuguuguu	uaacaauaaaucucaagucuuucuac	uggaagacuagugauuuuguuguuuugcuuacgauaauaacaauaaaucucaagucuuucuac	2:222802544..222802607:+
3_6955	3.5	30 +/- 27%	-	10	10	0	0	yes	aae-miR-8-5p	dme-miR-8-3p	-	-	uaauacugucagguaaagauguc	caucuuaccgggcagcauuaga	caucuuaccgggcagcauuagauauuuuugaaauacuucuaauacugucagguaaagauguc	3:328527955..328528017:+
2_1522	3.2	30 +/- 27%	-	72	72	0	0	yes	aae-miR-275-3p	dme-miR-275-3p	-	-	ucagguaccugaaguagcgcgcg	ucaucaagcgacaacagaggcgugaaa	ucagguaccugaaguagcgcgcgugaucaaacaggaagcgucaucaagcgacaacagaggcgugaaa	2:307135708..307135775:+
2_4133	3	30 +/- 27%	-	8	8	0	0	yes	aae-miR-9b	dme-miR-9a-5p	-	-	ucuuuggugauuuuagcuguaug	uauagcuuuaucaccaaaaacc	ucuuuggugauuuuagcuguaugcugauacguuucugauugcauauagcuuuaucaccaaaaacc	2:335780574..335780639:-
2_4141	3	30 +/- 27%	-	8	8	0	0	yes	aae-miR-9c-5p	dme-miR-9a-5p	-	-	ucuuugguauucuagcuguaga	uaaagcuuuaguaccagagguc	ucuuugguauucuagcuguagaauguugagcuuugugauaugguaucuucuaaagcuuuaguaccagagguc	2:335810364..335810436:-
2_449	2.4	55 +/- 19%	-	6	6	0	0	yes	aae-miR-988-5p	dme-miR-988-3p	-	-	ccccuuguugcaaaccucacgc	gugugcuuugugacaaugag	gugugcuuugugacaaugagauucgguucgauaucauccccuuguugcaaaccucacgc	2:93351380..93351439:+
2_1735	2.1	55 +/- 19%	-	6	6	0	0	yes	aae-miR-2945-5p	dme-miR-279-3p	-	-	ugacuagaggcagacucguuua	agcggguccguuucuagugucaug	agcggguccguuucuagugucaugugcuguauucgaauaucaugacuagaggcagacucguuua	2:374947142..374947206:+
1_10519	2	55 +/- 19%	-	6	6	0	0	yes	aae-miR-970	dme-miR-970-3p	-	-	ucauaagacacacgcggcua	gcuugcguuugucuuagcuggua	gcuugcguuugucuuagcugguauugaaugugauagguaucauaagacacacgcggcua	1:157238424..157238483:+
2_2562	2	55 +/- 19%	-	53531	53531	0	0	yes	aae-miR-11894a	-	-	-	uuuaccauuucaagaugaccua	gguugucuugaaaugguaaaga	gguugucuugaaaugguaaagagugucaaccaucaucuuuaccauuucaagaugaccua	2:58783350..58783409:-
2_2564	1.9	60 +/- 15%	-	6192	6192	0	0	yes	aae-miR-11894b	-	-	-	uuuaccauuucaauaugaccua	ggucguauugaaaugguaaaga	ggucguauugaaaugguaaagagugucaaucaucaucuuuaccauuucaauaugaccua	2:58784590..58784649:-
3_7172	1.8	60 +/- 15%	-	267	264	3	0	yes	aae-miR-11917	-	-	-	ccaaacauccguuugagcuga	ugcucaagcggguauucgguu	ccaaacauccguuugagcugaaaacuuaaucgauuggucacuagcugaguuuucugcucaagcggguauucgguu	3:375767549..375767624:+
2_4092	1.7	60 +/- 15%	-	55651	55651	0	0	yes	aae-miR-11895	-	-	-	uucaugcauucacuucugcuga	agcaggagugaaugcaugaguu	agcaggagugaaugcaugaguuugacaucugaaacuaauucaugcauucacuucugcuga	2:324949494..324949554:-
2_2852	1.5	60 +/- 15%	-	113	113	0	0	yes	aae-miR-2c	-	-	-	ucacagccagcuuugaugagca	ggcaucaaauuugguuguuuua	ggcaucaaauuugguuguuuuaguacgaccucuuugaaaccccuaucacagccagcuuugaugagca	2:107237995..107238062:-
3_7909	1.4	60 +/- 15%	-	12	12	0	0	yes	aae-miR-2765	-	-	-	ugguaacuccaccaccguugg	aaugggagcuggaguucccgcg	ugguaacuccaccaccguuggcgauauuugacagccaaugggagcuggaguucccgcg	3:101895454..101895512:-
2_4492	1	60 +/- 15%	-	11	11	0	0	yes	aae-miR-1890	-	-	-	ugaaaucuuugauuaggucugg	agagcuaauuggagaguucuug	agagcuaauuggagaguucuugaauaguguugugaaccuucaugaaaucuuugauuaggucugg	2:413654961..413655025:-
1_12785	0.5	29 +/- 16%	-	140	140	0	0	no	aae-miR-252-5p	dme-miR-252-5p	-	-	cuaaguacuagugccgcagga	cugcugcccaagugcuuaucg	cuaaguacuagugccgcaggagagauuugaaccccugcugcccaagugcuuaucg	1:175818157..175818212:-
2_450	-1.8	2 +/- 5%	-	6	6	0	0	no	aae-miR-988-3p	dme-miR-988-3p	-	-	ccccuuguugcaaaccucacgc	ggcagguaggggcaaugggggc	ccccuuguugcaaaccucacgcuugcgguagguuccacaacugcugagagguggcagguaggggcaaugggggc	2:93351417..93351491:+
2_2796	-2.3	1 +/- 3%	-	22	22	0	0	no	aae-miR-281-5p	dme-miR-281-2-5p	-	-	aagagagcuauccgucgacagu	cguugacgugggauuuuuuug	cguugacgugggauuuuuuuguucauuuuguucuuucgcugguuucgaauaugaaaauaaagagagcuauccgucgacagu	2:96469398..96469479:-

#miRBase miRNAs not detected by miRDeep2
miRBase precursor id	total read count	mature read count(s)	star read count	remaining reads	UCSC browser	NCBI blastn	miRBase mature sequence(s)	miRBase star sequence(s)	miRBase precursor sequence
316	311	0	5	-	-	ugguuuaucuuaucugucgaggc	gucgacagggagauaaaucacu	-	cauugguuuaucuuaucugucgaggcaaguuauuuuaccggauaguguuucuuuucgugagcaaucaccacuauccagcucuucuugucgacagggagauaaaucacug	
142	142	0	0	-	-	cacguuacagauugggguuucc	uaaucucaaauuguaacagugg	-	gagguaaucucaaauuguaacaguggguugauuuuccuggugaaucccggccuuguccuccgucacaagugugacaagugucucgaaaacguguucgcuauacccacguuacagauugggguuucccc	
139	139	0	0	-	-	ucagguacugagugacucucag	gagagcaccucgguaucuaagc	-	cauucgcaauuucaccgguucagguacugagugacucucagaugugcauuucucaagcaaucucguccucaggaccugagguugaaaaacccugagagcaccucgguaucuaagccaguguugcgaaaa	
21	21	0	0	-	-	caaccacuauccgcccugccgcc	uggcagugugguuagcugguug	-	caaggcaauacgcuauggcagugugguuagcugguuguguagaacuuuggggggcuuccguggcguucgcgcgcacacgggggcucagauucacaaccacuauccgcccugccgccgcgaggugccagg	
9	9	0	0	-	-	uaagcguauagcuuuucccauu	-	gauucugaagggggaaauccuguacgcuguauguuguauuugaauaauccauaagcguauagcuuuucccauucggcgu	
7	7	0	0	-	-	gcuuuggcgcuuuagcuguauga	uaaagcuagauuaccaaagcau	-	gaacccaucguccaugcuuuggcgcuuuagcuguaugauagaauuuaauauuucauaaagcuagauuaccaaagcauggaaggcuugggcgguguc	
8	8	0	0	-	-	cgguacggacaggggcaacauu	uauugcacuugucccggccua	-	aaucuacgcaucgguacggacaggggcaacauugugacauuugaaagcuaauauugcacuugucccggccuaugcguggagu	
16	6	0	10	-	-	gugugugaaccguuggcggc	-	agcagugugugaaccguuggcggcgcaacgccugaugguauugaugcugcu	
15	5	0	10	-	-	ugacuagauccacacucauuaa	-	acaucccaacgguugucgaugggugugaaucuaguguuucacaugauuuucgauagccugugacuagauccacacucauuaacaaaaguugccgg	
3	3	0	0	-	-	agcauuuuuacaccucaggac	-	ucagcauuuuuacaccucaggacguaagauugcaucgcugccuggagucuugaaguaaaacaaugcuaa	
4	3	0	1	-	-	ucacuuuuuagugacuugguc	-	caagucacuuuuuagugacuuggucacuuuuuucaaucuggucacuaaaaagucacuau	
2	2	0	0	-	-	ugagauucuacuucuccgacuuaa	aaguggaguaguggucucaucg	-	acgauaugaaauaaguggaguaguggucucaucgcuuaguauuagaaaagugagauucuacuucuccgacuuaauucauaucua	
3	2	0	1	-	-	cacaaccuccuugagugagcga	-	cuaguuucccggcagucgaucacucacucaaccugggugugaugcuuauuugaaucaucacaaccuccuugagugagcgaccgauugaugg	
2	1	0	1	-	-	aaaugggacugauaugcgaguau	-	ccauucucgcauaacaguaccauauucuugggauuucucauauaaaugggacugauaugcgaguaugg	
1	1	0	0	-	-	uagcaccauucgaaaucaguac	-	guuaaucuuccuaaguacuggcuuccaaaggugaguagauggcauucgauacacucuagcaccauucgaaaucaguacugaaggcgaagauuuguucugcguga	
1	1	0	0	-	-	gugagcaaauuuucaggugugu	-	accagauugucacuggccagccugaaauuugcuaaaccuguguguauuugauucaaacaaucaaggugagcaaauuuucaggugugucggagaacaaucgcaaucau	
1	1	0	0	-	-	uuccgaaguugggugucucgc	-	ugcaagauacccuacuucggaaguagggcgcauuagagcgcauccggaugcgaaucgaaugcaccacuuccgaaguugggugucucgca	


1	0	0	1	-	-	uucaggagaucaucgagguagc	-	uggcuaucucgaugguccccugaacuacaguugcaacaaaacaaguguucaggagaucaucgagguagcca	







4	0	0	4	-	-	cgagauacggagagauugcgaca	-	cagucgccucuucacaucucgauaucgaagggaccaucgagauacggagagauugcgacaa	





1	0	0	1	-	-	aauguuggacaacugcaaggu	-	auaaaauguuggacaacugcaagguacuucaagguuuuuauuucgucuuuaauacaggguaucugcagugaucgauuuucucu	













































1	0	0	1	-	-	auuuuuuugacuguaauuuuauag	-	augguaaaauuacguugaaaaaucgucucccucaaaaaaugaaaccugagacuaacaggagauuuuuuugacuguaauuuuauagu	








1	0	0	1	-	-	uuggacuggcaugcguuuaugg	-	cccauaaacgcauaauugucccaugugaauagaaaauccagccacauuggacuggcaugcguuuauggg	
