miRDeep2 score	novel miRNAs reported by miRDeep2	novel miRNAs, estimated false positives	novel miRNAs, estimated true positives	known miRNAs in species	known miRNAs in data	known miRNAs detected by miRDeep2	estimated signal-to-noise	excision gearing
10	1	0 +/- 1	1 +/- 0 (69 +/- 46%)	164	81	24 (30%)	36.8	1
9	1	0 +/- 1	1 +/- 0 (65 +/- 48%)	164	81	24 (30%)	33.3	1
8	1	0 +/- 1	1 +/- 0 (65 +/- 48%)	164	81	24 (30%)	31.8	1
7	1	0 +/- 1	1 +/- 0 (62 +/- 49%)	164	81	24 (30%)	28.6	1
6	1	0 +/- 1	1 +/- 0 (61 +/- 49%)	164	81	24 (30%)	27.5	1
5	1	1 +/- 1	1 +/- 0 (56 +/- 50%)	164	81	42 (52%)	44.4	1
4	1	1 +/- 1	0 +/- 1 (46 +/- 50%)	164	81	58 (72%)	46.5	1
3	1	1 +/- 1	0 +/- 0 (30 +/- 46%)	164	81	59 (73%)	33.1	1
2	2	2 +/- 1	1 +/- 1 (35 +/- 38%)	164	81	60 (74%)	24.3	1
1	5	3 +/- 2	3 +/- 1 (51 +/- 29%)	164	81	65 (80%)	16.9	1
0	10	6 +/- 3	4 +/- 2 (41 +/- 23%)	164	81	68 (84%)	8.4	1
-1	15	15 +/- 4	2 +/- 2 (11 +/- 16%)	164	81	68 (84%)	4	1
-2	38	36 +/- 5	3 +/- 3 (8 +/- 9%)	164	81	68 (84%)	2.3	1
-3	79	64 +/- 7	15 +/- 7 (19 +/- 9%)	164	81	68 (84%)	2	1
-4	208	124 +/- 9	84 +/- 9 (40 +/- 5%)	164	81	70 (86%)	2	1
-5	345	313 +/- 13	32 +/- 13 (9 +/- 4%)	164	81	71 (88%)	1.3	1
-6	425	731 +/- 18	0 +/- 0 (0 +/- 0%)	164	81	71 (88%)	0.7	1
-7	513	1147 +/- 23	0 +/- 0 (0 +/- 0%)	164	81	72 (89%)	0.5	1
-8	715	1514 +/- 27	0 +/- 0 (0 +/- 0%)	164	81	73 (90%)	0.5	1
-9	1044	1836 +/- 28	0 +/- 0 (0 +/- 0%)	164	81	73 (90%)	0.6	1
-10	1379	2096 +/- 31	0 +/- 0 (0 +/- 0%)	164	81	73 (90%)	0.7	1



novel miRNAs predicted by miRDeep2
provisional id	miRDeep2 score	estimated probability that the miRNA candidate is a true positive	rfam alert	total read count	mature read count	loop read count	star read count	significant randfold p-value	miRBase miRNA	example miRBase miRNA with the same seed	UCSC browser	NCBI blastn	consensus mature sequence	consensus star sequence	consensus precursor sequence	precursor coordinate
1_32282	75.7	69 +/- 46%	-	147	120	22	5	yes	-	-	-	-	ggauuggauuuggauuggauuu	auuggauuuggauuggauuu	auuggauuuggauuggauuuggauuggauuuggauuggauuuggauuggauuuggauuggauuuggauuggaauuuggauuggauuuggauuggauuu	1:67022018..67022116:+
2_13705	2	35 +/- 38%	-	154	73	81	0	yes	-	-	-	-	ggauuggauuuggauuggauuu	auuggauuuggauccaauccaa	ggauuggauuuggauuggauuuggauuggauuuggauuggauuuggauuggauuuggauuggauuuggauuggauucgaauuggauuuggauccaauccaa	2:322222317..322222418:-
3_17589	1.6	51 +/- 29%	-	149	63	37	49	yes	-	-	-	-	ggauuggauuuggauuggauuu	ggauuuggauuggauuuggauu	ggauuggauuuggauuggauuuggauuggauuuggauuggauuuggauuggauuuggauuggauuuggauuggauuggaauuggauuuggauuggauuuggauu	3:76361268..76361372:+
2_2552	1.5	51 +/- 29%	-	367	367	0	0	yes	-	-	-	-	aauuccggagccuguugagu	gcaacagaugauccgggugauugu	aauuccggagccuguugaguauagcaacagaugauccgggugauugu	2:149601882..149601929:+
3_22131	1.1	51 +/- 29%	-	12	12	0	0	yes	-	-	-	-	acguuguuguuguuguugu	gacggggcggcguua	gacggggcggcguuauuacguuguuguuguuguugu	3:311565114..311565150:+
3_24761	0.9	41 +/- 23%	-	10	10	0	0	yes	-	-	-	-	uuuggauuuuggauuuuggauu	uuuggaauuuggaauuuggaau	uuuggauuuuggauuuuggauuuuggauuuuggguuuuggauuuuggaauuuggaauuuggaauuuggaauuuggaauuuggaauuuggaauuuggaauuuggaau	3:59136234..59136340:-
3_24276	0.8	41 +/- 23%	-	10	10	0	0	yes	-	-	-	-	uacggcaagggcugauugcugc	agcauuucaggccuuaucauagu	agcauuucaggccuuaucauaguuugauaguagucugaacuacuagacugcaaaacuacggcaagggcugauugcugc	3:24365789..24365867:-
1_32176	0.8	41 +/- 23%	-	125	125	0	0	yes	-	-	-	-	ggauuggauuuggauuggauuu	auuggauuuggauuggauuugg	auuggauuuggauuggauuuggauugagauuuggauuggauuuggauuggauuu	1:62640254..62640308:+
1_41948	0.6	41 +/- 23%	-	10	10	0	0	yes	-	-	-	-	uacggcaagggcugauugcugc	agcauuucaggcuuuaucauagu	agcauuucaggcuuuaucauaguuugauaguagucugaacuacuagacugcaaaacuacggcaagggcugauugcugc	1:213532580..213532658:-
1_39285	0.4	41 +/- 23%	-	4	4	0	0	yes	-	dme-miR-4962-3p	-	-	aacgaugucgggaaaucu	auuucccacuucggaug	aacgaugucgggaaaucuagccauucuugcuccaaaggaugauaacgucaccaagaugauggccgcgauuucccacuucggaug	1:153974524..153974608:-



mature miRBase miRNAs detected by miRDeep2
tag id	miRDeep2 score	estimated probability that the miRNA is a true positive	rfam alert	total read count	mature read count	loop read count	star read count	significant randfold p-value	mature miRBase miRNA	example miRBase miRNA with the same seed	UCSC browser	NCBI blastn	consensus mature sequence	consensus star sequence	consensus precursor sequence	precursor coordinate
1_43481	5817.3	69 +/- 46%	-	11402	11390	0	12	yes	aae-miR-283	dme-miR-283-5p	-	-	caauaucagcugguaauucuggg	cggaauuccaacugauaucca	caauaucagcugguaauucugggcuuaccccaccguuauacgcuucccggaauuccaacugauaucca	1:305625601..305625669:-
2_9462	1039.9	69 +/- 46%	-	2031	2030	0	1	yes	aae-miR-2a-5p	dme-miR-2a-3p	-	-	uaucacagccagcuuugaagagcg	acucucaaagugguugugaaau	acucucaaagugguugugaaaugaguuacucuugaacgaucucauaucacagccagcuuugaagagcg	2:107237501..107237569:-
2_5115	217.5	69 +/- 46%	-	418	417	0	1	yes	aae-miR-275-5p	dme-miR-275-3p	-	-	ucagguaccugaaguagcgcgcg	cgcgcuaagcaggaaccgagacu	cgcgcuaagcaggaaccgagacuuugucauuugcuagcagucagguaccugaaguagcgcgcg	2:307135668..307135731:+
3_19557	123.5	69 +/- 46%	-	237	235	0	2	yes	aae-bantam-5p	dme-bantam-3p	-	-	ugagaucauuuugaaagcugauu	ccgguuuucauuuucgaucugacu	ccgguuuucauuuucgaucugacuuauuugauuuaacaagagugagaucauuuugaaagcugauu	3:178082830..178082895:+
2_9464	111.8	69 +/- 46%	-	211	194	0	17	yes	aae-miR-13-5p	dme-miR-2a-3p	-	-	uaucacagccauuuugacgaguu	ucguaaaaaugguugugcugu	ucguaaaaaugguugugcuguguuguuacgcucgaaauucauaucacagccauuuugacgaguu	2:107237649..107237713:-
3_25044	87.7	69 +/- 46%	-	163	162	0	1	yes	aae-miR-11-5p	dme-miR-2a-3p	-	-	caucacagucugaguucuugcu	cgagaacuccggcugugaccugu	cgagaacuccggcugugaccuguguacacuuuauccaaaucacaucacagucugaguucuugcu	3:75489864..75489928:-
2_9469	72.9	69 +/- 46%	-	141	127	0	14	yes	aae-miR-71-5p	-	-	-	agaaagacauggguagugagau	ucucacuaccuugucuuucaug	agaaagacauggguagugagauaguuucacccuauugcacugggaucucacuaccuugucuuucaug	2:107238287..107238354:-
1_39735	56.4	69 +/- 46%	-	111	104	0	7	no	aae-miR-252-5p	dme-miR-252-5p	-	-	cuaaguacuagugccgcaggag	ccugcugcccaagugcuuaucg	cuaaguacuagugccgcaggagagauuugaaccccugcugcccaagugcuuaucg	1:175818157..175818212:-
2_9287	31.6	69 +/- 46%	-	54	47	0	7	yes	aae-miR-281-5p	dme-miR-281-2-5p	-	-	aagagagcuauccgucgacagu	cugucauggaauugcucucuuua	aagagagcuauccgucgacaguagggauaugauucacugucauggaauugcucucuuua	2:96469361..96469420:-
1_43408	25.8	69 +/- 46%	-	42	36	0	6	yes	aae-miR-277-5p	dme-miR-277-3p	-	-	uaaaugcacuaucugguacgaca	cgugucagaagugcauuuaca	cgugucagaagugcauuuacauagguauuucccguuuagcaguauuuguaaaugcacuaucugguacgaca	1:302603812..302603883:-
2_14015	16.3	69 +/- 46%	-	24	23	0	1	yes	aae-miR-9c-5p	dme-miR-9a-5p	-	-	ucuuugguauucuagcuguaga	uaaagcuuuaguaccagagguc	ucuuugguauucuagcuguagaauguugagcuuugugauaugguaucuucuaaagcuuuaguaccagagguc	2:335810364..335810436:-
3_20881	11.1	69 +/- 46%	-	13	10	0	3	yes	aae-miR-307	dme-miR-307a-3p	-	-	ucacaaccuccuugagugagcga	acucacucaaccugggugu	acucacucaaccugggugugaugcuuauuugaaucaucacaaccuccuugagugagcga	3:244794376..244794435:+
2_1487	10.7	69 +/- 46%	-	12	10	0	2	yes	aae-miR-988-5p	dme-miR-988-3p	-	-	ccccuuguugcaaaccucacgc	ugugcuuugugacaaugagauu	ugugcuuugugacaaugagauucgguucgauaucauccccuuguugcaaaccucacgc	2:93351381..93351439:+
3_25042	5.4	56 +/- 50%	-	67	67	0	0	yes	aae-miR-998	dme-miR-285-3p	-	-	uagcaccaugagauucagcuc	acugaacucucgugggucugca	acugaacucucgugggucugcaguugauauuucgaaagcuuguagcaccaugagauucagcuc	3:75489589..75489652:-
2_9460	5.4	56 +/- 50%	-	795	795	0	0	yes	aae-miR-2c	dme-miR-2a-3p	-	-	uaucacagccagcuuugaugagcu	cucucaaaguggcugugaaaug	cucucaaaguggcugugaaaugguuugauuuugcucauaucacagccagcuuugaugagcu	2:107235884..107235945:-
2_8978	5.3	56 +/- 50%	-	22	22	0	0	yes	aae-miR-276-3p	dme-miR-276a-3p	-	-	uaggaacuucauaccgugcucu	agcgagguauagaguuccuaug	agcgagguauagaguuccuaugcguucggauaaaauauuccauaggaacuucauaccgugcucu	2:73509399..73509463:-
3_28204	5.3	56 +/- 50%	-	219	219	0	0	yes	aae-miR-278-5p	dme-miR-278-3p	-	-	ucggugggacuuucguccguuu	acggacgauagucuucagcggcc	acggacgauagucuucagcggccgugcauuugauagaaguggucggugggacuuucguccguuu	3:243123888..243123952:-
1_37563	5.3	56 +/- 50%	-	43	43	0	0	yes	aae-miR-33	dme-miR-33-5p	-	-	gugcauuguaguugcauugca	caauacuucugcaaugcaagc	gugcauuguaguugcauugcacuuuugcguucgauaacacggugcaauacuucugcaaugcaagc	1:50888881..50888946:-
1_43412	5.2	56 +/- 50%	-	567	567	0	0	yes	aae-miR-317	dme-miR-317-3p	-	-	ugaacacagcuggugguaucuca	ggauacacccugugcucgcu	ggauacacccugugcucgcuuugcauucgaaacuagugaacacagcuggugguaucuca	1:302667131..302667190:-
2_9289	5.1	56 +/- 50%	-	165	165	0	0	yes	aae-miR-282-5p	dme-miR-282-5p	-	-	uagccucuccuaggcuuugucu	acauagccugacagagguuagg	uagccucuccuaggcuuugucuguuaccuuccuugggaauuccacuagccagacauagccugacagagguuagg	2:96911966..96912040:-
2_9468	5.1	56 +/- 50%	-	456	456	0	0	yes	aae-miR-2c	dme-miR-2a-3p	-	-	uaucacagccagcuuugaugag	caucaaauuugguuguuuuagu	caucaaauuugguuguuuuaguacgaccucuuugaaaccccuaucacagccagcuuugaugag	2:107237997..107238060:-
2_5977	5.1	56 +/- 50%	-	57	57	0	0	yes	aae-miR-2945-5p	dme-miR-279-3p	-	-	ugacuagaggcagacucguuua	agcggguccguuucuagugucaug	agcggguccguuucuagugucaugugcuguauucgaauaucaugacuagaggcagacucguuua	2:374947142..374947206:+
2_8956	5.1	56 +/- 50%	-	22	22	0	0	yes	aae-miR-276-5p	dme-miR-276a-3p	-	-	uaggaacuucauaccgugcucu	agcgagguauagaguuccuacg	agcgagguauagaguuccuacguugcgugugcgaaauugguaggaacuucauaccgugcucu	2:73120452..73120514:-
3_25310	5.1	56 +/- 50%	-	171	171	0	0	yes	aae-miR-92b-3p	dme-miR-92a-3p	-	-	aauugcacuugucccggccugc	aggucgugacuugugcccauuug	aggucgugacuugugcccauuugcugaauuuuaauggucaaauugcacuugucccggccugc	3:93418515..93418577:-
1_34695	5	56 +/- 50%	-	206	206	0	0	yes	aae-miR-996	dme-miR-279-3p	-	-	ugacuagauuacaugcucgucu	gcgugcaugaaucuggugcacg	gcgugcaugaaucuggugcacgguuuuccaguuguaauaucgcuucgugacuagauuacaugcucgucu	1:207012536..207012605:+
3_31052	5	56 +/- 50%	-	1046	1046	0	0	yes	aae-miR-308-5p	dme-miR-2a-3p	-	-	aaucacaggaguauacugugag	cgcgguauauucuuguggcuug	cgcgguauauucuuguggcuugaugcauuugaaaaaucucaaaucacaggaguauacugugag	3:403338483..403338546:-
2_15212	5	56 +/- 50%	-	3259	3259	0	0	yes	aae-miR-184	dme-miR-184-3p	-	-	uggacggagaacugauaagggc	ccuuaucauucuugcgccccgu	ccuuaucauucuugcgccccguguuauauuguuggcgacuggacggagaacugauaagggc	2:417599380..417599441:-
1_33767	4.9	46 +/- 50%	-	26	26	0	0	yes	aae-miR-970	dme-miR-970-3p	-	-	ucauaagacacacgcggcuau	agcuugcguuugucuuagcuggua	agcuugcguuugucuuagcugguauugaaugugauagguaucauaagacacacgcggcuau	1:157238423..157238484:+
2_6639	4.9	46 +/- 50%	-	58	58	0	0	yes	aae-miR-965	dme-miR-965-3p	-	-	uaagcguauagcuuuucccauu	ggggaaauccuguacgcuguaug	ggggaaauccuguacgcuguauguuguauuugaauaauccauaagcguauagcuuuucccauu	2:429778750..429778813:+
2_14010	4.9	46 +/- 50%	-	12	12	0	0	yes	aae-miR-79-5p	dme-miR-4-3p	-	-	auaaagcuagauuaccaaagc	uuuggcgcuuuagcuguauga	uuuggcgcuuuagcuguaugauagaauuuaauauuucauaaagcuagauuaccaaagc	2:335780886..335780944:-
2_14007	4.9	46 +/- 50%	-	37	37	0	0	yes	aae-miR-9b	dme-miR-9a-5p	-	-	ucuuuggugauuuuagcuguaug	uauagcuuuaucaccaaaaacc	ucuuuggugauuuuagcuguaugcugauacguuucugauugcauauagcuuuaucaccaaaaacc	2:335780574..335780639:-
NIGP01000533_44722	4.8	46 +/- 50%	-	26	26	0	0	yes	aae-miR-970	dme-miR-970-3p	-	-	ucauaagacacacgcggcuau	agcuugcguuugucuuagcuggua	agcuugcguuugucuuagcugguauugaaugugauagguaucauaagacacacgcggcuau	NIGP01000533:10107..10168:-
2_8485	4.8	46 +/- 50%	-	179	179	0	0	yes	aae-miR-190	dme-miR-190-5p	-	-	agauauguuugauauucuugguug	cccaggaaucaaacauauuauua	agauauguuugauauucuugguuguuaaauuuuauauuaucacccaggaaucaaacauauuauua	2:48811877..48811942:-
1_43568	4.7	46 +/- 50%	-	14	11	0	3	yes	aae-miR-1175-5p	dme-miR-958-3p	-	-	ugagauucuacuucuccgacuu	aaguggaguaguggucucaucgc	aaguggaguaguggucucaucgcuuaguauuagaaaagugagauucuacuucuccgacuu	1:307010046..307010106:-
1_34693	4.7	46 +/- 50%	-	57	57	0	0	yes	aae-miR-279	dme-miR-279-3p	-	-	ugacuagauccacacucauuaa	gaugggugugaaucuaguguuucaca	gaugggugugaaucuaguguuucacaugauuuucgauagccugugacuagauccacacucauuaa	1:207007788..207007853:+
2_5587	4.6	46 +/- 50%	-	60	60	0	0	yes	aae-miR-14	dme-miR-14-3p	-	-	ucagucuuuuucucucuccuau	gggagcgagauuaaggcuugcu	gggagcgagauuaaggcuugcuggucauuuauuacacucgaagucagucuuuuucucucuccuau	2:344767572..344767637:+
1_43471	4.6	46 +/- 50%	-	2068	2068	0	0	yes	aae-miR-12-5p	dme-miR-12-5p	-	-	ugaguauuacaucagguacuggu	caguacuuauguuaugcucucu	ugaguauuacaucagguacuggugucgauauucgaaucaccaacgaaucggguuccuuugauuaacuuaccaguacuuauguuaugcucucu	1:305613548..305613640:-
3_22571	4.2	46 +/- 50%	-	28	28	0	0	yes	aae-miR-8-5p	dme-miR-8-3p	-	-	uaauacugucagguaaagauguc	caucuuaccgggcagcauuaga	caucuuaccgggcagcauuagauauuuuugaaauacuucuaauacugucagguaaagauguc	3:328527955..328528017:+
2_5120	4	46 +/- 50%	-	1219	1219	0	0	yes	aae-miR-305-5p	dme-miR-305-5p	-	-	auuguacuucaucaggugcucugg	ccggcacauguuggaguacacuua	auuguacuucaucaggugcucugguuguuuucgauacccggcacauguuggaguacacuua	2:307145445..307145506:+
2_3678	3.7	30 +/- 46%	-	103	103	0	0	yes	aae-miR-7	dme-miR-7-5p	-	-	uggaagacuagugauuuuguuguu	uaacaauaaaucucaagucuuucuac	uggaagacuagugauuuuguuguuuugcuuacgauaauaacaauaaaucucaagucuuucuac	2:222802544..222802607:+
2_8658	2	35 +/- 38%	-	338	338	0	0	yes	aae-miR-11894a	-	-	-	uuuaccauuucaagaugaccua	ggucgucuugaaaugguaaaga	ggucgucuugaaaugguaaagagugucaaucaucaucuuuaccauuucaagaugaccua	2:58785850..58785909:-
2_8662	2	35 +/- 38%	-	338	338	0	0	yes	aae-miR-11894a	-	-	-	uuuaccauuucaagaugaccua	ggucgucuugaaaugguaaaga	ggucgucuugaaaugguaaagagugucaaucaucaucuuuaccauuucaagaugaccua	2:58787426..58787485:-
2_8664	2	35 +/- 38%	-	338	338	0	0	yes	aae-miR-11894a	-	-	-	uuuaccauuucaagaugaccua	ggucgucuugaaaugguaaaga	ggucgucuugaaaugguaaagagugucaaucaucaucuuuaccauuucaagaugaccua	2:58787948..58788007:-
2_8654	1.9	51 +/- 29%	-	338	338	0	0	yes	aae-miR-11894a	-	-	-	uuuaccauuucaagaugaccua	gguugucuugaaaugguaaaga	gguugucuugaaaugguaaagagugucaaccaucaucuuuaccauuucaagaugaccua	2:58783350..58783409:-
2_8660	1.9	51 +/- 29%	-	338	338	0	0	yes	aae-miR-11894a	-	-	-	uuuaccauuucaagaugaccua	ggucgucuugaaaugguaaaga	ggucgucuugaaaugguaaagagugucaaucaucaucuuuaccauuucaagaugaccua	2:58786284..58786343:-
2_8656	1.9	51 +/- 29%	-	57	57	0	0	yes	aae-miR-11894b	-	-	-	uuuaccauuucaauaugaccua	ggucguauugaaaugguaaaga	ggucguauugaaaugguaaagagugucaaucaucaucuuuaccauuucaauaugaccua	2:58784590..58784649:-
2_13798	1.7	51 +/- 29%	-	236	236	0	0	yes	aae-miR-11895	-	-	-	uucaugcauucacuucugcuga	agcaggagugaaugcaugaguu	agcaggagugaaugcaugaguuugacaucugaaacuaauucaugcauucacuucugcuga	2:324949494..324949554:-
2_15164	1.4	51 +/- 29%	-	22	22	0	0	yes	aae-miR-1890	-	-	-	ugaaaucuuugauuaggucugg	agagcuaauuggagaguucuug	agagcuaauuggagaguucuugaauaguguugugaaccuucaugaaaucuuugauuaggucugg	2:413654961..413655025:-
3_25332	1	51 +/- 29%	-	26	26	0	0	no	aae-miR-92a-5p	dme-miR-92a-3p	-	-	uauugcacuugucccggccuau	cgguacggacaggggcaacauu	cgguacggacaggggcaacauugugacauuugaaagcuaauauugcacuugucccggccuau	3:93477596..93477658:-
3_30438	0.4	41 +/- 23%	-	3	3	0	0	yes	aae-miR-989	dme-miR-989-3p	-	-	ugugaugugacguagugguac	gccgcuaccucgcuuucacuug	gccgcuaccucgcuuucacuugguaccgauuucccauaauccaugugaugugacguagugguac	3:366439082..366439146:-
2_5411	0.3	41 +/- 23%	-	3	3	0	0	yes	aae-miR-133	dme-miR-133-3p	-	-	uugguccccuucaaccagcugu	agcugguugacuucgggucaaau	agcugguugacuucgggucaaaucgucaaauauuugcaaagauauuuccucagugaaauuauuugguccccuucaaccagcugu	2:330417065..330417149:+
2_1488	0.1	41 +/- 23%	-	10	10	0	0	no	aae-miR-988-3p	dme-miR-988-3p	-	-	ccccuuguugcaaaccucacgc	ggcagguaggggcaaugggggc	ccccuuguugcaaaccucacgcuugcgguagguuccacaacugcugagagguggcagguaggggcaaugggggc	2:93351417..93351491:+
3_25511	0	41 +/- 23%	-	9	9	0	0	yes	aae-miR-2765	-	-	-	ugguaacuccaccaccguugg	aaugggagcuggaguucccgcg	ugguaacuccaccaccguuggcgauauuugacagccaaugggagcuggaguucccgcg	3:101895454..101895512:-
2_5116	-0.5	11 +/- 16%	-	417	417	0	0	no	aae-miR-275-3p	dme-miR-275-3p	-	-	ucagguaccugaaguagcgcgcg	ucaucaagcgacaacagaggcgugaaa	ucagguaccugaaguagcgcgcgugaucaaacaggaagcgucaucaagcgacaacagaggcgugaaa	2:307135708..307135775:+
2_9288	-2.3	19 +/- 9%	-	47	47	0	0	no	aae-miR-281-5p	dme-miR-281-2-5p	-	-	aagagagcuauccgucgacagu	cguugacgugggauuuuuuug	cguugacgugggauuuuuuuguucauuuuguucuuucgcugguuucgaauaugaaaauaaagagagcuauccgucgacagu	2:96469398..96469479:-
2_14207	-3.9	40 +/- 5%	-	2	2	0	0	no	aae-miR-263a-5p	dme-miR-263a-5p	-	-	aauggcacuggaagaauucacggg	cguguucuggcaguggcauccc	aauggcacuggaagaauucacggguauauuuugaaauccccguguucuggcaguggcauccc	2:348784448..348784510:-
1_38137	-4.2	9 +/- 4%	-	1	1	0	0	yes	aae-miR-87	-	-	-	cagccugaaauuugcuaaaccu	gugagcaaauuuucaggugugu	cagccugaaauuugcuaaaccuguguguauuugauucaaacaaucaaggugagcaaauuuucaggugugu	1:80682401..80682471:-
1_32009	-6.3	0 +/- 0%	-	6	6	0	0	no	aae-miR-210	-	-	-	uugugcgugugacaacggcuau	agcugcugaccacugcacaaga	agcugcugaccacugcacaagauuagauuaugacucuugugcgugugacaacggcuau	1:54892617..54892675:+
2_9902	-7.7	0 +/- 0%	-	1	1	0	0	no	aae-miR-11919	-	-	-	uagcuagguugcggugcacugc	aguguacucugccuggccggc	aguguacucugccuggccggcgcugcugcgagucuagcuagguugcggugcacugc	2:129145074..129145130:-
2_4423	-10.3	0.00 +/- 0.00	-	1	1	0	0	no	aae-miR-11893	-	-	-	uuccugacuuauacgcuuaccuca	ugguaaguagauaaaucagaaaga	ugguaaguagauaaaucagaaagacguuuauaucguuucuuccugacuuauacgcuuaccuca	2:257889038..257889101:+
2_12361	-11.1	0.00 +/- 0.00	-	1	1	0	0	no	aae-miR-11911	-	-	-	auauagccguauauugaa	uaacuuacgguguauga	auauagccguauauugaagguaguguaacuuacgguguauga	2:256106062..256106104:-

#miRBase miRNAs not detected by miRDeep2
miRBase precursor id	total read count	mature read count(s)	star read count	remaining reads	UCSC browser	NCBI blastn	miRBase mature sequence(s)	miRBase star sequence(s)	miRBase precursor sequence
665	665	0	0	-	-	ucagguacugagugacucucag	gagagcaccucgguaucuaagc	-	cauucgcaauuucaccgguucagguacugagugacucucagaugugcauuucucaagcaaucucguccucaggaccugagguugaaaaacccugagagcaccucgguaucuaagccaguguugcgaaaa	
586	586	0	0	-	-	cacguuacagauugggguuucc	uaaucucaaauuguaacagugg	-	gagguaaucucaaauuguaacaguggguugauuuuccuggugaaucccggccuuguccuccgucacaagugugacaagugucucgaaaacguguucgcuauacccacguuacagauugggguuucccc	
381	381	0	0	-	-	ugguuuaucuuaucugucgaggc	gucgacagggagauaaaucacu	-	cauugguuuaucuuaucugucgaggcaaguuauuuuaccggauaguguuucuuuucgugagcaaucaccacuauccagcucuucuugucgacagggagauaaaucacug	
98	98	0	0	-	-	caaccacuauccgcccugccgcc	uggcagugugguuagcugguug	-	caaggcaauacgcuauggcagugugguuagcugguuguguagaacuuuggggggcuuccguggcguucgcgcgcacacgggggcucagauucacaaccacuauccgcccugccgccgcgaggugccagg	








































































