miRDeep2 score	novel miRNAs reported by miRDeep2	novel miRNAs, estimated false positives	novel miRNAs, estimated true positives	known miRNAs in species	known miRNAs in data	known miRNAs detected by miRDeep2	estimated signal-to-noise	excision gearing
10	0	0 +/- 0	0 +/- 0 (0 +/- 0%)	164	68	0 (0%)	0	1
9	0	0 +/- 0	0 +/- 0 (0 +/- 0%)	164	68	0 (0%)	0	1
8	0	0 +/- 0	0 +/- 0 (0 +/- 0%)	164	68	0 (0%)	0	1
7	0	0 +/- 0	0 +/- 0 (0 +/- 0%)	164	68	0 (0%)	0	1
6	0	0 +/- 0	0 +/- 0 (0 +/- 0%)	164	68	2 (3%)	2.6	1
5	0	0 +/- 0	0 +/- 0 (0 +/- 0%)	164	68	13 (19%)	17	1
4	0	0 +/- 0	0 +/- 0 (0 +/- 0%)	164	68	19 (28%)	21.4	1
3	0	0 +/- 0	0 +/- 0 (0 +/- 0%)	164	68	26 (38%)	5.2	1
2	0	0 +/- 0	0 +/- 0 (0 +/- 0%)	164	68	26 (38%)	4.1	1
1	1	5 +/- 2	0 +/- 0 (2 +/- 14%)	164	68	30 (44%)	4.1	1
0	5	11 +/- 3	0 +/- 0 (0 +/- 0%)	164	68	49 (72%)	3	1
-1	12	22 +/- 4	0 +/- 0 (0 +/- 0%)	164	68	56 (82%)	2	1
-2	12	33 +/- 5	0 +/- 0 (0 +/- 0%)	164	68	56 (82%)	1.4	1
-3	15	44 +/- 5	0 +/- 0 (0 +/- 0%)	164	68	56 (82%)	1.1	1
-4	20	53 +/- 6	0 +/- 0 (0 +/- 0%)	164	68	59 (87%)	1.1	1
-5	25	60 +/- 6	0 +/- 0 (0 +/- 0%)	164	68	61 (90%)	1.1	1
-6	33	74 +/- 6	0 +/- 0 (0 +/- 0%)	164	68	61 (90%)	1	1
-7	38	85 +/- 6	0 +/- 0 (0 +/- 0%)	164	68	61 (90%)	0.9	1
-8	42	95 +/- 7	0 +/- 0 (0 +/- 0%)	164	68	61 (90%)	0.9	1
-9	52	104 +/- 7	0 +/- 0 (0 +/- 0%)	164	68	61 (90%)	0.9	1
-10	65	112 +/- 7	0 +/- 0 (0 +/- 0%)	164	68	61 (90%)	0.9	1



novel miRNAs predicted by miRDeep2
provisional id	miRDeep2 score	estimated probability that the miRNA candidate is a true positive	rfam alert	total read count	mature read count	loop read count	star read count	significant randfold p-value	miRBase miRNA	example miRBase miRNA with the same seed	UCSC browser	NCBI blastn	consensus mature sequence	consensus star sequence	consensus precursor sequence	precursor coordinate
2_513	1.3	2 +/- 14%	-	554	554	0	0	yes	-	-	-	-	uucuucugggauucauccgg	gguauucuucuuggagu	uucuucugggauucauccggguguuuuuugguauucuucuuggagu	2:259400040..259400086:-
2_477	0.5	0 +/- 0%	-	2361	2361	0	0	no	-	dme-miR-277-5p	-	-	agugucagucgcuuccag	ggaaagcugccaucgu	agugucagucgcuuccaggagucuggaaagcugccaucgu	2:216867381..216867421:-
3_1130	0.5	0 +/- 0%	-	842	842	0	0	yes	-	-	-	-	uaggaaguggugauucucaaggaa	cuagaaucaauacuuuuaau	cuagaaucaauacuuuuaauuugggcaaauuuggaaaauuugucgauauagguuaggaaguggugauucucaaggaa	3:94093352..94093429:-
NIGP01002082_2019	0.3	0 +/- 0%	-	211	211	0	0	yes	-	-	-	-	aaauucucgggggaauucau	gaaagaucccuguagaaguucc	aaauucucgggggaauucauaaaaaaauaagaaagaucccuguagaaguucc	NIGP01002082:36601..36653:-
1_1599	0	0 +/- 0%	-	526	526	0	0	yes	-	-	-	-	ucagucacuuccagcugg	agcuggaguaugaga	ucagucacuuccagcugguuuugacacgaacacgaucagcuggaguaugaga	1:38205619..38205671:-



mature miRBase miRNAs detected by miRDeep2
tag id	miRDeep2 score	estimated probability that the miRNA is a true positive	rfam alert	total read count	mature read count	loop read count	star read count	significant randfold p-value	mature miRBase miRNA	example miRBase miRNA with the same seed	UCSC browser	NCBI blastn	consensus mature sequence	consensus star sequence	consensus precursor sequence	precursor coordinate
2_360	6.9	0 +/- 0%	-	5	2	0	3	yes	aae-miR-276-5p	dme-miR-276a-3p	-	-	uaggaacuucauaccgugcucu	agcgagguauagaguuccuacg	agcgagguauagaguuccuacguugcgugugcgaaauugguaggaacuucauaccgugcucu	2:73120452..73120514:-
2_370	5.4	0 +/- 0%	-	2502	2502	0	0	yes	aae-miR-2c	dme-miR-2a-3p	-	-	uaucacagccagcuuugaugagcu	cucucaaaguggcugugaaaug	cucucaaaguggcugugaaaugguuugauuuugcucauaucacagccagcuuugaugagcu	2:107235884..107235945:-
1_1972	5.2	0 +/- 0%	-	1229	1229	0	0	yes	aae-miR-277-5p	dme-miR-277-3p	-	-	uaaaugcacuaucugguacgac	cgugucagaagugcauuuaca	cgugucagaagugcauuuacauagguauuucccguuuagcaguauuuguaaaugcacuaucugguacgac	1:302603813..302603883:-
2_372	5.2	0 +/- 0%	-	10074	10074	0	0	yes	aae-miR-2a-5p	dme-miR-2a-3p	-	-	uaucacagccagcuuugaagagcg	cucucaaagugguugugaaaug	cucucaaagugguugugaaaugaguuacucuugaacgaucucauaucacagccagcuuugaagagcg	2:107237501..107237568:-
1_1981	5.1	0 +/- 0%	-	26578	26578	0	0	yes	aae-miR-283	dme-miR-283-5p	-	-	caauaucagcugguaauucugg	ggaauuccaacugauauccac	caauaucagcugguaauucugggcuuaccccaccguuauacgcuucccggaauuccaacugauauccac	1:305625600..305625669:-
1_1503	5	0 +/- 0%	-	1514	1514	0	0	yes	aae-miR-996	dme-miR-279-3p	-	-	ugacuagauuacaugcucgucua	ggcgugcaugaaucuggugcacg	ggcgugcaugaaucuggugcacgguuuuccaguuguaauaucgcuucgugacuagauuacaugcucgucua	1:207012535..207012606:+
3_1358	5	0 +/- 0%	-	5090	5090	0	0	yes	aae-miR-308-5p	dme-miR-2a-3p	-	-	aaucacaggaguauacugugag	cgcgguauauucuuguggcuug	cgcgguauauucuuguggcuugaugcauuugaaaaaucucaaaucacaggaguauacugugag	3:403338483..403338546:-
2_640	5	0 +/- 0%	-	1779	1779	0	0	yes	aae-miR-184	dme-miR-184-3p	-	-	uggacggagaacugauaagggc	ccuuaucauucuugcgccccgu	ccuuaucauucuugcgccccguguuauauuguuggcgacuggacggagaacugauaagggc	2:417599380..417599441:-
3_1126	4.8	0 +/- 0%	-	1682	1682	0	0	yes	aae-miR-92a-3p	dme-miR-92a-3p	-	-	uauugcacuugucccggccuau	cgguacggacaggggcaacauu	cgguacggacaggggcaacauugugacauuugaaagcuaauauugcacuugucccggccuau	3:93477596..93477658:-
2_339	4.8	0 +/- 0%	-	1512	1512	0	0	yes	aae-miR-190	dme-miR-190-5p	-	-	agauauguuugauauucuugguug	cccaggaaucaaacauauuauua	agauauguuugauauucuugguuguuaaauuuuauauuaucacccaggaaucaaacauauuauua	2:48811877..48811942:-
2_634	4.6	0 +/- 0%	-	22	22	0	0	yes	aae-miR-1	dme-miR-1-3p	-	-	uggaauguaaagaaguaugga	caugcuuccuugcauucaaua	caugcuuccuugcauucaauagugauucugaaagcauauggaauguaaagaaguaugga	2:399501024..399501083:-
2_204	4	0 +/- 0%	-	2743	2743	0	0	yes	aae-miR-305-5p	dme-miR-305-5p	-	-	auuguacuucaucaggugcucugg	ccggcacauguuggaguacacuua	auuguacuucaucaggugcucugguuguuuucgauacccggcacauguuggaguacacuua	2:307145445..307145506:+
3_1240	3.9	0 +/- 0%	-	9	9	0	0	yes	aae-miR-278-5p	dme-miR-278-3p	-	-	ucggugggacuuucguccguuu	acggacgauagucuucagcggcc	acggacgauagucuucagcggccgugcauuugauagaaguggucggugggacuuucguccguuu	3:243123888..243123952:-
2_158	3.7	0 +/- 0%	-	773	773	0	0	yes	aae-miR-7	dme-miR-7-5p	-	-	uggaagacuagugauuuuguuguu	uaacaauaaaucucaagucuuucuac	uggaagacuagugauuuuguuguuuugcuuacgauaauaacaauaaaucucaagucuuucuac	2:222802544..222802607:+
3_853	3.5	0 +/- 0%	-	932	932	0	0	yes	aae-bantam-5p	dme-bantam-3p	-	-	ugagaucauuuugaaagcugauu	ccgguuuucauuuucgaucugacu	ccgguuuucauuuucgaucugacuuauuugauuuaacaagagugagaucauuuugaaagcugauu	3:178082830..178082895:+
2_367	3	0 +/- 0%	-	8	8	0	0	yes	aae-miR-281-5p	dme-miR-281-2-5p	-	-	aagagagcuauccgucgacagu	ugucauggaauugcucucuuua	aagagagcuauccgucgacaguagggauaugauucacugucauggaauugcucucuuua	2:96469361..96469420:-
3_800	1.9	2 +/- 14%	-	8	8	0	0	yes	aae-miR-31	dme-miR-31b-5p	-	-	uggcaagauguuggcauagcug	gcuauucaacuucuugucuau	uggcaagauguuggcauagcugaaaguuuugaguuuagcuauucaacuucuugucuau	3:136174150..136174208:+
2_378	1.5	2 +/- 14%	-	1977	1977	0	0	yes	aae-miR-2c	-	-	-	aucacagccagcuuugaugagca	ggcaucaaauuugguuguuuuag	ggcaucaaauuugguuguuuuaguacgaccucuuugaaaccccuaucacagccagcuuugaugagca	2:107237995..107238062:-
1_1974	1.2	2 +/- 14%	-	22	22	0	0	no	aae-miR-317	dme-miR-317-3p	-	-	ugaacacagcuggugguaucu	auacacccugugcucgcu	auacacccugugcucgcuuugcauucgaaacuagugaacacagcuggugguaucu	1:302667133..302667188:-
1_1988	1	2 +/- 14%	-	2	1	0	1	yes	aae-miR-1175-5p	-	-	-	aaguggaguaguggucucaucg	agauucuacuucuccgacuuaau	aaguggaguaguggucucaucgcuuaguauuagaaaagugagauucuacuucuccgacuuaau	1:307010043..307010106:-
2_374	0.6	0 +/- 0%	-	3	3	0	0	yes	aae-miR-13-5p	dme-miR-2a-3p	-	-	uaucacagccauuuugacgaguu	aucguaaaaaugguugugcugug	aucguaaaaaugguugugcuguguuguuacgcucgaaauucauaucacagccauuuugacgaguu	2:107237649..107237714:-
3_967	0.6	0 +/- 0%	-	634	634	0	0	yes	aae-miR-8-5p	-	-	-	acugucagguaaagauguc	caucuuaccgggcagcau	caucuuaccgggcagcauuagauauuuuugaaauacuucuaauacugucagguaaagauguc	3:328527955..328528017:+
1_1725	0.6	0 +/- 0%	-	1157	1157	0	0	no	aae-miR-252-5p	dme-miR-252-5p	-	-	cuaaguacuagugccgcaggag	ccugcugcccaagugcuuaucg	cuaaguacuagugccgcaggagagauuugaaccccugcugcccaagugcuuaucg	1:175818157..175818212:-
2_421	0.5	0 +/- 0%	-	4	4	0	0	yes	aae-miR-263b-5p	dme-miR-263b-5p	-	-	cuuggcacugggagaauucaca	uggaucuuuucgugccaucgu	cuuggcacugggagaauucacaggcgcuauuugcuaucauucuguggaucuuuucgugccaucgu	2:153371131..153371196:-
3_1044	0.2	0 +/- 0%	-	2	2	0	0	yes	aae-miR-980-5p	dme-miR-980-3p	-	-	uagcugccuagugaagggcaa	gccguucauugggucaucuagc	gccguucauugggucaucuagcucguguuggaaacaguuagcugccuagugaagggcaa	3:1054524..1054583:-
2_201	0.2	0 +/- 0%	-	2	2	0	0	yes	aae-miR-275-5p	dme-miR-275-3p	-	-	ucagguaccugaaguagcgc	gcuaagcaggaaccgagacu	gcuaagcaggaaccgagacuuugucauuugcuagcagucagguaccugaaguagcgc	2:307135671..307135728:+
2_235	0.1	0 +/- 0%	-	2	2	0	0	yes	aae-miR-2945-5p	dme-miR-279-3p	-	-	ugacuagaggcagacucguuu	gcggguccguuucuagugucaug	gcggguccguuucuagugucaugugcuguauucgaauaucaugacuagaggcagacucguuu	2:374947143..374947205:+
3_1124	0.1	0 +/- 0%	-	2	2	0	0	yes	aae-miR-92b-3p	dme-miR-92a-3p	-	-	aauugcacuugucccggccug	ggucgugacuugugcccauuug	ggucgugacuugugcccauuugcugaauuuuaauggucaaauugcacuugucccggccug	3:93418516..93418576:-
3_1116	0	0 +/- 0%	-	1	1	0	0	yes	aae-miR-11-5p	dme-miR-2a-3p	-	-	caucacagucugaguucuugcu	cgagaacuccggcugugaccugug	cgagaacuccggcugugaccuguguacacuuuauccaaaucacaucacagucugaguucuugcu	3:75489864..75489928:-
2_69	0	0 +/- 0%	-	1	1	0	0	yes	aae-miR-988-5p	dme-miR-988-3p	-	-	ccccuuguugcaaaccucacgcu	ugugugcuuugugacaaugag	ugugugcuuugugacaaugagauucgguucgauaucauccccuuguugcaaaccucacgcu	2:93351379..93351440:+
1_1615	-0.1	0 +/- 0%	-	1	1	0	0	yes	aae-miR-33	dme-miR-33-5p	-	-	gugcauuguaguugcauugca	caauacuucugcaaugcaagc	gugcauuguaguugcauugcacuuuugcguucgauaacacggugcaauacuucugcaaugcaagc	1:50888881..50888946:-
3_912	-0.1	0 +/- 0%	-	1	1	0	0	yes	aae-miR-307	dme-miR-307a-5p	-	-	acucacucaaccugggugugaug	ucacaaccuccuugagugagcga	acucacucaaccugggugugaugcuuauuugaaucaucacaaccuccuugagugagcga	3:244794376..244794435:+
2_589	-0.5	0 +/- 0%	-	1	1	0	0	yes	aae-miR-9c-5p	dme-miR-9a-5p	-	-	ucuuugguauucuagcuguaga	uaaagcuuuaguaccagagguc	ucuuugguauucuagcuguagaauguugagcuuugugauaugguaucuucuaaagcuuuaguaccagagguc	2:335810364..335810436:-
2_238	-0.6	0 +/- 0%	-	1	1	0	0	yes	aae-let-7	dme-let-7-5p	-	-	ugagguaguugguuguauagu	uaugcaaucugcuagcuuguc	ugagguaguugguuguauaguagugacugauuaaauaucugcuaugcaaucugcuagcuuguc	2:375131497..375131560:+
2_240	-0.8	0 +/- 0%	-	1	1	0	0	yes	aae-miR-125-5p	dme-miR-125-5p	-	-	ucccugagacccuaacuuguga	acaaguuuugaucuccgguauu	ucccugagacccuaacuugugacuauaguugaaguuucacaaguuuugaucuccgguauu	2:375131781..375131841:+
2_213	-0.8	0 +/- 0%	-	1	1	0	0	yes	aae-miR-14	dme-miR-14-3p	-	-	ucagucuuuuucucucuccuau	gggagcgagauuaaggcuugcu	gggagcgagauuaaggcuugcuggucauuuauuacacucgaagucagucuuuuucucucuccuau	2:344767572..344767637:+
2_633	-1.4	0 +/- 0%	-	22	22	0	0	no	aae-miR-1	dme-miR-1-3p	-	-	uggaauguaaagaaguaugga	uucuucaaaaaacggaaccaag	uggaauguaaagaaguauggagcgcucgggcaaacucgacgugggaucuucuucaaaaaacggaaccaag	2:399500975..399501045:-
2_379	-3.1	0 +/- 0%	-	2	2	0	0	yes	aae-miR-71-5p	-	-	-	agaaagacauggguaguga	acuaccuugucuuucaug	agaaagacauggguagugagauaguuucacccuauugcacugggaucucacuaccuugucuuucaug	2:107238287..107238354:-
2_638	-4	0 +/- 0%	-	1	1	0	0	yes	aae-miR-1890	-	-	-	ugaaaucuuugauuaggucugg	agagcuaauuggagaguucuug	agagcuaauuggagaguucuugaauaguguugugaaccuucaugaaaucuuugauuaggucugg	2:413654961..413655025:-
3_1328	-4.1	0 +/- 0%	-	1	1	0	0	yes	aae-miR-989	-	-	-	gaugugacguagugguac	gccgcuaccucgcuuucac	gccgcuaccucgcuuucacuugguaccgauuucccauaauccaugugaugugacguagugguac	3:366439082..366439146:-
1_1397	-4.2	0 +/- 0%	-	3	3	0	0	no	aae-miR-210	dme-miR-210-3p	-	-	cuugugcgugugacaacggcuau	agcugcugaccacugcacaagau	agcugcugaccacugcacaagauuagauuaugacucuugugcgugugacaacggcuau	1:54892617..54892675:+
2_368	-4.2	0 +/- 0%	-	8	8	0	0	no	aae-miR-281-5p	dme-miR-281-2-5p	-	-	aagagagcuauccgucgacagu	cguugacgugggauuuuuuug	cguugacgugggauuuuuuuguucauuuuguucuuucgcugguuucgaauaugaaaauaaagagagcuauccgucgacagu	2:96469398..96469479:-
2_70	-4.3	0 +/- 0%	-	1	1	0	0	no	aae-miR-988-3p	dme-miR-988-3p	-	-	ccccuuguugcaaaccucacgcu	uggcagguaggggcaaugggggc	ccccuuguugcaaaccucacgcuugcgguagguuccacaacugcugagagguggcagguaggggcaaugggggc	2:93351417..93351491:+
2_202	-5.5	0 +/- 0%	-	2	2	0	0	no	aae-miR-275-3p	dme-miR-275-3p	-	-	ucagguaccugaaguagcgc	gcgacaacagaggcgugaaa	ucagguaccugaaguagcgcgcgugaucaaacaggaagcgucaucaagcgacaacagaggcgugaaa	2:307135708..307135775:+

#miRBase miRNAs not detected by miRDeep2
miRBase precursor id	total read count	mature read count(s)	star read count	remaining reads	UCSC browser	NCBI blastn	miRBase mature sequence(s)	miRBase star sequence(s)	miRBase precursor sequence
7756	7756	0	0	-	-	caguacuuauguuaugcucucu	ugaguauuacaucagguacuggu	-	uucggacugaguauuacaucagguacuggugucgauauucgaaucaccaacgaaucggguuccuuugauuaacuuaccaguacuuauguuaugcucucuccg	
2014	2014	0	0	-	-	ucagguacugagugacucucag	gagagcaccucgguaucuaagc	-	cauucgcaauuucaccgguucagguacugagugacucucagaugugcauuucucaagcaaucucguccucaggaccugagguugaaaaacccugagagcaccucgguaucuaagccaguguugcgaaaa	
22	22	0	0	-	-	caaccacuauccgcccugccgcc	uggcagugugguuagcugguug	-	caaggcaauacgcuauggcagugugguuagcugguuguguagaacuuuggggggcuuccguggcguucgcgcgcacacgggggcucagauucacaaccacuauccgcccugccgccgcgaggugccagg	
9	9	0	0	-	-	cacguuacagauugggguuucc	uaaucucaaauuguaacagugg	-	gagguaaucucaaauuguaacaguggguugauuuuccuggugaaucccggccuuguccuccgucacaagugugacaagugucucgaaaacguguucgcuauacccacguuacagauugggguuucccc	
2	2	0	0	-	-	ugguuuaucuuaucugucgaggc	gucgacagggagauaaaucacu	-	cauugguuuaucuuaucugucgaggcaaguuauuuuaccggauaguguuucuuuucgugagcaaucaccacuauccagcucuucuugucgacagggagauaaaucacug	
2	2	0	0	-	-	ugacuagauccacacucauuaa	-	acaucccaacgguugucgaugggugugaaucuaguguuucacaugauuuucgauagccugugacuagauccacacucauuaacaaaaguugccgg	
1	1	0	0	-	-	ucuuugguuaucuagcuguauga	-	gucaaaguucucuuugguuaucuagcuguaugagugaauuuagaacaucauaaagcuagcauaccgaaguuaauaguugac	
1	1	0	0	-	-	ugucuuuuuccgcuuacugccg	-	ccaacauuuugauugauuugucuuuuuccgcuuacugccgguggcauuugaaauucucgacagcaaaccgaaaaaggcgccucaaucaauu	
1	1	0	0	-	-	uugguccccuucaaccagcugu	-	cucggaaucgcugaauauagcugguugacuucgggucaaaucgucaaauauuugcaaagauauuuccucagugaaaucauuugguccccuucaaccagcuguagcagugaugcauuaca	















































































