miRDeep2 score	novel miRNAs reported by miRDeep2	novel miRNAs, estimated false positives	novel miRNAs, estimated true positives	known miRNAs in species	known miRNAs in data	known miRNAs detected by miRDeep2	estimated signal-to-noise	excision gearing
10	0	0 +/- 0	0 +/- 0 (0 +/- 0%)	164	99	14 (14%)	63.6	1
9	0	0 +/- 0	0 +/- 0 (0 +/- 0%)	164	99	16 (16%)	66.7	1
8	0	0 +/- 0	0 +/- 0 (0 +/- 0%)	164	99	17 (17%)	60	1
7	0	0 +/- 0	0 +/- 0 (0 +/- 0%)	164	99	17 (17%)	42.9	1
6	0	0 +/- 0	0 +/- 0 (0 +/- 0%)	164	99	18 (18%)	34.5	1
5	0	0 +/- 0	0 +/- 0 (0 +/- 0%)	164	99	31 (31%)	52.5	1
4	3	0 +/- 1	3 +/- 1 (84 +/- 25%)	164	99	48 (48%)	62.1	1
3	3	1 +/- 1	2 +/- 1 (74 +/- 30%)	164	99	52 (53%)	39.6	1
2	5	1 +/- 1	4 +/- 1 (71 +/- 24%)	164	99	59 (60%)	27.4	1
1	8	3 +/- 2	5 +/- 2 (60 +/- 23%)	164	99	69 (70%)	15.6	1
0	16	8 +/- 3	8 +/- 3 (48 +/- 18%)	164	99	76 (77%)	7.7	1
-1	24	21 +/- 4	4 +/- 3 (17 +/- 14%)	164	99	84 (85%)	3.9	1
-2	44	44 +/- 7	2 +/- 4 (6 +/- 9%)	164	99	85 (86%)	2.3	1
-3	85	74 +/- 8	11 +/- 7 (13 +/- 9%)	164	99	85 (86%)	1.9	1
-4	137	136 +/- 10	4 +/- 6 (3 +/- 5%)	164	99	88 (89%)	1.5	1
-5	191	261 +/- 13	0 +/- 0 (0 +/- 0%)	164	99	92 (93%)	1	1
-6	240	450 +/- 17	0 +/- 0 (0 +/- 0%)	164	99	92 (93%)	0.7	1
-7	303	628 +/- 19	0 +/- 0 (0 +/- 0%)	164	99	92 (93%)	0.6	1
-8	425	777 +/- 23	0 +/- 0 (0 +/- 0%)	164	99	92 (93%)	0.6	1
-9	566	912 +/- 23	0 +/- 0 (0 +/- 0%)	164	99	92 (93%)	0.7	1
-10	695	1023 +/- 25	0 +/- 0 (0 +/- 0%)	164	99	92 (93%)	0.7	1



novel miRNAs predicted by miRDeep2
provisional id	miRDeep2 score	estimated probability that the miRNA candidate is a true positive	rfam alert	total read count	mature read count	loop read count	star read count	significant randfold p-value	miRBase miRNA	example miRBase miRNA with the same seed	UCSC browser	NCBI blastn	consensus mature sequence	consensus star sequence	consensus precursor sequence	precursor coordinate
NIGP01000718_20604	4.9	84 +/- 25%	-	10	10	0	0	yes	-	dme-miR-193-5p	-	-	cugggauucggagagaaucccgu	gggauucggagagaaucccgucu	gggauucggagagaaucccgucugggauucggagagaaucccgucugggauucggagagaaucccgu	NIGP01000718:14254..14321:-
NIGP01000718_20606	4.9	84 +/- 25%	-	10	10	0	0	yes	-	dme-miR-193-5p	-	-	cugggauucggagagaaucccgu	ggguuucggagagaaucccgucu	ggguuucggagagaaucccgucugggauucggagagaaucccgucugggauucggagagaaucccgu	NIGP01000718:16331..16398:-
2_4552	4.5	84 +/- 25%	-	7	6	0	1	yes	-	-	-	-	gauacagccauaccguggaag	uccacgcuaugccugaau	uccacgcuaugccugaaucaguaaaauuugaaaaucgaaugugcauucgauuuuuaaaauccacugauacagccauaccguggaag	2:154129243..154129329:-
1_16535	2.9	71 +/- 24%	-	4	3	0	1	yes	-	-	-	-	caauccaauccaaacccaaucc	auuggguuuggauuggauuagga	auuggguuuggauuggauuaggauugcauuugaacuccaauccaauccaaacccaaucc	1:9914681..9914740:-
3_7791	2.8	71 +/- 24%	-	7	7	0	0	yes	-	dme-miR-971-3p	-	-	uugguguuauaucuuacagugag	ggcuguaaguauuacagcaagc	ggcuguaaguauuacagcaagcuugcuauucgaaaggcgcuugguguuauaucuuacagugag	3:82678953..82679016:+
2_6280	1.5	60 +/- 23%	-	6	6	0	0	yes	-	dme-miR-11182	-	-	aacaucgacucauggagguau	gguuccaugagucgauaucg	gguuccaugagucgauaucgagucauggaacaucgacucauggagguau	2:360217039..360217088:-
2_6905	1.3	60 +/- 23%	-	9	9	0	0	yes	-	-	-	-	caaaguuguuuagaaggacaa	guccuucuaaacaacuuugcc	caaaguuguuuagaaggacaaugacauucgaaaggcauauagucuugccuuucgaaugucauuguccuucuaaacaacuuugcc	2:457101186..457101270:-
1_14137	1	60 +/- 23%	-	3	3	0	0	yes	-	dme-miR-4986-5p	-	-	ugggauucugagaggaucccgu	gggauucagaaagaaucccgua	gggauucagaaagaaucccguaugagauucugagagaaucccgucugggauucugagaggaucccgu	1:39889166..39889233:+
1_15120	0.9	48 +/- 18%	-	3	3	0	0	yes	-	dme-miR-4986-5p	-	-	ugggauucuuccaggagu	ucuugggauucuuccaga	ugggauucuuccaggaguuccucaugggauucuuccaugaguuccucuugggauucuuccaga	1:153350226..153350289:+
1_14139	0.4	48 +/- 18%	-	2	2	0	0	yes	-	dme-miR-193-5p	-	-	cugggauucugagagaaucccgu	gugauucugagacaaucccguc	gugauucugagacaaucccgucugggauucugagagaaucccgacugggauucugagagaaucccgu	1:39892025..39892092:+
2_5140	0.3	48 +/- 18%	-	2	2	0	0	yes	-	dme-miR-10404-5p	-	-	aauugaaguuuacaugac	cauguaaauuuguguuau	cauguaaauuuguguuauaugucauguaaucacacagaauccugcuggauuacaugacauauaauugaaguuuacaugac	2:230595026..230595106:-
2_1029	0.3	48 +/- 18%	-	61	61	0	0	no	-	dme-miR-932-5p	-	-	acaauuccggagccuguugaguau	ucuccucuacccggguugguu	ucuccucuacccggguugguugguuuuaugaugaacuuuuguucaaagggaauccgguuacaauuccggagccuguugaguau	2:149601821..149601904:+
1_15808	0	48 +/- 18%	-	1	1	0	0	yes	-	dme-miR-4970-5p	-	-	uugggagcuucucuccag	cuccagaagcuugggagc	cuccagaagcuugggagcuucucuccagaagcuugggagcuucucuccag	1:219386761..219386811:+
2_6125	0	48 +/- 18%	-	3	3	0	0	yes	-	dme-miR-11182	-	-	aacaucgaccggguaagugc	acuuugucccuccagaaauauuug	aacaucgaccggguaagugccggcaccagcacaauugugcuggucccacuuugucccuccagaaauauuug	2:339290305..339290376:-
1_15807	0	48 +/- 18%	-	1	1	0	0	yes	-	dme-miR-4970-5p	-	-	uugggagcuucucuccag	cuccagaagcuugggagc	cuccagaagcuugggagcuucucuccagaagcuugggagcuucucuccagaagcuugggagcuucucuccag	1:219386717..219386789:+
1_15650	0	48 +/- 18%	-	7	7	0	0	yes	-	-	-	-	cuggaggcagcaacagccgcu	cggcuguugcugccucaaggc	cuggaggcagcaacagccgcucaaaauuuucuugcgcggcuguugcugccucaaggc	1:206352953..206353010:+



mature miRBase miRNAs detected by miRDeep2
tag id	miRDeep2 score	estimated probability that the miRNA is a true positive	rfam alert	total read count	mature read count	loop read count	star read count	significant randfold p-value	mature miRBase miRNA	example miRBase miRNA with the same seed	UCSC browser	NCBI blastn	consensus mature sequence	consensus star sequence	consensus precursor sequence	precursor coordinate
1_19764	296	0 +/- 0%	-	572	571	0	1	yes	aae-miR-277-5p	dme-miR-277-3p	-	-	uaaaugcacuaucugguacgaca	cgugucagaagugcauuuac	cgugucagaagugcauuuacauagguauuucccguuuagcaguauuuguaaaugcacuaucugguacgaca	1:302603812..302603883:-
2_4111	67.3	0 +/- 0%	-	124	110	0	14	yes	aae-miR-281-5p	dme-miR-281-2-5p	-	-	aagagagcuauccgucgacagu	ugucauggaauugcucucuuua	aagagagcuauccgucgacaguagggauaugauucacugucauggaauugcucucuuua	2:96469361..96469420:-
3_13770	58.3	0 +/- 0%	-	106	101	0	5	yes	aae-miR-308-5p	dme-miR-2a-3p	-	-	aaucacaggaguauacugugag	cgcgguauauucuuguggcuu	cgcgguauauucuuguggcuugaugcauuugaaaaaucucaaaucacaggaguauacugugag	3:403338483..403338546:-
1_17853	26.5	0 +/- 0%	-	45	40	0	5	yes	aae-miR-252-5p	dme-miR-252-5p	-	-	cuaaguacuagugccgcagga	ccugcugcccaagugcuuaucg	cuaaguacuagugccgcaggagagauuugaaccccugcugcccaagugcuuaucg	1:175818157..175818212:-
2_4192	21.1	0 +/- 0%	-	33	24	0	9	yes	aae-miR-13-5p	dme-miR-2a-3p	-	-	uaucacagccauuuugacgaguu	ucguaaaaaugguugugcugug	ucguaaaaaugguugugcuguguuguuacgcucgaaauucauaucacagccauuuugacgaguu	2:107237649..107237713:-
2_3966	18.6	0 +/- 0%	-	28	26	0	2	yes	aae-miR-276-5p	dme-miR-276a-3p	-	-	uaggaacuucauaccgugcucu	agcgagguauagaguuccuacg	agcgagguauagaguuccuacguugcgugugcgaaauugguaggaacuucauaccgugcucu	2:73120452..73120514:-
2_4197	17.3	0 +/- 0%	-	32	26	0	6	yes	aae-miR-71-5p	-	-	-	agaaagacauggguagugagau	ucucacuaccuugucuuucau	agaaagacauggguagugagauaguuucacccuauugcacugggaucucacuaccuugucuuucau	2:107238288..107238354:-
2_6101	9.2	0 +/- 0%	-	10	8	0	2	yes	aae-miR-9c-5p	dme-miR-9a-5p	-	-	ucuuugguauucuagcuguaga	uaaagcuuuaguaccagagguc	ucuuugguauucuagcuguagaauguugagcuuugugauaugguaucuucuaaagcuuuaguaccagagguc	2:335810364..335810436:-
3_9169	8.1	0 +/- 0%	-	7	6	0	1	yes	aae-miR-307	dme-miR-307a-3p	-	-	ucacaaccuccuugagugagcg	acucacucaaccugggugugaug	acucacucaaccugggugugaugcuuauuugaaucaucacaaccuccuugagugagcg	3:244794376..244794434:+
2_6277	6.3	0 +/- 0%	-	12	11	0	1	yes	aae-miR-1891	-	-	-	ugaggaguuaauuugcguguuu	acacguccauuaacucugguac	ugaggaguuaauuugcguguuuuuguauuugauuaaacacguccauuaacucugguac	2:360084867..360084925:-
1_15662	5.5	0 +/- 0%	-	10	6	0	4	yes	aae-miR-279	-	-	-	gaugggugugaaucuaguguuuc	ugacuagauccacacucauuaa	gaugggugugaaucuaguguuucacaugauuuucgauagccugugacuagauccacacucauuaa	1:207007788..207007853:+
3_11064	5.4	0 +/- 0%	-	22	22	0	0	yes	aae-miR-11-5p	dme-miR-2a-3p	-	-	caucacagucugaguucuugcu	cgagaacuccggcugugaccugug	cgagaacuccggcugugaccuguguacacuuuauccaaaucacaucacagucugaguucuugcu	3:75489864..75489928:-
2_4188	5.4	0 +/- 0%	-	41	41	0	0	yes	aae-miR-2c	dme-miR-2a-3p	-	-	uaucacagccagcuuugaugagcu	cucucaaaguggcugugaaaug	cucucaaaguggcugugaaaugguuugauuuugcucauaucacagccagcuuugaugagcu	2:107235884..107235945:-
2_3982	5.2	0 +/- 0%	-	26	26	0	0	yes	aae-miR-276-3p	dme-miR-276a-3p	-	-	uaggaacuucauaccgugcucu	agcgagguauagaguuccuaug	agcgagguauagaguuccuaugcguucggauaaaauauuccauaggaacuucauaccgugcucu	2:73509399..73509463:-
1_19768	5.2	0 +/- 0%	-	70	70	0	0	yes	aae-miR-317	dme-miR-317-3p	-	-	ugaacacagcuggugguaucuca	ggauacacccugugcucgcu	ggauacacccugugcucgcuuugcauucgaaacuagugaacacagcuggugguaucuca	1:302667131..302667190:-
2_4190	5.2	0 +/- 0%	-	158	158	0	0	yes	aae-miR-2a-5p	dme-miR-2a-3p	-	-	uaucacagccagcuuugaaga	ucaaagugguugugaaaug	ucaaagugguugugaaaugaguuacucuugaacgaucucauaucacagccagcuuugaaga	2:107237504..107237565:-
2_2203	5.2	0 +/- 0%	-	19	19	0	0	yes	aae-miR-275-5p	dme-miR-275-3p	-	-	ucagguaccugaaguagcgcgc	gcgcuaagcaggaaccgagacu	gcgcuaagcaggaaccgagacuuugucauuugcuagcagucagguaccugaaguagcgcgc	2:307135669..307135730:+
2_4196	5.1	0 +/- 0%	-	39	39	0	0	yes	aae-miR-2c	dme-miR-2a-3p	-	-	uaucacagccagcuuugauga	aucaaauuugguuguuuuagu	aucaaauuugguuguuuuaguacgaccucuuugaaaccccuaucacagccagcuuugauga	2:107237998..107238059:-
1_19797	5.1	0 +/- 0%	-	181	181	0	0	yes	aae-miR-283	dme-miR-283-5p	-	-	caauaucagcugguaauucuggg	cggaauuccaacugauauccac	caauaucagcugguaauucugggcuuaccccaccguuauacgcuucccggaauuccaacugauauccac	1:305625600..305625669:-
3_11152	5.1	0 +/- 0%	-	14	14	0	0	yes	aae-miR-92b-3p	dme-miR-92a-3p	-	-	aauugcacuugucccggccugc	aggucgugacuugugcccauuug	aggucgugacuugugcccauuugcugaauuuuaauggucaaauugcacuugucccggccugc	3:93418515..93418577:-
2_6672	5	0 +/- 0%	-	151	151	0	0	yes	aae-miR-184	dme-miR-184-3p	-	-	uggacggagaacugauaagggc	ccuuaucauucuugcgccccgu	ccuuaucauucuugcgccccguguuauauuguuggcgacuggacggagaacugauaagggc	2:417599380..417599441:-
3_13518	4.8	84 +/- 25%	-	12	12	0	0	yes	aae-miR-989	dme-miR-989-3p	-	-	ugugaugugacguagugguacc	cgccgcuaccucgcuuucacuug	cgccgcuaccucgcuuucacuugguaccgauuucccauaauccaugugaugugacguagugguacc	3:366439081..366439147:-
1_19818	4.7	84 +/- 25%	-	70	69	0	1	yes	aae-miR-1175-5p	dme-miR-958-3p	-	-	ugagauucuacuucuccgacuu	aaguggaguaguggucucauc	aaguggaguaguggucucaucgcuuaguauuagaaaagugagauucuacuucuccgacuu	1:307010046..307010106:-
1_15663	4.7	84 +/- 25%	-	11	11	0	0	yes	aae-miR-996	dme-miR-279-3p	-	-	ugacuagauuacaugcucgucu	gcgugcaugaaucuggugcacg	gcgugcaugaaucuggugcacgguuuuccaguuguaauaucgcuucgugacuagauuacaugcucgucu	1:207012536..207012605:+
2_6568	4.6	84 +/- 25%	-	75	75	0	0	yes	aae-miR-1	dme-miR-1-3p	-	-	uggaauguaaagaaguauggag	ccaugcuuccuugcauucaaua	ccaugcuuccuugcauucaauagugauucugaaagcauauggaauguaaagaaguauggag	2:399501023..399501084:-
1_19793	4.6	84 +/- 25%	-	138	138	0	0	yes	aae-miR-12-5p	dme-miR-12-5p	-	-	ugaguauuacaucagguacuggu	caguacuuauguuaugcucucu	ugaguauuacaucagguacuggugucgauauucgaaucaccaacgaaucggguuccuuugauuaacuuaccaguacuuauguuaugcucucu	1:305613548..305613640:-
2_2427	4.6	84 +/- 25%	-	12	12	0	0	yes	aae-miR-14	dme-miR-316-5p	-	-	agucuuuuucucucuccu	gagcgagauuaaggcuug	gagcgagauuaaggcuugcuggucauuuauuacacucgaagucagucuuuuucucucuccu	2:344767574..344767635:+
2_748	4.5	84 +/- 25%	-	12	12	0	0	yes	aae-miR-9a	dme-miR-9a-5p	-	-	ucuuugguuaucuagcuguau	aaagcuagcauaccgaaguua	ucuuugguuaucuagcuguaugagugaauuuagaacaucauaaagcuagcauaccgaaguua	2:108461947..108462009:+
3_12532	4.5	84 +/- 25%	-	10	10	0	0	yes	aae-miR-278-5p	dme-miR-278-3p	-	-	ucggugggacuuucguccguuu	acggacgauagucuucagcggcc	acggacgauagucuucagcggccgugcauuugauagaaguggucggugggacuuucguccguuu	3:243123888..243123952:-
2_2335	4.2	84 +/- 25%	-	11	11	0	0	yes	aae-miR-133	dme-miR-133-3p	-	-	uugguccccuucaaccagcugu	agcugguugacuucgggucaaau	agcugguugacuucgggucaaaucgucaaauauuugcaaagauauuuccucagugaaauuauuugguccccuucaaccagcugu	2:330417065..330417149:+
3_9949	4.2	84 +/- 25%	-	157	157	0	0	yes	aae-miR-8-5p	dme-miR-8-3p	-	-	uaauacugucagguaaagauguc	caucuuaccgggcagcauuaga	caucuuaccgggcagcauuagauauuuuugaaauacuucuaauacugucagguaaagauguc	3:328527955..328528017:+
1_15412	4	84 +/- 25%	-	9	9	0	0	yes	aae-miR-929	dme-miR-929-5p	-	-	aaauugacucuaguagggagu	ucccuaacggagucagauuga	aaauugacucuaguagggaguccuuguguacgagugacucccuaacggagucagauuga	1:198495526..198495585:+
2_2206	4	84 +/- 25%	-	61	61	0	0	yes	aae-miR-305-5p	dme-miR-305-5p	-	-	auuguacuucaucaggugcucugg	ccggcacauguuggaguacacuua	auuguacuucaucaggugcucugguuguuuucgauacccggcacauguuggaguacacuua	2:307145445..307145506:+
3_8148	3.8	74 +/- 30%	-	45	45	0	0	yes	aae-miR-31	dme-miR-31b-5p	-	-	uggcaagauguuggcauagcug	gcuauucaacuucuugucuau	uggcaagauguuggcauagcugaaaguuuugaguuuagcuauucaacuucuugucuau	3:136174150..136174208:+
2_6093	3.5	74 +/- 30%	-	9	9	0	0	yes	aae-miR-9b	dme-miR-9a-5p	-	-	ucuuuggugauuuuagcuguaug	uauagcuuuaucaccaaaaacc	ucuuuggugauuuuagcuguaugcugauacguuucugauugcauauagcuuuaucaccaaaaacc	2:335780574..335780639:-
2_2579	3.4	74 +/- 30%	-	9	9	0	0	yes	aae-miR-124	dme-miR-124-3p	-	-	uaaggcacgcggugaaugccaa	gguauccacugccggccuauaug	gguauccacugccggccuauauguccuauuucgguacucauaaggcacgcggugaaugccaa	2:369307279..369307341:+
2_2628	3.2	74 +/- 30%	-	9	9	0	0	yes	aae-miR-125-5p	dme-miR-125-5p	-	-	ucccugagacccuaacuuguga	acaaguuuugaucuccgguauu	ucccugagacccuaacuugugacuauaguugaaguuucacaaguuuugaucuccgguauu	2:375131781..375131841:+
2_2623	2.6	71 +/- 24%	-	7	7	0	0	yes	aae-miR-2945-5p	dme-miR-279-3p	-	-	ugacuagaggcagacucguuua	agcggguccguuucuagugucaug	agcggguccguuucuagugucaugugcuguauucgaauaucaugacuagaggcagacucguuua	2:374947142..374947206:+
2_6096	2.5	71 +/- 24%	-	7	7	0	0	yes	aae-miR-79-5p	dme-miR-4-3p	-	-	auaaagcuagauuaccaaagc	uuuggcgcuuuagcuguauga	uuuggcgcuuuagcuguaugauagaauuuaauauuucauaaagcuagauuaccaaagc	2:335780886..335780944:-
3_11062	2.4	71 +/- 24%	-	6	6	0	0	yes	aae-miR-998	dme-miR-285-3p	-	-	uagcaccaugagauucagcuc	acugaacucucgugggucugca	acugaacucucgugggucugcaguugauauuucgaaagcuuguagcaccaugagauucagcuc	3:75489589..75489652:-
2_2967	2.4	71 +/- 24%	-	7	7	0	0	yes	aae-miR-965	dme-miR-965-3p	-	-	uaagcguauagcuuuuccca	ggaaauccuguacgcuguaug	ggaaauccuguacgcuguauguuguauuugaauaauccauaagcguauagcuuuuccca	2:429778752..429778811:+
2_3854	2	71 +/- 24%	-	2807	2807	0	0	yes	aae-miR-11894a	-	-	-	uuuaccauuucaagaugaccua	gguugucuugaaaugguaaaga	gguugucuugaaaugguaaagagugucaaccaucaucuuuaccauuucaagaugaccua	2:58783350..58783409:-
2_3862	2	71 +/- 24%	-	2807	2807	0	0	yes	aae-miR-11894a	-	-	-	uuuaccauuucaagaugaccua	ggucgucuugaaaugguaaaga	ggucgucuugaaaugguaaagagugucaaucaucaucuuuaccauuucaagaugaccua	2:58787426..58787485:-
2_3858	2	71 +/- 24%	-	2807	2807	0	0	yes	aae-miR-11894a	-	-	-	uuuaccauuucaagaugaccua	ggucgucuugaaaugguaaaga	ggucgucuugaaaugguaaagagugucaaucaucaucuuuaccauuucaagaugaccua	2:58785850..58785909:-
2_3860	1.9	60 +/- 23%	-	2807	2807	0	0	yes	aae-miR-11894a	-	-	-	uuuaccauuucaagaugaccua	ggucgucuugaaaugguaaaga	ggucgucuugaaaugguaaagagugucaaucaucaucuuuaccauuucaagaugaccua	2:58786284..58786343:-
2_3864	1.9	60 +/- 23%	-	2807	2807	0	0	yes	aae-miR-11894a	-	-	-	uuuaccauuucaagaugaccua	ggucgucuugaaaugguaaaga	ggucgucuugaaaugguaaagagugucaaucaucaucuuuaccauuucaagaugaccua	2:58787948..58788007:-
2_3856	1.9	60 +/- 23%	-	389	389	0	0	yes	aae-miR-11894b	-	-	-	uuuaccauuucaauaugaccua	ggucguauugaaaugguaaaga	ggucguauugaaaugguaaagagugucaaucaucaucuuuaccauuucaauaugaccua	2:58784590..58784649:-
3_10494	1.8	60 +/- 23%	-	5	5	0	0	yes	aae-miR-980-5p	dme-miR-980-3p	-	-	uagcugccuagugaagggcaau	ggccguucauugggucaucuagc	ggccguucauugggucaucuagcucguguuggaaacaguuagcugccuagugaagggcaau	3:1054523..1054584:-
2_6000	1.7	60 +/- 23%	-	2854	2854	0	0	yes	aae-miR-11895	-	-	-	uucaugcauucacuucugcuga	agcaggagugaaugcaugaguu	agcaggagugaaugcaugaguuugacaucugaaacuaauucaugcauucacuucugcuga	2:324949494..324949554:-
1_16083	1.5	60 +/- 23%	-	4	4	0	0	yes	aae-miR-999	dme-miR-999-3p	-	-	uguuaacuguaagacugugucu	acgcggucgugcaggaaauuauu	acgcggucgugcaggaaauuauuuggcauuagauucaaauguuaacuguaagacugugucu	1:252222293..252222354:+
3_11160	1.4	60 +/- 23%	-	5	5	0	0	yes	aae-miR-92a-5p	dme-miR-92a-3p	-	-	uauugcacuugucccggccua	gguacggacaggggcaacauu	gguacggacaggggcaacauugugacauuugaaagcuaauauugcacuugucccggccua	3:93477597..93477657:-
NIGP01000533_20420	1.4	60 +/- 23%	-	5	5	0	0	yes	aae-miR-970	dme-miR-970-3p	-	-	ucauaagacacacgcggcuau	agcuugcguuugucuuagcuggua	agcuugcguuugucuuagcugguauugaaugugauagguaucauaagacacacgcggcuau	NIGP01000533:10107..10168:-
2_6648	1.4	60 +/- 23%	-	19	19	0	0	yes	aae-miR-1890	-	-	-	ugaaaucuuugauuaggucugg	agagcuaauuggagaguucuug	agagcuaauuggagaguucuugaauaguguugugaaccuucaugaaaucuuugauuaggucugg	2:413654961..413655025:-
2_2626	1.3	60 +/- 23%	-	5	5	0	0	yes	aae-let-7	dme-let-7-5p	-	-	ugagguaguugguuguauagu	uaugcaaucugcuagcuuguc	ugagguaguugguuguauaguagugacugauuaaauaucugcuaugcaaucugcuagcuuguc	2:375131497..375131560:+
1_16851	0.3	48 +/- 18%	-	2	2	0	0	yes	aae-miR-33	dme-miR-33-5p	-	-	gugcauuguaguugcauugca	caauacuucugcaaugcaagc	gugcauuguaguugcauugcacuuuugcguucgauaacacggugcaauacuucugcaaugcaagc	1:50888881..50888946:-
2_1562	0.3	48 +/- 18%	-	5	5	0	0	yes	aae-miR-7	dme-miR-7-5p	-	-	uggaagacuagugauuuuguugu	aacaauaaaucucaagucuuucuac	uggaagacuagugauuuuguuguuuugcuuacgauaauaacaauaaaucucaagucuuucuac	2:222802544..222802607:+
2_1646	0.2	48 +/- 18%	-	3	3	0	0	yes	aae-miR-932-5p	dme-miR-932-5p	-	-	ucaauuccguagugcauugcagu	ugcaagcaauguggaagugaag	ucaauuccguagugcauugcagugugcuuuagacgaacugcaagcaauguggaagugaag	2:231381156..231381216:+
1_14239	0.2	48 +/- 18%	-	13	13	0	0	no	aae-miR-210	dme-miR-210-3p	-	-	cuugugcgugugacaacggcuau	agcugcugaccacugcacaagau	agcugcugaccacugcacaagauuagauuaugacucuugugcgugugacaacggcuau	1:54892617..54892675:+
2_651	0	48 +/- 18%	-	1	1	0	0	yes	aae-miR-988-5p	dme-miR-988-3p	-	-	ccccuuguugcaaaccucacgc	gugugcuuugugacaaugag	gugugcuuugugacaaugagauucgguucgauaucauccccuuguugcaaaccucacgc	2:93351380..93351439:+
1_14793	-0.2	17 +/- 14%	-	2	2	0	0	yes	aae-miR-981	dme-miR-981-3p	-	-	uucguugucgacgaaaccug	gguuucgcggcgaacgggcu	gguuucgcggcgaacgggcuuccaccaugaugaauagcaguucguugucgacgaaaccug	1:118556350..118556410:+
2_1291	-0.3	17 +/- 14%	-	2	2	0	0	yes	aae-miR-137	dme-miR-137-3p	-	-	uauugcuugagaauacacguag	acgcguauucuuggguuauuaac	acgcguauucuuggguuauuaacacacuguuuauguuguuauugcuugagaauacacguag	2:189612067..189612128:+
2_4539	-0.4	17 +/- 14%	-	2	2	0	0	yes	aae-miR-263b-5p	dme-miR-263b-5p	-	-	cuuggcacugggagaauucacag	guggaucuuuucgugccaucgu	cuuggcacugggagaauucacaggcgcuauuugcuaucauucuguggaucuuuucgugccaucgu	2:153371131..153371196:-
1_17094	-0.6	17 +/- 14%	-	1	1	0	0	yes	aae-miR-87	dme-miR-87-3p	-	-	gugagcaaauuuucaggugu	gccugaaauuugcuaaaccu	gccugaaauuugcuaaaccuguguguauuugauucaaacaaucaaggugagcaaauuuucaggugu	1:80682403..80682469:-
3_8551	-0.8	17 +/- 14%	-	79	79	0	0	no	aae-bantam-5p	dme-bantam-3p	-	-	ugagaucauuuugaaagcugauu	ccgguuuucauuuucgaucugacu	ccgguuuucauuuucgaucugacuuauuugauuuaacaagagugagaucauuuugaaagcugauu	3:178082830..178082895:+
2_20	-0.8	17 +/- 14%	-	1	1	0	0	yes	aae-miR-219	dme-miR-219-5p	-	-	ugauuguccaaacgcaauucuu	gaguugugacuggacauccgug	ugauuguccaaacgcaauucuuguuuuauucgaauaugauauccaagaguugugacuggacauccgug	2:3715261..3715329:+
2_2204	-1	17 +/- 14%	-	19	19	0	0	no	aae-miR-275-3p	dme-miR-275-3p	-	-	ucagguaccugaaguagcgcgc	aagcgacaacagaggcgugaaa	ucagguaccugaaguagcgcgcgugaucaaacaggaagcgucaucaagcgacaacagaggcgugaaa	2:307135708..307135775:+
3_11261	-1.9	6 +/- 9%	-	5	5	0	0	yes	aae-miR-2765	-	-	-	ugguaacuccaccaccguugg	aaugggagcuggaguucccgcg	ugguaacuccaccaccguuggcgauauuugacagccaaugggagcuggaguucccgcg	3:101895454..101895512:-
2_4112	-2.3	13 +/- 9%	-	110	110	0	0	no	aae-miR-281-5p	dme-miR-281-2-5p	-	-	aagagagcuauccgucgacagu	cguugacgugggauuuuuuug	cguugacgugggauuuuuuuguucauuuuguucuuucgcugguuucgaauaugaaaauaaagagagcuauccgucgacagu	2:96469398..96469479:-
2_5498	-3.4	3 +/- 5%	-	2	2	0	0	yes	aae-miR-2946	-	-	-	uaguacggaaaagauauggggauu	ucgccauauuuuuaccgcuacugca	ucgccauauuuuuaccgcuacugcauuucauuguaauaauuguaguacggaaaagauauggggauu	2:268456439..268456505:-
1_14355	-3.4	3 +/- 5%	-	2	2	0	0	yes	aae-miR-11901	-	-	-	uaaaguuuuguaacaagu	uugucacaaaacaucaca	uugucacaaaacaucacagaauuguuuuuacugauaaggaacuauguguaaaaauaauucuguaaaguuuuguaacaagu	1:68805966..68806046:+
2_4744	-3.8	3 +/- 5%	-	2	2	0	0	yes	aae-miR-11899	-	-	-	uaugaccgauuuaauauaugg	auguaugauuucggucaugua	auguaugauuucggucauguaugcaguugaaaauaauuauaugaccgauuuaauauaugg	2:182319043..182319103:-
2_6189	-4.2	0 +/- 0%	-	2	2	0	0	no	aae-miR-263a-5p	dme-miR-263a-5p	-	-	aauggcacuggaagaauucacgg	guguucuggcaguggcauccc	aauggcacuggaagaauucacggguauauuuugaaauccccguguucuggcaguggcauccc	2:348784448..348784510:-
3_13800	-4.2	0 +/- 0%	-	3	3	0	0	no	aae-miR-285	dme-miR-285-3p	-	-	uagcaccauucgaaaucagu	uggcuuccaaaggugaguaga	uggcuuccaaaggugaguagauggcauucgauacacucuagcaccauucgaaaucagu	3:406875048..406875106:-
2_652	-4.4	0 +/- 0%	-	1	1	0	0	no	aae-miR-988-3p	dme-miR-988-3p	-	-	ccccuuguugcaaaccucacgc	ggcagguaggggcaaugggggc	ccccuuguugcaaaccucacgcuugcgguagguuccacaacugcugagagguggcagguaggggcaaugggggc	2:93351417..93351491:+
2_2379	-5	0 +/- 0%	-	1	1	0	0	no	aae-miR-375	dme-miR-375-3p	-	-	uuuguucguuuggcucgaguua	acuuaagcccaacguacagaaacu	acuuaagcccaacguacagaaacuugaaucugaaugccguucuagauuggcuugcuagaaguuuguucguuuggcucgaguua	2:337876532..337876615:+
2_2625	-11.1	0.00 +/- 0.00	-	5	5	0	0	no	aae-let-7	dme-let-7-5p	-	-	ugagguaguugguuguauagu	auuacaguacugcuucuuc	auuacaguacugcuucuuccacguugagguaguugguuguauagu	2:375131473..375131518:+

#miRBase miRNAs not detected by miRDeep2
miRBase precursor id	total read count	mature read count(s)	star read count	remaining reads	UCSC browser	NCBI blastn	miRBase mature sequence(s)	miRBase star sequence(s)	miRBase precursor sequence
102	102	0	0	-	-	caaccacuauccgcccugccgcc	uggcagugugguuagcugguug	-	caaggcaauacgcuauggcagugugguuagcugguuguguagaacuuuggggggcuuccguggcguucgcgcgcacacgggggcucagauucacaaccacuauccgcccugccgccgcgaggugccagg	
58	58	0	0	-	-	ucagguacugagugacucucag	gagagcaccucgguaucuaagc	-	cauucgcaauuucaccgguucagguacugagugacucucagaugugcauuucucaagcaaucucguccucaggaccugagguugaaaaacccugagagcaccucgguaucuaagccaguguugcgaaaa	
37	37	0	0	-	-	ugguuuaucuuaucugucgaggc	gucgacagggagauaaaucacu	-	cauugguuuaucuuaucugucgaggcaaguuauuuuaccggauaguguuucuuuucgugagcaaucaccacuauccagcucuucuugucgacagggagauaaaucacug	
24	18	0	6	-	-	cacguuacagauugggguuucc	uaaucucaaauuguaacagugg	-	gagguaaucucaaauuguaacaguggguugauuuuccuggugaaucccggccuuguccuccgucacaagugugacaagugucucgaaaacguguucgcuauacccacguuacagauugggguuucccc	
13	13	0	0	-	-	ugucuuuuuccgcuuacugccg	-	ccaacauuuugauugauuugucuuuuuccgcuuacugccgguggcauuugaaauucucgacagcaaaccgaaaaaggcgccucaaucaauu	
7	6	0	1	-	-	cugaaaacuuaaucgauugguc	-	uaaccugaaaacuuaaucgauuggucacuagcugcgcggugaccaaucgauuaaguuuucagcuua	
2	2	0	0	-	-	agauauguuugauauucuugguug	-	gggugauuccggugagauauguuugauauucuugguuguuaaauuuuauauuaucacccaggaaucaaacauauuauuacuguggucaucaugagacuucg	
2	2	0	0	-	-	aaucuagccucuccuaggcuuugucug	acauagccugacagagguuagg	-	aucgucaucgucaucgucgcacagguguaaucuagccucuccuaggcuuugucuguuaccuuccuugggaauuccacuagccagacauagccugacagagguuaggugaaaucugaaaagucaacggccaacggu	
1	1	0	0	-	-	ugaaaccguccaaaacugaggc	-	uccggcguuaguuuugggcggguuuuaguguauuucgauuagaguaucaauugaaaccguccaaaacugaggccggcg	



1	0	0	1	-	-	ucagaucuacuuaauacccau	-	acuccaauucuggguauuuuagauccuuggcauaguuacgugauugaaugcacuguucuucuuugguuuacccaguaucgaacacgcgucaaucugucagaucuacuuaauacccaua	








2	0	0	2	-	-	aauguuggacaacugcaaggu	-	auaaaauguuggacaacugcaagguacuucaagguuuuuauuucgucuuuaauacaggguaucugcagugaucgauuuucucu	







































