miRDeep2 score	novel miRNAs reported by miRDeep2	novel miRNAs, estimated false positives	novel miRNAs, estimated true positives	known miRNAs in species	known miRNAs in data	known miRNAs detected by miRDeep2	estimated signal-to-noise	excision gearing
10	0	0 +/- 0	0 +/- 0 (0 +/- 0%)	164	81	30 (37%)	36.2	1
9	0	0 +/- 0	0 +/- 0 (0 +/- 0%)	164	81	30 (37%)	35.4	1
8	0	0 +/- 0	0 +/- 0 (0 +/- 0%)	164	81	30 (37%)	34.7	1
7	1	0 +/- 1	1 +/- 0 (68 +/- 47%)	164	81	30 (37%)	36	1
6	1	1 +/- 1	1 +/- 0 (64 +/- 48%)	164	81	30 (37%)	32.1	1
5	1	1 +/- 1	1 +/- 0 (62 +/- 49%)	164	81	49 (60%)	54.2	1
4	1	1 +/- 1	1 +/- 0 (56 +/- 50%)	164	81	61 (75%)	53.9	1
3	1	1 +/- 1	0 +/- 0 (21 +/- 41%)	164	81	63 (78%)	26.1	1
2	3	2 +/- 1	1 +/- 1 (37 +/- 33%)	164	81	66 (81%)	19.3	1
1	11	4 +/- 2	7 +/- 2 (66 +/- 17%)	164	81	70 (86%)	13	1
0	19	10 +/- 3	9 +/- 3 (47 +/- 17%)	164	81	71 (88%)	5.7	1
-1	31	23 +/- 5	8 +/- 5 (25 +/- 15%)	164	81	73 (90%)	3.2	1
-2	49	45 +/- 7	5 +/- 5 (11 +/- 11%)	164	81	74 (91%)	2.2	1
-3	80	75 +/- 8	6 +/- 6 (8 +/- 7%)	164	81	75 (93%)	1.7	1
-4	136	132 +/- 9	6 +/- 7 (4 +/- 5%)	164	81	76 (94%)	1.4	1
-5	168	228 +/- 11	0 +/- 0 (0 +/- 0%)	164	81	76 (94%)	1	1
-6	193	348 +/- 13	0 +/- 0 (0 +/- 0%)	164	81	76 (94%)	0.7	1
-7	234	452 +/- 15	0 +/- 0 (0 +/- 0%)	164	81	76 (94%)	0.6	1
-8	300	527 +/- 16	0 +/- 0 (0 +/- 0%)	164	81	76 (94%)	0.7	1
-9	371	589 +/- 17	0 +/- 0 (0 +/- 0%)	164	81	76 (94%)	0.7	1
-10	427	637 +/- 19	0 +/- 0 (0 +/- 0%)	164	81	76 (94%)	0.8	1



novel miRNAs predicted by miRDeep2
provisional id	miRDeep2 score	estimated probability that the miRNA candidate is a true positive	rfam alert	total read count	mature read count	loop read count	star read count	significant randfold p-value	miRBase miRNA	example miRBase miRNA with the same seed	UCSC browser	NCBI blastn	consensus mature sequence	consensus star sequence	consensus precursor sequence	precursor coordinate
1_8715	7.7	68 +/- 47%	-	11	10	0	1	yes	-	-	-	-	ugacaauucucgacucgagug	acucgagucgagaauugucac	ugacaauucucgacucgagugaagugacucgccgugcaaaucaaauggagagucauuucacucgagucgagaauugucac	1:15456273..15456353:-
3_6661	2.2	37 +/- 33%	-	4	4	0	0	yes	-	dme-miR-1000-3p	-	-	uugcuggguaacgcuuugaaa	acggaacguuucccagcaaaa	uugcuggguaacgcuuugaaacggaaaacacguuacggaacguuucccagcaaaa	3:286895065..286895120:-
2_712	2	37 +/- 33%	-	10	10	0	0	yes	-	-	-	-	ugacaauucucgacucgagug	cucgagucgagaauugucgcc	ugacaauucucgacucgagugaagugacucuccauuugauuugcauggcgagucacuucacucgagucgagaauugucgcc	2:204808497..204808578:+
1_8643	1.9	66 +/- 17%	-	11	11	0	0	yes	-	-	-	-	uauuugacguuuuagcggugccu	acaccgcucaaacgucaaaaagu	acaccgcucaaacgucaaaaagugaacucgugcauuaguccauggaccaaugcacgaguucacuauuugacguuuuagcggugccu	1:307274034..307274120:+
1_8569	1.7	66 +/- 17%	-	44	44	0	0	yes	-	-	-	-	uacggcaagggcugauugcug	gcauuucaggccuuaucauagu	gcauuucaggccuuaucauaguuugauaguagucugaacuaguagacugcaaaacuacggcaagggcugauugcug	1:285490202..285490278:+
2_3552	1.7	66 +/- 17%	-	44	44	0	0	yes	-	-	-	-	uacggcaagggcugauugcug	gcauuucaggccuuaucauagu	gcauuucaggccuuaucauaguuugauaguagucugaacuacuagacugcaaaacuacggcaagggcugauugcug	2:428633542..428633618:-
3_5136	1.6	66 +/- 17%	-	4	4	0	0	yes	-	dme-miR-1000-3p	-	-	uugcuggguaacgcuuugaaa	acagaauguuucccagcaaaa	uugcuggguaacgcuuugaaacggaaaacagguuacagaauguuucccagcaaaa	3:302145711..302145766:+
2_2372	1.2	66 +/- 17%	-	12	9	0	3	no	-	-	-	-	gcaaaugggccgaaaaaugaaggac	aacuucauuaggaaccuuugcugc	aacuucauuaggaaccuuugcugcuugcuaacgguagccgcaaaugggccgaaaaaugaaggac	2:165793799..165793863:-
2_373	1.1	66 +/- 17%	-	44	44	0	0	yes	-	-	-	-	uacggcaagggcugauugcug	gcauuucaggccuuaucauagu	gcauuucaggccuuaucauaguuugauaguauuuugaacuacuagacugcaaaacuacggcaagggcugauugcug	2:108073585..108073661:+
1_8031	1.1	66 +/- 17%	-	3	3	0	0	yes	-	dme-miR-282-5p	-	-	gagccucuggcggcagcuga	agcccugaccagagauguuccg	agcccugaccagagauguuccggacgaguccgaugagccucuggcggcagcuga	1:187669253..187669307:+
3_7121	1	66 +/- 17%	-	11	11	0	0	yes	-	-	-	-	gaagugauaauuuucucuaau	uucugagugucgucgucgcuucgc	gaagugauaauuuucucuaaucggaugacgaaacacccuucgcugauccaaguuucugagugucgucgucgcuucgc	3:380785821..380785898:-
1_8350	0.6	47 +/- 17%	-	12	12	0	0	yes	-	-	-	-	auuuucucaggauucaaucucuggu	uuuaaaugaauccggaacugcagaagguug	auuuucucaggauucaaucucugguaccuggaauuucaggacuuuaaaugaauccggaacugcagaagguug	1:238261514..238261586:+
1_9407	0.5	47 +/- 17%	-	11	11	0	0	yes	-	-	-	-	aucuggacccgcucuaguguc	ccgagcugguuuaguacauca	aucuggacccgcucuagugucaaaauucuucgaccgagcugguuuaguacauca	1:168140955..168141009:-
1_7353	0.5	47 +/- 17%	-	2	2	0	0	yes	-	dme-miR-2491-5p	-	-	agcuguugcugccucuagg	uugaggcagcaacagccgc	uugaggcagcaacagccgcguaaggaaauuuuaagcagcuguugcugccucuagg	1:33738607..33738662:+
2_573	0.2	47 +/- 17%	-	10	10	0	0	yes	-	-	-	-	aauuuaucucuuguauggaaa	ugcauacaagaggcaaacuca	ugcauacaagaggcaaacucaaugugcagagaauuuaucucuuguauggaaa	2:163844422..163844474:+
NIGP01000188_11261	0	47 +/- 17%	-	9	9	0	0	yes	-	-	-	-	acggcaagggcugauugcugc	agcauuucaggccuuaucauag	agcauuucaggccuuaucauaguuugauaguagucugaacuacuagacugcaaaaccacggcaagggcugauugcugc	NIGP01000188:8008..8086:+
1_10806	0	47 +/- 17%	-	8	8	0	0	yes	-	-	-	-	ucaaauaaugaacucgugcauu	ugcacgaguucacuaauuugacg	ugcacgaguucacuaauuugacguuugagcggugcugaauucacuugucaaauaaugaacucgugcauu	1:266656984..266657053:-
2_3012	0	47 +/- 17%	-	2	2	0	0	yes	-	dme-miR-4958-5p	-	-	uggaucuggaccugggaaacu	auuccacuacaggugaggucuacg	auuccacuacaggugaggucuacgugcuggacgauggcggugagguggaucuggaccugggaaacu	2:296922559..296922625:-
2_2632	0	47 +/- 17%	-	7	7	0	0	yes	-	-	-	-	uauaaaugggacuguuaugcg	cauaagagucccauauuauaug	cauaagagucccauauuauaugggauuuccuauauaaaugggacuguuaugcg	2:226328850..226328903:-



mature miRBase miRNAs detected by miRDeep2
tag id	miRDeep2 score	estimated probability that the miRNA is a true positive	rfam alert	total read count	mature read count	loop read count	star read count	significant randfold p-value	mature miRBase miRNA	example miRBase miRNA with the same seed	UCSC browser	NCBI blastn	consensus mature sequence	consensus star sequence	consensus precursor sequence	precursor coordinate
1_10983	18670	0 +/- 0%	-	36612	36604	0	8	yes	aae-miR-283	dme-miR-283-5p	-	-	caauaucagcugguaauucuggg	cggaauuccaacugauaucca	caauaucagcugguaauucugggcuuaccccaccguuauacgcuucccggaauuccaacugauaucca	1:305625601..305625669:-
1_10979	6079.4	0 +/- 0%	-	11917	11901	0	16	yes	aae-miR-12-5p	dme-miR-12-5p	-	-	ugaguauuacaucagguacuggu	caguacuuauguuaugcucucu	ugaguauuacaucagguacuggugucgauauucgaaucaccaacgaaucggguuccuuugauuaacuuaccaguacuuauguuaugcucucu	1:305613548..305613640:-
2_2104	2870.3	0 +/- 0%	-	5621	5618	0	3	yes	aae-miR-2c	dme-miR-2a-3p	-	-	uaucacagccagcuuugaugagcu	acucucaaaguggcugugaaau	acucucaaaguggcugugaaaugguuugauuuugcucauaucacagccagcuuugaugagcu	2:107235884..107235946:-
3_7210	2322.4	0 +/- 0%	-	4547	4544	0	3	yes	aae-miR-308-5p	dme-miR-2a-3p	-	-	aaucacaggaguauacugugag	cgcgguauauucuuguggcuug	cgcgguauauucuuguggcuugaugcauuugaaaaaucucaaaucacaggaguauacugugag	3:403338483..403338546:-
2_1098	2246.4	0 +/- 0%	-	4400	4386	0	14	yes	aae-miR-305-5p	dme-miR-305-5p	-	-	auuguacuucaucaggugcucugg	cggcacauguuggaguacacuu	auuguacuucaucaggugcucugguuguuuucgauacccggcacauguuggaguacacuu	2:307145445..307145505:+
2_2085	1049	0 +/- 0%	-	2049	2033	0	16	yes	aae-miR-282-5p	dme-miR-282-5p	-	-	uagccucuccuaggcuuugucu	acauagccugacagagguuagg	uagccucuccuaggcuuugucuguuaccuuccuugggaauuccacuagccagacauagccugacagagguuagg	2:96911966..96912040:-
2_1877	962.5	0 +/- 0%	-	1880	1866	0	14	yes	aae-miR-190	dme-miR-190-5p	-	-	agauauguuugauauucuugguug	cccaggaaucaaacauauuauu	agauauguuugauauucuugguuguuaaauuuuauauuaucacccaggaaucaaacauauuauu	2:48811878..48811942:-
3_6528	654.1	0 +/- 0%	-	1274	1272	0	2	yes	aae-miR-278-5p	dme-miR-278-3p	-	-	ucggugggacuuucguccguuu	acggacgauagucuucagc	acggacgauagucuucagcggccgugcauuugauagaaguggucggugggacuuucguccguuu	3:243123888..243123952:-
3_4613	576.8	0 +/- 0%	-	1126	1119	0	7	yes	aae-bantam-5p	dme-bantam-3p	-	-	ugagaucauuuugaaagcugauu	cgguuuucauuuucgaucugacu	cgguuuucauuuucgaucugacuuauuugauuuaacaagagugagaucauuuugaaagcugauu	3:178082831..178082895:+
2_2108	555.9	0 +/- 0%	-	1082	1030	0	52	yes	aae-miR-13-5p	dme-miR-2a-3p	-	-	uaucacagccauuuugacgaguu	ucguaaaaaugguugugcugu	ucguaaaaaugguugugcuguguuguuacgcucgaaauucauaucacagccauuuugacgaguu	2:107237649..107237713:-
2_1969	341.3	0 +/- 0%	-	661	639	0	22	yes	aae-miR-276-5p	dme-miR-276a-3p	-	-	uaggaacuucauaccgugcucu	agcgagguauagaguuccuacg	agcgagguauagaguuccuacguugcgugugcgaaauugguaggaacuucauaccgugcucu	2:73120452..73120514:-
2_2114	242.6	0 +/- 0%	-	474	422	0	52	yes	aae-miR-71-5p	-	-	-	ucucacuaccuugucuuucaug	agaaagacauggguagugagau	agaaagacauggguagugagauaguuucacccuauugcacugggaucucacuaccuugucuuucaug	2:107238287..107238354:-
1_9431	206.3	0 +/- 0%	-	405	338	0	67	no	aae-miR-252-5p	dme-miR-252-5p	-	-	cuaaguacuagugccgcaggag	ccugcugcccaagugcuuaucg	cuaaguacuagugccgcaggagagauuugaaccccugcugcccaagugcuuaucg	1:175818157..175818212:-
2_2084	158.1	0 +/- 0%	-	302	197	0	105	yes	aae-miR-281-5p	dme-miR-281-3p	-	-	ugucauggaauugcucucuuua	aagagagcuauccgucgacagu	aagagagcuauccgucgacaguagggauaugauucacugucauggaauugcucucuuua	2:96469361..96469420:-
1_8891	127.3	0 +/- 0%	-	241	239	0	2	yes	aae-miR-33	dme-miR-33-5p	-	-	gugcauuguaguugcauugca	caauacuucugcaaugca	gugcauuguaguugcauugcacuuuugcguucgauaacacggugcaauacuucugcaaugca	1:50888884..50888946:-
2_3187	55.1	0 +/- 0%	-	100	70	0	30	yes	aae-miR-9c-5p	dme-miR-9a-5p	-	-	ucuuugguauucuagcuguaga	uaaagcuuuaguaccagagguc	ucuuugguauucuagcuguagaauguugagcuuugugauaugguaucuucuaaagcuuuaguaccagagguc	2:335810364..335810436:-
3_4909	45.8	0 +/- 0%	-	81	48	0	33	yes	aae-miR-307	dme-miR-307a-3p	-	-	ucacaaccuccuugagugagcg	acucacucaaccugggugugaug	acucacucaaccugggugugaugcuuauuugaaucaucacaaccuccuugagugagcg	3:244794376..244794434:+
3_5810	5.4	62 +/- 49%	-	299	299	0	0	yes	aae-miR-998	dme-miR-285-3p	-	-	uagcaccaugagauucagcuc	acugaacucucgugggucugca	acugaacucucgugggucugcaguugauauuucgaaagcuuguagcaccaugagauucagcuc	3:75489589..75489652:-
3_5812	5.4	62 +/- 49%	-	2240	2240	0	0	yes	aae-miR-11-5p	dme-miR-2a-3p	-	-	caucacagucugaguucuugcu	cgagaacuccggcugugaccugug	cgagaacuccggcugugaccuguguacacuuuauccaaaucacaucacagucugaguucuugcu	3:75489864..75489928:-
2_299	5.3	62 +/- 49%	-	52	52	0	0	yes	aae-miR-988-5p	dme-miR-988-3p	-	-	ccccuuguugcaaaccucacgc	gugugcuuugugacaaugag	gugugcuuugugacaaugagauucgguucgauaucauccccuuguugcaaaccucacgc	2:93351380..93351439:+
2_2106	5.2	62 +/- 49%	-	14514	14514	0	0	yes	aae-miR-2a-5p	dme-miR-2a-3p	-	-	uaucacagccagcuuugaaga	ucaaagugguugugaaaug	ucaaagugguugugaaaugaguuacucuugaacgaucucauaucacagccagcuuugaaga	2:107237504..107237565:-
2_1095	5.2	62 +/- 49%	-	2771	2771	0	0	yes	aae-miR-275-5p	dme-miR-275-3p	-	-	ucagguaccugaaguagcgcgcg	cgcgcuaagcaggaaccgagacu	cgcgcuaagcaggaaccgagacuuugucauuugcuagcagucagguaccugaaguagcgcgcg	2:307135668..307135731:+
1_10958	5.2	62 +/- 49%	-	170	170	0	0	yes	aae-miR-277-5p	dme-miR-277-3p	-	-	uaaaugcacuaucugguacgaca	gcgugucagaagugcauuuaca	gcgugucagaagugcauuuacauagguauuucccguuuagcaguauuuguaaaugcacuaucugguacgaca	1:302603812..302603884:-
1_10960	5.2	62 +/- 49%	-	4026	4026	0	0	yes	aae-miR-317	dme-miR-317-3p	-	-	ugaacacagcuggugguaucuca	ggauacacccugugcucgcu	ggauacacccugugcucgcuuugcauucgaaacuagugaacacagcuggugguaucuca	1:302667131..302667190:-
2_2112	5.1	62 +/- 49%	-	4127	4127	0	0	yes	aae-miR-2c	dme-miR-2a-3p	-	-	uaucacagccagcuuugauga	aucaaauuugguuguuuuagu	aucaaauuugguuguuuuaguacgaccucuuugaaaccccuaucacagccagcuuugauga	2:107237998..107238059:-
2_1978	5.1	62 +/- 49%	-	641	641	0	0	yes	aae-miR-276-3p	dme-miR-276a-3p	-	-	uaggaacuucauaccgugcucu	agcgagguauagaguuccuaug	agcgagguauagaguuccuaugcguucggauaaaauauuccauaggaacuucauaccgugcucu	2:73509399..73509463:-
2_1297	5.1	62 +/- 49%	-	529	529	0	0	yes	aae-miR-2945-5p	dme-miR-279-3p	-	-	ugacuagaggcagacucguuua	agcggguccguuucuagugucaug	agcggguccguuucuagugucaugugcuguauucgaauaucaugacuagaggcagacucguuua	2:374947142..374947206:+
3_5866	5.1	62 +/- 49%	-	1158	1158	0	0	yes	aae-miR-92b-3p	dme-miR-92a-3p	-	-	aauugcacuugucccggccugc	aggucgugacuugugcccauuug	aggucgugacuugugcccauuugcugaauuuuaauggucaaauugcacuugucccggccugc	3:93418515..93418577:-
1_8215	5	62 +/- 49%	-	4073	4073	0	0	yes	aae-miR-996	dme-miR-279-3p	-	-	ugacuagauuacaugcucgucu	gcgugcaugaaucuggugcacg	gcgugcaugaaucuggugcacgguuuuccaguuguaauaucgcuucgugacuagauuacaugcucgucu	1:207012536..207012605:+
2_3524	5	62 +/- 49%	-	2147	2147	0	0	yes	aae-miR-184	dme-miR-184-3p	-	-	uggacggagaacugauaagggc	ccuuaucauucuugcgccccgu	ccuuaucauucuugcgccccguguuauauuguuggcgacuggacggagaacugauaagggc	2:417599380..417599441:-
2_3184	5	62 +/- 49%	-	49	49	0	0	yes	aae-miR-79-5p	dme-miR-9a-3p	-	-	uaaagcuagauuaccaaagcau	gcuuuggcgcuuuagcuguaug	gcuuuggcgcuuuagcuguaugauagaauuuaauauuucauaaagcuagauuaccaaagcau	2:335780884..335780946:-
1_7943	4.9	56 +/- 50%	-	38	38	0	0	yes	aae-miR-970	dme-miR-970-3p	-	-	ucauaagacacacgcggcuau	agcuugcguuugucuuagcuggua	agcuugcguuugucuuagcugguauugaaugugauagguaucauaagacacacgcggcuau	1:157238423..157238484:+
2_1441	4.9	56 +/- 50%	-	1167	1167	0	0	yes	aae-miR-965	dme-miR-965-3p	-	-	uaagcguauagcuuuucccauu	ggggaaauccuguacgcuguaug	ggggaaauccuguacgcuguauguuguauuugaauaauccauaagcguauagcuuuucccauu	2:429778750..429778813:+
2_3181	4.9	56 +/- 50%	-	58	58	0	0	yes	aae-miR-9b	dme-miR-9a-5p	-	-	ucuuuggugauuuuagcuguaug	uauagcuuuaucaccaaaaacc	ucuuuggugauuuuagcuguaugcugauacguuucugauugcauauagcuuuaucaccaaaaacc	2:335780574..335780639:-
3_5868	4.8	56 +/- 50%	-	440	440	0	0	yes	aae-miR-92a-5p	dme-miR-92a-3p	-	-	uauugcacuugucccggccuau	cgguacggacaggggcaacauu	cgguacggacaggggcaacauugugacauuugaaagcuaauauugcacuugucccggccuau	3:93477596..93477658:-
1_9022	4.8	56 +/- 50%	-	20	20	0	0	yes	aae-miR-87	dme-miR-87-3p	-	-	gugagcaaauuuucaggugugu	cagccugaaauuugcuaaaccu	cagccugaaauuugcuaaaccuguguguauuugauucaaacaaucaaggugagcaaauuuucaggugugu	1:80682401..80682471:-
1_8213	4.7	56 +/- 50%	-	3778	3778	0	0	yes	aae-miR-279	dme-miR-279-3p	-	-	ugacuagauccacacucauuaa	gaugggugugaaucuaguguuucaca	gaugggugugaaucuaguguuucacaugauuuucgauagccugugacuagauccacacucauuaa	1:207007788..207007853:+
1_11006	4.7	56 +/- 50%	-	37	37	0	0	yes	aae-miR-1175-5p	dme-miR-958-3p	-	-	ugagauucuacuucuccgacuua	aguggaguaguggucucaucgcu	aguggaguaguggucucaucgcuuaguauuagaaaagugagauucuacuucuccgacuua	1:307010045..307010105:-
2_1211	4.6	56 +/- 50%	-	463	463	0	0	yes	aae-miR-14	dme-miR-14-3p	-	-	ucagucuuuuucucucuccuau	gggagcgagauuaaggcuugcu	gggagcgagauuaaggcuugcuggucauuuauuacacucgaagucagucuuuuucucucuccuau	2:344767572..344767637:+
3_5247	4.4	56 +/- 50%	-	119	119	0	0	yes	aae-miR-8-5p	dme-miR-8-3p	-	-	uaauacugucagguaaagauguc	caucuuaccgggcagcauuaga	caucuuaccgggcagcauuagauauuuuugaaauacuucuaauacugucagguaaagauguc	3:328527955..328528017:+
3_4362	3.8	21 +/- 41%	-	14	14	0	0	yes	aae-miR-31	dme-miR-31b-5p	-	-	uggcaagauguuggcauagcuga	agcuauucaacuucuugucuau	uggcaagauguuggcauagcugaaaguuuugaguuuagcuauucaacuucuugucuau	3:136174150..136174208:+
2_780	3.7	21 +/- 41%	-	354	354	0	0	yes	aae-miR-7	dme-miR-7-5p	-	-	uggaagacuagugauuuuguuguu	uaacaauaaaucucaagucuuucuac	uggaagacuagugauuuuguuguuuugcuuacgauaauaacaauaaaucucaagucuuucuac	2:222802544..222802607:+
2_2323	2.1	37 +/- 33%	-	7	7	0	0	yes	aae-miR-263b-5p	dme-miR-263b-5p	-	-	cuuggcacugggagaauucacag	guggaucuuuucgugccaucgu	cuuggcacugggagaauucacaggcgcuauuugcuaucauucuguggaucuuuucgugccaucgu	2:153371131..153371196:-
2_1920	2	37 +/- 33%	-	319	319	0	0	yes	aae-miR-11894a	-	-	-	uuuaccauuucaagaugaccua	gguugucuugaaaugguaaaga	gguugucuugaaaugguaaagagugucaaccaucaucuuuaccauuucaagaugaccua	2:58783350..58783409:-
2_1928	2	37 +/- 33%	-	319	319	0	0	yes	aae-miR-11894a	-	-	-	uuuaccauuucaagaugaccua	ggucgucuugaaaugguaaaga	ggucgucuugaaaugguaaagagugucaaucaucaucuuuaccauuucaagaugaccua	2:58787426..58787485:-
2_1930	2	37 +/- 33%	-	319	319	0	0	yes	aae-miR-11894a	-	-	-	uuuaccauuucaagaugaccua	ggucgucuugaaaugguaaaga	ggucgucuugaaaugguaaagagugucaaucaucaucuuuaccauuucaagaugaccua	2:58787948..58788007:-
2_1924	2	37 +/- 33%	-	319	319	0	0	yes	aae-miR-11894a	-	-	-	uuuaccauuucaagaugaccua	ggucgucuugaaaugguaaaga	ggucgucuugaaaugguaaagagugucaaucaucaucuuuaccauuucaagaugaccua	2:58785850..58785909:-
2_1926	2	37 +/- 33%	-	319	319	0	0	yes	aae-miR-11894a	-	-	-	uuuaccauuucaagaugaccua	ggucgucuugaaaugguaaaga	ggucgucuugaaaugguaaagagugucaaucaucaucuuuaccauuucaagaugaccua	2:58786284..58786343:-
2_1922	1.9	66 +/- 17%	-	20	20	0	0	yes	aae-miR-11894b	-	-	-	uuuaccauuucaauaugaccua	ggucguauugaaaugguaaaga	ggucguauugaaaugguaaagagugucaaucaucaucuuuaccauuucaauaugaccua	2:58784590..58784649:-
2_3134	1.7	66 +/- 17%	-	65	65	0	0	yes	aae-miR-11895	-	-	-	uucaugcauucacuucugcuga	agcaggagugaaugcaugaguu	agcaggagugaaugcaugaguuugacaucugaaacuaauucaugcauucacuucugcuga	2:324949494..324949554:-
3_5903	1.4	66 +/- 17%	-	272	272	0	0	yes	aae-miR-2765	-	-	-	ugguaacuccaccaccguuggc	caaugggagcuggaguucccgcg	ugguaacuccaccaccguuggcgauauuugacagccaaugggagcuggaguucccgcg	3:101895454..101895512:-
2_3514	1.4	66 +/- 17%	-	23	23	0	0	yes	aae-miR-1890	-	-	-	ugaaaucuuugauuaggucugg	agagcuaauuggagaguucuug	agagcuaauuggagaguucuugaauaguguugugaaccuucaugaaaucuuugauuaggucugg	2:413654961..413655025:-
2_300	1	66 +/- 17%	-	52	52	0	0	no	aae-miR-988-3p	dme-miR-988-3p	-	-	ccccuuguugcaaaccucacgc	ggcagguaggggcaaugggggc	ccccuuguugcaaaccucacgcuugcgguagguuccacaacugcugagagguggcagguaggggcaaugggggc	2:93351417..93351491:+
3_7028	0.4	47 +/- 17%	-	3	3	0	0	yes	aae-miR-989	dme-miR-989-3p	-	-	ugugaugugacguagugguac	gccgcuaccucgcuuucacuug	gccgcuaccucgcuuucacuugguaccgauuucccauaauccaugugaugugacguagugguac	3:366439082..366439146:-
1_7437	-0.6	25 +/- 15%	-	10	10	0	0	no	aae-miR-210	dme-miR-210-3p	-	-	cuugugcgugugacaacggcu	cugcugaccacugcacaagau	cugcugaccacugcacaagauuagauuaugacucuugugcgugugacaacggcu	1:54892619..54892673:+
2_2850	-0.9	25 +/- 15%	-	8	8	0	0	yes	aae-miR-2941	-	-	-	uaguacggcuagaacuccacgga	cgugaagcucagcugcauuaca	cgugaagcucagcugcauuacacgauauggaauacgguuuguaguacggcuagaacuccacgga	2:268456314..268456378:-
2_1096	-1	25 +/- 15%	-	2771	2771	0	0	no	aae-miR-275-3p	dme-miR-275-3p	-	-	ucagguaccugaaguagcgcgcg	ucaucaagcgacaacagaggcgugaaa	ucagguaccugaaguagcgcgcgugaucaaacaggaagcgucaucaagcgacaacagaggcgugaaa	2:307135708..307135775:+
2_3209	-1.1	11 +/- 11%	-	5	5	0	0	yes	aae-miR-11917	-	-	-	cugaaaacuuaaucgauuggucu	accaaucgauuaaguuuucagcu	cugaaaacuuaaucgauuggucuccaccagcuagugaccaaucgauuaaguuuucagcu	2:344586135..344586194:-
3_6827	-2.9	8 +/- 7%	-	3	3	0	0	yes	aae-miR-10365	-	-	-	agaauguggaaucuguuuuu	aaaaguuuucauauucuug	agaauguggaaucuguuuuuguacaucaaguguuacgaaacgaagcaaaaaaguuuucauauucuug	3:320775624..320775691:-
2_1777	-3.7	4 +/- 5%	-	1	1	0	0	yes	aae-miR-11896	-	-	-	ucggucaauccggaacuguuggc	cacaaggccggauugaucaaga	ucggucaauccggaacuguuggcucggcacaaaagcgaccacaaggccggauugaucaaga	2:30841062..30841123:-

#miRBase miRNAs not detected by miRDeep2
miRBase precursor id	total read count	mature read count(s)	star read count	remaining reads	UCSC browser	NCBI blastn	miRBase mature sequence(s)	miRBase star sequence(s)	miRBase precursor sequence
2373	2373	0	0	-	-	ucagguacugagugacucucag	gagagcaccucgguaucuaagc	-	cauucgcaauuucaccgguucagguacugagugacucucagaugugcauuucucaagcaaucucguccucaggaccugagguugaaaaacccugagagcaccucgguaucuaagccaguguugcgaaaa	
2796	2796	0	0	-	-	ugguuuaucuuaucugucgaggc	gucgacagggagauaaaucacu	-	cauugguuuaucuuaucugucgaggcaaguuauuuuaccggauaguguuucuuuucgugagcaaucaccacuauccagcucuucuugucgacagggagauaaaucacug	
972	968	0	4	-	-	cacguuacagauugggguuucc	uaaucucaaauuguaacagugg	-	gagguaaucucaaauuguaacaguggguugauuuuccuggugaaucccggccuuguccuccgucacaagugugacaagugucucgaaaacguguucgcuauacccacguuacagauugggguuucccc	
302	302	0	0	-	-	caaccacuauccgcccugccgcc	uggcagugugguuagcugguug	-	caaggcaauacgcuauggcagugugguuagcugguuguguagaacuuuggggggcuuccguggcguucgcgcgcacacgggggcucagauucacaaccacuauccgcccugccgccgcgaggugccagg	
26	26	0	0	-	-	auuuuuuugacuguaauuuuauag	-	augguaaaauuacguugaaaaaucgucucccucaaaaaaugaaaccugagacuaacaggagauuuuuuugacuguaauuuuauagu	





































7	0	0	7	-	-	aaaugggacugauaugcgaguau	-	ccauucucgcauaacaguaccauauucuugggauuucucauauaaaugggacugauaugcgaguaugg	















4	0	0	4	-	-	uuccgaaguugggugucucgc	-	ugcaagauacccuacuucggaaguagggcgcauuagagcgcauccggaugcgaaucgaaugcaccacuuccgaaguugggugucucgca	
















