miRDeep2 score	novel miRNAs reported by miRDeep2	novel miRNAs, estimated false positives	novel miRNAs, estimated true positives	known miRNAs in species	known miRNAs in data	known miRNAs detected by miRDeep2	estimated signal-to-noise	excision gearing
10	3	3 +/- 1	1 +/- 1 (20 +/- 29%)	164	91	15 (16%)	4.6	1
9	3	3 +/- 1	1 +/- 1 (20 +/- 29%)	164	91	15 (16%)	4.6	1
8	3	3 +/- 1	1 +/- 1 (20 +/- 29%)	164	91	17 (19%)	4.9	1
7	3	3 +/- 1	1 +/- 1 (20 +/- 29%)	164	91	19 (21%)	5.2	1
6	3	3 +/- 1	1 +/- 1 (20 +/- 29%)	164	91	19 (21%)	5.2	1
5	3	3 +/- 1	1 +/- 1 (19 +/- 28%)	164	91	36 (40%)	9.1	1
4	4	3 +/- 1	1 +/- 1 (30 +/- 28%)	164	91	46 (51%)	11.5	1
3	4	7 +/- 3	0 +/- 0 (2 +/- 10%)	164	91	51 (56%)	5.5	1
2	9	9 +/- 3	1 +/- 2 (12 +/- 17%)	164	91	56 (62%)	5.5	1
1	39	12 +/- 3	27 +/- 3 (68 +/- 8%)	164	91	63 (69%)	6.7	1
0	70	33 +/- 5	37 +/- 5 (52 +/- 7%)	164	91	74 (81%)	3.7	1
-1	84	73 +/- 7	11 +/- 7 (13 +/- 8%)	164	91	81 (89%)	2	1
-2	102	117 +/- 9	0 +/- 1 (0 +/- 1%)	164	91	81 (89%)	1.4	1
-3	128	163 +/- 10	0 +/- 0 (0 +/- 0%)	164	91	82 (90%)	1.2	1
-4	181	216 +/- 12	0 +/- 0 (0 +/- 0%)	164	91	84 (92%)	1.1	1
-5	237	282 +/- 13	0 +/- 0 (0 +/- 0%)	164	91	84 (92%)	1.1	1
-6	262	371 +/- 15	0 +/- 0 (0 +/- 0%)	164	91	85 (93%)	0.9	1
-7	304	457 +/- 16	0 +/- 0 (0 +/- 0%)	164	91	85 (93%)	0.8	1
-8	363	530 +/- 17	0 +/- 0 (0 +/- 0%)	164	91	85 (93%)	0.8	1
-9	428	602 +/- 19	0 +/- 0 (0 +/- 0%)	164	91	85 (93%)	0.8	1
-10	508	667 +/- 19	0 +/- 0 (0 +/- 0%)	164	91	85 (93%)	0.9	1



novel miRNAs predicted by miRDeep2
provisional id	miRDeep2 score	estimated probability that the miRNA candidate is a true positive	rfam alert	total read count	mature read count	loop read count	star read count	significant randfold p-value	miRBase miRNA	example miRBase miRNA with the same seed	UCSC browser	NCBI blastn	consensus mature sequence	consensus star sequence	consensus precursor sequence	precursor coordinate
2_2343	248.8	20 +/- 29%	-	489	487	0	2	yes	-	-	-	-	gauuuggauuggauuugg	gauugggauuggauuugg	gauuuggauuggauuuggauuggauuuggauuggauuuuaauuggauuuggauuggauuuggucuggauugggauuggauuugg	2:414570379..414570463:+
2_757	248.2	20 +/- 29%	-	487	486	0	1	yes	-	-	-	-	gauuuggauuggauuugg	gauuugguuuggauuugg	gauuuggauuggauuuggcuuggauuugguuuggauuugg	2:129437372..129437412:+
3_5705	245.4	20 +/- 29%	-	493	491	0	2	no	-	-	-	-	aacuguggaagugcucau	aagcacgcuuugucccagu	aacuguggaagugcucauaagaacacuaaucugagaagcacgcuuugucccagu	3:40279115..40279169:+
2_3280	4.8	30 +/- 28%	-	581	581	0	0	yes	-	dme-miR-2a-3p	-	-	uaucacagccauuuuaaugagcu	cucaucaauugguuguggcuaug	cucaucaauugguuguggcuaugugucuugcguagcguuucgcaccguuucgaagcgugucccccaucauaucacagccauuuuaaugagcu	2:107237801..107237893:-
1_10355	2.1	12 +/- 17%	-	557	557	0	0	yes	-	-	-	-	agaaucccgucugggauuc	aucccgucugggauucgga	aucccgucugggauucggaaagaaucccgucugggauucggaaagaaucccgucugggauuc	1:39891419..39891481:+
NIGP01000718_14817	2.1	12 +/- 17%	-	556	556	0	0	yes	-	-	-	-	agaaucccgucugggauuc	aucccgucugggauucgga	aucccgucugggauucggagagaaucccgucugggauuc	NIGP01000718:12325..12364:-
1_10352	2	12 +/- 17%	-	556	556	0	0	yes	-	-	-	-	agaaucccgucugggauuc	aucccgucugggauucgga	aucccgucugggauucggagagaaucccgucugggauucggagagaaucccgucugggauuc	1:39890099..39890161:+
1_10356	2	12 +/- 17%	-	556	556	0	0	yes	-	-	-	-	agaaucccgucugggauuc	aucccgucugggauucgga	aucccgucugggauucggagagaaucccgucugggauuc	1:39891465..39891504:+
1_10358	2	12 +/- 17%	-	557	556	0	1	yes	-	-	-	-	agaaucccgucugggauuc	caaucccgucugggauuc	caaucccgucugggauucugagagaaucccgacugggauucugagagaaucccgucugggauucugagagaaucccgucugggauuc	1:39892037..39892124:+
NIGP01000718_14821	1.9	68 +/- 8%	-	556	556	0	0	yes	-	-	-	-	agaaucccgucugggauuc	aucccgucugggauucgga	aucccgucugggauucggagagaaucccgucugggauuc	NIGP01000718:15816..15855:-
1_10351	1.9	68 +/- 8%	-	556	556	0	0	yes	-	-	-	-	agaaucccgucugggauuc	aucccgucugggauucgga	aucccgucugggauucggagagaaucccgucugggauucggagagaaucccgucugggauuc	1:39890053..39890115:+
2_333	1.8	68 +/- 8%	-	1219	1219	0	0	yes	-	-	-	-	uccaauccaaauccaaucc	aucgaauuuggauuggauu	aucgaauuuggauuggauuuggaaaccaaucccaauccaauccaaauccaaucc	2:60174901..60174955:+
NIGP01000718_14822	1.8	68 +/- 8%	-	555	555	0	0	yes	-	-	-	-	agaaucccgucugggauuc	aucccgucuggguuucgga	agaaucccgucugggauucggagagaaucccgucuggguuucggagagaaucccgucuggguuucgga	NIGP01000718:15859..15927:-
3_8002	1.7	68 +/- 8%	-	487	487	0	0	yes	-	-	-	-	gauuuggauuggauuugg	ggauuggauuuggauugg	ggauuggauuuggauuggauuuggauuggauuuggauuggauuuggauuggauuuggauuggauuuggaucggauuuggauuggauuugg	3:28309424..28309514:-
3_7445	1.7	68 +/- 8%	-	556	556	0	0	yes	-	-	-	-	agaaucccgucugggauuc	uucccgucugggauucgaa	agaaucccgucugggauucgaacaguucccgucugggauucgaa	3:336366432..336366476:+
1_14126	1.7	68 +/- 8%	-	486	486	0	0	yes	-	-	-	-	gauuuggauuggauuugg	ggauuggauuuggauugg	ggauuggauuuggauuggauuuggauuggauuuggauuggauuuggauuggauuggauuuggauuggauuuggauuggauuuggauuggauuuggauuggauuugg	1:280942604..280942710:-
3_8001	1.7	68 +/- 8%	-	491	487	4	0	yes	-	-	-	-	gauuuggauuggauuugg	ggauuggauuuggauugg	ggauuggauuuggauuggauuuggaucggauuuggauuggauuuggauuggauuuggauuggauuuggauuggauuuggauuggauuuggauuggauuugg	3:28309369..28309470:-
2_3381	1.6	68 +/- 8%	-	489	487	2	0	yes	-	-	-	-	gauuuggauuggauuugg	ggaugugauuuggauugg	ggaugugauuuggauuggaucuggauuggauuuggauuggauuuggauuggauuuggauuggauuuggauuggauuuggauuggauuuggauuggauuugg	2:125820827..125820928:-
1_11495	1.6	68 +/- 8%	-	555	555	0	0	yes	-	-	-	-	agaaucccgucugggauuc	guuccgucugggauucgaa	agaaucccgucugggauucgaacagaguuccgucugggauucgaa	1:238960639..238960684:+
1_10375	1.6	68 +/- 8%	-	14	14	0	0	yes	-	-	-	-	uuuaaauauuuacuuauau	guaaguaaauauuuaaaau	guaaguaaauauuuaaaauuuaauaauucaacuauauauaguugaauuauuaaauuuuaaauauuuacuuauau	1:45527990..45528064:+
2_2470	1.6	68 +/- 8%	-	486	486	0	0	yes	-	-	-	-	gauuuggauuggauuugg	ggauuggauuuggauugg	ggauuggauuuggauuggauuuggauuggauuuggauuggauuuggauuggauuuggauuggauuuggauuggauuuggauuggauuuggauuggauuugg	2:438095871..438095972:+
3_6431	1.6	68 +/- 8%	-	486	486	0	0	yes	-	-	-	-	gauuuggauuggauuugg	ggauuggauuuggauugg	ggauuggauuuggauuggauuuggauuggauuuggauuggauuuggauuggauuuggauuugauuuggauuugauuuggauuggauuugg	3:165299482..165299572:+
3_6317	1.5	68 +/- 8%	-	487	486	1	0	yes	-	-	-	-	gauuuggauuggauuugg	ggauuggauuuggauugg	ggauuggauuuggauuggauuuggauuggauuuggauuggauuuggauuggauuuggauuggauuuggauaggauuuggauuggauuugg	3:156204664..156204754:+
2_2412	1.5	68 +/- 8%	-	489	487	2	0	yes	-	-	-	-	gauuuggauuggauuugg	ggauuggauuugaauugg	ggauuggauuugaauuggauuuggaguggauuuggauuggauuuggauuggauuuggauuggauuugaauuggguuuggauuggauuuggauuggauuugg	2:428318701..428318802:+
2_3382	1.4	68 +/- 8%	-	489	487	2	0	yes	-	-	-	-	gauuuggauuggauuugg	ggauuggauuuggauugg	ggauuggauuuggauuggauuuggauuggauuuggauuggauuggauuuggaugugauuuggauuggaucuggauuggauuuggauuggauuugg	2:125820882..125820977:-
1_11969	1.4	68 +/- 8%	-	5	5	0	0	yes	-	dme-miR-4974-3p	-	-	aauaaaauuaaauagaac	uauuuuaauuuuaaauu	aauaaaauuaaauagaacgagcucaccaaaucuuuaaucgauugaaagaauuuggugagcucguuauuuuaauuuuaaauu	1:14781544..14781625:-
1_14125	1.4	68 +/- 8%	-	487	487	0	0	yes	-	-	-	-	gauuuggauuggauuugg	ggauuggauuuggauugg	ggauuggauuuggauuggauuuggauuggauuuggauuggauuugg	1:280942615..280942661:-
2_5399	1.4	68 +/- 8%	-	489	487	2	0	yes	-	-	-	-	gauuuggauuggauuugg	ggauuggauuuggauugu	ggauuggauuuggauuguauuuggauuggauuuggauuggauuuggauuggauuuggauuggauuuggauuggauuuggauuggauuuggauuggauuugg	2:461557686..461557787:-
2_1328	1.4	68 +/- 8%	-	1273	1273	0	0	yes	-	-	-	-	uagaaaucucagaggucua	cacuucuggguauuuccaga	uagaaaucucagaggucuauugacacuucuggguauuuccaga	2:229951648..229951691:+
3_5543	1.3	68 +/- 8%	-	1151	1151	0	0	yes	-	-	-	-	gauuuggacucaugauac	aucaugauuccaccagug	aucaugauuccaccaguguguuuuaaucuuaugaaaauacacuaugauuuggacucaugauac	3:8926202..8926265:+
2_5400	1.3	68 +/- 8%	-	489	487	2	0	yes	-	-	-	-	gauuuggauuggauuugg	ggauuggauuuggauugg	ggauuggauuuggauuggauuuggauuggauuuggauuggauuuggauuggauuuggauuguauuuggauuggauuuggauuggauuugg	2:461557741..461557831:-
NIGP01002090_15091	1.2	68 +/- 8%	-	489	486	3	0	yes	-	-	-	-	gauuuggauuggauuugg	ggauuggauuuggauugg	ggauuggauuuggauuggauuuggauugaauuuggauugaauuggauuggauuuggauuggauuuggauuggauuuuggauuggauuuggauuggauuugg	NIGP01002090:4810..4911:-
2_5458	1.2	68 +/- 8%	-	494	487	7	0	yes	-	-	-	-	gauuuggauuggauuugg	ggauugaauuuagauuug	gauuuggauuggauuuggauuggauuuggauuggauuuggauuggauuuggauuggauuuggauuagauuuugauuggauuuggauugaauuuagauuug	2:469729232..469729332:-
1_14153	1.2	68 +/- 8%	-	488	487	1	0	yes	-	-	-	-	gauuuggauuggauuugg	ggauaagauuuggauugg	ggauaagauuuggauuggauuuggauuggaucugaauucuggauuuggauuggauuugaauuggauuuggauuggauuugg	1:287091225..287091306:-
3_8883	1.1	68 +/- 8%	-	8	8	0	0	yes	-	-	-	-	auuucaucugaccaauuu	auaggucagaugaaauga	auuucaucugaccaauuuauuggaaccucucucaucugagagagguuccaauaaauaggucagaugaaauga	3:172858504..172858576:-
3_6318	1.1	68 +/- 8%	-	486	486	0	0	yes	-	-	-	-	gauuuggauuggauuugg	ggauaggauuuggauugg	ggauaggauuuggauuggauuuggauuuggauuggauuuggauuggauuuggauuggauuugg	3:156204730..156204793:+
3_6432	1	68 +/- 8%	-	486	486	0	0	yes	-	-	-	-	gauuuggauuggauuugg	ggauuugauuuggauugg	gauuuggauuggauuuggauugcauuuggauuugauuuggauugg	3:165299554..165299599:+
1_14253	1	68 +/- 8%	-	647	647	0	0	yes	-	-	-	-	agaauccguagagggauucuu	gaauccaaagaaagagauucuag	agaauccguagagggauucuuguagaaaagagauucuagcagaauccaaagaaagagauucuag	1:304365990..304366054:-
1_11937	1	68 +/- 8%	-	488	486	2	0	yes	-	-	-	-	gauuuggauuggauuugg	ggauuggauuuggauugg	ggauuggauuuggauuggauuuggauuggcuuuggauuggcuuuggauuggauuuggauuggauuuggauuggauuuggauuggauuuggauuggauuugg	1:9976837..9976938:-
1_11938	0.9	52 +/- 7%	-	487	487	0	0	yes	-	-	-	-	gauuuggauuggauuugg	ggauuggauuuggauugg	ggauuggauuuggauuggauuuggauuggauuuggauuggauuugg	1:9976936..9976982:-
2_441	0.9	52 +/- 7%	-	487	487	0	0	yes	-	-	-	-	gauuuggauuggauuugg	ggauuggauuuggauugg	ggauuggauuuggauuggauuuggauuggauuuggauuggauuggauuggauguggauuggauuuggauuggauuugg	2:81147169..81147247:+
1_10776	0.8	52 +/- 7%	-	488	487	1	0	yes	-	-	-	-	gauuuggauuggauuugg	ggauuuggauuggauuug	ggauuuggauuggauuugguuuugaauuggauuuggauuggauuuagauuggauuuggauuggauuuggauuggauuuggauuggauuugg	1:120081710..120081801:+
2_3510	0.8	52 +/- 7%	-	1128	1128	0	0	yes	-	-	-	-	gaagaggcauguuugccaa	gguaagcauguugauucac	gguaagcauguugauucacaugaagaggcauguuugccaa	2:149063065..149063105:-
3_5933	0.8	52 +/- 7%	-	3	3	0	0	yes	-	dme-miR-971-3p	-	-	uugguguuauaucuuacagugag	ggcuguaaguauuacagcaagc	ggcuguaaguauuacagcaagcuugcuauucgaaaggcgcuugguguuauaucuuacagugag	3:82678953..82679016:+
1_10775	0.7	52 +/- 7%	-	486	486	0	0	yes	-	-	-	-	gauuuggauuggauuugg	gaauuggauuuggauugg	gaauuggauuuggauuggauuugguuuugaauuggauuuggauuggauuugg	1:120081677..120081729:+
2_3569	0.7	52 +/- 7%	-	105	105	0	0	yes	-	-	-	-	uugguacuguaccagggag	uccugguauuacaacagcu	uugguacuguaccagggaggaagcuucauuuucaaaauuuuauuuugaauucucugcagagcuuucuuccugguauuacaacagcu	2:157303855..157303941:-
2_2344	0.7	52 +/- 7%	-	489	487	2	0	yes	-	-	-	-	gauuuggauuggauuugg	ggauuggauuuugauugg	ggauuggauuuugauuggauuuggauugaauuuggauuggauuuggauuggauuugg	2:414570461..414570518:+
1_10772	0.6	52 +/- 7%	-	487	487	0	0	yes	-	-	-	-	gauuuggauuggauuugg	ggauuggauugggauuug	ggauuggauugggauuuggauuggauuuuggauuggauuuggauuggauuuggauuggauuugg	1:119834762..119834826:+
3_6797	0.6	52 +/- 7%	-	28	28	0	0	yes	-	-	-	-	gaagaugcauguuugccaa	gguaagcauguugauucac	gguaagcauguugauucacaugaagaugcauguuugccaa	3:225540315..225540355:+
2_769	0.6	52 +/- 7%	-	1151	1151	0	0	yes	-	-	-	-	gauuuggacucaugauac	aucaugauuccagcgugu	aucaugauuccagcguguuuucgucuuaugaaaauacaccaugauuuggacucaugauac	2:131129644..131129704:+
3_7842	0.5	52 +/- 7%	-	13	13	0	0	yes	-	-	-	-	gaaaucuacgaguucguu	cggaaucgagauuaucc	gaaaucuacgaguucguugacaaauuccguccugaacaacaucggucuggacaaacgacccggaaucgagauuaucc	3:407433143..407433220:+
2_4764	0.5	52 +/- 7%	-	1130	1130	0	0	yes	-	-	-	-	gaagaggcauguuugccaa	gguaagcauguugauucac	gguaagcauguugauucacaggaagaggcauguuugccaa	2:356033768..356033808:-
1_10337	0.4	52 +/- 7%	-	16	15	1	0	yes	-	-	-	-	aaauuaugucucaugauau	aacaugggucaaauugcc	aaauuaugucucaugauaucaugauuucagaguguuuucagcuuaugaaaauacaccaugauuuggacucaugauaacaugggucaaauugcc	1:36956595..36956688:+
1_11067	0.4	52 +/- 7%	-	58	58	0	0	yes	-	-	-	-	aucuuucgucucacucua	gagugauugaaaaaaag	gagugauugaaaaaaaggguuuaagggaacacgggagaccguguuauuuucccuaucuuucgucucacucua	1:172675606..172675678:+
1_14154	0.4	52 +/- 7%	-	488	488	0	0	yes	-	-	-	-	gauuuggauuggauuugg	ggauuggauuuggauugg	ggauuggauuuggauuggauuuugauugaaauuggauugcauuuggauaagauuuggauuggauuugg	1:287091282..287091350:-
3_7957	0.3	52 +/- 7%	-	494	486	8	0	yes	-	-	-	-	gauuuggauuggauuugg	aaaugcacggauggu	aaaugcacggaugguaaguuuggauuuugauuuggauuggauuuggauuggauuuggauuggauuuggauuggauuuggacuggauuuggauuggauuugg	3:19159317..19159418:-
3_6701	0.3	52 +/- 7%	-	1128	1128	0	0	yes	-	-	-	-	gaagaggcauguuugccaa	gguaagcauguugauugac	gguaagcauguugauugacaugaagaggcauguuugccaa	3:211342231..211342271:+
3_9395	0.3	52 +/- 7%	-	1093	1093	0	0	yes	-	-	-	-	uacuuacauuauaagcaucgugug	cacgacugcggguaccuuguauu	uacuuacauuauaagcaucgugugggacucacacgacugcggguaccuuguauu	3:275414096..275414150:-
3_6067	0.3	52 +/- 7%	-	1338	1338	0	0	yes	-	-	-	-	aaacuuugaagacauggcuc	gccauguuucuacaagguguac	gccauguuucuacaagguguacgccaauuauccguacaaacuuugaagacauggcuc	3:106664443..106664500:+
3_8954	0.2	52 +/- 7%	-	1119	1119	0	0	yes	-	-	-	-	uuuacaagggggaaaucugc	agauccccugagaag	uuuacaagggggaaaucugcaaacagauccccugagaag	3:185874327..185874366:-
3_7456	0.1	52 +/- 7%	-	45	45	0	0	no	-	dme-miR-981-5p	-	-	gggguuuccugugcgaaau	gucggacaguggccuagg	gggguuuccugugcgaaauugugucggacaguggccuagg	3:337104386..337104426:+
3_6451	0.1	52 +/- 7%	-	15	15	0	0	yes	-	-	-	-	gaagaggcauuuuugccaa	gguaagcauguuuauucac	gguaagcauguuuauucacaugaagaggcauuuuugccaa	3:169532049..169532089:+
2_4265	0.1	52 +/- 7%	-	1522	1522	0	0	yes	-	-	-	-	augacaauuaacacguuuuuc	agagcugucacugggucguga	augacaauuaacacguuuuucauuagauuagagcugucacugggucguga	2:274640817..274640867:-
2_442	0.1	52 +/- 7%	-	486	486	0	0	yes	-	-	-	-	gauuuggauuggauuugg	ggauuggauuuggauugg	ggauuggauuuggauuggauuuggauuggauugauuggauuggauuuggauuggauuuggauuggauuugg	2:81147234..81147305:+
3_9569	0.1	52 +/- 7%	-	487	487	0	0	yes	-	-	-	-	gauuuggauuggauuugg	ggauuggauuuggauuug	ggauuggauuuggauuuggauuggauuuggauuggauuuggauuggauuuggauuggauuugg	3:297075271..297075334:-
2_2467	0.1	52 +/- 7%	-	13	13	0	0	yes	-	-	-	-	gaagagucauguuugccaa	gguaagcauguugauucac	gguaagcauguugauucacaugaagagucauguuugccaa	2:437896951..437896991:+
3_6215	0.1	52 +/- 7%	-	486	486	0	0	yes	-	-	-	-	gauuuggauuggauuugg	ggauuggauuuagauuug	gauuuggauuggauuuggacugguuuuggauuggauuuagauuug	3:138368246..138368291:+
2_1095	0	52 +/- 7%	-	38	38	0	0	yes	-	-	-	-	aagaggcauguuugccaa	ggcuagcauguugauuca	ggcuagcauguugauucacauuaagaggcauguuugccaa	2:189160055..189160095:+
2_758	0	52 +/- 7%	-	487	487	0	0	yes	-	-	-	-	gauuuggauuggauuugg	ggaugugauuuggauugg	ggaugugauuuggauuggauuggauuuggauuggauuugg	2:129437410..129437450:+
NIGP01001859_15107	0	52 +/- 7%	-	2549	2549	0	0	yes	-	-	-	-	auuucagucacuuccagc	uggaguaugagaaca	auuucagucacuuccagcugguuuugacacgaacacgaucagcuggaguaugagaaca	NIGP01001859:17510..17568:-



mature miRBase miRNAs detected by miRDeep2
tag id	miRDeep2 score	estimated probability that the miRNA is a true positive	rfam alert	total read count	mature read count	loop read count	star read count	significant randfold p-value	mature miRBase miRNA	example miRBase miRNA with the same seed	UCSC browser	NCBI blastn	consensus mature sequence	consensus star sequence	consensus precursor sequence	precursor coordinate
2_3276	9505.5	20 +/- 29%	-	18636	18635	0	1	yes	aae-miR-2a-5p	dme-miR-2a-3p	-	-	uaucacagccagcuuugaagagcg	acucucaaagugguugugaaaug	acucucaaagugguugugaaaugaguuacucuugaacgaucucauaucacagccagcuuugaagagcg	2:107237501..107237569:-
2_3274	2258	20 +/- 29%	-	4420	4419	0	1	yes	aae-miR-2c	dme-miR-2a-3p	-	-	uaucacagccagcuuugaugagcu	acucucaaaguggcugugaaa	acucucaaaguggcugugaaaugguuugauuuugcucauaucacagccagcuuugaugagcu	2:107235884..107235946:-
2_3089	1015.8	20 +/- 29%	-	1984	1435	0	549	yes	aae-miR-276-5p	dme-miR-276a-3p	-	-	uaggaacuucauaccgugcucu	agcgagguauagaguuccuacg	agcgagguauagaguuccuacguugcgugugcgaaauugguaggaacuucauaccgugcucu	2:73120452..73120514:-
1_12939	941.6	20 +/- 29%	-	1840	1236	0	604	yes	aae-miR-252-5p	dme-miR-252-5p	-	-	cuaaguacuagugccgcagga	ccugcugcccaagugcuuaucg	cuaaguacuagugccgcaggagagauuugaaccccugcugcccaagugcuuaucg	1:175818157..175818212:-
2_3094	738.6	20 +/- 29%	-	1440	1438	0	2	yes	aae-miR-276-3p	dme-miR-276a-3p	-	-	uaggaacuucauaccgugcucu	agcgagguauagaguuccuaug	agcgagguauagaguuccuaugcguucggauaaaauauuccauaggaacuucauaccgugcucu	2:73509399..73509463:-
1_12147	705	20 +/- 29%	-	1374	1373	0	1	yes	aae-miR-33	dme-miR-33-5p	-	-	gugcauuguaguugcauugc	caauacuucugcaaugcaagc	gugcauuguaguugcauugcacuuuugcguucgauaacacggugcaauacuucugcaaugcaagc	1:50888881..50888946:-
2_3209	592.3	20 +/- 29%	-	1154	1150	0	4	yes	aae-miR-281-5p	dme-miR-281-2-5p	-	-	aagagagcuauccgucgacagu	cugucauggaauugcucucuuua	aagagagcuauccgucgacaguagggauaugauucacugucauggaauugcucucuuua	2:96469361..96469420:-
3_8384	424.4	20 +/- 29%	-	824	823	0	1	yes	aae-miR-92b-3p	dme-miR-92a-3p	-	-	aauugcacuugucccggccugc	aggucgugacuugugcccauuu	aggucgugacuugugcccauuugcugaauuuuaauggucaaauugcacuugucccggccugc	3:93418515..93418577:-
2_3283	23.4	20 +/- 29%	-	44	35	0	9	yes	aae-miR-71-5p	-	-	-	agaaagacauggguagugagau	ucucacuaccuugucuuucaug	agaaagacauggguagugagauaguuucacccuauugcacugggaucucacuaccuugucuuucaug	2:107238287..107238354:-
3_6936	10.6	20 +/- 29%	-	12	7	0	5	yes	aae-miR-307	dme-miR-307a-5p	-	-	acucacucaaccugggugugaug	ucacaaccuccuugagugagcg	acucacucaaccugggugugaugcuuauuugaaucaucacaaccuccuugagugagcg	3:244794376..244794434:+
1_14282	8	20 +/- 29%	-	8	7	0	1	yes	aae-miR-1175-5p	dme-miR-958-3p	-	-	ugagauucuacuucuccgacuuaa	aaguggaguaguggucucaucgcu	aaguggaguaguggucucaucgcuuaguauuagaaaagugagauucuacuucuccgacuuaa	1:307010044..307010106:-
2_4636	7.1	20 +/- 29%	-	6	4	0	2	yes	aae-miR-9c-5p	dme-miR-9c-3p	-	-	uaaagcuuuaguaccagagguc	ucuuugguauucuagcuguaga	ucuuugguauucuagcuguagaauguugagcuuugugauaugguaucuucuaaagcuuuaguaccagagguc	2:335810364..335810436:-
3_8288	5.4	19 +/- 28%	-	900	900	0	0	yes	aae-miR-11-5p	dme-miR-2a-3p	-	-	caucacagucugaguucuugcu	cgagaacuccggcugugaccugug	cgagaacuccggcugugaccuguguacacuuuauccaaaucacaucacagucugaguucuugcu	3:75489864..75489928:-
3_8286	5.4	19 +/- 28%	-	31	31	0	0	yes	aae-miR-998	dme-miR-285-3p	-	-	uagcaccaugagauucagcuc	acugaacucucgugggucugca	acugaacucucgugggucugcaguugauauuucgaaagcuuguagcaccaugagauucagcuc	3:75489589..75489652:-
3_9248	5.3	19 +/- 28%	-	21	21	0	0	yes	aae-miR-278-5p	dme-miR-278-3p	-	-	ucggugggacuuucguccguuu	acggacgauagucuucagcggcc	acggacgauagucuucagcggccgugcauuugauagaaguggucggugggacuuucguccguuu	3:243123888..243123952:-
1_14246	5.2	19 +/- 28%	-	3831	3831	0	0	yes	aae-miR-317	dme-miR-317-3p	-	-	ugaacacagcuggugguaucuca	ggauacacccugugcucgcu	ggauacacccugugcucgcuuugcauucgaaacuagugaacacagcuggugguaucuca	1:302667131..302667190:-
1_14244	5.2	19 +/- 28%	-	1916	1916	0	0	yes	aae-miR-277-5p	dme-miR-277-3p	-	-	uaaaugcacuaucugguacgaca	gcgugucagaagugcauuuaca	gcgugucagaagugcauuuacauagguauuucccguuuagcaguauuuguaaaugcacuaucugguacgaca	1:302603812..302603884:-
2_1771	5.2	19 +/- 28%	-	688	688	0	0	yes	aae-miR-275-5p	dme-miR-275-3p	-	-	ucagguaccugaaguagcgcg	cgcuaagcaggaaccgagacu	cgcuaagcaggaaccgagacuuugucauuugcuagcagucagguaccugaaguagcgcg	2:307135670..307135729:+
1_14271	5.1	19 +/- 28%	-	68834	68834	0	0	yes	aae-miR-283	dme-miR-283-5p	-	-	caauaucagcugguaauucuggg	cggaauuccaacugauauccac	caauaucagcugguaauucugggcuuaccccaccguuauacgcuucccggaauuccaacugauauccac	1:305625600..305625669:-
2_3282	5.1	19 +/- 28%	-	204	204	0	0	yes	aae-miR-2c	dme-miR-2a-3p	-	-	uaucacagccagcuuugaug	ucaaauuugguuguuuuagu	ucaaauuugguuguuuuaguacgaccucuuugaaaccccuaucacagccagcuuugaug	2:107237999..107238058:-
2_2107	5.1	19 +/- 28%	-	22	22	0	0	yes	aae-miR-2945-5p	dme-miR-279-3p	-	-	ugacuagaggcagacucguuua	agcggguccguuucuagugucaug	agcggguccguuucuagugucaugugcuguauucgaauaucaugacuagaggcagacucguuua	2:374947142..374947206:+
3_10118	5	19 +/- 28%	-	11881	11881	0	0	yes	aae-miR-308-5p	dme-miR-2a-3p	-	-	aaucacaggaguauacugugag	cgcgguauauucuuguggcuug	cgcgguauauucuuguggcuugaugcauuugaaaaaucucaaaucacaggaguauacugugag	3:403338483..403338546:-
1_11309	5	19 +/- 28%	-	1278	1278	0	0	yes	aae-miR-996	dme-miR-279-3p	-	-	ugacuagauuacaugcucgucu	gcgugcaugaaucuggugcacg	gcgugcaugaaucuggugcacgguuuuccaguuguaauaucgcuucgugacuagauuacaugcucgucu	1:207012536..207012605:+
2_5122	5	19 +/- 28%	-	3230	3230	0	0	yes	aae-miR-184	dme-miR-184-3p	-	-	uggacggagaacugauaagggc	ccuuaucauucuugcgccccgu	ccuuaucauucuugcgccccguguuauauuguuggcgacuggacggagaacugauaagggc	2:417599380..417599441:-
2_2423	4.9	30 +/- 28%	-	277	277	0	0	yes	aae-miR-965	dme-miR-965-3p	-	-	uaagcguauagcuuuucccau	gggaaauccuguacgcuguaug	gggaaauccuguacgcuguauguuguauuugaauaauccauaagcguauagcuuuucccau	2:429778751..429778812:+
2_2951	4.8	30 +/- 28%	-	23	23	0	0	yes	aae-miR-190	dme-miR-190-5p	-	-	agauauguuugauauucuugguug	cccaggaaucaaacauauuauua	agauauguuugauauucuugguuguuaaauuuuauauuaucacccaggaaucaaacauauuauua	2:48811877..48811942:-
1_11307	4.7	30 +/- 28%	-	581	581	0	0	yes	aae-miR-279	dme-miR-279-3p	-	-	ugacuagauccacacucauuaa	gaugggugugaaucuaguguuucaca	gaugggugugaaucuaguguuucacaugauuuucgauagccugugacuagauccacacucauuaa	1:207007788..207007853:+
2_1949	4.6	30 +/- 28%	-	2009	2009	0	0	yes	aae-miR-14	dme-miR-14-3p	-	-	ucagucuuuuucucucuccuau	gggagcgagauuaaggcuugcu	gggagcgagauuaaggcuugcuggucauuuauuacacucgaagucagucuuuuucucucuccuau	2:344767572..344767637:+
2_5020	4.6	30 +/- 28%	-	53	53	0	0	yes	aae-miR-1	dme-miR-1-3p	-	-	uggaauguaaagaaguauggag	ccaugcuuccuugcauucaaua	ccaugcuuccuugcauucaauagugauucugaaagcauauggaauguaaagaaguauggag	2:399501023..399501084:-
1_14267	4.6	30 +/- 28%	-	24469	24469	0	0	yes	aae-miR-12-5p	dme-miR-12-5p	-	-	ugaguauuacaucagguacuggu	caguacuuauguuaugcucucu	ugaguauuacaucagguacuggugucgauauucgaaucaccaacgaaucggguuccuuugauuaacuuaccaguacuuauguuaugcucucu	1:305613548..305613640:-
2_20	4.6	30 +/- 28%	-	684	684	0	0	yes	aae-miR-219	dme-miR-219-5p	-	-	ugauuguccaaacgcaauucuu	gaguugugacuggacauccgug	ugauuguccaaacgcaauucuuguuuuauucgaauaugauauccaagaguugugacuggacauccgug	2:3715261..3715329:+
2_1774	4	30 +/- 28%	-	14515	14515	0	0	yes	aae-miR-305-5p	dme-miR-305-5p	-	-	auuguacuucaucaggugcucugg	ccggcacauguuggaguacacuua	auuguacuucaucaggugcucugguuguuuucgauacccggcacauguuggaguacacuua	2:307145445..307145506:+
3_6196	3.8	2 +/- 10%	-	30	30	0	0	yes	aae-miR-31	dme-miR-31b-5p	-	-	uggcaagauguuggcauagcug	gcuauucaacuucuugucuau	uggcaagauguuggcauagcugaaaguuuugaguuuagcuauucaacuucuugucuau	3:136174150..136174208:+
2_1274	3.7	2 +/- 10%	-	34	34	0	0	yes	aae-miR-7	dme-miR-7-5p	-	-	uggaagacuagugauuuuguuguu	uaacaauaaaucucaagucuuucuac	uggaagacuagugauuuuguuguuuugcuuacgauaauaacaauaaaucucaagucuuucuac	2:222802544..222802607:+
2_4629	3.5	2 +/- 10%	-	9	9	0	0	yes	aae-miR-9b	dme-miR-9a-5p	-	-	ucuuuggugauuuuagcuguaug	uauagcuuuaucaccaaaaacc	ucuuuggugauuuuagcuguaugcugauacguuucugauugcauauagcuuuaucaccaaaaacc	2:335780574..335780639:-
3_6497	3.5	2 +/- 10%	-	92	92	0	0	yes	aae-bantam-5p	dme-bantam-3p	-	-	ugagaucauuuugaaagcugauu	ccgguuuucauuuucgaucugacu	ccgguuuucauuuucgaucugacuuauuugauuuaacaagagugagaucauuuugaaagcugauu	3:178082830..178082895:+
3_8386	2.4	12 +/- 17%	-	7	7	0	0	yes	aae-miR-92a-5p	dme-miR-92a-3p	-	-	uauugcacuugucccggccuaug	ucgguacggacaggggcaacauu	ucgguacggacaggggcaacauugugacauuugaaagcuaauauugcacuugucccggccuaug	3:93477595..93477659:-
3_7872	2.3	12 +/- 17%	-	6	6	0	0	yes	aae-miR-980-5p	dme-miR-980-3p	-	-	uagcugccuagugaagggcaa	gccguucauugggucaucuagc	gccguucauugggucaucuagcucguguuggaaacaguuagcugccuagugaagggcaa	3:1054524..1054583:-
2_2998	2.1	12 +/- 17%	-	2757	2757	0	0	yes	aae-miR-11894a	-	-	-	uuuaccauuucaagaugaccua	ggucgucuugaaaugguaaaga	ggucgucuugaaaugguaaagagugucaaucaucaucuuuaccauuucaagaugaccua	2:58785158..58785217:-
2_3006	2	12 +/- 17%	-	2757	2757	0	0	yes	aae-miR-11894a	-	-	-	uuuaccauuucaagaugaccua	ggucgucuugaaaugguaaaga	ggucgucuugaaaugguaaagagugucaaucaucaucuuuaccauuucaagaugaccua	2:58787948..58788007:-
2_3002	2	12 +/- 17%	-	2757	2757	0	0	yes	aae-miR-11894a	-	-	-	uuuaccauuucaagaugaccua	ggucgucuugaaaugguaaaga	ggucgucuugaaaugguaaagagugucaaucaucaucuuuaccauuucaagaugaccua	2:58786284..58786343:-
2_3000	2	12 +/- 17%	-	2757	2757	0	0	yes	aae-miR-11894a	-	-	-	uuuaccauuucaagaugaccua	ggucgucuugaaaugguaaaga	ggucgucuugaaaugguaaagagugucaaucaucaucuuuaccauuucaagaugaccua	2:58785850..58785909:-
2_2996	1.9	68 +/- 8%	-	14	14	0	0	yes	aae-miR-11894b	-	-	-	uuuaccauuucaauaugaccua	ggucguauugaaaugguaaaga	ggucguauugaaaugguaaagagugucaaucaucaucuuuaccauuucaauaugaccua	2:58784590..58784649:-
2_3004	1.9	68 +/- 8%	-	2757	2757	0	0	yes	aae-miR-11894a	-	-	-	uuuaccauuucaagaugaccua	ggucgucuugaaaugguaaaga	ggucgucuugaaaugguaaagagugucaaucaucaucuuuaccauuucaagaugaccua	2:58787426..58787485:-
2_3213	1.5	68 +/- 8%	-	1306	1305	0	1	yes	aae-miR-282-5p	-	-	-	agccucuccuaggcuuugucu	auagccugacagagguuagg	agccucuccuaggcuuugucuguuaccuuccuugggaauuccacuagccagacauagccugacagagguuagg	2:96911966..96912039:-
3_8429	1.4	68 +/- 8%	-	24	24	0	0	yes	aae-miR-2765	-	-	-	ugguaacuccaccaccguuggc	caaugggagcuggaguucccgcg	ugguaacuccaccaccguuggcgauauuugacagccaaugggagcuggaguucccgcg	3:101895454..101895512:-
2_3278	1.4	68 +/- 8%	-	3452	3452	0	0	yes	aae-miR-13-5p	-	-	-	aucacagccauuuugacgaguu	aucguaaaaaugguugugcugu	aucguaaaaaugguugugcuguguuguuacgcucgaaauucauaucacagccauuuugacgaguu	2:107237649..107237714:-
2_5100	1.4	68 +/- 8%	-	14	14	0	0	yes	aae-miR-1890	-	-	-	ugaaaucuuugauuaggucugg	agagcuaauuggagaguucuug	agagcuaauuggagaguucuugaauaguguugugaaccuucaugaaaucuuugauuaggucugg	2:413654961..413655025:-
1_12342	0.9	52 +/- 7%	-	4	4	0	0	yes	aae-miR-87	dme-miR-87-3p	-	-	gugagcaaauuuucaggugugu	cagccugaaauuugcuaaaccu	cagccugaaauuugcuaaaccuguguguauuugauucaaacaaucaaggugagcaaauuuucaggugugu	1:80682401..80682471:-
NIGP01000533_14696	0.9	52 +/- 7%	-	4	4	0	0	yes	aae-miR-970	dme-miR-970-3p	-	-	ucauaagacacacgcggcuau	agcuugcguuugucuuagcuggua	agcuugcguuugucuuagcugguauugaaugugauagguaucauaagacacacgcggcuau	NIGP01000533:10107..10168:-
1_11583	0.9	52 +/- 7%	-	3	3	0	0	yes	aae-miR-999	dme-miR-999-3p	-	-	uguuaacuguaagacugugucu	acgcggucgugcaggaaauuauu	acgcggucgugcaggaaauuauuuggcauuagauucaaauguuaacuguaagacugugucu	1:252222293..252222354:+
2_1885	0.7	52 +/- 7%	-	4	4	0	0	yes	aae-miR-133	dme-miR-133-3p	-	-	uugguccccuucaaccagcug	gcugguugacuucgggucaaau	gcugguugacuucgggucaaaucgucaaauauuugcaaagauauuuccucagugaaauuauuugguccccuucaaccagcug	2:330417066..330417148:+
2_2114	0.7	52 +/- 7%	-	4	4	0	0	yes	aae-miR-125-5p	dme-miR-125-5p	-	-	ucccugagacccuaacuugugacu	ucacaaguuuugaucuccgguauu	ucccugagacccuaacuugugacuauaguugaaguuucacaaguuuugaucuccgguauu	2:375131781..375131841:+
2_4632	0.6	52 +/- 7%	-	3	3	0	0	yes	aae-miR-79-5p	dme-miR-4-3p	-	-	auaaagcuagauuaccaaagcau	gcuuuggcgcuuuagcuguauga	gcuuuggcgcuuuagcuguaugauagaauuuaauauuucauaaagcuagauuaccaaagcau	2:335780884..335780946:-
3_7415	0.6	52 +/- 7%	-	272	272	0	0	yes	aae-miR-8-5p	-	-	-	acugucagguaaagauguc	caucuuaccgggcagcau	caucuuaccgggcagcauuagauauuuuugaaauacuucuaauacugucagguaaagauguc	3:328527955..328528017:+
1_11226	0.5	52 +/- 7%	-	2	2	0	0	yes	aae-miR-929	dme-miR-929-5p	-	-	aaauugacucuaguagggagu	ucccuaacggagucagauuga	aaauugacucuaguagggaguccuuguguacgagugacucccuaacggagucagauuga	1:198495526..198495585:+
3_9916	0	52 +/- 7%	-	2	2	0	0	yes	aae-miR-989	dme-miR-989-3p	-	-	ugugaugugacguagugguacc	cgccgcuaccucgcuuucacuug	cgccgcuaccucgcuuucacuugguaccgauuucccauaauccaugugaugugacguagugguacc	3:366439081..366439147:-
2_3543	-0.4	13 +/- 8%	-	2	2	0	0	yes	aae-miR-263b-5p	dme-miR-263b-5p	-	-	cuuggcacugggagaauucacag	guggaucuuuucgugccaucgu	cuuggcacugggagaauucacaggcgcuauuugcuaucauucuguggaucuuuucgugccaucgu	2:153371131..153371196:-
2_1772	-0.5	13 +/- 8%	-	688	688	0	0	no	aae-miR-275-3p	dme-miR-275-3p	-	-	ucagguaccugaaguagcgcg	agcgacaacagaggcgugaaa	ucagguaccugaaguagcgcgcgugaucaaacaggaagcgucaucaagcgacaacagaggcgugaaa	2:307135708..307135775:+
2_4705	-0.6	13 +/- 8%	-	1	1	0	0	yes	aae-miR-263a-5p	dme-miR-263a-5p	-	-	aauggcacuggaagaauucacggg	cguguucuggcaguggcauccc	aauggcacuggaagaauucacggguauauuuugaaauccccguguucuggcaguggcauccc	2:348784448..348784510:-
2_1342	-0.7	13 +/- 8%	-	1	1	0	0	yes	aae-miR-932-5p	dme-miR-932-5p	-	-	ucaauuccguagugcauugcagu	ugcaagcaauguggaagugaag	ucaauuccguagugcauugcagugugcuuuagacgaacugcaagcaauguggaagugaag	2:231381156..231381216:+
2_612	-0.9	13 +/- 8%	-	1	1	0	0	yes	aae-miR-9a	dme-miR-9a-5p	-	-	ucuuugguuaucuagcuguaug	uaaagcuagcauaccgaaguua	ucuuugguuaucuagcuguaugagugaauuuagaacaucauaaagcuagcauaccgaaguua	2:108461947..108462009:+
2_3210	-2.3	0 +/- 0%	-	1150	1150	0	0	no	aae-miR-281-5p	dme-miR-281-2-5p	-	-	aagagagcuauccgucgacagu	cguugacgugggauuuuuuug	cguugacgugggauuuuuuuguucauuuuguucuuucgcugguuucgaauaugaaaauaaagagagcuauccgucgacagu	2:96469398..96469479:-
1_10405	-2.5	0 +/- 0%	-	6	6	0	0	yes	aae-miR-210	-	-	-	uugugcgugugacaacggcuau	agcugcugaccacugcacaaga	agcugcugaccacugcacaagauuagauuaugacucuugugcgugugacaacggcuau	1:54892617..54892675:+
2_4562	-3.2	0 +/- 0%	-	2	2	0	0	yes	aae-miR-11895	-	-	-	auucaugcauucacuucugcuga	agcaggagugaaugcaugaguuu	agcaggagugaaugcaugaguuugacaucugaaacuaauucaugcauucacuucugcuga	2:324949494..324949554:-
2_4777	-3.4	0 +/- 0%	-	3	3	0	0	yes	aae-miR-1891	-	-	-	ugaggaguuaauuugcguguuu	acacguccauuaacucugguac	ugaggaguuaauuugcguguuuuuguauuugauuaaacacguccauuaacucugguac	2:360084867..360084925:-
3_10136	-5.2	0 +/- 0%	-	1	1	0	0	no	aae-miR-285	dme-miR-285-3p	-	-	uagcaccauucgaaaucaguacu	uacuggcuuccaaaggugaguaga	uacuggcuuccaaaggugaguagauggcauucgauacacucuagcaccauucgaaaucaguacu	3:406875045..406875109:-
1_12922	-15.6	0.00 +/- 0.00	-	1	1	0	0	no	aae-miR-11917	-	-	-	ccaaacauccguuuuaucuga	aagagcacggaucuggag	aagagcacggaucuggagaaccaaacauccguuuuaucuga	1:173375701..173375742:-

#miRBase miRNAs not detected by miRDeep2
miRBase precursor id	total read count	mature read count(s)	star read count	remaining reads	UCSC browser	NCBI blastn	miRBase mature sequence(s)	miRBase star sequence(s)	miRBase precursor sequence
3863	3863	0	0	-	-	ucagguacugagugacucucag	gagagcaccucgguaucuaagc	-	cauucgcaauuucaccgguucagguacugagugacucucagaugugcauuucucaagcaaucucguccucaggaccugagguugaaaaacccugagagcaccucgguaucuaagccaguguugcgaaaa	
2086	2086	0	0	-	-	cacguuacagauugggguuucc	uaaucucaaauuguaacagugg	-	gagguaaucucaaauuguaacaguggguugauuuuccuggugaaucccggccuuguccuccgucacaagugugacaagugucucgaaaacguguucgcuauacccacguuacagauugggguuucccc	
720	720	0	0	-	-	ugguuuaucuuaucugucgaggc	gucgacagggagauaaaucacu	-	cauugguuuaucuuaucugucgaggcaaguuauuuuaccggauaguguuucuuuucgugagcaaucaccacuauccagcucuucuugucgacagggagauaaaucacug	
96	96	0	0	-	-	caaccacuauccgcccugccgcc	uggcagugugguuagcugguug	-	caaggcaauacgcuauggcagugugguuagcugguuguguagaacuuuggggggcuuccguggcguucgcgcgcacacgggggcucagauucacaaccacuauccgcccugccgccgcgaggugccagg	
12	12	0	0	-	-	ugucuuuuuccgcuuacugccg	-	ccaacauuuugauugauuugucuuuuuccgcuuacugccgguggcauuugaaauucucgacagcaaaccgaaaaaggcgccucaaucaauu	
1	1	0	0	-	-	ugagguaguugguuguauagu	-	cacguugagguaguugguuguauaguagugacugauuaaauaucugcuaugcaaucugcuagcuugucgug	
1	1	0	0	-	-	gugugcuuugugacaaugaga	ccccuuguugcaaaccucacgc	-	gcugcgggugugugcuuugugacaaugagauucgguucgauaucauccccuuguugcaaaccucacgcuugcggu	




























































