miRDeep2 score	novel miRNAs reported by miRDeep2	novel miRNAs, estimated false positives	novel miRNAs, estimated true positives	known miRNAs in species	known miRNAs in data	known miRNAs detected by miRDeep2	estimated signal-to-noise	excision gearing
10	0	0 +/- 0	0 +/- 0 (0 +/- 0%)	164	76	24 (32%)	23.7	1
9	0	0 +/- 0	0 +/- 0 (0 +/- 0%)	164	76	24 (32%)	23.3	1
8	0	0 +/- 0	0 +/- 0 (0 +/- 0%)	164	76	24 (32%)	23.3	1
7	0	0 +/- 0	0 +/- 0 (0 +/- 0%)	164	76	24 (32%)	21.9	1
6	0	0 +/- 0	0 +/- 0 (0 +/- 0%)	164	76	24 (32%)	20.9	1
5	0	0 +/- 0	0 +/- 0 (0 +/- 0%)	164	76	39 (51%)	33.8	1
4	0	0 +/- 0	0 +/- 0 (0 +/- 0%)	164	76	54 (71%)	40.7	1
3	0	0 +/- 0	0 +/- 0 (0 +/- 0%)	164	76	59 (78%)	33.9	1
2	0	0 +/- 0	0 +/- 0 (0 +/- 0%)	164	76	60 (79%)	28.3	1
1	0	0 +/- 0	0 +/- 0 (0 +/- 0%)	164	76	64 (84%)	20.8	1
0	3	3 +/- 2	1 +/- 1 (21 +/- 29%)	164	76	65 (86%)	10.8	1
-1	10	9 +/- 3	2 +/- 2 (18 +/- 21%)	164	76	65 (86%)	5.2	1
-2	15	22 +/- 4	0 +/- 0 (0 +/- 3%)	164	76	65 (86%)	2.5	1
-3	38	40 +/- 5	1 +/- 2 (3 +/- 5%)	164	76	69 (91%)	2.1	1
-4	94	76 +/- 7	18 +/- 7 (19 +/- 8%)	164	76	69 (91%)	1.9	1
-5	160	171 +/- 11	1 +/- 3 (0 +/- 2%)	164	76	69 (91%)	1.2	1
-6	205	343 +/- 14	0 +/- 0 (0 +/- 0%)	164	76	71 (93%)	0.8	1
-7	250	525 +/- 15	0 +/- 0 (0 +/- 0%)	164	76	71 (93%)	0.6	1
-8	337	690 +/- 17	0 +/- 0 (0 +/- 0%)	164	76	71 (93%)	0.6	1
-9	470	842 +/- 20	0 +/- 0 (0 +/- 0%)	164	76	71 (93%)	0.6	1
-10	618	968 +/- 20	0 +/- 0 (0 +/- 0%)	164	76	71 (93%)	0.7	1



novel miRNAs predicted by miRDeep2
provisional id	miRDeep2 score	estimated probability that the miRNA candidate is a true positive	rfam alert	total read count	mature read count	loop read count	star read count	significant randfold p-value	miRBase miRNA	example miRBase miRNA with the same seed	UCSC browser	NCBI blastn	consensus mature sequence	consensus star sequence	consensus precursor sequence	precursor coordinate
2_109	0.9	21 +/- 29%	-	4	4	0	0	yes	-	dme-miR-965-5p	-	-	aggguaaauuuacgacuc	gucguaauuauccuac	gucguaauuauccuacucggcaagccucguaggguaaauuuacgacuc	2:12940715..12940763:+
2_2766	0.4	21 +/- 29%	-	16	15	0	1	yes	-	-	-	-	ggauuggauuuggauuggauuu	ggauuggauuuggauuggaa	ggauuggauuuggauuggaauuuuggauuggaauuuggauuuggauuuuggauuggauuuggauuggauuu	2:393066283..393066354:+
1_16762	0	21 +/- 29%	-	2	2	0	0	yes	-	dme-miR-994-3p	-	-	aacaguuguccagucgugucuuu	ugacacuuggaaaaguugu	ugacacuuggaaaaguuguucgaagugcucaaaccagcguuuuagcuggucaguggggucgguuaacaguuguccagucgugucuuu	1:17760231..17760318:-



mature miRBase miRNAs detected by miRDeep2
tag id	miRDeep2 score	estimated probability that the miRNA is a true positive	rfam alert	total read count	mature read count	loop read count	star read count	significant randfold p-value	mature miRBase miRNA	example miRBase miRNA with the same seed	UCSC browser	NCBI blastn	consensus mature sequence	consensus star sequence	consensus precursor sequence	precursor coordinate
1_20153	3843.3	0 +/- 0%	-	7530	7526	0	4	yes	aae-miR-283	dme-miR-283-5p	-	-	caauaucagcugguaauucuggg	cggaauuccaacugauauccac	caauaucagcugguaauucugggcuuaccccaccguuauacgcuucccggaauuccaacugauauccac	1:305625600..305625669:-
2_4252	831.9	0 +/- 0%	-	1623	1619	0	4	yes	aae-miR-2a-5p	dme-miR-2a-3p	-	-	uaucacagccagcuuugaagagcg	acucucaaagugguugugaaaug	acucucaaagugguugugaaaugaguuacucuugaacgaucucauaucacagccagcuuugaagagcg	2:107237501..107237569:-
2_4250	276.3	0 +/- 0%	-	533	527	0	6	yes	aae-miR-2c	dme-miR-2a-3p	-	-	uaucacagccagcuuugaugagcu	acucucaaaguggcugugaaau	acucucaaaguggcugugaaaugguuugauuuugcucauaucacagccagcuuugaugagcu	2:107235884..107235946:-
3_8881	148.5	0 +/- 0%	-	286	285	0	1	yes	aae-bantam-5p	dme-bantam-3p	-	-	ugagaucauuuugaaagcugauu	ccgguuuucauuuucgaucugacu	ccgguuuucauuuucgaucugacuuauuugauuuaacaagagugagaucauuuugaaagcugauu	3:178082830..178082895:+
2_3843	106	0 +/- 0%	-	200	195	0	5	yes	aae-miR-190	dme-miR-190-5p	-	-	agauauguuugauauucuugguug	cccaggaaucaaacauauuauu	agauauguuugauauucuugguuguuaaauuuuauauuaucacccaggaaucaaacauauuauu	2:48811878..48811942:-
2_4254	74.6	0 +/- 0%	-	138	125	0	13	yes	aae-miR-13-5p	dme-miR-2a-3p	-	-	uaucacagccauuuugacgaguu	ucguaaaaaugguugugcugu	ucguaaaaaugguugugcuguguuguuacgcucgaaauucauaucacagccauuuugacgaguu	2:107237649..107237713:-
3_11408	67.5	0 +/- 0%	-	124	122	0	2	yes	aae-miR-92b-3p	dme-miR-92a-3p	-	-	aauugcacuugucccggccugc	aggucgugacuugugcccauu	aggucgugacuugugcccauuugcugaauuuuaauggucaaauugcacuugucccggccugc	3:93418515..93418577:-
3_11288	64.7	0 +/- 0%	-	118	114	0	4	yes	aae-miR-11-5p	dme-miR-2a-3p	-	-	caucacagucugaguucuugcu	cgagaacuccggcugugaccug	cgagaacuccggcugugaccuguguacacuuuauccaaaucacaucacagucugaguucuugcu	3:75489864..75489928:-
2_4259	52	0 +/- 0%	-	100	72	0	28	yes	aae-miR-71-5p	-	-	-	agaaagacauggguagugagau	ucucacuaccuugucuuucaug	agaaagacauggguagugagauaguuucacccuauugcacugggaucucacuaccuugucuuucaug	2:107238287..107238354:-
1_15731	31.5	0 +/- 0%	-	54	50	0	4	yes	aae-miR-279	dme-miR-279-3p	-	-	ugacuagauccacacucauuaa	gaugggugugaaucuaguguuuca	gaugggugugaaucuaguguuucacaugauuuucgauagccugugacuagauccacacucauuaa	1:207007788..207007853:+
2_4157	28.6	0 +/- 0%	-	48	44	0	4	yes	aae-miR-281-5p	dme-miR-281-2-5p	-	-	aagagagcuauccgucgacagu	ugucauggaauugcucucuu	aagagagcuauccgucgacaguagggauaugauucacugucauggaauugcucucuu	2:96469363..96469420:-
2_4012	15.5	0 +/- 0%	-	22	21	0	1	yes	aae-miR-276-5p	dme-miR-276a-3p	-	-	uaggaacuucauaccgugcucu	agcgagguauagaguuccuacg	agcgagguauagaguuccuacguugcgugugcgaaauugguaggaacuucauaccgugcucu	2:73120452..73120514:-
1_20120	12.5	0 +/- 0%	-	16	15	0	1	yes	aae-miR-277-5p	dme-miR-277-3p	-	-	uaaaugcacuaucugguacgaca	cgugucagaagugcauuuaca	cgugucagaagugcauuuacauagguauuucccguuuagcaguauuuguaaaugcacuaucugguacgaca	1:302603812..302603883:-
2_6425	11.7	0 +/- 0%	-	15	13	0	2	yes	aae-miR-9c-5p	dme-miR-9a-5p	-	-	ucuuugguauucuagcuguaga	uaaagcuuuaguaccagagguc	ucuuugguauucuagcuguagaauguugagcuuugugauaugguaucuucuaaagcuuuaguaccagagguc	2:335810364..335810436:-
3_11286	5.4	0 +/- 0%	-	37	37	0	0	yes	aae-miR-998	dme-miR-285-3p	-	-	uagcaccaugagauucagcuc	acugaacucucgugggucugca	acugaacucucgugggucugcaguugauauuucgaaagcuuguagcaccaugagauucagcuc	3:75489589..75489652:-
3_12692	5.3	0 +/- 0%	-	196	196	0	0	yes	aae-miR-278-5p	dme-miR-278-3p	-	-	ucggugggacuuucguccguuu	acggacgauagucuucagcggcc	acggacgauagucuucagcggccgugcauuugauagaaguggucggugggacuuucguccguuu	3:243123888..243123952:-
2_4018	5.3	0 +/- 0%	-	21	21	0	0	yes	aae-miR-276-3p	dme-miR-276a-3p	-	-	uaggaacuucauaccgugcucu	agcgagguauagaguuccuaug	agcgagguauagaguuccuaugcguucggauaaaauauuccauaggaacuucauaccgugcucu	2:73509399..73509463:-
1_17003	5.3	0 +/- 0%	-	31	31	0	0	yes	aae-miR-33	dme-miR-33-5p	-	-	gugcauuguaguugcauugc	aauacuucugcaaugcaagc	gugcauuguaguugcauugcacuuuugcguucgauaacacggugcaauacuucugcaaugcaagc	1:50888881..50888946:-
2_2269	5.2	0 +/- 0%	-	255	255	0	0	yes	aae-miR-275-5p	dme-miR-275-3p	-	-	ucagguaccugaaguagcgcgcg	cgcgcuaagcaggaaccgagacu	cgcgcuaagcaggaaccgagacuuugucauuugcuagcagucagguaccugaaguagcgcgcg	2:307135668..307135731:+
2_4258	5.1	0 +/- 0%	-	316	316	0	0	yes	aae-miR-2c	dme-miR-2a-3p	-	-	uaucacagccagcuuugaugag	caucaaauuugguuguuuuagu	caucaaauuugguuguuuuaguacgaccucuuugaaaccccuaucacagccagcuuugaugag	2:107237997..107238060:-
1_20122	5.1	0 +/- 0%	-	392	392	0	0	yes	aae-miR-317	dme-miR-317-3p	-	-	ugaacacagcuggugguaucuc	gauacacccugugcucgcu	gauacacccugugcucgcuuugcauucgaaacuagugaacacagcuggugguaucuc	1:302667132..302667189:-
2_2653	5.1	0 +/- 0%	-	22	22	0	0	yes	aae-miR-2945-5p	dme-miR-279-3p	-	-	ugacuagaggcagacucguuua	agcggguccguuucuagugucaug	agcggguccguuucuagugucaugugcuguauucgaauaucaugacuagaggcagacucguuua	2:374947142..374947206:+
2_4161	5.1	0 +/- 0%	-	85	85	0	0	yes	aae-miR-282-5p	dme-miR-282-5p	-	-	uagccucuccuaggcuuugucu	acauagccugacagagguuagg	uagccucuccuaggcuuugucuguuaccuuccuugggaauuccacuagccagacauagccugacagagguuagg	2:96911966..96912040:-
3_14016	5	0 +/- 0%	-	628	628	0	0	yes	aae-miR-308-5p	dme-miR-2a-3p	-	-	aaucacaggaguauacugugag	cgcgguauauucuuguggcuug	cgcgguauauucuuguggcuugaugcauuugaaaaaucucaaaucacaggaguauacugugag	3:403338483..403338546:-
2_7006	5	0 +/- 0%	-	3860	3860	0	0	yes	aae-miR-184	dme-miR-184-3p	-	-	uggacggagaacugauaagggc	ccuuaucauucuugcgccccgu	ccuuaucauucuugcgccccguguuauauuguuggcgacuggacggagaacugauaagggc	2:417599380..417599441:-
1_15733	5	0 +/- 0%	-	149	149	0	0	yes	aae-miR-996	dme-miR-279-3p	-	-	ugacuagauuacaugcucgucu	gcgugcaugaaucuggugcacg	gcgugcaugaaucuggugcacgguuuuccaguuguaauaucgcuucgugacuagauuacaugcucgucu	1:207012536..207012605:+
2_6417	4.9	0 +/- 0%	-	33	33	0	0	yes	aae-miR-9b	dme-miR-9a-5p	-	-	ucuuuggugauuuuagcuguaug	uauagcuuuaucaccaaaaacc	ucuuuggugauuuuagcuguaugcugauacguuucugauugcauauagcuuuaucaccaaaaacc	2:335780574..335780639:-
2_2965	4.9	0 +/- 0%	-	59	55	0	4	yes	aae-miR-965	dme-miR-965-3p	-	-	uaagcguauagcuuuucccau	gggggaaauccuguacgcugu	gggggaaauccuguacgcuguauguuguauuugaauaauccauaagcguauagcuuuucccau	2:429778749..429778812:+
3_11422	4.8	0 +/- 0%	-	18	18	0	0	yes	aae-miR-92a-5p	dme-miR-92a-3p	-	-	uauugcacuugucccggccuau	cgguacggacaggggcaacauu	cgguacggacaggggcaacauugugacauuugaaagcuaauauugcacuugucccggccuau	3:93477596..93477658:-
2_2497	4.6	0 +/- 0%	-	35	35	0	0	yes	aae-miR-14	dme-miR-14-3p	-	-	ucagucuuuuucucucuccuau	gggagcgagauuaaggcuugcu	gggagcgagauuaaggcuugcuggucauuuauuacacucgaagucagucuuuuucucucuccuau	2:344767572..344767637:+
1_20147	4.6	0 +/- 0%	-	1671	1671	0	0	yes	aae-miR-12-5p	dme-miR-12-5p	-	-	ugaguauuacaucagguacuggu	caguacuuauguuaugcucucu	ugaguauuacaucagguacuggugucgauauucgaaucaccaacgaaucggguuccuuugauuaacuuaccaguacuuauguuaugcucucu	1:305613548..305613640:-
2_667	4.4	0 +/- 0%	-	10	10	0	0	yes	aae-miR-988-5p	dme-miR-988-3p	-	-	ccccuuguugcaaaccucacgc	gugugcuuugugacaaugag	gugugcuuugugacaaugagauucgguucgauaucauccccuuguugcaaaccucacgc	2:93351380..93351439:+
1_18015	4.4	0 +/- 0%	-	100	100	0	0	yes	aae-miR-252-5p	dme-miR-252-5p	-	-	cuaaguacuagugccgcaggag	ccugcugcccaagugcuuaucg	cuaaguacuagugccgcaggagagauuugaaccccugcugcccaagugcuuaucg	1:175818157..175818212:-
3_10139	4.2	0 +/- 0%	-	33	33	0	0	yes	aae-miR-8-5p	dme-miR-8-3p	-	-	uaauacugucagguaaagauguc	caucuuaccgggcagcauuaga	caucuuaccgggcagcauuagauauuuuugaaauacuucuaauacugucagguaaagauguc	3:328527955..328528017:+
2_2274	4	0 +/- 0%	-	901	901	0	0	yes	aae-miR-305-5p	dme-miR-305-5p	-	-	auuguacuucaucaggugcucugg	ccggcacauguuggaguacacuua	auuguacuucaucaggugcucugguuguuuucgauacccggcacauguuggaguacacuua	2:307145445..307145506:+
2_1604	3.7	0 +/- 0%	-	69	69	0	0	yes	aae-miR-7	dme-miR-7-5p	-	-	uggaagacuagugauuuuguuguu	uaacaauaaaucucaagucuuucuac	uggaagacuagugauuuuguuguuuugcuuacgauaauaacaauaaaucucaagucuuucuac	2:222802544..222802607:+
2_6420	3.6	0 +/- 0%	-	9	9	0	0	yes	aae-miR-79-5p	dme-miR-9a-3p	-	-	uaaagcuagauuaccaaagcau	gcuuuggcgcuuuagcuguaug	gcuuuggcgcuuuagcuguaugauagaauuuaauauuucauaaagcuagauuaccaaagcau	2:335780884..335780946:-
1_20178	3.3	0 +/- 0%	-	9	9	0	0	yes	aae-miR-1175-5p	dme-miR-958-3p	-	-	ugagauucuacuucuccgacuu	guggaguaguggucucaucgcu	guggaguaguggucucaucgcuuaguauuagaaaagugagauucuacuucuccgacuu	1:307010046..307010104:-
2_3932	2.1	0 +/- 0%	-	78	78	0	0	yes	aae-miR-11894a	-	-	-	uuuaccauuucaagaugaccua	ggucgucuugaaaugguaaaga	ggucgucuugaaaugguaaagagugucaaucaucaucuuuaccauuucaagaugaccua	2:58785158..58785217:-
2_3934	2	0 +/- 0%	-	78	78	0	0	yes	aae-miR-11894a	-	-	-	uuuaccauuucaagaugaccua	ggucgucuugaaaugguaaaga	ggucgucuugaaaugguaaagagugucaaucaucaucuuuaccauuucaagaugaccua	2:58785850..58785909:-
2_3928	2	0 +/- 0%	-	78	78	0	0	yes	aae-miR-11894a	-	-	-	uuuaccauuucaagaugaccua	gguugucuugaaaugguaaaga	gguugucuugaaaugguaaagagugucaaccaucaucuuuaccauuucaagaugaccua	2:58783350..58783409:-
2_3936	1.9	0 +/- 0%	-	78	78	0	0	yes	aae-miR-11894a	-	-	-	uuuaccauuucaagaugaccua	ggucgucuugaaaugguaaaga	ggucgucuugaaaugguaaagagugucaaucaucaucuuuaccauuucaagaugaccua	2:58786284..58786343:-
2_3930	1.9	0 +/- 0%	-	19	19	0	0	yes	aae-miR-11894b	-	-	-	uuuaccauuucaauaugaccua	ggucguauugaaaugguaaaga	ggucguauugaaaugguaaagagugucaaucaucaucuuuaccauuucaauaugaccua	2:58784590..58784649:-
2_6292	1.7	0 +/- 0%	-	74	74	0	0	yes	aae-miR-11895	-	-	-	uucaugcauucacuucugcuga	agcaggagugaaugcaugaguu	agcaggagugaaugcaugaguuugacaucugaaacuaauucaugcauucacuucugcuga	2:324949494..324949554:-
2_6976	1.4	0 +/- 0%	-	24	24	0	0	yes	aae-miR-1890	-	-	-	ugaaaucuuugauuaggucugg	agagcuaauuggagaguucuug	agagcuaauuggagaguucuugaauaguguugugaaccuucaugaaaucuuugauuaggucugg	2:413654961..413655025:-
3_11499	1.4	0 +/- 0%	-	25	25	0	0	yes	aae-miR-2765	-	-	-	ugguaacuccaccaccguugg	aaugggagcuggaguucccgcg	ugguaacuccaccaccguuggcgauauuugacagccaaugggagcuggaguucccgcg	3:101895454..101895512:-
1_15251	0.4	21 +/- 29%	-	3	3	0	0	yes	aae-miR-970	dme-miR-970-3p	-	-	ucauaagacacacgcggcuau	agcuugcguuugucuuagcuggua	agcuugcguuugucuuagcugguauugaaugugauagguaucauaagacacacgcggcuau	1:157238423..157238484:+
2_668	0.1	21 +/- 29%	-	10	10	0	0	no	aae-miR-988-3p	dme-miR-988-3p	-	-	ccccuuguugcaaaccucacgc	ggcagguaggggcaaugggggc	ccccuuguugcaaaccucacgcuugcgguagguuccacaacugcugagagguggcagguaggggcaaugggggc	2:93351417..93351491:+
2_2270	-1	18 +/- 21%	-	255	255	0	0	no	aae-miR-275-3p	dme-miR-275-3p	-	-	ucagguaccugaaguagcgcgcg	ucaucaagcgacaacagaggcgugaaa	ucagguaccugaaguagcgcgcgugaucaaacaggaagcgucaucaagcgacaacagaggcgugaaa	2:307135708..307135775:+
2_4158	-2.3	3 +/- 5%	-	44	44	0	0	no	aae-miR-281-5p	dme-miR-281-2-5p	-	-	aagagagcuauccgucgacagu	cguugacgugggauuuuuuug	cguugacgugggauuuuuuuguucauuuuguucuuucgcugguuucgaauaugaaaauaaagagagcuauccgucgacagu	2:96469398..96469479:-
2_5746	-2.4	3 +/- 5%	-	4	4	0	0	yes	aae-miR-2946	-	-	-	uaguacggaaaagauauggg	cauauuuuuaccgcuacugca	cauauuuuuaccgcuacugcauuucauuguaauaauuguaguacggaaaagauauggg	2:268456443..268456501:-
1_14936	-2.4	3 +/- 5%	-	2	2	0	0	yes	aae-miR-11917	-	-	-	uaagcugaaaacuuaaucgauug	aucgauuaaguuuucagcuuaaa	uaagcugaaaacuuaaucgauuggucaccaccagcgagugaccaaucgauuaaguuuucagcuuaaa	1:118855559..118855626:+
3_9455	-2.7	3 +/- 5%	-	3	3	0	0	yes	aae-miR-307	-	-	-	cacaaccuccuugagugagcga	acucacucaaccugggugugau	acucacucaaccugggugugaugcuuauuugaaucaucacaaccuccuugagugagcga	3:244794376..244794435:+
3_13031	-2.8	3 +/- 5%	-	1	1	0	0	yes	aae-miR-11917	-	-	-	cugaaaacuuaaucgauugguc	ccaaucgauuaaguuuucaguu	cugaaaacuuaaucgauuggucaccaccagcucgugaccaaucgauuaaguuuucaguu	3:290456117..290456176:-
3_13358	-2.9	3 +/- 5%	-	3	3	0	0	yes	aae-miR-10365	-	-	-	aaaaguuuucauauucuugcgg	auuagaauguggaaucuguuuuu	auuagaauguggaaucuguuuuuguacaucaaguguuacgaaacgaagcaaaaaaguuuucauauucuugcgg	3:320775621..320775694:-
1_14439	-5.2	0 +/- 0%	-	1	1	0	0	no	aae-miR-210	dme-miR-210-3p	-	-	cuugugcgugugacaacggcuau	agcugcugaccacugcacaagau	agcugcugaccacugcacaagauuagauuaugacucuugugcgugugacaacggcuau	1:54892617..54892675:+
1_15921	-5.3	0 +/- 0%	-	1	1	0	0	yes	aae-miR-11900	-	-	-	uuuuuugacuguaauuuuauag	guaaaauuacguugaaaaauc	guaaaauuacguugaaaaaucgucucccucaaaaaaugaaaccugagacuaacaggagauuuuuuugacuguaauuuuauag	1:223944070..223944152:+

#miRBase miRNAs not detected by miRDeep2
miRBase precursor id	total read count	mature read count(s)	star read count	remaining reads	UCSC browser	NCBI blastn	miRBase mature sequence(s)	miRBase star sequence(s)	miRBase precursor sequence
353	353	0	0	-	-	ucagguacugagugacucucag	gagagcaccucgguaucuaagc	-	cauucgcaauuucaccgguucagguacugagugacucucagaugugcauuucucaagcaaucucguccucaggaccugagguugaaaaacccugagagcaccucgguaucuaagccaguguugcgaaaa	
349	349	0	0	-	-	cacguuacagauugggguuucc	uaaucucaaauuguaacagugg	-	gagguaaucucaaauuguaacaguggguugauuuuccuggugaaucccggccuuguccuccgucacaagugugacaagugucucgaaaacguguucgcuauacccacguuacagauugggguuucccc	
304	304	0	0	-	-	ugguuuaucuuaucugucgaggc	gucgacagggagauaaaucacu	-	cauugguuuaucuuaucugucgaggcaaguuauuuuaccggauaguguuucuuuucgugagcaaucaccacuauccagcucuucuugucgacagggagauaaaucacug	
117	117	0	0	-	-	caaccacuauccgcccugccgcc	uggcagugugguuagcugguug	-	caaggcaauacgcuauggcagugugguuagcugguuguguagaacuuuggggggcuuccguggcguucgcgcgcacacgggggcucagauucacaaccacuauccgcccugccgccgcgaggugccagg	
1	1	0	0	-	-	aaaugggacugauaugcgaguau	-	ccauucucgcauaacaguaccauauucuugggauuucucauauaaaugggacugauaugcgaguaugg	










































































