miRDeep2 score	novel miRNAs reported by miRDeep2	novel miRNAs, estimated false positives	novel miRNAs, estimated true positives	known miRNAs in species	known miRNAs in data	known miRNAs detected by miRDeep2	estimated signal-to-noise	excision gearing
10	0	0 +/- 0	0 +/- 0 (0 +/- 0%)	164	99	39 (39%)	120	1
9	0	0 +/- 0	0 +/- 0 (0 +/- 0%)	164	99	40 (40%)	125	1
8	2	0 +/- 0	2 +/- 0 (97 +/- 14%)	164	99	40 (40%)	122.7	1
7	2	0 +/- 0	2 +/- 0 (97 +/- 14%)	164	99	40 (40%)	122.7	1
6	2	0 +/- 0	2 +/- 0 (97 +/- 14%)	164	99	41 (41%)	131.8	1
5	2	0 +/- 0	2 +/- 0 (97 +/- 14%)	164	99	56 (57%)	134.5	1
4	2	0 +/- 0	2 +/- 0 (97 +/- 15%)	164	99	62 (63%)	132.4	1
3	2	0 +/- 0	2 +/- 0 (89 +/- 23%)	164	99	65 (66%)	78.3	1
2	6	0 +/- 1	6 +/- 1 (94 +/- 11%)	164	99	66 (67%)	56.1	1
1	11	1 +/- 1	10 +/- 1 (95 +/- 7%)	164	99	70 (71%)	33.3	1
0	14	2 +/- 1	12 +/- 1 (88 +/- 9%)	164	99	72 (73%)	17.1	1
-1	18	4 +/- 2	14 +/- 2 (79 +/- 9%)	164	99	79 (80%)	10.6	1
-2	19	17 +/- 4	3 +/- 3 (14 +/- 14%)	164	99	80 (81%)	3.8	1
-3	43	27 +/- 5	16 +/- 5 (36 +/- 10%)	164	99	82 (83%)	3.3	1
-4	125	41 +/- 5	84 +/- 5 (67 +/- 4%)	164	99	88 (89%)	4.2	1
-5	164	99 +/- 8	65 +/- 8 (40 +/- 5%)	164	99	90 (91%)	2.2	1
-6	191	246 +/- 10	0 +/- 0 (0 +/- 0%)	164	99	91 (92%)	1.1	1
-7	207	355 +/- 14	0 +/- 0 (0 +/- 0%)	164	99	92 (93%)	0.8	1
-8	240	454 +/- 16	0 +/- 0 (0 +/- 0%)	164	99	93 (94%)	0.7	1
-9	319	536 +/- 17	0 +/- 0 (0 +/- 0%)	164	99	93 (94%)	0.7	1
-10	413	598 +/- 17	0 +/- 0 (0 +/- 0%)	164	99	94 (95%)	0.8	1



novel miRNAs predicted by miRDeep2
provisional id	miRDeep2 score	estimated probability that the miRNA candidate is a true positive	rfam alert	total read count	mature read count	loop read count	star read count	significant randfold p-value	miRBase miRNA	example miRBase miRNA with the same seed	UCSC browser	NCBI blastn	consensus mature sequence	consensus star sequence	consensus precursor sequence	precursor coordinate
2_3350	8	97 +/- 14%	-	14	13	0	1	yes	-	-	-	-	uacggcaagggcugauugcugc	agcauuucaggccuuaucauagu	agcauuucaggccuuaucauaguuugauaguagucugaacuacuagacugcaaaacuacggcaagggcugauugcugc	2:286726126..286726204:-
2_201	8	97 +/- 14%	-	14	13	0	1	yes	-	-	-	-	uacggcaagggcugauugcugc	agcauuucaggccuuaucauagu	agcauuucaggccuuaucauaguuugauaguagucugaacuacuagacugcaaaacuacggcaagggcugauugcugc	2:45166594..45166672:+
2_1043	2.8	94 +/- 11%	-	2	1	0	1	yes	-	-	-	-	acuucacucaagucgacaa	cucgacucgagugaagugacuc	cucgacucgagugaagugacucuccauuugauuuacacggcgagucacuucacucaagucgacaa	2:252852208..252852273:+
1_9431	2.6	94 +/- 11%	-	3	2	0	1	yes	-	-	-	-	ugaggcgucuucugguggcugga	agucaccaucugauacugacgg	agucaccaucugauacugacggaggauggaugugcuccccaaagcacgguccuccgugaggcgucuucugguggcugga	1:274585888..274585967:+
2_2530	2.6	94 +/- 11%	-	3	2	0	1	yes	-	-	-	-	ugaggcgucuucugguggcugga	agucaccaucugauacugacgg	agucaccaucugauacugacggaggauggaugugcucccccaaagcacgguccuccgugaggcgucuucugguggcugga	2:137691842..137691922:-
2_3102	2.4	94 +/- 11%	-	2	1	0	1	yes	-	-	-	-	agucuugacaaaauuaaaaacug	uuuuuaauuuugucaagacuga	agucuugacaaaauuaaaaacuguuacaaacuggacaaaauaaaaaaaacaguuuuuaauuuugucaagacuga	2:244254801..244254875:-
2_1330	1.7	95 +/- 7%	-	2	1	0	1	yes	-	-	-	-	cucagcauaacugcgcucaucgcc	cgugaucgcauuuaugcuga	cucagcauaacugcgcucaucgccccgaguggcgugaucgcauuuaugcuga	2:319301395..319301447:+
3_5337	1.6	95 +/- 7%	-	13	13	0	0	yes	-	-	-	-	caccuguccagcgaauugggag	cccaauucgauagacaugcg	cccaauucgauagacaugcggcugcgguaguugguaacgcaccuguccagcgaauugggag	3:218717124..218717185:+
3_6207	1.5	95 +/- 7%	-	3	1	0	2	yes	-	-	-	-	ucuguucuaguuguuauaaccu	auugucgcaacaagaauaggag	ucuguucuaguuguuauaaccuguuguugcggaauaagauugucgcaacaagaauaggag	3:404471513..404471573:+
1_8665	1.1	95 +/- 7%	-	13	13	0	0	yes	-	-	-	-	aagcuucuccaacagcagcaca	uguugcaguugguggccaug	uguugcaguugguggccauggagccuccugguggacuuccaccggauaaagauggacauaagcuucuccaacagcagcaca	1:129529110..129529191:+
3_5671	1	95 +/- 7%	-	1	1	0	0	yes	-	dme-miR-2b-1-5p	-	-	uucuucaaccacgaaggugagu	ucaccuucgugguugaagaagu	ucaccuucgugguugaagaaguucaacgaacucuacguguugaacuucuucaaccacgaaggugagu	3:288360405..288360472:+
1_8196	0.8	88 +/- 9%	-	2	2	0	0	yes	-	dme-miR-1000-3p	-	-	uugcuggguaacgguuugaaa	acgaaacguuucccagcaaaa	uugcuggguaacgguuugaaacggaaaacacguuacgaaacguuucccagcaaaa	1:25374421..25374476:+
2_1204	0.6	88 +/- 9%	-	2	2	0	0	yes	-	dme-miR-1000-3p	-	-	uugcuggguaacgguuugaaa	acgaaacguuucccagaaaaa	uugcuggguaacgguuugaaacggaaaacacguuacgaaacguuucccagaaaaa	2:287371736..287371791:+
1_11704	0.1	88 +/- 9%	-	1	1	0	0	yes	-	dme-miR-210-5p	-	-	ggcugcugcugccucaaggc	cuagaggcagcaacagucgc	cuagaggcagcaacagucgcucaaaauuuccuuacgcggcugcugcugccucaaggc	1:241330582..241330639:-



mature miRBase miRNAs detected by miRDeep2
tag id	miRDeep2 score	estimated probability that the miRNA is a true positive	rfam alert	total read count	mature read count	loop read count	star read count	significant randfold p-value	mature miRBase miRNA	example miRBase miRNA with the same seed	UCSC browser	NCBI blastn	consensus mature sequence	consensus star sequence	consensus precursor sequence	precursor coordinate
1_11985	9097	0 +/- 0%	-	17835	17831	0	4	yes	aae-miR-283	dme-miR-283-5p	-	-	caauaucagcugguaauucuggg	cggaauuccaacugauauccacu	caauaucagcugguaauucugggcuuaccccaccguuauacgcuucccggaauuccaacugauauccacu	1:305625599..305625669:-
2_2386	3104.2	0 +/- 0%	-	6080	6063	0	17	yes	aae-miR-2a-5p	dme-miR-2a-3p	-	-	uaucacagccagcuuugaagagcg	acucucaaagugguugugaaaug	acucucaaagugguugugaaaugaguuacucuugaacgaucucauaucacagccagcuuugaagagcg	2:107237501..107237569:-
3_8068	2750.1	0 +/- 0%	-	5386	5383	0	3	yes	aae-miR-308-5p	dme-miR-2a-3p	-	-	aaucacaggaguauacugugag	cgcgguauauucuuguggcuug	cgcgguauauucuuguggcuugaugcauuugaaaaaucucaaaucacaggaguauacugugag	3:403338483..403338546:-
1_11981	2506.5	0 +/- 0%	-	4909	4907	0	2	yes	aae-miR-12-5p	dme-miR-12-5p	-	-	ugaguauuacaucagguacuggu	caguacuuauguuaugcucucu	ugaguauuacaucagguacuggugucgauauucgaaucaccaacgaaucggguuccuuugauuaacuuaccaguacuuauguuaugcucucu	1:305613548..305613640:-
2_2384	1111.4	0 +/- 0%	-	2171	2158	0	13	yes	aae-miR-2c	dme-miR-2a-3p	-	-	uaucacagccagcuuugaugagcu	acucucaaaguggcugugaaaug	acucucaaaguggcugugaaaugguuugauuuugcucauaucacagccagcuuugaugagcu	2:107235884..107235946:-
2_1288	942.8	0 +/- 0%	-	1843	1836	0	7	yes	aae-miR-305-5p	dme-miR-305-5p	-	-	auuguacuucaucaggugcucugg	cggcacauguuggaguacacuu	auuguacuucaucaggugcucugguuguuuucgauacccggcacauguuggaguacacuu	2:307145445..307145505:+
1_10477	731.1	0 +/- 0%	-	1427	1299	0	128	yes	aae-miR-252-5p	dme-miR-252-5p	-	-	cuaaguacuagugccgcaggag	ccugcugcccaagugcuuaucg	cuaaguacuagugccgcaggagagauuugaaccccugcugcccaagugcuuaucg	1:175818157..175818212:-
3_5099	641	0 +/- 0%	-	1252	1245	0	7	yes	aae-bantam-5p	dme-bantam-3p	-	-	ugagaucauuuugaaagcugauu	ccgguuuucauuuucgaucugacu	ccgguuuucauuuucgaucugacuuauuugauuuaacaagagugagaucauuuugaaagcugauu	3:178082830..178082895:+
2_1285	583.1	0 +/- 0%	-	1135	1134	0	1	yes	aae-miR-275-5p	dme-miR-275-3p	-	-	ucagguaccugaaguagcgcgcg	cgcgcuaagcaggaaccgagacuu	cgcgcuaagcaggaaccgagacuuugucauuugcuagcagucagguaccugaaguagcgcgcg	2:307135668..307135731:+
3_6536	451.7	0 +/- 0%	-	877	872	0	5	yes	aae-miR-11-5p	dme-miR-2a-3p	-	-	caucacagucugaguucuugcu	cgagaacuccggcugugaccug	cgagaacuccggcugugaccuguguacacuuuauccaaaucacaucacagucugaguucuugcu	3:75489864..75489928:-
2_2388	378.5	0 +/- 0%	-	734	681	0	53	yes	aae-miR-13-5p	dme-miR-2a-3p	-	-	uaucacagccauuuugacgaguu	ucguaaaaaugguugugcugu	ucguaaaaaugguugugcuguguuguuacgcucgaaauucauaucacagccauuuugacgaguu	2:107237649..107237713:-
2_2393	370.1	0 +/- 0%	-	724	576	0	148	yes	aae-miR-71-5p	-	-	-	agaaagacauggguagugagau	ucucacuaccuugucuuucaug	agaaagacauggguagugagauaguuucacccuauugcacugggaucucacuaccuugucuuucaug	2:107238287..107238354:-
3_6608	309.7	0 +/- 0%	-	599	597	0	2	yes	aae-miR-92b-3p	dme-miR-92a-3p	-	-	aauugcacuugucccggccugc	aggucgugacuugugcccauuu	aggucgugacuugugcccauuugcugaauuuuaauggucaaauugcacuugucccggccugc	3:93418515..93418577:-
2_2131	237.5	0 +/- 0%	-	458	453	0	5	yes	aae-miR-190	dme-miR-190-5p	-	-	agauauguuugauauucuugguug	cccaggaaucaaacauauuauu	agauauguuugauauucuugguuguuaaauuuuauauuaucacccaggaaucaaacauauuauu	2:48811878..48811942:-
2_2321	229.2	0 +/- 0%	-	441	428	0	13	yes	aae-miR-282-5p	dme-miR-282-5p	-	-	uagccucuccuaggcuuugucu	acauagccugacagagguuagg	uagccucuccuaggcuuugucuguuaccuuccuugggaauuccacuagccagacauagccugacagagguuagg	2:96911966..96912040:-
1_9139	191.6	0 +/- 0%	-	368	367	0	1	yes	aae-miR-279	dme-miR-279-3p	-	-	ugacuagauccacacucauuaa	gaugggugugaaucuaguguuucac	gaugggugugaaucuaguguuucacaugauuuucgauagccugugacuagauccacacucauuaa	1:207007788..207007853:+
2_2232	157.8	0 +/- 0%	-	301	235	0	66	yes	aae-miR-276-5p	dme-miR-276a-3p	-	-	uaggaacuucauaccgugcucu	agcgagguauagaguuccuacg	agcgagguauagaguuccuacguugcgugugcgaaauugguaggaacuucauaccgugcucu	2:73120452..73120514:-
1_9863	146.7	0 +/- 0%	-	279	275	0	4	yes	aae-miR-33	dme-miR-33-5p	-	-	gugcauuguaguugcauugca	caauacuucugcaaugcaagcc	gugcauuguaguugcauugcacuuuugcguucgauaacacggugcaauacuucugcaaugcaagcc	1:50888880..50888946:-
2_2246	125.7	0 +/- 0%	-	238	235	0	3	yes	aae-miR-276-3p	dme-miR-276a-3p	-	-	uaggaacuucauaccgugcucu	agcgagguauagaguuccu	agcgagguauagaguuccuaugcguucggauaaaauauuccauaggaacuucauaccgugcucu	2:73509399..73509463:-
2_1401	104.8	0 +/- 0%	-	198	195	0	3	yes	aae-miR-14	dme-miR-14-3p	-	-	ucagucuuuuucucucuccuau	gggagcgagauuaaggcuu	gggagcgagauuaaggcuugcuggucauuuauuacacucgaagucagucuuuuucucucuccuau	2:344767572..344767637:+
3_5488	68.2	0 +/- 0%	-	125	63	0	62	yes	aae-miR-307	dme-miR-307a-5p	-	-	acucacucaaccugggugugaug	ucacaaccuccuugagugagcga	acucacucaaccugggugugaugcuuauuugaaucaucacaaccuccuugagugagcga	3:244794376..244794435:+
2_2317	60.7	0 +/- 0%	-	111	99	0	12	yes	aae-miR-281-5p	dme-miR-281-2-5p	-	-	aagagagcuauccgucgacagu	ugucauggaauugcucucuuua	aagagagcuauccgucgacaguagggauaugauucacugucauggaauugcucucuuua	2:96469361..96469420:-
3_5923	55.5	0 +/- 0%	-	102	101	0	1	yes	aae-miR-8-5p	dme-miR-8-3p	-	-	uaauacugucagguaaagauguc	acaucuuaccgggcagcauuaga	acaucuuaccgggcagcauuagauauuuuugaaauacuucuaauacugucagguaaagauguc	3:328527954..328528017:+
2_3615	42.3	0 +/- 0%	-	75	43	0	32	yes	aae-miR-9c-5p	dme-miR-9a-5p	-	-	ucuuugguauucuagcuguaga	uaaagcuuuaguaccagagguc	ucuuugguauucuagcuguagaauguugagcuuugugauaugguaucuucuaaagcuuuaguaccagagguc	2:335810364..335810436:-
2_3548	9	0 +/- 0%	-	16	15	0	1	yes	aae-miR-11895	-	-	-	uucaugcauucacuucugcuga	agcaggagugaaugcaugaguu	agcaggagugaaugcaugaguuugacaucugaaacuaauucaugcauucacuucugcuga	2:324949494..324949554:-
3_7775	6.8	97 +/- 14%	-	5	4	0	1	yes	aae-miR-10365	dme-miR-927-5p	-	-	auuagaauguggaaucuguuuu	aaaaguuuucauauucuugcgg	auuagaauguggaaucuguuuuuguacaucaaguguuacgaaacgaagcaaaaaaguuuucauauucuugcgg	3:320775621..320775694:-
NIGP01001634_12403	6.8	97 +/- 14%	-	5	4	0	1	yes	aae-miR-10365	dme-miR-927-5p	-	-	auuagaauguggaaucuguuuu	aaaaguuuucauauucuugcgg	auuagaauguggaaucuguuuuuguacaucaaguguuacgaaacgaagcaaaaaaguuuucauauucuugcgg	NIGP01001634:30709..30782:-
1_8349	5.4	97 +/- 14%	-	2	1	0	1	yes	aae-miR-11901	dme-miR-2a-3p	-	-	caucacagaauuguuuuuacug	uguaaaaauaauucuguaaaguu	caucacagaauuguuuuuacugauaaggaacuauguguaaaaauaauucuguaaaguu	1:68805977..68806035:+
3_6534	5.4	97 +/- 14%	-	275	275	0	0	yes	aae-miR-998	dme-miR-285-3p	-	-	uagcaccaugagauucagcuc	acugaacucucgugggucugca	acugaacucucgugggucugcaguugauauuucgaaagcuuguagcaccaugagauucagcuc	3:75489589..75489652:-
2_377	5.3	97 +/- 14%	-	40	40	0	0	yes	aae-miR-988-5p	dme-miR-988-3p	-	-	ccccuuguugcaaaccucacgc	gugugcuuugugacaaugag	gugugcuuugugacaaugagauucgguucgauaucauccccuuguugcaaaccucacgc	2:93351380..93351439:+
3_7384	5.3	97 +/- 14%	-	207	207	0	0	yes	aae-miR-278-5p	dme-miR-278-3p	-	-	ucggugggacuuucguccguuu	acggacgauagucuucagcggcc	acggacgauagucuucagcggccgugcauuugauagaaguggucggugggacuuucguccguuu	3:243123888..243123952:-
1_11970	5.2	97 +/- 14%	-	220	220	0	0	yes	aae-miR-277-5p	dme-miR-277-3p	-	-	uaaaugcacuaucugguacgaca	gcgugucagaagugcauuuaca	gcgugucagaagugcauuuacauagguauuucccguuuagcaguauuuguaaaugcacuaucugguacgaca	1:302603812..302603884:-
1_11972	5.2	97 +/- 14%	-	2233	2233	0	0	yes	aae-miR-317	dme-miR-317-3p	-	-	ugaacacagcuggugguaucuca	ggauacacccugugcucgcu	ggauacacccugugcucgcuuugcauucgaaacuagugaacacagcuggugguaucuca	1:302667131..302667190:-
2_1497	5.1	97 +/- 14%	-	128	128	0	0	yes	aae-miR-2945-5p	dme-miR-279-3p	-	-	ugacuagaggcagacucguuua	agcggguccguuucuagugucaug	agcggguccguuucuagugucaugugcuguauucgaauaucaugacuagaggcagacucguuua	2:374947142..374947206:+
1_9141	5	97 +/- 14%	-	862	862	0	0	yes	aae-miR-996	dme-miR-279-3p	-	-	ugacuagauuacaugcucgucu	gcgugcaugaaucuggugcacg	gcgugcaugaaucuggugcacgguuuuccaguuguaauaucgcuucgugacuagauuacaugcucgucu	1:207012536..207012605:+
2_3610	5	97 +/- 14%	-	48	48	0	0	yes	aae-miR-79-5p	dme-miR-9a-3p	-	-	uaaagcuagauuaccaaagcau	gcuuuggcgcuuuagcuguaug	gcuuuggcgcuuuagcuguaugauagaauuuaauauuucauaaagcuagauuaccaaagcau	2:335780884..335780946:-
2_3908	5	97 +/- 14%	-	7112	7112	0	0	yes	aae-miR-184	dme-miR-184-3p	-	-	uggacggagaacugauaagggc	ccuuaucauucuugcgccccgu	ccuuaucauucuugcgccccguguuauauuguuggcgacuggacggagaacugauaagggc	2:417599380..417599441:-
NIGP01000533_12388	4.9	97 +/- 15%	-	53	53	0	0	yes	aae-miR-970	dme-miR-970-3p	-	-	ucauaagacacacgcggcuau	agcuugcguuugucuuagcuggua	agcuugcguuugucuuagcugguauugaaugugauagguaucauaagacacacgcggcuau	NIGP01000533:10107..10168:-
2_3607	4.9	97 +/- 15%	-	105	105	0	0	yes	aae-miR-9b	dme-miR-9a-5p	-	-	ucuuuggugauuuuagcuguaug	uauagcuuuaucaccaaaaacc	ucuuuggugauuuuagcuguaugcugauacguuucugauugcauauagcuuuaucaccaaaaacc	2:335780574..335780639:-
2_1697	4.9	97 +/- 15%	-	300	299	0	1	yes	aae-miR-965	dme-miR-965-3p	-	-	uaagcguauagcuuuucccau	gggggaaauccuguacgcugu	gggggaaauccuguacgcuguauguuguauuugaauaauccauaagcguauagcuuuucccau	2:429778749..429778812:+
3_6614	4.8	97 +/- 15%	-	85	85	0	0	yes	aae-miR-92a-5p	dme-miR-92a-3p	-	-	uauugcacuugucccggccuau	cgguacggacaggggcaacauu	cgguacggacaggggcaacauugugacauuugaaagcuaauauugcacuugucccggccuau	3:93477596..93477658:-
1_10004	4.8	97 +/- 15%	-	18	18	0	0	yes	aae-miR-87	dme-miR-87-3p	-	-	gugagcaaauuuucaggugu	gccugaaauuugcuaaaccu	gccugaaauuugcuaaaccuguguguauuugauucaaacaaucaaggugagcaaauuuucaggugu	1:80682403..80682469:-
1_8835	4.8	97 +/- 15%	-	53	53	0	0	yes	aae-miR-970	dme-miR-970-3p	-	-	ucauaagacacacgcggcuau	agcuugcguuugucuuagcuggua	agcuugcguuugucuuagcugguauugaaugugauagguaucauaagacacacgcggcuau	1:157238423..157238484:+
1_12014	3.8	89 +/- 23%	-	10	8	0	2	yes	aae-miR-1175-5p	dme-miR-958-3p	-	-	ugagauucuacuucuccgacuu	aaguggaguaguggucucaucgcuua	aaguggaguaguggucucaucgcuuaguauuagaaaagugagauucuacuucuccgacuu	1:307010046..307010106:-
2_860	3.7	89 +/- 23%	-	404	404	0	0	yes	aae-miR-7	dme-miR-7-5p	-	-	uggaagacuagugauuuuguuguu	uaacaauaaaucucaagucuuucuac	uggaagacuagugauuuuguuguuuugcuuacgauaauaacaauaaaucucaagucuuucuac	2:222802544..222802607:+
2_2164	2.1	94 +/- 11%	-	73	73	0	0	yes	aae-miR-11894a	-	-	-	uuuaccauuucaagaugaccua	ggucgucuugaaaugguaaaga	ggucgucuugaaaugguaaagagugucaaucaucaucuuuaccauuucaagaugaccua	2:58785158..58785217:-
2_2168	2	94 +/- 11%	-	73	73	0	0	yes	aae-miR-11894a	-	-	-	uuuaccauuucaagaugaccua	ggucgucuugaaaugguaaaga	ggucgucuugaaaugguaaagagugucaaucaucaucuuuaccauuucaagaugaccua	2:58786284..58786343:-
2_2166	2	94 +/- 11%	-	73	73	0	0	yes	aae-miR-11894a	-	-	-	uuuaccauuucaagaugaccua	ggucgucuugaaaugguaaaga	ggucgucuugaaaugguaaagagugucaaucaucaucuuuaccauuucaagaugaccua	2:58785850..58785909:-
2_2160	2	94 +/- 11%	-	73	73	0	0	yes	aae-miR-11894a	-	-	-	uuuaccauuucaagaugaccua	gguugucuugaaaugguaaaga	gguugucuugaaaugguaaagagugucaaccaucaucuuuaccauuucaagaugaccua	2:58783350..58783409:-
2_2170	1.9	95 +/- 7%	-	73	73	0	0	yes	aae-miR-11894a	-	-	-	uuuaccauuucaagaugaccua	ggucgucuugaaaugguaaaga	ggucgucuugaaaugguaaagagugucaaucaucaucuuuaccauuucaagaugaccua	2:58787948..58788007:-
3_6246	1.8	95 +/- 7%	-	5	5	0	0	yes	aae-miR-980-5p	dme-miR-980-3p	-	-	uagcugccuagugaagggcaau	ggccguucauugggucaucuagc	ggccguucauugggucaucuagcucguguuggaaacaguuagcugccuagugaagggcaau	3:1054523..1054584:-
2_2392	1.5	95 +/- 7%	-	1547	1547	0	0	yes	aae-miR-2c	-	-	-	ucacagccagcuuugaugagca	ggcaucaaauuugguuguuuua	ggcaucaaauuugguuguuuuaguacgaccucuuugaaaccccuaucacagccagcuuugaugagca	2:107237995..107238062:-
2_3896	1.4	95 +/- 7%	-	72	72	0	0	yes	aae-miR-1890	-	-	-	ugaaaucuuugauuaggucugg	agagcuaauuggagaguucuug	agagcuaauuggagaguucuugaauaguguugugaaccuucaugaaaucuuugauuaggucugg	2:413654961..413655025:-
3_6661	1.4	95 +/- 7%	-	288	288	0	0	yes	aae-miR-2765	-	-	-	ugguaacuccaccaccguuggc	caaugggagcuggaguucccgcg	ugguaacuccaccaccguuggcgauauuugacagccaaugggagcuggaguucccgcg	3:101895454..101895512:-
2_378	1	95 +/- 7%	-	40	40	0	0	no	aae-miR-988-3p	dme-miR-988-3p	-	-	ccccuuguugcaaaccucacgc	ggcagguaggggcaaugggggc	ccccuuguugcaaaccucacgcuugcgguagguuccacaacugcugagagguggcagguaggggcaaugggggc	2:93351417..93351491:+
1_12011	0	88 +/- 9%	-	1	1	0	0	yes	aae-miR-11901	dme-miR-2a-3p	-	-	caucacagaauuguuuuuacug	guaaaaauaauucugugauguu	caucacagaauuguuuuuacugauaagaaacuauauguaaaaauaauucugugauguu	1:306963037..306963095:-
1_9000	0	88 +/- 9%	-	1	1	0	0	yes	aae-miR-929	dme-miR-929-5p	-	-	aaauugacucuaguagggaguc	cucccuaacggagucagauuga	aaauugacucuaguagggaguccuuguguacgagugacucccuaacggagucagauuga	1:198495526..198495585:+
3_4834	0	88 +/- 9%	-	4	4	0	0	yes	aae-miR-31	dme-miR-31b-5p	-	-	uggcaagauguuggcauagcuga	agcuauucaacuucuugucuau	uggcaagauguuggcauagcugaaaguuuugaguuuagcuauucaacuucuugucuau	3:136174150..136174208:+
2_920	-0.2	79 +/- 9%	-	2	2	0	0	yes	aae-miR-932-5p	dme-miR-932-5p	-	-	ucaauuccguagugcauugcagu	ugcaagcaauguggaagugaag	ucaauuccguagugcauugcagugugcuuuagacgaacugcaagcaauguggaagugaag	2:231381156..231381216:+
2_1367	-0.6	79 +/- 9%	-	1	1	0	0	yes	aae-miR-133	dme-miR-133-3p	-	-	uugguccccuucaaccagcugu	agcugguugacuucgggucaaau	agcugguugacuucgggucaaaucgucaaauauuugcaaagauauuuccucagugaaauuauuugguccccuucaaccagcugu	2:330417065..330417149:+
2_3862	-0.6	79 +/- 9%	-	1	1	0	0	yes	aae-miR-2944b-5p	dme-miR-2a-3p	-	-	uaucacagcaguaguuaccugaua	gaaggaacucccggugugauaua	gaaggaacucccggugugauauaugacucgauuauaucacagcaguaguuaccugaua	2:402152794..402152852:-
2_3859	-0.8	79 +/- 9%	-	1	1	0	0	yes	aae-miR-2944a-5p	dme-miR-5-5p	-	-	gaaggaacuucugcugugaucug	uaucacaguaguuguacuuuaa	gaaggaacuucugcugugaucugaguuagauacauaucacaguaguuguacuuuaa	2:402152658..402152714:-
2_1286	-1	79 +/- 9%	-	1134	1134	0	0	no	aae-miR-275-3p	dme-miR-275-3p	-	-	ucagguaccugaaguagcgcgcg	ucaucaagcgacaacagaggcgugaaa	ucagguaccugaaguagcgcgcgugaucaaacaggaagcgucaucaagcgacaacagaggcgugaaa	2:307135708..307135775:+
3_7670	-1.1	14 +/- 14%	-	2	2	0	0	yes	aae-miR-309a	dme-miR-3-3p	-	-	ucacugggcaaaguuugucgca	cgacuaacuucguucaguuuggug	cgacuaacuucguucaguuuggugucauacgaagguuuccaguuucaucacugggcaaaguuugucgca	3:309335451..309335520:-
2_3642	-2.2	36 +/- 10%	-	4	4	0	0	yes	aae-miR-11916	-	-	-	gaugccucguaaagcaacuggacu	cucaguugcuuuccgagcguagcac	cucaguugcuuuccgagcguagcacaguuuggaugcgggcccgugcaucguccacggugaugccucguaaagcaacuggacu	2:344991980..344992062:-
2_2318	-2.3	36 +/- 10%	-	99	99	0	0	no	aae-miR-281-5p	dme-miR-281-2-5p	-	-	aagagagcuauccgucgacagu	cguugacgugggauuuuuuug	cguugacgugggauuuuuuuguucauuuuguucuuucgcugguuucgaauaugaaaauaaagagagcuauccgucgacagu	2:96469398..96469479:-
2_2162	-2.4	36 +/- 10%	-	3	3	0	0	yes	aae-miR-11894b	-	-	-	uuuaccauuucaauaugaccua	ggucguauugaaaugguaaaga	ggucguauugaaaugguaaagagugucaaucaucaucuuuaccauuucaauaugaccua	2:58784590..58784649:-
3_6591	-3.1	67 +/- 4%	-	1	1	0	0	yes	aae-miR-11917	-	-	-	ugcgcugaaaacuuaaucgauug	aucgauuaaguuuucagccuaaa	ugcgcugaaaacuuaaucgauuggucaccaccagcgagugaccaaucgauuaaguuuucagccuaaa	3:88682390..88682457:-
1_9233	-3.6	67 +/- 4%	-	4	4	0	0	yes	aae-miR-11900	-	-	-	auuuuuuugacuguaauuuuaua	uaaaauuacguugaaaaaucgucu	uaaaauuacguugaaaaaucgucucccucaaaaaaugaaaccugagacuaacaggagauuuuuuugacuguaauuuuaua	1:223944071..223944151:+
2_2017	-3.6	67 +/- 4%	-	1	1	0	0	yes	aae-miR-11903a	-	-	-	aacguuacaaaucguaaggcgag	caccauaugauuuguaacugugc	aacguuacaaaucguaaggcgaguuauauguuuuuugaaacucaccauaugauuuguaacugugc	2:26364064..26364129:-
3_6732	-3.8	67 +/- 4%	-	1	1	0	0	yes	aae-miR-11909	-	-	-	aauuauauacacguaaugcucu	accguuacgcgcauauaauuug	accguuacgcgcauauaauuugauaauuugcggcuaaaucaaauagaaguggccaaauuauauacacguaaugcucu	3:106114238..106114315:-
2_209	-4	67 +/- 4%	-	1	1	0	0	yes	aae-miR-11897a	-	-	-	uaguaaaccuugauuuuguagc	uacagaaucgaggcucacgaug	uacagaaucgaggcucacgaugauuuccaaucauaguaaaccuugauuuuguagc	2:46313963..46314018:+
2_3256	-4	67 +/- 4%	-	2	2	0	0	yes	aae-miR-2941	-	-	-	uaguacggcuagaacuccacgga	cgugaagcucagcugcauuaca	cgugaagcucagcugcauuacacgauauggaauacgguuuguaguacggcuagaacuccacgga	2:268456314..268456378:-
2_2758	-4.3	40 +/- 5%	-	1	1	0	0	yes	aae-miR-11899	-	-	-	augaccgauuuaauauauggcu	ccauguaugauuucggucaugu	ccauguaugauuucggucauguaugcaguugaaaauaauuauaugaccgauuuaauauauggcu	2:182319041..182319105:-
2_3156	-4.5	40 +/- 5%	-	1	1	0	0	yes	aae-miR-11911	-	-	-	gacgagugcuuggaucaucaau	aguugauccaaguagucuugccuu	aguugauccaaguagucuugccuuuguaagaagacgagugcuuggaucaucaau	2:256106005..256106059:-
3_4833	-5.3	0 +/- 0%	-	4	4	0	0	no	aae-miR-31	dme-miR-31b-5p	-	-	uggcaagauguuggcauagcuga	ggagauugaaggucguguuugcagag	ggagauugaaggucguguuugcagagugaaauuggcaacuuggcaagauguuggcauagcuga	3:136174110..136174173:+
2_1075	-5.7	0 +/- 0%	-	10	10	0	0	no	aae-miR-11893	-	-	-	uuccugacuuauacgcuuaccu	guaaguagauaaaucagaaaga	guaaguagauaaaucagaaagacguuuauaucguuucuuccugacuuauacgcuuaccu	2:257889040..257889099:+
NIGP01000443_12367	-5.7	0 +/- 0%	-	10	10	0	0	no	aae-miR-11893	-	-	-	uuccugacuuauacgcuuaccu	guaaguagauaaaucagaaaga	guaaguagauaaaucagaaagacguuuauaucguuucuuccugacuuauacgcuuaccu	NIGP01000443:52102..52161:+
1_8303	-6.3	0 +/- 0%	-	6	6	0	0	no	aae-miR-210	-	-	-	uugugcgugugacaacggcuau	agcugcugaccacugcacaaga	agcugcugaccacugcacaagauuagauuaugacucuugugcgugugacaacggcuau	1:54892617..54892675:+
2_2498	-7.2	0 +/- 0%	-	2	2	0	0	no	aae-miR-11919	-	-	-	uagcuagguugcggugcacugc	aguguacucugccuggccggc	aguguacucugccuggccggcgcugcugcgagucuagcuagguugcggugcacugc	2:129145074..129145130:-
3_7376	-9.4	0 +/- 0%	-	1	1	0	0	no	aae-miR-11923	-	-	-	acaacggcagccggaacgaucug	ucucguuccgucguccguaggucg	ucucguuccgucguccguaggucgguuuagccaaugcgacaacggcagccggaacgaucug	3:240286724..240286785:-

#miRBase miRNAs not detected by miRDeep2
miRBase precursor id	total read count	mature read count(s)	star read count	remaining reads	UCSC browser	NCBI blastn	miRBase mature sequence(s)	miRBase star sequence(s)	miRBase precursor sequence
2325	2325	0	0	-	-	ucagguacugagugacucucag	gagagcaccucgguaucuaagc	-	cauucgcaauuucaccgguucagguacugagugacucucagaugugcauuucucaagcaaucucguccucaggaccugagguugaaaaacccugagagcaccucgguaucuaagccaguguugcgaaaa	
2016	2016	0	0	-	-	cacguuacagauugggguuucc	uaaucucaaauuguaacagugg	-	gagguaaucucaaauuguaacaguggguugauuuuccuggugaaucccggccuuguccuccgucacaagugugacaagugucucgaaaacguguucgcuauacccacguuacagauugggguuucccc	
1443	1442	0	1	-	-	ugguuuaucuuaucugucgaggc	gucgacagggagauaaaucacu	-	cauugguuuaucuuaucugucgaggcaaguuauuuuaccggauaguguuucuuuucgugagcaaucaccacuauccagcucuucuugucgacagggagauaaaucacug	
698	698	0	0	-	-	caaccacuauccgcccugccgcc	uggcagugugguuagcugguug	-	caaggcaauacgcuauggcagugugguuagcugguuguguagaacuuuggggggcuuccguggcguucgcgcgcacacgggggcucagauucacaaccacuauccgcccugccgccgcgaggugccagg	
1	1	0	0	-	-	uaguacggaaaagauaugggga	-	uaugaacaaugaucgccauauuuuuaccgcuacugcauuucauuguaauaauuguaguacggaaaagauauggggauugggguucaua	
1	1	0	0	-	-	ucuuugguuaucuagcuguauga	-	gucaaaguucucuuugguuaucuagcuguaugagugaauuuagaacaucauaaagcuagcauaccgaaguuaauaguugac	










1	0	0	1	-	-	cacaaggccggauugaucaaga	-	accucggucaauccggaacuguuggcucggcacaaaagcgaccacaaggccggauugaucaagagu	










































1	0	0	1	-	-	uuggacuggcaugcguuuaugg	-	cccauaaacgcauaauugucccaugugaauagaaaauccagccacauuggacuggcaugcguuuauggg	
