miRDeep2 score	novel miRNAs reported by miRDeep2	novel miRNAs, estimated false positives	novel miRNAs, estimated true positives	known miRNAs in species	known miRNAs in data	known miRNAs detected by miRDeep2	estimated signal-to-noise	excision gearing
10	1	0 +/- 0	1 +/- 0 (100 +/- 0%)	164	47	2 (4%)	0	1
9	1	0 +/- 0	1 +/- 0 (100 +/- 0%)	164	47	2 (4%)	0	1
8	1	0 +/- 0	1 +/- 0 (99 +/- 10%)	164	47	2 (4%)	200	1
7	1	0 +/- 0	1 +/- 0 (98 +/- 14%)	164	47	2 (4%)	100	1
6	1	0 +/- 0	1 +/- 0 (98 +/- 14%)	164	47	2 (4%)	100	1
5	1	0 +/- 0	1 +/- 0 (97 +/- 17%)	164	47	4 (9%)	37.5	1
4	1	0 +/- 0	1 +/- 0 (96 +/- 20%)	164	47	13 (28%)	88.9	1
3	1	0 +/- 0	1 +/- 0 (88 +/- 33%)	164	47	14 (30%)	45	1
2	1	0 +/- 0	1 +/- 0 (83 +/- 38%)	164	47	16 (34%)	50	1
1	2	0 +/- 1	2 +/- 1 (82 +/- 29%)	164	47	25 (53%)	30.6	1
0	4	1 +/- 1	3 +/- 1 (75 +/- 23%)	164	47	26 (55%)	14.5	1
-1	5	3 +/- 1	2 +/- 1 (49 +/- 25%)	164	47	34 (72%)	8.6	1
-2	8	8 +/- 2	1 +/- 1 (11 +/- 16%)	164	47	34 (72%)	3.7	1
-3	14	13 +/- 3	2 +/- 2 (12 +/- 15%)	164	47	37 (79%)	3	1
-4	26	21 +/- 4	5 +/- 4 (20 +/- 14%)	164	47	40 (85%)	2.5	1
-5	38	39 +/- 6	2 +/- 3 (5 +/- 8%)	164	47	41 (87%)	1.7	1
-6	47	85 +/- 7	0 +/- 0 (0 +/- 0%)	164	47	41 (87%)	0.9	1
-7	55	120 +/- 8	0 +/- 0 (0 +/- 0%)	164	47	41 (87%)	0.7	1
-8	72	151 +/- 8	0 +/- 0 (0 +/- 0%)	164	47	41 (87%)	0.7	1
-9	99	174 +/- 9	0 +/- 0 (0 +/- 0%)	164	47	41 (87%)	0.7	1
-10	126	192 +/- 9	0 +/- 0 (0 +/- 0%)	164	47	41 (87%)	0.8	1



novel miRNAs predicted by miRDeep2
provisional id	miRDeep2 score	estimated probability that the miRNA candidate is a true positive	rfam alert	total read count	mature read count	loop read count	star read count	significant randfold p-value	miRBase miRNA	example miRBase miRNA with the same seed	UCSC browser	NCBI blastn	consensus mature sequence	consensus star sequence	consensus precursor sequence	precursor coordinate
1_3087	12.6	100 +/- 0%	-	16	10	0	6	yes	-	dme-miR-9370-5p	-	-	auuggguuuggauuggauuagga	caauccaauccaaacccaaucc	auuggguuuggauuggauuaggauugcauuugaacuccaauccaauccaaacccaaucc	1:9914681..9914740:-
2_365	1.7	82 +/- 29%	-	13	13	0	0	yes	-	-	-	-	caucuucugguggcuggacgg	gucucagucaccaccugauacu	gucucagucaccaccugauacugacggaggauggauguucuccccaaagcacgguccuccgugaggcaucuucugguggcuggacgg	2:274742875..274742962:+
3_1891	0.4	75 +/- 23%	-	9	9	0	0	yes	-	-	-	-	aauaaggacguaguagucg	acuacuuacgucuugauuuc	acuacuuacgucuugauuucgucuuugcuugaaucaaaagcgaaauaaggacguaguagucg	3:315074361..315074423:+
3_2487	0.1	75 +/- 23%	-	1	1	0	0	yes	-	dme-miR-125-3p	-	-	ucaaguuuucucgaaaaaac	uuucucgaagaaaacuugaau	ucaaguuuucucgaaaaaacuaucgcuuugauaguuuucucgaagaaaacuugaau	3:339345363..339345419:-



mature miRBase miRNAs detected by miRDeep2
tag id	miRDeep2 score	estimated probability that the miRNA is a true positive	rfam alert	total read count	mature read count	loop read count	star read count	significant randfold p-value	mature miRBase miRNA	example miRBase miRNA with the same seed	UCSC browser	NCBI blastn	consensus mature sequence	consensus star sequence	consensus precursor sequence	precursor coordinate
2_759	13.3	100 +/- 0%	-	18	15	0	3	yes	aae-miR-281-5p	dme-miR-281-1-5p	-	-	aaagagagcuauccgucgacag	ugucauggaauugcucucuuua	aaagagagcuauccgucgacaguagggauaugauucacugucauggaauugcucucuuua	2:96469361..96469421:-
1_3804	5.2	97 +/- 17%	-	55	55	0	0	yes	aae-miR-277-5p	dme-miR-277-3p	-	-	uaaaugcacuaucugguacgaca	gcgugucagaagugcauuuaca	gcgugucagaagugcauuuacauagguauuucccguuuagcaguauuuguaaaugcacuaucugguacgaca	1:302603812..302603884:-
1_3807	4.7	96 +/- 20%	-	11	11	0	0	yes	aae-miR-283	dme-miR-283-5p	-	-	caauaucagcugguaauucuggg	cggaauuccaacugauauccac	caauaucagcugguaauucugggcuuaccccaccguuauacgcuucccggaauuccaacugauauccac	1:305625600..305625669:-
1_3814	4.7	96 +/- 20%	-	13	10	0	3	yes	aae-miR-1175-5p	dme-miR-958-3p	-	-	ugagauucuacuucuccgacuua	uaaguggaguaguggucucaucgcu	uaaguggaguaguggucucaucgcuuaguauuagaaaagugagauucuacuucuccgacuua	1:307010045..307010107:-
3_1901	4.4	96 +/- 20%	-	18	18	0	0	yes	aae-miR-8-3p	dme-miR-8-3p	-	-	uaauacugucagguaaagauguc	caucuuaccgggcagcauuaga	caucuuaccgggcagcauuagauauuuuugaaauacuucuaauacugucagguaaagauguc	3:328527955..328528017:+
1_3263	4.3	96 +/- 20%	-	17	17	0	0	yes	aae-miR-252-5p	dme-miR-252-5p	-	-	cuaaguacuagugccgcagga	cugcugcccaagugcuuaucg	cuaaguacuagugccgcaggagagauuugaaccccugcugcccaagugcuuaucg	1:175818157..175818212:-
3_1609	4.2	96 +/- 20%	-	3	2	0	1	yes	aae-bantam-5p	dme-bantam-3p	-	-	ugagaucauuuugaaagcugauu	ccgguuuucauuuucgaucugacuua	ccgguuuucauuuucgaucugacuuauuugauuuaacaagagugagaucauuuugaaagcugauu	3:178082830..178082895:+
2_1190	3.2	88 +/- 33%	-	9	9	0	0	yes	aae-miR-1	dme-miR-1-3p	-	-	uggaauguaaagaaguauggag	ccaugcuuccuugcauucaaua	ccaugcuuccuugcauucaauagugauucugaaagcauauggaauguaaagaaguauggag	2:399501023..399501084:-
2_1210	2.6	83 +/- 38%	-	7	7	0	0	yes	aae-miR-184	dme-miR-184-3p	-	-	uggacggagaacugauaagggc	ccuuaucauucuugcgccccgu	ccuuaucauucuugcgccccguguuauauuguuggcgacuggacggagaacugauaagggc	2:417599380..417599441:-
2_724	2	83 +/- 38%	-	740	740	0	0	yes	aae-miR-11894a	-	-	-	uuuaccauuucaagaugaccua	ggucgucuugaaaugguaaaga	ggucgucuugaaaugguaaagagugucaaucaucaucuuuaccauuucaagaugaccua	2:58787948..58788007:-
2_718	2	83 +/- 38%	-	740	740	0	0	yes	aae-miR-11894a	-	-	-	uuuaccauuucaagaugaccua	ggucgucuugaaaugguaaaga	ggucgucuugaaaugguaaagagugucaaucaucaucuuuaccauuucaagaugaccua	2:58785850..58785909:-
2_720	2	83 +/- 38%	-	740	740	0	0	yes	aae-miR-11894a	-	-	-	uuuaccauuucaagaugaccua	ggucgucuugaaaugguaaaga	ggucgucuugaaaugguaaagagugucaaucaucaucuuuaccauuucaagaugaccua	2:58786284..58786343:-
2_714	2	83 +/- 38%	-	740	740	0	0	yes	aae-miR-11894a	-	-	-	uuuaccauuucaagaugaccua	gguugucuugaaaugguaaaga	gguugucuugaaaugguaaagagugucaaccaucaucuuuaccauuucaagaugaccua	2:58783350..58783409:-
2_722	2	83 +/- 38%	-	740	740	0	0	yes	aae-miR-11894a	-	-	-	uuuaccauuucaagaugaccua	ggucgucuugaaaugguaaaga	ggucgucuugaaaugguaaagagugucaaucaucaucuuuaccauuucaagaugaccua	2:58787426..58787485:-
2_716	1.9	82 +/- 29%	-	87	87	0	0	yes	aae-miR-11894b	-	-	-	uuuaccauuucaauaugaccua	ggucguauugaaaugguaaaga	ggucguauugaaaugguaaagagugucaaucaucaucuuuaccauuucaauaugaccua	2:58784590..58784649:-
2_780	1.7	82 +/- 29%	-	2	1	0	1	yes	aae-miR-13-5p	-	-	-	ucguaaaaaugguugugcugug	uaucacagccauuuugacgaguu	ucguaaaaaugguugugcuguguuguuacgcucgaaauucauaucacagccauuuugacgaguu	2:107237649..107237713:-
3_2579	1.7	82 +/- 29%	-	34	34	0	0	yes	aae-miR-308-5p	-	-	-	cgcgguauauucuuguggcuug	aaucacaggaguauacugugag	cgcgguauauucuuguggcuugaugcauuugaaaaaucucaaaucacaggaguauacugugag	3:403338483..403338546:-
2_1096	1.7	82 +/- 29%	-	803	803	0	0	yes	aae-miR-11895	-	-	-	uucaugcauucacuucugcuga	agcaggagugaaugcaugaguu	agcaggagugaaugcaugaguuugacaucugaaacuaauucaugcauucacuucugcuga	2:324949494..324949554:-
2_487	1.5	82 +/- 29%	-	13	13	0	0	yes	aae-miR-100	-	-	-	caagaacggauguaugggauuc	aacccguagauccgaacuugug	aacccguagauccgaacuugugcugccguuucacauguuacaagaacggauguaugggauuc	2:375117351..375117413:+
1_3805	1.3	82 +/- 29%	-	5	5	0	0	yes	aae-miR-12-5p	dme-miR-12-5p	-	-	ugaguauuacaucagguacuggug	ccaguacuuauguuaugcucucu	ugaguauuacaucagguacuggugucgauauucgaaucaccaacgaaucggguuccuuugauuaacuuaccaguacuuauguuaugcucucu	1:305613548..305613640:-
1_2882	0	75 +/- 23%	-	1	1	0	0	yes	aae-miR-929	dme-miR-929-5p	-	-	aaauugacucuaguagggaguc	cucccuaacggagucagauuga	aaauugacucuaguagggaguccuuguguacgagugacucccuaacggagucagauuga	1:198495526..198495585:+
2_778	-0.1	49 +/- 25%	-	1	1	0	0	yes	aae-miR-2a-5p	dme-miR-2a-3p	-	-	uaucacagccagcuuugaagagcg	cucucaaagugguugugaaaug	cucucaaagugguugugaaaugaguuacucuugaacgaucucauaucacagccagcuuugaagagcg	2:107237501..107237568:-
2_695	-0.1	49 +/- 25%	-	2	2	0	0	yes	aae-miR-190	dme-miR-190-5p	-	-	agauauguuugauauucuugguug	cccaggaaucaaacauauuauua	agauauguuugauauucuugguuguuaaauuuuauauuaucacccaggaaucaaacauauuauua	2:48811877..48811942:-
1_3129	-0.1	49 +/- 25%	-	1	1	0	0	yes	aae-miR-33	dme-miR-33-5p	-	-	gugcauuguaguugcauugc	aauacuucugcaaugcaagc	gugcauuguaguugcauugcacuuuugcguucgauaacacggugcaauacuucugcaaugcaagc	1:50888881..50888946:-
2_93	-0.1	49 +/- 25%	-	1	1	0	0	yes	aae-miR-988-5p	dme-miR-988-3p	-	-	ccccuuguugcaaaccucac	gugcuuugugacaaugag	gugcuuugugacaaugagauucgguucgauaucauccccuuguugcaaaccucac	2:93351382..93351437:+
3_2528	-0.5	49 +/- 25%	-	1	1	0	0	yes	aae-miR-989	dme-miR-989-3p	-	-	ugugaugugacguagugguacc	cgccgcuaccucgcuuucacuug	cgccgcuaccucgcuuucacuugguaccgauuucccauaauccaugugaugugacguagugguacc	3:366439081..366439147:-
2_1208	-0.5	49 +/- 25%	-	8	8	0	0	yes	aae-miR-1890	-	-	-	ugaaaucuuugauuaggucugg	agagcuaauuggagaguucuug	agagcuaauuggagaguucuugaauaguguugugaaccuucaugaaaucuuugauuaggucugg	2:413654961..413655025:-
2_760	-2.8	12 +/- 15%	-	15	15	0	0	no	aae-miR-281-5p	dme-miR-281-1-5p	-	-	aaagagagcuauccgucgacag	guugacgugggauuuuuuugu	guugacgugggauuuuuuuguucauuuuguucuuucgcugguuucgaauaugaaaauaaagagagcuauccgucgacag	2:96469399..96469478:-
2_1131	-2.9	12 +/- 15%	-	4	4	0	0	yes	aae-miR-1891	-	-	-	ugaggaguuaauuugcguguuu	acacguccauuaacucugguac	ugaggaguuaauuugcguguuuuuguauuugauuaaacacguccauuaacucugguac	2:360084867..360084925:-
3_2165	-2.9	12 +/- 15%	-	3	3	0	0	yes	aae-miR-2765	-	-	-	ugguaacuccaccaccguuggc	caaugggagcuggaguucccgcg	ugguaacuccaccaccguuggcgauauuugacagccaaugggagcuggaguucccgcg	3:101895454..101895512:-
2_877	-3	12 +/- 15%	-	1	1	0	0	yes	aae-miR-11917	-	-	-	gagcauccguucaagcugaaa	ucagcucaaacggauguuugg	gagcauccguucaagcugaaaacuuaaucgauuggucaccagcugcuggugaccaaucgauuagguuuucagcucaaacggauguuugg	2:184046420..184046509:-
2_781	-3.6	20 +/- 14%	-	1	1	0	0	yes	aae-miR-71-5p	-	-	-	agaaagacauggguagugagaua	ucucacuaccuugucuuucaug	agaaagacauggguagugagauaguuucacccuauugcacugggaucucacuaccuugucuuucaug	2:107238287..107238354:-
1_2930	-3.7	20 +/- 14%	-	2	2	0	0	yes	aae-miR-279	-	-	-	gaugggugugaaucuaguguuuc	gugacuagauccacacucauuaa	gaugggugugaaucuaguguuucacaugauuuucgauagccugugacuagauccacacucauuaa	1:207007788..207007853:+
2_874	-4.3	5 +/- 8%	-	1	1	0	0	yes	aae-miR-11899	-	-	-	uaugaccgauuuaauauauggcu	ccauguaugauuucggucaugua	ccauguaugauuucggucauguaugcaguugaaaauaauuauaugaccgauuuaauauauggcu	2:182319041..182319105:-
2_94	-4.4	5 +/- 8%	-	1	1	0	0	no	aae-miR-988-3p	dme-miR-988-3p	-	-	ccccuuguugcaaaccucac	cagguaggggcaaugggggc	ccccuuguugcaaaccucacgcuugcgguagguuccacaacugcugagagguggcagguaggggcaaugggggc	2:93351417..93351491:+
NIGP01000443_3931	-10.3	0.05 +/- 0.08	-	1	1	0	0	no	aae-miR-11893	-	-	-	uuccugacuuauacgcuuaccuc	gguaaguagauaaaucagaaaga	gguaaguagauaaaucagaaagacguuuauaucguuucuuccugacuuauacgcuuaccuc	NIGP01000443:52101..52162:+

#miRBase miRNAs not detected by miRDeep2
miRBase precursor id	total read count	mature read count(s)	star read count	remaining reads	UCSC browser	NCBI blastn	miRBase mature sequence(s)	miRBase star sequence(s)	miRBase precursor sequence
11	11	0	0	-	-	caaccacuauccgcccugccgcc	uggcagugugguuagcugguug	-	caaggcaauacgcuauggcagugugguuagcugguuguguagaacuuuggggggcuuccguggcguucgcgcgcacacgggggcucagauucacaaccacuauccgcccugccgccgcgaggugccagg	
8	8	0	0	-	-	ugguuuaucuuaucugucgaggc	gucgacagggagauaaaucacu	-	cauugguuuaucuuaucugucgaggcaaguuauuuuaccggauaguguuucuuuucgugagcaaucaccacuauccagcucuucuugucgacagggagauaaaucacug	
5	5	0	0	-	-	ucagguacugagugacucucag	gagagcaccucgguaucuaagc	-	cauucgcaauuucaccgguucagguacugagugacucucagaugugcauuucucaagcaaucucguccucaggaccugagguugaaaaacccugagagcaccucgguaucuaagccaguguugcgaaaa	
3	3	0	0	-	-	acguauacugaauguauccuga	cgguauaccuucaguauacguaac	-	gcuucaugaacguauacugaauguauccugagugcuaucuauccgguauaccuucaguauacguaacaggaggc	
3	2	0	1	-	-	uaggaacuucauaccgugcuc	-	ggugaagugugcaguaauuagugccagguagguuagauuuccagugucucgaguuaauccgucagcgagguauagaguuccuaugcguucggauaaaauauuccauaggaacuucauaccgugcucuuggauugcuuggaagucaucgagaggguaaugguggaaguucguggcuaauuuguaaaucauc	
2	2	0	0	-	-	ucccugagacccuaacuuguga	-	uuaguuuuguuucugcugauucccugagacccuaacuugugacuauaguugaaguuucacaaguuuugaucuccgguauuagcggucgagauuca	
1	1	0	0	-	-	ucauaagacacacgcggcuau	-	aacgguauugcggcuuucauagguagcuugcguuugucuuagcugguauugaaugugauagguaucauaagacacacgcggcuauuuuugagaguaucaagcaucuug	
3	3	0	0	-	-	uaggaacuucauaccgugcuc	agcgagguauagaguuccuac	-	acuggugauugccaucagcgagguauagaguuccuacguugcgugugcgaaauugguaggaacuucauaccgugcucuuggcuagccguga	


















































2	0	0	2	-	-	ucacuuuuuagugacuugguc	-	caagucacuuuuuagugacuuggucacuuuuuucaaucuggucacuaaaaagucacuau	








































