miRDeep2 score	novel miRNAs reported by miRDeep2	novel miRNAs, estimated false positives	novel miRNAs, estimated true positives	known miRNAs in species	known miRNAs in data	known miRNAs detected by miRDeep2	estimated signal-to-noise	excision gearing
10	0	0 +/- 0	0 +/- 0 (0 +/- 0%)	164	42	0 (0%)	0	1
9	0	0 +/- 0	0 +/- 0 (0 +/- 0%)	164	42	0 (0%)	0	1
8	0	0 +/- 0	0 +/- 0 (0 +/- 0%)	164	42	0 (0%)	0	1
7	0	0 +/- 0	0 +/- 0 (0 +/- 0%)	164	42	0 (0%)	0	1
6	0	0 +/- 0	0 +/- 0 (0 +/- 0%)	164	42	0 (0%)	0	1
5	0	0 +/- 0	0 +/- 0 (0 +/- 0%)	164	42	0 (0%)	0	1
4	0	0 +/- 0	0 +/- 0 (0 +/- 0%)	164	42	5 (12%)	20	1
3	0	0 +/- 0	0 +/- 0 (0 +/- 0%)	164	42	7 (17%)	12.5	1
2	0	0 +/- 0	0 +/- 0 (0 +/- 0%)	164	42	10 (24%)	18.4	1
1	0	0 +/- 0	0 +/- 0 (0 +/- 0%)	164	42	12 (29%)	12.7	1
0	0	0 +/- 0	0 +/- 0 (0 +/- 0%)	164	42	20 (48%)	10.8	1
-1	0	0 +/- 0	0 +/- 0 (0 +/- 0%)	164	42	28 (67%)	8.9	1
-2	0	0 +/- 0	0 +/- 0 (0 +/- 0%)	164	42	29 (69%)	3.3	1
-3	0	0 +/- 0	0 +/- 0 (0 +/- 0%)	164	42	31 (74%)	2.5	1
-4	0	0 +/- 0	0 +/- 0 (0 +/- 0%)	164	42	35 (83%)	2.2	1
-5	1	10 +/- 2	0 +/- 0 (0 +/- 0%)	164	42	38 (90%)	1.8	1
-6	1	18 +/- 2	0 +/- 0 (0 +/- 0%)	164	42	39 (93%)	1.2	1
-7	1	20 +/- 3	0 +/- 0 (0 +/- 0%)	164	42	39 (93%)	1.1	1
-8	2	22 +/- 3	0 +/- 0 (0 +/- 0%)	164	42	39 (93%)	1.1	1
-9	3	23 +/- 3	0 +/- 0 (0 +/- 0%)	164	42	39 (93%)	1.1	1
-10	3	25 +/- 3	0 +/- 0 (0 +/- 0%)	164	42	39 (93%)	1	1



novel miRNAs predicted by miRDeep2
provisional id	miRDeep2 score	estimated probability that the miRNA candidate is a true positive	rfam alert	total read count	mature read count	loop read count	star read count	significant randfold p-value	miRBase miRNA	example miRBase miRNA with the same seed	UCSC browser	NCBI blastn	consensus mature sequence	consensus star sequence	consensus precursor sequence	precursor coordinate



mature miRBase miRNAs detected by miRDeep2
tag id	miRDeep2 score	estimated probability that the miRNA is a true positive	rfam alert	total read count	mature read count	loop read count	star read count	significant randfold p-value	mature miRBase miRNA	example miRBase miRNA with the same seed	UCSC browser	NCBI blastn	consensus mature sequence	consensus star sequence	consensus precursor sequence	precursor coordinate
1_284	4.8	0 +/- 0%	-	11	11	0	0	yes	aae-miR-277-5p	dme-miR-277-3p	-	-	uaaaugcacuaucugguacgaca	gcgugucagaagugcauuuaca	gcgugucagaagugcauuuacauagguauuucccguuuagcaguauuuguaaaugcacuaucugguacgaca	1:302603812..302603884:-
1_291	4.7	0 +/- 0%	-	11	11	0	0	yes	aae-miR-283	dme-miR-283-5p	-	-	caauaucagcugguaauucugg	ggaauuccaacugauauccac	caauaucagcugguaauucugggcuuaccccaccguuauacgcuucccggaauuccaacugauauccac	1:305625600..305625669:-
1_289	4.2	0 +/- 0%	-	11	11	0	0	yes	aae-miR-12-5p	dme-miR-12-5p	-	-	ugaguauuacaucagguacuggu	caguacuuauguuaugcucucu	ugaguauuacaucagguacuggugucgauauucgaaucaccaacgaaucggguuccuuugauuaacuuaccaguacuuauguuaugcucucu	1:305613548..305613640:-
3_186	3.6	0 +/- 0%	-	9	9	0	0	yes	aae-miR-308-5p	dme-miR-2a-3p	-	-	aaucacaggaguauacugugag	cgcgguauauucuuguggcuug	cgcgguauauucuuguggcuugaugcauuugaaaaaucucaaaucacaggaguauacugugag	3:403338483..403338546:-
2_68	2.3	0 +/- 0%	-	6	6	0	0	yes	aae-miR-2a-5p	dme-miR-2a-3p	-	-	uaucacagccagcuuugaagag	cucaaagugguugugaaaug	cucaaagugguugugaaaugaguuacucuugaacgaucucauaucacagccagcuuugaagag	2:107237503..107237566:-
2_54	2	0 +/- 0%	-	36	36	0	0	yes	aae-miR-11894a	-	-	-	uuuaccauuucaagaugaccua	ggucgucuugaaaugguaaaga	ggucgucuugaaaugguaaagagugucaaucaucaucuuuaccauuucaagaugaccua	2:58785850..58785909:-
2_50	2	0 +/- 0%	-	36	36	0	0	yes	aae-miR-11894a	-	-	-	uuuaccauuucaagaugaccua	gguugucuugaaaugguaaaga	gguugucuugaaaugguaaagagugucaaccaucaucuuuaccauuucaagaugaccua	2:58783350..58783409:-
2_86	1.7	0 +/- 0%	-	17	17	0	0	yes	aae-miR-11895	-	-	-	uucaugcauucacuucugcuga	agcaggagugaaugcaugaguu	agcaggagugaaugcaugaguuugacaucugaaacuaauucaugcauucacuucugcuga	2:324949494..324949554:-
2_102	1.6	0 +/- 0%	-	5	5	0	0	yes	aae-miR-184	dme-miR-184-3p	-	-	uggacggagaacugauaagggc	ccuuaucauucuugcgccccgu	ccuuaucauucuugcgccccguguuauauuguuggcgacuggacggagaacugauaagggc	2:417599380..417599441:-
1_286	0.7	0 +/- 0%	-	3	3	0	0	yes	aae-miR-317	dme-miR-317-3p	-	-	ugaacacagcuggugguaucu	auacacccugugcucgcu	auacacccugugcucgcuuugcauucgaaacuagugaacacagcuggugguaucu	1:302667133..302667188:-
3_139	0.4	0 +/- 0%	-	4	4	0	0	yes	aae-miR-8-5p	dme-miR-8-3p	-	-	uaauacugucagguaaagauguc	caucuuaccgggcagcauuaga	caucuuaccgggcagcauuagauauuuuugaaauacuucuaauacugucagguaaagauguc	3:328527955..328528017:+
1_225	0.3	0 +/- 0%	-	2	2	0	0	yes	aae-miR-33	dme-miR-33-5p	-	-	gugcauuguaguugcauugca	caauacuucugcaaugcaagc	gugcauuguaguugcauugcacuuuugcguucgauaacacggugcaauacuucugcaaugcaagc	1:50888881..50888946:-
2_61	0	0 +/- 0%	-	2	2	0	0	yes	aae-miR-281-5p	dme-miR-281-1-5p	-	-	aaagagagcuauccgucgacag	gucauggaauugcucucuuuau	aaagagagcuauccgucgacaguagggauaugauucacugucauggaauugcucucuuuau	2:96469360..96469421:-
3_152	0	0 +/- 0%	-	1	1	0	0	yes	aae-miR-998	dme-miR-285-3p	-	-	uagcaccaugagauucagcuc	acugaacucucgugggucugca	acugaacucucgugggucugcaguugauauuucgaaagcuuguagcaccaugagauucagcuc	3:75489589..75489652:-
1_208	0	0 +/- 0%	-	1	1	0	0	yes	aae-miR-929	dme-miR-929-5p	-	-	aaauugacucuaguagggagu	ucccuaacggagucagauuga	aaauugacucuaguagggaguccuuguguacgagugacucccuaacggagucagauuga	1:198495526..198495585:+
2_30	-0.2	0 +/- 0%	-	1	1	0	0	yes	aae-miR-100	dme-miR-100-5p	-	-	aacccguagauccgaacuugu	aagaacggauguaugggauuc	aacccguagauccgaacuugugcugccguuucacauguuacaagaacggauguaugggauuc	2:375117351..375117413:+
2_98	-0.2	0 +/- 0%	-	2	2	0	0	yes	aae-miR-1	dme-miR-1-3p	-	-	uggaauguaaagaaguauggag	ccaugcuuccuugcauucaaua	ccaugcuuccuugcauucaauagugauucugaaagcauauggaauguaaagaaguauggag	2:399501023..399501084:-
2_56	-0.3	0 +/- 0%	-	1	1	0	0	yes	aae-miR-276-5p	dme-miR-276a-3p	-	-	uaggaacuucauaccgugcucu	agcgagguauagaguuccuacg	agcgagguauagaguuccuacguugcgugugcgaaauugguaggaacuucauaccgugcucu	2:73120452..73120514:-
1_211	-0.3	0 +/- 0%	-	1	1	0	0	yes	aae-miR-996	dme-miR-279-3p	-	-	ugacuagauuacaugcucgucu	gcgugcaugaaucuggugcacg	gcgugcaugaaucuggugcacgguuuuccaguuguaauaucgcuucgugacuagauuacaugcucgucu	1:207012536..207012605:+
2_32	-0.8	0 +/- 0%	-	1	1	0	0	yes	aae-miR-125-5p	dme-miR-125-5p	-	-	ucccugagacccuaacuugugac	cacaaguuuugaucuccgguauu	ucccugagacccuaacuugugacuauaguugaaguuucacaaguuuugaucuccgguauu	2:375131781..375131841:+
3_125	-0.9	0 +/- 0%	-	3	3	0	0	yes	aae-bantam-5p	dme-bantam-3p	-	-	ugagaucauuuugaaagcugauu	ccgguuuucauuuucgaucugacu	ccgguuuucauuuucgaucugacuuauuugauuuaacaagagugagaucauuuugaaagcugauu	3:178082830..178082895:+
2_52	-1.9	0 +/- 0%	-	4	4	0	0	yes	aae-miR-11894b	-	-	-	uuuaccauuucaauaugaccua	ggucguauugaaaugguaaaga	ggucguauugaaaugguaaagagugucaaucaucaucuuuaccauuucaauaugaccua	2:58784590..58784649:-
2_69	-2.6	0 +/- 0%	-	3	3	0	0	yes	aae-miR-71-5p	-	-	-	agaaagacauggguagugagauag	aucucacuaccuugucuuucaug	agaaagacauggguagugagauaguuucacccuauugcacugggaucucacuaccuugucuuucaug	2:107238287..107238354:-
1_239	-3.6	0 +/- 0%	-	3	3	0	0	yes	aae-miR-252-5p	-	-	-	uaaguacuagugccgcaggag	ccugcugcccaagugcuuauc	uaaguacuagugccgcaggagagauuugaaccccugcugcccaagugcuuauc	1:175818158..175818211:-
2_63	-3.8	0 +/- 0%	-	1	1	0	0	yes	aae-miR-282-5p	-	-	-	gccucuccuaggcuuugu	auagccugacagagguua	gccucuccuaggcuuugucuguuaccuuccuugggaauuccacuagccagacauagccugacagagguua	2:96911968..96912038:-
2_80	-4.3	0 +/- 0%	-	1	1	0	0	yes	aae-miR-11899	-	-	-	uaugaccgauuuaauauauggcu	ccauguaugauuucggucaugua	ccauguaugauuucggucauguaugcaguugaaaauaauuauaugaccgauuuaauauauggcu	2:182319041..182319105:-
2_24	-4.5	0 +/- 0%	-	2	2	0	0	yes	aae-miR-305-5p	-	-	-	uuguacuucaucaggugcucugg	ccggcacauguuggaguacacuu	uuguacuucaucaggugcucugguuguuuucgauacccggcacauguuggaguacacuu	2:307145446..307145505:+
3_118	-5.2	0 +/- 0%	-	1	1	0	0	yes	aae-miR-31	-	-	-	ggcaagauguuggcauagcug	gcuauucaacuucuugucua	ggcaagauguuggcauagcugaaaguuuugaguuuagcuauucaacuucuugucua	3:136174151..136174207:+
2_62	-7.8	0 +/- 0%	-	2	2	0	0	no	aae-miR-281-5p	dme-miR-281-1-5p	-	-	aaagagagcuauccgucgacag	guugacgugggauuuuuuugu	guugacgugggauuuuuuuguucauuuuguucuuucgcugguuucgaauaugaaaauaaagagagcuauccgucgacag	2:96469399..96469478:-

#miRBase miRNAs not detected by miRDeep2
miRBase precursor id	total read count	mature read count(s)	star read count	remaining reads	UCSC browser	NCBI blastn	miRBase mature sequence(s)	miRBase star sequence(s)	miRBase precursor sequence
4	4	0	0	-	-	ucagguacugagugacucucag	gagagcaccucgguaucuaagc	-	cauucgcaauuucaccgguucagguacugagugacucucagaugugcauuucucaagcaaucucguccucaggaccugagguugaaaaacccugagagcaccucgguaucuaagccaguguugcgaaaa	
3	3	0	0	-	-	caaccacuauccgcccugccgcc	uggcagugugguuagcugguug	-	caaggcaauacgcuauggcagugugguuagcugguuguguagaacuuuggggggcuuccguggcguucgcgcgcacacgggggcucagauucacaaccacuauccgcccugccgccgcgaggugccagg	
3	3	0	0	-	-	ugguuuaucuuaucugucgaggc	gucgacagggagauaaaucacu	-	cauugguuuaucuuaucugucgaggcaaguuauuuuaccggauaguguuucuuuucgugagcaaucaccacuauccagcucuucuugucgacagggagauaaaucacug	


































































































