miRDeep2 score	novel miRNAs reported by miRDeep2	novel miRNAs, estimated false positives	novel miRNAs, estimated true positives	known miRNAs in species	known miRNAs in data	known miRNAs detected by miRDeep2	estimated signal-to-noise	excision gearing
10	1	2 +/- 1	0 +/- 0 (12 +/- 33%)	164	55	18 (33%)	7	3
9	1	2 +/- 2	0 +/- 0 (10 +/- 30%)	164	55	18 (33%)	6.5	3
8	1	3 +/- 2	0 +/- 0 (10 +/- 30%)	164	55	20 (36%)	6.5	3
7	1	3 +/- 2	0 +/- 0 (8 +/- 27%)	164	55	20 (36%)	6.1	3
6	1	3 +/- 2	0 +/- 0 (7 +/- 26%)	164	55	20 (36%)	5.6	3
5	2	3 +/- 2	0 +/- 0 (12 +/- 25%)	164	55	36 (65%)	8	3
4	2	4 +/- 2	0 +/- 0 (9 +/- 21%)	164	55	43 (78%)	7.7	3
3	5	5 +/- 2	1 +/- 1 (18 +/- 26%)	164	55	43 (78%)	6.8	3
2	14	7 +/- 3	7 +/- 3 (53 +/- 19%)	164	55	44 (80%)	7	3
1	23	10 +/- 3	13 +/- 3 (57 +/- 12%)	164	55	47 (85%)	5.9	3
0	27	20 +/- 4	7 +/- 4 (26 +/- 14%)	164	55	49 (89%)	3.1	3
-1	37	40 +/- 6	1 +/- 3 (3 +/- 7%)	164	55	50 (91%)	1.8	3
-2	51	63 +/- 8	0 +/- 1 (0 +/- 2%)	164	55	50 (91%)	1.4	3
-3	86	98 +/- 9	0 +/- 1 (0 +/- 1%)	164	55	50 (91%)	1.2	3
-4	137	173 +/- 11	0 +/- 0 (0 +/- 0%)	164	55	50 (91%)	1	3
-5	166	313 +/- 16	0 +/- 0 (0 +/- 0%)	164	55	50 (91%)	0.6	3
-6	199	456 +/- 19	0 +/- 0 (0 +/- 0%)	164	55	50 (91%)	0.5	3
-7	264	581 +/- 20	0 +/- 0 (0 +/- 0%)	164	55	50 (91%)	0.5	3
-8	374	678 +/- 21	0 +/- 0 (0 +/- 0%)	164	55	50 (91%)	0.6	3
-9	469	755 +/- 21	0 +/- 0 (0 +/- 0%)	164	55	50 (91%)	0.7	3
-10	547	819 +/- 23	0 +/- 0 (0 +/- 0%)	164	55	50 (91%)	0.7	3



novel miRNAs predicted by miRDeep2
provisional id	miRDeep2 score	estimated probability that the miRNA candidate is a true positive	rfam alert	total read count	mature read count	loop read count	star read count	significant randfold p-value	miRBase miRNA	example miRBase miRNA with the same seed	UCSC browser	NCBI blastn	consensus mature sequence	consensus star sequence	consensus precursor sequence	precursor coordinate
1_23550	17.4	12 +/- 33%	-	32	28	0	4	yes	-	-	-	-	uccaagcuucugaggagaagc	ucugaggagaagcuuccaagc	ucugaggagaagcuuccaagcuucugaggagaagcuuccaagcuucugaggagaagcuuccaagcuucugaggagaagcuuccaagcuucugaggagaagc	1:219393803..219393904:+
2_1205	5.5	12 +/- 25%	-	8	7	0	1	yes	-	-	-	-	acggcuguugcugccucaaggc	cuagaagcagcaacagccgcu	cuagaagcagcaacagccgcucaaaauuuccuugcacggcuguugcugccucaaggc	2:136130298..136130355:+
1_24203	3.6	18 +/- 26%	-	7	4	0	3	yes	-	-	-	-	uugaauuccuuggacacaucg	uaaguccgaauuccuucggaaa	uaaguccgaauuccuucggaaagaaguugaauuccuuggacacaucg	1:281038620..281038667:+
NIGP01000799_31232	3.4	18 +/- 26%	-	5	3	1	1	yes	-	-	-	-	cuucgcguauuuucuucgaaga	ucgaagaaaauacgcgccgga	cuucgcguauuuucuucgaagaaaagacaauuuucuugcuagucaguaauggaagagaauuucuuccccucgaagaaaauacgcgccgga	NIGP01000799:16500..16590:+
1_20583	3.4	18 +/- 26%	-	7	7	0	0	yes	-	dme-miR-4986-5p	-	-	ugggauucggagagaaucccgu	gggauucggagagaaucccguc	gggauucggagagaaucccgucugggauucggagagaaucccgucugggauucggagagaaucccgu	1:39887938..39888005:+
2_1620	2.8	53 +/- 19%	-	12	8	0	4	yes	-	-	-	-	cuagagacagcaacagccgcu	cuguugcugccucuaggcggga	cuagagacagcaacagccgcucaaaauuuccuugcgcggcuguugcugccucuaggcggga	2:173388989..173389050:+
3_12620	2.4	53 +/- 19%	-	72	72	0	0	yes	-	-	-	-	auucucgacucgagugaagug	cuucacucgagucgacaauug	auucucgacucgagugaagugacucuccguuugauuuacacggcgagucacuucacucgagucgacaauug	3:177695184..177695255:+
3_10820	2.3	53 +/- 19%	-	12	8	0	4	yes	-	-	-	-	cuggaggcagcaacagccgcu	gcuguugcugccucaaggcgga	cuggaggcagcaacagccgcucaaaauuuucuagcgcggcuguugcugccucaaggcgga	3:16365913..16365973:+
3_19905	2.3	53 +/- 19%	-	15	8	0	7	no	-	-	-	-	agcuugugaaguugucuucucu	gaaggaacuguucgucaacuacuuu	agcuugugaaguugucuucucugaugggaucaguuaagcugaucucacgaaggaacuguucgucaacuacuuu	3:363961160..363961233:-
2_1171	2.3	53 +/- 19%	-	85	82	0	3	yes	-	-	-	-	cuagaggcagcaacagccgcu	uguugcugccucaaggcugaaa	cuagaggcagcaacagccgcucaaaauuccuuacgcggcuguugcugccucaaggcugaaa	2:132661543..132661604:+
1_20598	2.3	53 +/- 19%	-	68	39	23	6	yes	-	dme-miR-2500-3p	-	-	ggauuuuggauuuuggauuuu	ggauuuggauuuuggauu	ggauuuggauuuuggauuuuggauuuuggauuuuggauuuuggauuuuggauuuuggauuuuggauuuggauuuuggauuuggauuuuggauuuuggauuuu	1:42438155..42438257:+
3_15677	2.2	53 +/- 19%	-	6	6	0	0	yes	-	dme-miR-967-5p	-	-	cgagauacccaacuucggaag	uucgaaaaaggguaucuugca	cgagauacccaacuucggaagugaugcauucgauuugcauccggaugcacucuaaugcgccauacauucgaaaaaggguaucuugca	3:9223207..9223294:-
2_5749	2.2	53 +/- 19%	-	84	81	0	3	yes	-	-	-	-	cuagaggcagcaacagccgcu	cuguugcugccuuaaggcgga	cuagaggcagcaacagccgcucaaaauuuccuugcgcggcuguugcugccuuaaggcgga	2:93442637..93442697:-
1_25620	2	53 +/- 19%	-	14	11	0	3	yes	-	-	-	-	uucugugauguuuugugacaa	uugucacaaaacaucacagaa	uugucacaaaacaucacagaauuacuuuuacacuuaguuucuuaucaguaaaaauaauucugugauguuuugugacaa	1:107313340..107313418:-
2_6316	1.9	57 +/- 12%	-	15	14	0	1	yes	-	-	-	-	cugauacagccauaccgugga	uccacgcuaugccugaaucag	uccacgcuaugccugaaucaguaaaauuugaaaaucgaaugugcauucgauuuuuaaaauccacugauacagccauaccgugga	2:154129245..154129329:-
2_3519	1.8	57 +/- 12%	-	11	11	0	0	yes	-	-	-	-	uucugugauguuuugugacaa	guuacaaaacaucacagaauu	guuacaaaacaucacagaauuauuuuuacacauaguuucuuaucaguaaaaauaauucugugauguuuugugacaa	2:378116511..378116587:+
3_19057	1.6	57 +/- 12%	-	14	14	0	0	yes	-	-	-	-	uucugaaaugaacuuugugga	cacuaaguuuauuccacaaug	uucugaaaugaacuuuguggauuuacucggaaaaaaaucugauuuucuuucgaggaaauccacuaaguuuauuccacaaug	3:290280645..290280726:-
3_11143	1.5	57 +/- 12%	-	27	27	0	0	yes	-	-	-	-	uucgucggaauuuccaaggga	ccuuggaaauauuuccaaacgaaau	ccuuggaaauauuuccaaacgaaauucgucuauauuuccaagggaaugaauuucaaagaugaguucgucggaauuuccaaggga	3:53337368..53337452:+
2_3641	1.5	57 +/- 12%	-	10	10	0	0	yes	-	-	-	-	ucuuauugccguugagacuga	agucucaacggcaaucagaac	agucucaacggcaaucagaacuaaaauauuucuucuagagcguagaagaaauauuuuaguucuuauugccguugagacuga	2:397564506..397564587:+
3_11249	1.4	57 +/- 12%	-	613	269	344	0	yes	-	-	-	-	ggauuggauuuggauuggauuu	auuggauuucgauuggauuugg	ggauuggauuuggauuggauuuggauuggauuuggauuggauuuggauuggauuuggauuggauuuggauugaauuuggauuggauuucgauuggauuugg	3:66625810..66625911:+
NIGP01001858_30472	1.3	57 +/- 12%	-	15	15	0	0	yes	-	-	-	-	aauugugacacuugagcgggg	ccgcuuuagggucaaaauucu	aauugugacacuugagcggggcacgcuccuguaugauccccaugugaucuggacccgcuuuagggucaaaauucu	NIGP01001858:50584..50659:+
1_22022	1.1	57 +/- 12%	-	26	26	0	0	yes	-	-	-	-	uugaaaauugagguuuggcu	ccacaccuugcauuuucacaa	uugaaaauugagguuuggcuucgauucaucuucaccuuaagauggcuauagaacaaagccacaccuugcauuuucacaa	1:146372356..146372435:+
2_3380	1.1	57 +/- 12%	-	12	10	0	2	no	-	-	-	-	aaugagcucaaauuuugggag	cucagaauuugaucuagaauc	aaugagcucaaauuuugggaggacacucagaauuugaucuagaauc	2:360853637..360853683:+
3_11250	0.9	26 +/- 14%	-	560	457	8	95	yes	-	-	-	-	ggauuggauuuggauuggauuu	uuggauuggauuuggauu	ggauuggauuuggauuggauuuggauugaauuuggauuggauuucgauuggauuuggauugaauuuggauuggauuucgauugaauuuggauuggauuuggauu	3:66625854..66625958:+
2_4158	0.9	26 +/- 14%	-	4	4	0	0	yes	-	dme-miR-283-3p	-	-	aggaauuucucucaggauuccuc	ggaaucccuucguggauuucgua	aggaauuucucucaggauuccuccaaaaauccuuucaggauuuccaccaggaaucccuucguggauuucgua	2:460588386..460588458:+
2_7879	0.7	26 +/- 14%	-	71	71	0	0	yes	-	-	-	-	ugcucugguauuuugauguucga	ggaacucaagauaccagaucaug	ugcucugguauuuugauguucgauggauuugauauuacucggaacucaagauaccagaucaug	2:289697988..289698051:-
NIGP01000644_30839	0.7	26 +/- 14%	-	38	26	12	0	yes	-	-	-	-	uugaaaauugagguuuggcu	uuaaguuucagcucaaac	uuaaguuucagcucaaacggguuuucgguucuccagauccgugcucuugaaaauugagguuuggcu	NIGP01000644:37265..37331:+



mature miRBase miRNAs detected by miRDeep2
tag id	miRDeep2 score	estimated probability that the miRNA is a true positive	rfam alert	total read count	mature read count	loop read count	star read count	significant randfold p-value	mature miRBase miRNA	example miRBase miRNA with the same seed	UCSC browser	NCBI blastn	consensus mature sequence	consensus star sequence	consensus precursor sequence	precursor coordinate
2_5448	10843.8	12 +/- 33%	-	21267	21251	0	16	yes	aae-miR-11894a	-	-	-	uuuaccauuucaagaugaccua	ggucgucuugaaaugguaaaga	ggucgucuugaaaugguaaagagugucaaucaucaucuuuaccauuucaagaugaccua	2:58785158..58785217:-
2_5450	10843.7	12 +/- 33%	-	21267	21251	0	16	yes	aae-miR-11894a	-	-	-	uuuaccauuucaagaugaccua	ggucgucuugaaaugguaaaga	ggucgucuugaaaugguaaagagugucaaucaucaucuuuaccauuucaagaugaccua	2:58785850..58785909:-
2_5452	10843.7	12 +/- 33%	-	21267	21251	0	16	yes	aae-miR-11894a	-	-	-	uuuaccauuucaagaugaccua	ggucgucuugaaaugguaaaga	ggucgucuugaaaugguaaagagugucaaucaucaucuuuaccauuucaagaugaccua	2:58786284..58786343:-
2_5456	10843.6	12 +/- 33%	-	21267	21251	0	16	yes	aae-miR-11894a	-	-	-	uuuaccauuucaagaugaccua	ggucgucuugaaaugguaaaga	ggucgucuugaaaugguaaagagugucaaucaucaucuuuaccauuucaagaugaccua	2:58787948..58788007:-
2_5454	10843.6	12 +/- 33%	-	21267	21251	0	16	yes	aae-miR-11894a	-	-	-	uuuaccauuucaagaugaccua	ggucgucuugaaaugguaaaga	ggucgucuugaaaugguaaagagugucaaucaucaucuuuaccauuucaagaugaccua	2:58787426..58787485:-
1_29521	279.6	12 +/- 33%	-	540	530	0	10	yes	aae-miR-283	dme-miR-283-5p	-	-	caauaucagcugguaauucuggg	cggaauuccaacugauauccac	caauaucagcugguaauucugggcuuaccccaccguuauacgcuucccggaauuccaacugauauccac	1:305625600..305625669:-
3_20216	59.8	12 +/- 33%	-	109	74	0	35	yes	aae-miR-308-5p	dme-miR-2a-3p	-	-	aaucacaggaguauacugugag	cgcgguauauucuuguggcuug	cgcgguauauucuuguggcuugaugcauuugaaaaaucucaaaucacaggaguauacugugag	3:403338483..403338546:-
1_26435	45.3	12 +/- 33%	-	82	80	0	2	yes	aae-miR-252-5p	dme-miR-252-5p	-	-	cuaaguacuagugccgcagga	cugcugcccaagugcuuaucg	cuaaguacuagugccgcaggagagauuugaaccccugcugcccaagugcuuaucg	1:175818157..175818212:-
3_12621	22.1	12 +/- 33%	-	38	30	0	8	yes	aae-bantam-5p	dme-bantam-3p	-	-	ugagaucauuuugaaagcugauu	ccgguuuucauuuucgaucugacu	ccgguuuucauuuucgaucugacuuauuugauuuaacaagagugagaucauuuugaaagcugauu	3:178082830..178082895:+
2_5335	20.8	12 +/- 33%	-	33	31	0	2	yes	aae-miR-190	dme-miR-190-5p	-	-	agauauguuugauauucuugguug	cccaggaaucaaacauauuau	agauauguuugauauucuugguuguuaaauuuuauauuaucacccaggaaucaaacauauuau	2:48811879..48811942:-
3_16288	18.3	12 +/- 33%	-	27	20	0	7	yes	aae-miR-11-5p	dme-miR-2a-3p	-	-	caucacagucugaguucuugcu	cgagaacuccggcugugaccug	cgagaacuccggcugugaccuguguacacuuuauccaaaucacaucacagucugaguucuugcu	3:75489864..75489928:-
1_23287	17.7	12 +/- 33%	-	27	14	0	13	yes	aae-miR-279	dme-miR-279-3p	-	-	ugacuagauccacacucauuaa	gaugggugugaaucuaguguuucac	gaugggugugaaucuaguguuucacaugauuuucgauagccugugacuagauccacacucauuaa	1:207007788..207007853:+
2_5860	17	12 +/- 33%	-	25	15	0	10	yes	aae-miR-13-5p	dme-miR-2a-3p	-	-	uaucacagccauuuugacgaguu	ucguaaaaaugguugugcugug	ucguaaaaaugguugugcuguguuguuacgcucgaaauucauaucacagccauuuugacgaguu	2:107237649..107237713:-
1_23289	13.9	12 +/- 33%	-	19	18	0	1	yes	aae-miR-996	dme-miR-279-3p	-	-	ugacuagauuacaugcucgucu	gcgugcaugaaucuggugcacg	gcgugcaugaaucuggugcacgguuuuccaguuguaauaucgcuucgugacuagauuacaugcucgucu	1:207012536..207012605:+
2_5863	12.7	12 +/- 33%	-	23	14	0	9	yes	aae-miR-71-5p	-	-	-	agaaagacauggguagugagau	ucucacuaccuugucuuuc	agaaagacauggguagugagauaguuucacccuauugcacugggaucucacuaccuugucuuuc	2:107238290..107238354:-
3_16286	11.2	12 +/- 33%	-	13	11	0	2	yes	aae-miR-998	dme-miR-285-3p	-	-	uagcaccaugagauucagcuc	acugaacucucgugggucugca	acugaacucucgugggucugcaguugauauuucgaaagcuuguagcaccaugagauucagcuc	3:75489589..75489652:-
2_8481	8.7	10 +/- 30%	-	9	7	0	2	yes	aae-miR-9c-5p	dme-miR-9a-5p	-	-	ucuuugguauucuagcuguaga	uaaagcuuuaguaccagag	ucuuugguauucuagcuguagaauguugagcuuugugauaugguaucuucuaaagcuuuaguaccagag	2:335810367..335810436:-
2_5856	5.4	12 +/- 25%	-	58	58	0	0	yes	aae-miR-2c	dme-miR-2a-3p	-	-	uaucacagccagcuuugaugagcu	cucucaaaguggcugugaaaug	cucucaaaguggcugugaaaugguuugauuuugcucauaucacagccagcuuugaugagcu	2:107235884..107235945:-
1_25081	5.3	12 +/- 25%	-	15	15	0	0	yes	aae-miR-33	dme-miR-33-5p	-	-	gugcauuguaguugcauugca	caauacuucugcaaugcaagc	gugcauuguaguugcauugcacuuuugcguucgauaacacggugcaauacuucugcaaugcaagc	1:50888881..50888946:-
3_18554	5.3	12 +/- 25%	-	31	31	0	0	yes	aae-miR-278-5p	dme-miR-278-3p	-	-	ucggugggacuuucguccguuu	acggacgauagucuucagcggcc	acggacgauagucuucagcggccgugcauuugauagaaguggucggugggacuuucguccguuu	3:243123888..243123952:-
2_2993	5.2	12 +/- 25%	-	64	64	0	0	yes	aae-miR-275-5p	dme-miR-275-3p	-	-	ucagguaccugaaguagcgcgcg	cgcgcuaagcaggaaccgagacu	cgcgcuaagcaggaaccgagacuuugucauuugcuagcagucagguaccugaaguagcgcgcg	2:307135668..307135731:+
1_29496	5.2	12 +/- 25%	-	15	15	0	0	yes	aae-miR-277-5p	dme-miR-277-3p	-	-	uaaaugcacuaucugguacgaca	gcgugucagaagugcauuuaca	gcgugucagaagugcauuuacauagguauuucccguuuagcaguauuuguaaaugcacuaucugguacgaca	1:302603812..302603884:-
2_5858	5.2	12 +/- 25%	-	118	118	0	0	yes	aae-miR-2a-5p	dme-miR-2a-3p	-	-	uaucacagccagcuuugaagagcg	cucucaaagugguugugaaaug	cucucaaagugguugugaaaugaguuacucuugaacgaucucauaucacagccagcuuugaagagcg	2:107237501..107237568:-
1_29498	5.2	12 +/- 25%	-	91	91	0	0	yes	aae-miR-317	dme-miR-317-3p	-	-	ugaacacagcuggugguaucuca	ggauacacccugugcucgcu	ggauacacccugugcucgcuuugcauucgaaacuagugaacacagcuggugguaucuca	1:302667131..302667190:-
3_16430	5.1	12 +/- 25%	-	28	28	0	0	yes	aae-miR-92b-3p	dme-miR-92a-3p	-	-	aauugcacuugucccggccugc	aggucgugacuugugcccauuug	aggucgugacuugugcccauuugcugaauuuuaauggucaaauugcacuugucccggccugc	3:93418515..93418577:-
2_5777	5.1	12 +/- 25%	-	16	16	0	0	yes	aae-miR-282-5p	dme-miR-282-5p	-	-	uagccucuccuaggcuuugucu	acauagccugacagagguuagg	uagccucuccuaggcuuugucuguuaccuuccuugggaauuccacuagccagacauagccugacagagguuagg	2:96911966..96912040:-
2_9168	5	12 +/- 25%	-	441	441	0	0	yes	aae-miR-184	dme-miR-184-3p	-	-	uggacggagaacugauaagggc	ccuuaucauucuugcgccccgu	ccuuaucauucuugcgccccguguuauauuguuggcgacuggacggagaacugauaagggc	2:417599380..417599441:-
3_16436	4.8	9 +/- 21%	-	13	13	0	0	yes	aae-miR-92a-5p	dme-miR-92a-3p	-	-	uauugcacuugucccggccua	gguacggacaggggcaacauu	gguacggacaggggcaacauugugacauuugaaagcuaauauugcacuugucccggccua	3:93477597..93477657:-
1_29515	4.6	9 +/- 21%	-	133	133	0	0	yes	aae-miR-12-5p	dme-miR-12-5p	-	-	ugaguauuacaucagguacuggu	caguacuuauguuaugcucucu	ugaguauuacaucagguacuggugucgauauucgaaucaccaacgaaucggguuccuuugauuaacuuaccaguacuuauguuaugcucucu	1:305613548..305613640:-
2_3261	4.6	9 +/- 21%	-	32	32	0	0	yes	aae-miR-14	dme-miR-14-3p	-	-	ucagucuuuuucucucuccuau	gggagcgagauuaaggcuugcu	gggagcgagauuaaggcuugcuggucauuuauuacacucgaagucagucuuuuucucucuccuau	2:344767572..344767637:+
2_2998	4	9 +/- 21%	-	181	181	0	0	yes	aae-miR-305-5p	dme-miR-305-5p	-	-	auuguacuucaucaggugcucugg	ccggcacauguuggaguacacuua	auuguacuucaucaggugcucugguuguuuucgauacccggcacauguuggaguacacuua	2:307145445..307145506:+
2_2994	3.2	18 +/- 26%	-	64	64	0	0	yes	aae-miR-275-3p	dme-miR-275-3p	-	-	ucagguaccugaaguagcgcgcg	ucaucaagcgacaacagaggcgugaaa	ucagguaccugaaguagcgcgcgugaucaaacaggaagcgucaucaagcgacaacagaggcgugaaa	2:307135708..307135775:+
1_20610	2.6	53 +/- 19%	-	153	152	1	0	yes	aae-miR-11917	-	-	-	ccaaacauccguuugagcuga	agcucaaacggguguuugguu	ccaaacauccguuugagcugaaaacuuaaucgauuggucacuagcucguggugaucaauugauuaaguuuucagcucaaacggguguuugguu	1:44395394..44395487:+
2_5444	2	53 +/- 19%	-	21254	21251	0	3	yes	aae-miR-11894a	-	-	-	uuuaccauuucaagaugaccua	ucuugaaaugguaaagagu	ucuugaaaugguaaagagugucaaccaucaucuuuaccauuucaagaugaccua	2:58783350..58783404:-
2_5446	1.9	57 +/- 12%	-	2260	2260	0	0	yes	aae-miR-11894b	-	-	-	uuuaccauuucaauaugaccua	ggucguauugaaaugguaaaga	ggucguauugaaaugguaaagagugucaaucaucaucuuuaccauuucaauaugaccua	2:58784590..58784649:-
2_8388	1.7	57 +/- 12%	-	38698	38698	0	0	yes	aae-miR-11895	-	-	-	uucaugcauucacuucugcuga	agcaggagugaaugcaugaguu	agcaggagugaaugcaugaguuugacaucugaaacuaauucaugcauucacuucugcuga	2:324949494..324949554:-
2_5862	1.5	57 +/- 12%	-	48	48	0	0	yes	aae-miR-2c	-	-	-	ucacagccagcuuugaugagc	gcaucaaauuugguuguuuua	gcaucaaauuugguuguuuuaguacgaccucuuugaaaccccuaucacagccagcuuugaugagc	2:107237996..107238061:-
2_3907	1.4	57 +/- 12%	-	5	5	0	0	yes	aae-miR-965	dme-miR-965-3p	-	-	uaagcguauagcuuuucccau	gggaaauccuguacgcuguaug	gggaaauccuguacgcuguauguuguauuugaauaauccauaagcguauagcuuuucccau	2:429778751..429778812:+
2_3481	0.6	26 +/- 14%	-	3	3	0	0	yes	aae-miR-2945-5p	dme-miR-279-3p	-	-	ugacuagaggcagacucguuua	agcggguccguuucuagugucaug	agcggguccguuucuagugucaugugcuguauucgaauaucaugacuagaggcagacucguuua	2:374947142..374947206:+
2_1998	-0.1	3 +/- 7%	-	4	4	0	0	yes	aae-miR-7	dme-miR-7-5p	-	-	uggaagacuagugauuuuguuguu	uaacaauaaaucucaagucuuucuac	uggaagacuagugauuuuguuguuuugcuuacgauaauaacaauaaaucucaagucuuucuac	2:222802544..222802607:+

#miRBase miRNAs not detected by miRDeep2
miRBase precursor id	total read count	mature read count(s)	star read count	remaining reads	UCSC browser	NCBI blastn	miRBase mature sequence(s)	miRBase star sequence(s)	miRBase precursor sequence
163	156	0	7	-	-	ugguuuaucuuaucugucgaggc	gucgacagggagauaaaucacu	-	cauugguuuaucuuaucugucgaggcaaguuauuuuaccggauaguguuucuuuucgugagcaaucaccacuauccagcucuucuugucgacagggagauaaaucacug	
61	61	0	0	-	-	ucagguacugagugacucucag	gagagcaccucgguaucuaagc	-	cauucgcaauuucaccgguucagguacugagugacucucagaugugcauuucucaagcaaucucguccucaggaccugagguugaaaaacccugagagcaccucgguaucuaagccaguguugcgaaaa	
29	29	0	0	-	-	cacguuacagauugggguuucc	uaaucucaaauuguaacagugg	-	gagguaaucucaaauuguaacaguggguugauuuuccuggugaaucccggccuuguccuccgucacaagugugacaagugucucgaaaacguguucgcuauacccacguuacagauugggguuucccc	
22	22	0	0	-	-	caaccacuauccgcccugccgcc	uggcagugugguuagcugguug	-	caaggcaauacgcuauggcagugugguuagcugguuguguagaacuuuggggggcuuccguggcguucgcgcgcacacgggggcucagauucacaaccacuauccgcccugccgccgcgaggugccagg	
22	10	0	12	-	-	gugugugaaccguuggcggc	-	agcagugugugaaccguuggcggcgcaacgccugaugguauugaugcugcu	
7	7	0	0	-	-	aagagagcuauccgucgac	ugucauggaauugcucucuuua	-	ugguuucgaauaugaaaauaaagagagcuauccgucgacaguagggauaugauucacugucauggaauugcucucuuuauguacaauucgauauuca	
5	5	0	0	-	-	caucuuaccgggcagcauuaga	uaauacugucagguaaagauguc	-	gucuguucacaucuuaccgggcagcauuagauauuuuugaaauacuucuaauacugucagguaaagaugucguccgaac	
4	4	0	0	-	-	gugugcuuugugacaaugaga	ccccuuguugcaaaccucacgc	-	gcugcgggugugugcuuugugacaaugagauucgguucgauaucauccccuuguugcaaaccucacgcuugcggu	
3	3	0	0	-	-	ugaaaucuuugauuaggucugg	-	aucgacauacggcuagagcuaauuggagaguucuugaauaguguugugaaccuucaugaaaucuuugauuaggucuggucguggug	
3	3	0	0	-	-	cacaaccuccuugagugagcga	-	cuaguuucccggcagucgaucacucacucaaccugggugugaugcuuauuugaaucaucacaaccuccuugagugagcgaccgauugaugg	
5	3	0	2	-	-	ucacuuuuuagugacuugguc	-	caagucacuuuuuagugacuuggucacuuuuuucaaucuggucacuaaaaagucacuau	
2	2	0	0	-	-	ucuuuggugauuuuagcuguaugc	-	ucacguuuauuggaucuuuggugauuuuagcuguaugcugauacguuucugauugcauauagcuuuaucaccaaaaaccuaaugaaugguga	
2	2	0	0	-	-	ugagauucuacuucuccgacuuaa	aaguggaguaguggucucaucg	-	acgauaugaaauaaguggaguaguggucucaucgcuuaguauuagaaaagugagauucuacuucuccgacuuaauucauaucua	
2	2	0	0	-	-	ugguaacuccaccaccguuggc	-	aaacguuuccggagccugguaacuccaccaccguuggcgauauuugacagccaaugggagcuggaguucccgcgugccgaacguuca	
2	2	0	0	-	-	gugagcaaauuuucaggugugu	-	accagauugucacuggccagccugaaauuugcuaaaccuguguguauuugauucaaacaaucaaggugagcaaauuuucaggugugucggagaacaaucgcaaucau	
1	1	0	0	-	-	ucauaagacacacgcggcuau	-	aacgguauugcggcuuucauagguagcuugcguuugucuuagcugguauugaaugugauagguaucauaagacacacgcggcuauuuuugagaguaucaagcaucuug	
1	1	0	0	-	-	uggcaagauguuggcauagcuga	-	cgagauuuugggagauugaaggucguguuugcagagugaaauuggcaacuuggcaagauguuggcauagcugaaaguuuugaguuuagcuauucaacuucuugucuauuuuuccaauuuauugacaacgaagaggcguuuuuccgugau	
1	1	0	0	-	-	uuccugacuuauacgcuuaccu	-	augguaaguagauaaaucagaaagacguuuuuaucguuucuuccugacuuauacgcuuaccuc	


2	0	0	2	-	-	uucaggagaucaucgagguagc	-	uggcuaucucgaugguccccugaacuacaguugcaacaaaacaaguguucaggagaucaucgagguagcca	

1	0	0	1	-	-	ucagaucuacuuaauacccau	-	acuccaauucuggguauuuuagauccuuggcauaguuacgugauugaaugcacuguucuucuuugguuuacccaguaucgaacacgcgucaaucugucagaucuacuuaauacccaua	













1	0	0	1	-	-	aauguuggacaacugcaaggu	-	auaaaauguuggacaacugcaagguacuucaagguuuuuauuucgucuuuaauacaggguaucugcagugaucgauuuucucu	
















































4	0	0	4	-	-	auuuuuuugacuguaauuuuauag	-	augguaaaauuacguugaaaaaucgucucccucaaaaaaugaaaccugagacuaacaggagauuuuuuugacuguaauuuuauagu	









