miRDeep2 score	novel miRNAs reported by miRDeep2	novel miRNAs, estimated false positives	novel miRNAs, estimated true positives	known miRNAs in species	known miRNAs in data	known miRNAs detected by miRDeep2	estimated signal-to-noise	excision gearing
10	1	0 +/- 0	1 +/- 0 (83 +/- 38%)	164	73	24 (33%)	52	2
9	1	0 +/- 1	1 +/- 0 (81 +/- 39%)	164	73	24 (33%)	46.4	2
8	1	0 +/- 1	1 +/- 0 (80 +/- 40%)	164	73	24 (33%)	44.8	2
7	1	0 +/- 1	1 +/- 0 (77 +/- 42%)	164	73	24 (33%)	40.6	2
6	1	0 +/- 1	1 +/- 0 (76 +/- 43%)	164	73	24 (33%)	36.1	2
5	1	0 +/- 1	1 +/- 0 (71 +/- 46%)	164	73	43 (59%)	62.8	2
4	1	0 +/- 1	1 +/- 0 (62 +/- 49%)	164	73	53 (73%)	60.3	2
3	2	1 +/- 1	1 +/- 1 (66 +/- 37%)	164	73	57 (78%)	45.9	2
2	2	1 +/- 1	1 +/- 1 (53 +/- 38%)	164	73	58 (79%)	33.9	2
1	6	2 +/- 1	4 +/- 1 (67 +/- 20%)	164	73	63 (86%)	20.8	2
0	9	5 +/- 2	4 +/- 2 (48 +/- 24%)	164	73	66 (90%)	9.6	2
-1	18	13 +/- 3	5 +/- 3 (26 +/- 17%)	164	73	66 (90%)	4.4	2
-2	23	31 +/- 5	0 +/- 0 (0 +/- 0%)	164	73	66 (90%)	2.1	2
-3	51	48 +/- 6	4 +/- 5 (9 +/- 9%)	164	73	66 (90%)	2	2
-4	112	88 +/- 8	24 +/- 8 (21 +/- 7%)	164	73	67 (92%)	1.8	2
-5	179	241 +/- 11	0 +/- 0 (0 +/- 0%)	164	73	67 (92%)	0.9	2
-6	219	490 +/- 16	0 +/- 0 (0 +/- 0%)	164	73	67 (92%)	0.5	2
-7	285	720 +/- 20	0 +/- 0 (0 +/- 0%)	164	73	67 (92%)	0.5	2
-8	413	919 +/- 21	0 +/- 0 (0 +/- 0%)	164	73	67 (92%)	0.5	2
-9	594	1093 +/- 25	0 +/- 0 (0 +/- 0%)	164	73	67 (92%)	0.6	2
-10	779	1232 +/- 26	0 +/- 0 (0 +/- 0%)	164	73	67 (92%)	0.7	2



novel miRNAs predicted by miRDeep2
provisional id	miRDeep2 score	estimated probability that the miRNA candidate is a true positive	rfam alert	total read count	mature read count	loop read count	star read count	significant randfold p-value	miRBase miRNA	example miRBase miRNA with the same seed	UCSC browser	NCBI blastn	consensus mature sequence	consensus star sequence	consensus precursor sequence	precursor coordinate
2_5888	48.8	83 +/- 38%	-	88	84	0	4	yes	-	dme-miR-2a-3p	-	-	uaucacagccauuuuaaugagcu	gcucaucaauugguuguggcuau	gcucaucaauugguuguggcuaugugucuugcguagcguuucgcaccguuucgaagcgugucccccaucauaucacagccauuuuaaugagcu	2:107237801..107237894:-
1_20637	3.1	66 +/- 37%	-	6	4	0	2	yes	-	-	-	-	agcuguggguccuuguccaggcgac	gguuugguauuccuggauuugcu	gguuugguauuccuggauuugcuguuggaccuuuuuuucuagcuguggguccuuguccaggcgac	1:73134619..73134684:+
1_22333	1.6	67 +/- 20%	-	239	90	130	19	yes	-	-	-	-	ggauuuggauuggauuuggauu	ggauuuggauuuggauuggauuu	ggauuuggauuuggauuggauuuggauuuggauuuggauuggauuuggauuggauuggauuuggauuuggauuugaauuggauuuggauuggauuuggauu	1:227311192..227311293:+
2_1552	1.4	67 +/- 20%	-	501	501	0	0	yes	-	-	-	-	aauuccggagccuguugagu	gcaacagaugauccgggugauugu	aauuccggagccuguugaguauagcaacagaugauccgggugauugu	2:149601882..149601929:+
1_23953	1.1	67 +/- 20%	-	3	3	0	0	yes	-	dme-miR-4982-3p	-	-	ugcuggaagcuucuccagcuuc	agcuucucgagcuucugcugga	ugcuggaagcuucuccagcuucugcuugaagcuucucgagcuucugcuggaagcuucucgagcuucugcugga	1:65363159..65363232:-
3_14031	1	67 +/- 20%	-	14	14	0	0	yes	-	-	-	-	acguuguuguuguuguuguu	ugacggggcggcguua	ugacggggcggcguuauuacguuguuguuguuguuguu	3:311565113..311565151:+
1_20193	0.4	48 +/- 24%	-	2	2	0	0	yes	-	dme-miR-4982-3p	-	-	agcuggaaggcuucuccc	gagaagcugaaaagcuuc	gagaagcugaaaagcuucauccugaguagcugaaaagcuucuucaugagaagcuggaaggcuucuccc	1:29156611..29156679:+
1_23230	0.2	48 +/- 24%	-	2	2	0	0	yes	-	dme-miR-958-3p	-	-	agagauucaacuaaaucucgu	gagauucaacugaaucucguc	gagauucaacugaaucucgucuagagauucaaccgaaucucguguagagauucaacuaaaucucgu	1:4415532..4415598:-
NIGP01000139_28446	0.1	48 +/- 24%	-	10	10	0	0	yes	-	-	-	-	aaagagcagaaguuugcuguugauc	uggacaguagcuuuugcguguuuucc	aaagagcagaaguuugcuguugaucgauuggacaguagcuuuugcguguuuucc	NIGP01000139:15519..15573:+



mature miRBase miRNAs detected by miRDeep2
tag id	miRDeep2 score	estimated probability that the miRNA is a true positive	rfam alert	total read count	mature read count	loop read count	star read count	significant randfold p-value	mature miRBase miRNA	example miRBase miRNA with the same seed	UCSC browser	NCBI blastn	consensus mature sequence	consensus star sequence	consensus precursor sequence	precursor coordinate
1_27871	1213.1	83 +/- 38%	-	2372	2371	0	1	yes	aae-miR-12-5p	dme-miR-12-5p	-	-	ugaguauuacaucagguacuggu	ccaguacuuauguuaugcucuc	ugaguauuacaucagguacuggugucgauauucgaaucaccaacgaaucggguuccuuugauuaacuuaccaguacuuauguuaugcucuc	1:305613549..305613640:-
2_3202	696.5	83 +/- 38%	-	1360	1359	0	1	yes	aae-miR-305-5p	dme-miR-305-5p	-	-	auuguacuucaucaggugcucugg	cggcacauguuggaguacacuua	auuguacuucaucaggugcucugguuguuuucgauacccggcacauguuggaguacacuua	2:307145445..307145506:+
3_19832	533.9	83 +/- 38%	-	1039	1038	0	1	yes	aae-miR-308-5p	dme-miR-2a-3p	-	-	aaucacaggaguauacugugag	cgcgguauauucuuguggcuug	cgcgguauauucuuguggcuugaugcauuugaaaaaucucaaaucacaggaguauacugugag	3:403338483..403338546:-
2_5886	72.1	83 +/- 38%	-	133	127	0	6	yes	aae-miR-13-5p	dme-miR-2a-3p	-	-	uaucacagccauuuugacgaguu	ucguaaaaaugguugugcugu	ucguaaaaaugguugugcuguguuguuacgcucgaaauucauaucacagccauuuugacgaguu	2:107237649..107237713:-
1_25149	66.8	83 +/- 38%	-	124	122	0	2	yes	aae-miR-252-5p	dme-miR-252-5p	-	-	cuaaguacuagugccgcaggag	ccugcugcccaagugcuuauc	cuaaguacuagugccgcaggagagauuugaaccccugcugcccaagugcuuauc	1:175818158..175818212:-
2_5891	65.2	83 +/- 38%	-	126	116	0	10	yes	aae-miR-71-5p	-	-	-	agaaagacauggguagugagau	ucucacuaccuugucuuucau	agaaagacauggguagugagauaguuucacccuauugcacugggaucucacuaccuugucuuucau	2:107238288..107238354:-
3_15932	62.7	83 +/- 38%	-	114	109	0	5	yes	aae-miR-11-5p	dme-miR-2a-3p	-	-	caucacagucugaguucuugcu	cgagaacuccggcugugaccug	cgagaacuccggcugugaccuguguacacuuuauccaaaucacaucacagucugaguucuugcu	3:75489864..75489928:-
2_5793	60.4	83 +/- 38%	-	110	108	0	2	yes	aae-miR-282-5p	dme-miR-282-5p	-	-	uagccucuccuaggcuuugucu	acauagccugacagagguu	uagccucuccuaggcuuugucuguuaccuuccuugggaauuccacuagccagacauagccugacagagguu	2:96911969..96912040:-
2_5791	27	83 +/- 38%	-	45	41	0	4	yes	aae-miR-281-5p	dme-miR-281-2-5p	-	-	aagagagcuauccgucgacagu	ugucauggaauugcucucuuua	aagagagcuauccgucgacaguagggauaugauucacugucauggaauugcucucuuua	2:96469361..96469420:-
2_8831	17.3	83 +/- 38%	-	26	17	0	9	yes	aae-miR-9c-5p	dme-miR-9a-5p	-	-	ucuuugguauucuagcuguaga	uaaagcuuuaguaccagagguc	ucuuugguauucuagcuguagaauguugagcuuugugauaugguaucuucuaaagcuuuaguaccagagguc	2:335810364..335810436:-
2_5602	16.5	83 +/- 38%	-	24	19	0	5	yes	aae-miR-276-5p	dme-miR-276a-3p	-	-	uaggaacuucauaccgugcucu	agcgagguauagaguuccuacg	agcgagguauagaguuccuacguugcgugugcgaaauugguaggaacuucauaccgugcucu	2:73120452..73120514:-
2_897	13.7	83 +/- 38%	-	18	16	0	2	yes	aae-miR-988-5p	dme-miR-988-3p	-	-	ccccuuguugcaaaccucacgc	gugugcuuugugacaaugagau	gugugcuuugugacaaugagauucgguucgauaucauccccuuguugcaaaccucacgc	2:93351380..93351439:+
3_15930	5.4	71 +/- 46%	-	44	44	0	0	yes	aae-miR-998	dme-miR-285-3p	-	-	uagcaccaugagauucagcuc	acugaacucucgugggucugca	acugaacucucgugggucugcaguugauauuucgaaagcuuguagcaccaugagauucagcuc	3:75489589..75489652:-
2_5882	5.4	71 +/- 46%	-	614	614	0	0	yes	aae-miR-2c	dme-miR-2a-3p	-	-	uaucacagccagcuuugaugagcu	cucucaaaguggcugugaaaug	cucucaaaguggcugugaaaugguuugauuuugcucauaucacagccagcuuugaugagcu	2:107235884..107235945:-
1_23777	5.3	71 +/- 46%	-	58	54	0	4	yes	aae-miR-33	dme-miR-33-5p	-	-	gugcauuguaguugcauugca	ugcaauacuucugcaaugcaag	gugcauuguaguugcauugcacuuuugcguucgauaacacggugcaauacuucugcaaugcaag	1:50888882..50888946:-
3_18014	5.3	71 +/- 46%	-	156	156	0	0	yes	aae-miR-278-5p	dme-miR-278-3p	-	-	ucggugggacuuucguccguuu	acggacgauagucuucagcggcc	acggacgauagucuucagcggccgugcauuugauagaaguggucggugggacuuucguccguuu	3:243123888..243123952:-
2_3197	5.2	71 +/- 46%	-	336	336	0	0	yes	aae-miR-275-5p	dme-miR-275-3p	-	-	ucagguaccugaaguagcgcgcg	cgcgcuaagcaggaaccgagacu	cgcgcuaagcaggaaccgagacuuugucauuugcuagcagucagguaccugaaguagcgcgcg	2:307135668..307135731:+
1_27834	5.2	71 +/- 46%	-	50	50	0	0	yes	aae-miR-277-5p	dme-miR-277-3p	-	-	uaaaugcacuaucugguacgaca	gcgugucagaagugcauuuaca	gcgugucagaagugcauuuacauagguauuucccguuuagcaguauuuguaaaugcacuaucugguacgaca	1:302603812..302603884:-
2_5884	5.2	71 +/- 46%	-	1861	1861	0	0	yes	aae-miR-2a-5p	dme-miR-2a-3p	-	-	uaucacagccagcuuugaagagcg	cucucaaagugguugugaaaug	cucucaaagugguugugaaaugaguuacucuugaacgaucucauaucacagccagcuuugaagagcg	2:107237501..107237568:-
2_3751	5.1	71 +/- 46%	-	15	15	0	0	yes	aae-miR-2945-5p	dme-miR-279-3p	-	-	ugacuagaggcagacucguuua	agcggguccguuucuagugucaug	agcggguccguuucuagugucaugugcuguauucgaauaucaugacuagaggcagacucguuua	2:374947142..374947206:+
3_16076	5.1	71 +/- 46%	-	187	187	0	0	yes	aae-miR-92b-3p	dme-miR-92a-3p	-	-	aauugcacuugucccggccugc	aggucgugacuugugcccauuug	aggucgugacuugugcccauuugcugaauuuuaauggucaaauugcacuugucccggccugc	3:93418515..93418577:-
1_27838	5.1	71 +/- 46%	-	568	568	0	0	yes	aae-miR-317	dme-miR-317-3p	-	-	ugaacacagcuggugguaucuc	gauacacccugugcucgcu	gauacacccugugcucgcuuugcauucgaaacuagugaacacagcuggugguaucuc	1:302667132..302667189:-
1_27885	5.1	71 +/- 46%	-	10544	10544	0	0	yes	aae-miR-283	dme-miR-283-5p	-	-	caauaucagcugguaauucuggg	cggaauuccaacugauauccac	caauaucagcugguaauucugggcuuaccccaccguuauacgcuucccggaauuccaacugauauccac	1:305625600..305625669:-
2_5890	5.1	71 +/- 46%	-	342	342	0	0	yes	aae-miR-2c	dme-miR-2a-3p	-	-	uaucacagccagcuuugauga	aucaaauuugguuguuuuagu	aucaaauuugguuguuuuaguacgaccucuuugaaaccccuaucacagccagcuuugauga	2:107237998..107238059:-
1_22105	5	71 +/- 46%	-	122	122	0	0	yes	aae-miR-996	dme-miR-279-3p	-	-	ugacuagauuacaugcucgucu	gcgugcaugaaucuggugcacg	gcgugcaugaaucuggugcacgguuuuccaguuguaauaucgcuucgugacuagauuacaugcucgucu	1:207012536..207012605:+
2_9612	5	71 +/- 46%	-	3011	3011	0	0	yes	aae-miR-184	dme-miR-184-3p	-	-	uggacggagaacugauaagggc	ccuuaucauucuugcgccccgu	ccuuaucauucuugcgccccguguuauauuguuggcgacuggacggagaacugauaagggc	2:417599380..417599441:-
2_8825	4.9	62 +/- 49%	-	41	41	0	0	yes	aae-miR-9b	dme-miR-9a-5p	-	-	ucuuuggugauuuuagcuguaug	uauagcuuuaucaccaaaaacc	ucuuuggugauuuuagcuguaugcugauacguuucugauugcauauagcuuuaucaccaaaaacc	2:335780574..335780639:-
1_21477	4.9	62 +/- 49%	-	13	13	0	0	yes	aae-miR-970	dme-miR-970-3p	-	-	ucauaagacacacgcggcuau	agcuugcguuugucuuagcuggua	agcuugcguuugucuuagcugguauugaaugugauagguaucauaagacacacgcggcuau	1:157238423..157238484:+
2_4201	4.9	62 +/- 49%	-	45	45	0	0	yes	aae-miR-965	dme-miR-965-3p	-	-	uaagcguauagcuuuucccau	gggaaauccuguacgcuguaug	gggaaauccuguacgcuguauguuguauuugaauaauccauaagcguauagcuuuucccau	2:429778751..429778812:+
3_16094	4.8	62 +/- 49%	-	14	14	0	0	yes	aae-miR-92a-5p	dme-miR-92a-3p	-	-	uauugcacuugucccggccuau	cgguacggacaggggcaacauu	cgguacggacaggggcaacauugugacauuugaaagcuaauauugcacuugucccggccuau	3:93477596..93477658:-
2_5343	4.8	62 +/- 49%	-	177	177	0	0	yes	aae-miR-190	dme-miR-190-5p	-	-	agauauguuugauauucuugguug	cccaggaaucaaacauauuauua	agauauguuugauauucuugguuguuaaauuuuauauuaucacccaggaaucaaacauauuauua	2:48811877..48811942:-
1_22103	4.7	62 +/- 49%	-	76	76	0	0	yes	aae-miR-279	dme-miR-279-3p	-	-	ugacuagauccacacucauuaa	gaugggugugaaucuaguguuucaca	gaugggugugaaucuaguguuucacaugauuuucgauagccugugacuagauccacacucauuaa	1:207007788..207007853:+
2_3513	4.6	62 +/- 49%	-	35	35	0	0	yes	aae-miR-14	dme-miR-14-3p	-	-	ucagucuuuuucucucuccuau	gggagcgagauuaaggcuugcu	gggagcgagauuaaggcuugcuggucauuuauuacacucgaagucagucuuuuucucucuccuau	2:344767572..344767637:+
3_14359	4.2	62 +/- 49%	-	21	21	0	0	yes	aae-miR-8-5p	dme-miR-8-3p	-	-	uaauacugucagguaaagauguc	caucuuaccgggcagcauuaga	caucuuaccgggcagcauuagauauuuuugaaauacuucuaauacugucagguaaagauguc	3:328527955..328528017:+
2_2258	3.7	66 +/- 37%	-	84	84	0	0	yes	aae-miR-7	dme-miR-7-5p	-	-	uggaagacuagugauuuuguuguu	uaacaauaaaucucaagucuuucuac	uggaagacuagugauuuuguuguuuugcuuacgauaauaacaauaaaucucaagucuuucuac	2:222802544..222802607:+
3_12477	3.5	66 +/- 37%	-	335	335	0	0	yes	aae-bantam-5p	dme-bantam-3p	-	-	ugagaucauuuugaaagcugauu	ccgguuuucauuuucgaucugacu	ccgguuuucauuuucgaucugacuuauuugauuuaacaagagugagaucauuuugaaagcugauu	3:178082830..178082895:+
3_13281	3.4	66 +/- 37%	-	8	8	0	0	yes	aae-miR-307	dme-miR-307a-3p	-	-	ucacaaccuccuugagugagcga	acucacucaaccugggugugaug	acucacucaaccugggugugaugcuuauuugaaucaucacaaccuccuugagugagcga	3:244794376..244794435:+
2_5462	2.1	53 +/- 38%	-	521	521	0	0	yes	aae-miR-11894a	-	-	-	uuuaccauuucaagaugaccua	ggucgucuugaaaugguaaaga	ggucgucuugaaaugguaaagagugucaaucaucaucuuuaccauuucaagaugaccua	2:58785158..58785217:-
2_5464	2	53 +/- 38%	-	521	521	0	0	yes	aae-miR-11894a	-	-	-	uuuaccauuucaagaugaccua	ggucgucuugaaaugguaaaga	ggucgucuugaaaugguaaagagugucaaucaucaucuuuaccauuucaagaugaccua	2:58785850..58785909:-
2_5466	2	53 +/- 38%	-	521	521	0	0	yes	aae-miR-11894a	-	-	-	uuuaccauuucaagaugaccua	ggucgucuugaaaugguaaaga	ggucgucuugaaaugguaaagagugucaaucaucaucuuuaccauuucaagaugaccua	2:58787426..58787485:-
2_5458	2	53 +/- 38%	-	521	521	0	0	yes	aae-miR-11894a	-	-	-	uuuaccauuucaagaugaccua	gguugucuugaaaugguaaaga	gguugucuugaaaugguaaagagugucaaccaucaucuuuaccauuucaagaugaccua	2:58783350..58783409:-
2_5460	1.9	67 +/- 20%	-	86	86	0	0	yes	aae-miR-11894b	-	-	-	uuuaccauuucaauaugaccua	ggucguauugaaaugguaaaga	ggucguauugaaaugguaaagagugucaaucaucaucuuuaccauuucaauaugaccua	2:58784590..58784649:-
2_5468	1.9	67 +/- 20%	-	521	521	0	0	yes	aae-miR-11894a	-	-	-	uuuaccauuucaagaugaccua	ggucgucuugaaaugguaaaga	ggucgucuugaaaugguaaagagugucaaucaucaucuuuaccauuucaagaugaccua	2:58787948..58788007:-
1_24106	1.9	67 +/- 20%	-	6	6	0	0	yes	aae-miR-87	dme-miR-87-3p	-	-	gugagcaaauuuucaggugugu	cagccugaaauuugcuaaaccu	cagccugaaauuugcuaaaccuguguguauuugauucaaacaaucaaggugagcaaauuuucaggugugu	1:80682401..80682471:-
2_8708	1.7	67 +/- 20%	-	306	306	0	0	yes	aae-miR-11895	-	-	-	uucaugcauucacuucugcuga	agcaggagugaaugcaugaguu	agcaggagugaaugcaugaguuugacaucugaaacuaauucaugcauucacuucugcuga	2:324949494..324949554:-
2_9586	1.4	67 +/- 20%	-	21	21	0	0	yes	aae-miR-1890	-	-	-	ugaaaucuuugauuaggucugg	agagcuaauuggagaguucuug	agagcuaauuggagaguucuugaauaguguugugaaccuucaugaaaucuuugauuaggucugg	2:413654961..413655025:-
3_16211	1.4	67 +/- 20%	-	18	18	0	0	yes	aae-miR-2765	-	-	-	ugguaacuccaccaccguuggc	caaugggagcuggaguucccgcg	ugguaacuccaccaccguuggcgauauuugacagccaaugggagcuggaguucccgcg	3:101895454..101895512:-
2_898	1	67 +/- 20%	-	16	16	0	0	no	aae-miR-988-3p	dme-miR-988-3p	-	-	ccccuuguugcaaaccucacgc	ggcagguaggggcaaugggggc	ccccuuguugcaaaccucacgcuugcgguagguuccacaacugcugagagguggcagguaggggcaaugggggc	2:93351417..93351491:+
1_27924	0.3	48 +/- 24%	-	3	2	0	1	yes	aae-miR-1175-5p	dme-miR-958-3p	-	-	ugagauucuacuucuccgacuu	aaguggaguaguggucucaucgcu	aaguggaguaguggucucaucgcuuaguauuagaaaagugagauucuacuucuccgacuu	1:307010046..307010106:-
3_18917	0.1	48 +/- 24%	-	2	2	0	0	yes	aae-miR-10365	dme-miR-927-5p	-	-	auuagaauguggaaucuguuuuu	aaaaguuuucauauucuugcgg	auuagaauguggaaucuguuuuuguacaucaaguguuacgaaacgaagcaaaaaaguuuucauauucuugcgg	3:320775621..320775694:-
2_3198	-1	26 +/- 17%	-	336	336	0	0	no	aae-miR-275-3p	dme-miR-275-3p	-	-	ucagguaccugaaguagcgcgcg	ucaucaagcgacaacagaggcgugaaa	ucagguaccugaaguagcgcgcgugaucaaacaggaagcgucaucaagcgacaacagaggcgugaaa	2:307135708..307135775:+
2_5792	-2.3	9 +/- 9%	-	41	41	0	0	no	aae-miR-281-5p	dme-miR-281-2-5p	-	-	aagagagcuauccgucgacagu	cguugacgugggauuuuuuug	cguugacgugggauuuuuuuguucauuuuguucuuucgcugguuucgaauaugaaaauaaagagagcuauccgucgacagu	2:96469398..96469479:-
2_5520	-3.5	21 +/- 7%	-	2	2	0	0	yes	aae-miR-11918	-	-	-	caugaacgacgacgugacgc	gucccgucgucgccuucaugug	gucccgucgucgccuucaugugcgguggucacaugccacacaugaacgacgacgugacgc	2:64328104..64328164:-

#miRBase miRNAs not detected by miRDeep2
miRBase precursor id	total read count	mature read count(s)	star read count	remaining reads	UCSC browser	NCBI blastn	miRBase mature sequence(s)	miRBase star sequence(s)	miRBase precursor sequence
571	571	0	0	-	-	ucagguacugagugacucucag	gagagcaccucgguaucuaagc	-	cauucgcaauuucaccgguucagguacugagugacucucagaugugcauuucucaagcaaucucguccucaggaccugagguugaaaaacccugagagcaccucgguaucuaagccaguguugcgaaaa	
566	566	0	0	-	-	cacguuacagauugggguuucc	uaaucucaaauuguaacagugg	-	gagguaaucucaaauuguaacaguggguugauuuuccuggugaaucccggccuuguccuccgucacaagugugacaagugucucgaaaacguguucgcuauacccacguuacagauugggguuucccc	
387	387	0	0	-	-	ugguuuaucuuaucugucgaggc	gucgacagggagauaaaucacu	-	cauugguuuaucuuaucugucgaggcaaguuauuuuaccggauaguguuucuuuucgugagcaaucaccacuauccagcucuucuugucgacagggagauaaaucacug	
179	179	0	0	-	-	caaccacuauccgcccugccgcc	uggcagugugguuagcugguug	-	caaggcaauacgcuauggcagugugguuagcugguuguguagaacuuuggggggcuuccguggcguucgcgcgcacacgggggcucagauucacaaccacuauccgcccugccgccgcgaggugccagg	
1	1	0	0	-	-	gcuuuggcgcuuuagcuguauga	uaaagcuagauuaccaaagcau	-	gaacccaucguccaugcuuuggcgcuuuagcuguaugauagaauuuaauauuucauaaagcuagauuaccaaagcauggaaggcuugggcgguguc	
1	1	0	0	-	-	uuccugacuuauacgcuuaccu	-	augguaaguagauaaaucagaaagacguuuuuaucguuucuuccugacuuauacgcuuaccuc	
1	1	0	0	-	-	caucacagaauuguuuuuacug	-	aaacaucacagaauuguuuuuacugauaaggaacuauguguaaaaauaauucuguaaaguuu	
4	1	0	3	-	-	cugaaaacuuaaucgauugguc	-	uaaccugaaaacuuaaucgauuggucacuagcugcgcggugaccaaucgauuaaguuuucagcuua	
1	1	0	0	-	-	uaguacggcuagaacuccacgg	-	caagaauggcgauuguucgugaagcucagcugcauuacacgauauggaauacgguuuguaguacggcuagaacuccacggacaauuacauuugua	






































2	0	0	2	-	-	ucacuuuuuagugacuugguc	-	caagucacuuuuuagugacuuggucacuuuuuucaaucuggucacuaaaaagucacuau	












2	0	0	2	-	-	gugugugaaccguuggcggc	-	agcagugugugaaccguuggcggcgcaacgccugaugguauugaugcugcu	





















