miRDeep2 score	novel miRNAs reported by miRDeep2	novel miRNAs, estimated false positives	novel miRNAs, estimated true positives	known miRNAs in species	known miRNAs in data	known miRNAs detected by miRDeep2	estimated signal-to-noise	excision gearing
10	0	0 +/- 0	0 +/- 0 (0 +/- 0%)	164	73	4 (5%)	7.3	1
9	0	0 +/- 0	0 +/- 0 (0 +/- 0%)	164	73	4 (5%)	6.7	1
8	0	0 +/- 0	0 +/- 0 (0 +/- 0%)	164	73	4 (5%)	6.7	1
7	0	0 +/- 0	0 +/- 0 (0 +/- 0%)	164	73	4 (5%)	6.3	1
6	0	0 +/- 0	0 +/- 0 (0 +/- 0%)	164	73	4 (5%)	5.9	1
5	0	0 +/- 0	0 +/- 0 (0 +/- 0%)	164	73	25 (34%)	30.9	1
4	1	1 +/- 1	1 +/- 1 (55 +/- 50%)	164	73	48 (66%)	48.5	1
3	2	7 +/- 2	0 +/- 0 (0 +/- 0%)	164	73	51 (70%)	4.8	1
2	3	11 +/- 3	0 +/- 0 (0 +/- 0%)	164	73	52 (71%)	3.4	1
1	7	13 +/- 3	0 +/- 0 (0 +/- 3%)	164	73	65 (89%)	3.7	1
0	15	30 +/- 4	0 +/- 0 (0 +/- 0%)	164	73	68 (93%)	2.1	1
-1	21	61 +/- 5	0 +/- 0 (0 +/- 0%)	164	73	68 (93%)	1.1	1
-2	27	102 +/- 7	0 +/- 0 (0 +/- 0%)	164	73	68 (93%)	0.7	1
-3	37	131 +/- 8	0 +/- 0 (0 +/- 0%)	164	73	68 (93%)	0.7	1
-4	66	163 +/- 8	0 +/- 0 (0 +/- 0%)	164	73	68 (93%)	0.7	1
-5	91	187 +/- 9	0 +/- 0 (0 +/- 0%)	164	73	68 (93%)	0.7	1
-6	117	209 +/- 10	0 +/- 0 (0 +/- 0%)	164	73	68 (93%)	0.8	1
-7	143	225 +/- 11	0 +/- 0 (0 +/- 0%)	164	73	68 (93%)	0.8	1
-8	164	243 +/- 11	0 +/- 0 (0 +/- 0%)	164	73	68 (93%)	0.9	1
-9	182	258 +/- 11	0 +/- 0 (0 +/- 0%)	164	73	68 (93%)	0.9	1
-10	197	274 +/- 11	0 +/- 0 (0 +/- 0%)	164	73	68 (93%)	0.9	1



novel miRNAs predicted by miRDeep2
provisional id	miRDeep2 score	estimated probability that the miRNA candidate is a true positive	rfam alert	total read count	mature read count	loop read count	star read count	significant randfold p-value	miRBase miRNA	example miRBase miRNA with the same seed	UCSC browser	NCBI blastn	consensus mature sequence	consensus star sequence	consensus precursor sequence	precursor coordinate
2_960	4.2	55 +/- 50%	-	14	14	0	0	yes	-	dme-miR-4915-5p	-	-	uugagaaauugaaauaug	augucagauuugucgaaa	uugagaaauugaaauaugaguaugacacauuauugucaugucagauuugucgaaa	2:372857680..372857735:+
2_959	3.8	0 +/- 0%	-	14	14	0	0	yes	-	dme-miR-4915-5p	-	-	uugagaaauugaaauaug	aguuucaaggcugaagg	aguuucaaggcugaaggcacuuggugauaacuuaccgacugugcuuugagaaauugaaauaug	2:372857635..372857698:+
2_1121	2.9	0 +/- 0%	-	20	20	0	0	yes	-	-	-	-	gacacugaagaagucugu	agacaucuucagugucga	agacaucuucagugucgagugcucgacaagucgacaagucgagcacucgacacugaagaagucugu	2:449800859..449800925:+
2_2039	1.7	0 +/- 3%	-	25	25	0	0	yes	-	-	-	-	aaacgcaugugagucccauguu	caugggacaauaaugcauuuau	aaacgcaugugagucccauguuugcugaauauucuauucacaugggacaauaaugcauuuau	2:302072438..302072500:-
3_3640	1.5	0 +/- 3%	-	15	15	0	0	yes	-	-	-	-	uaggccggcggaaacuacuugc	aagggguuucuuucggccucca	aagggguuucuuucggccuccagcggcauuagauaguuguaggccggcggaaacuacuugc	3:6069685..6069746:-
2_1573	1.5	0 +/- 3%	-	21	21	0	0	yes	-	-	-	-	uuaguggcagaagaagugaaaacc	ggaggacuuguuuugcgcgcggaugau	uuaguggcagaagaagugaaaaccgaugcggcgcgcgcgcguauuggaggacuuguuuugcgcgcggaugau	2:147966035..147966107:-
1_5131	1.1	0 +/- 3%	-	12	12	0	0	yes	-	-	-	-	gugaugaagaauguggggagaugua	cauuauccggcuuguuucgcauggcua	cauuauccggcuuguuucgcauggcuacucuggacaaguugcggaagauguggugcaguguagugaugaagaauguggggagaugua	1:215748791..215748878:+
3_3453	0.8	0 +/- 0%	-	19	19	0	0	yes	-	-	-	-	aaaucgcauuccaaaguuuc	cgcuauggauguugucuac	cgcuauggauguugucuacgcucugaagcgucagggacgcacccuguacgguuucggagguuaaaucgcauuccaaaguuuc	3:342028973..342029055:+
2_1804	0.8	0 +/- 0%	-	32	32	0	0	yes	-	-	-	-	ucaguccggaaacuagcacaaa	cgugcuguacguuccggagcuggac	cgugcuguacguuccggagcuggacaguggauugcuuucaguccggaaacuagcacaaa	2:229332636..229332695:-
2_802	0.6	0 +/- 0%	-	10	10	0	0	yes	-	-	-	-	aaaacgcaugucaguccc	gacaauuaugcguuuauu	aaaacgcaugucagucccauguuugcuggauuuccuguucacaugggacaauuaugcguuuauu	2:307123981..307124045:+
3_3810	0.5	0 +/- 0%	-	45	45	0	0	yes	-	-	-	-	ugagaaucuuuugaaaguuacucuu	gaaaaccuuuugagauuuuuucgga	gaaaaccuuuugagauuuuuucggaauuuuucugagaaucuuuugaaaguuacucuu	3:92661453..92661510:-
2_1086	0.3	0 +/- 0%	-	14	14	0	0	yes	-	-	-	-	gugagggaaaaucgcaaucggcaac	ugccaaugagauuucgauuaccucaauc	gugagggaaaaucgcaaucggcaacauuaaaauuacuuuuugaacaugccaaugagauuucgauuaccucaauc	2:432763255..432763329:+
3_2949	0.1	0 +/- 0%	-	19	19	0	0	yes	-	-	-	-	uaaagugaaacuggagauggc	caucaacguuucaaacugcu	caucaacguuucaaacugcuacugagcgagaggauaaaaucaagcagaaucuuaaagugaaacuggagauggc	3:162893386..162893459:+
3_4469	0	0 +/- 0%	-	13	13	0	0	yes	-	-	-	-	uaagguaaguggcuauagauagac	guaucuuuuuuccgaccuuaucuuaau	uaagguaaguggcuauagauagacauguaucuuuuuuccgaccuuaucuuaau	3:349962709..349962762:-
2_220	0	0 +/- 0%	-	21	21	0	0	yes	-	-	-	-	gccaaaguagaaggugcagcau	auaucaccuucccaauacuuuggcac	gccaaaguagaaggugcagcauaaaaauacccguccuugaaacauaucaccuucccaauacuuuggcac	2:84864223..84864292:+



mature miRBase miRNAs detected by miRDeep2
tag id	miRDeep2 score	estimated probability that the miRNA is a true positive	rfam alert	total read count	mature read count	loop read count	star read count	significant randfold p-value	mature miRBase miRNA	example miRBase miRNA with the same seed	UCSC browser	NCBI blastn	consensus mature sequence	consensus star sequence	consensus precursor sequence	precursor coordinate
2_1427	1068.6	0 +/- 0%	-	2088	2060	0	28	yes	aae-miR-281-5p	dme-miR-281-2-5p	-	-	aagagagcuauccgucgacagu	cugucauggaauugcucucuuua	aagagagcuauccgucgacaguagggauaugauucacugucauggaauugcucucuuua	2:96469361..96469420:-
2_1393	110.4	0 +/- 0%	-	208	178	0	30	yes	aae-miR-276-5p	dme-miR-276a-3p	-	-	uaggaacuucauaccgugcucu	agcgagguauagaguuccua	agcgagguauagaguuccuacguugcgugugcgaaauugguaggaacuucauaccgugcucu	2:73120452..73120514:-
2_1398	110.4	0 +/- 0%	-	208	178	0	30	yes	aae-miR-276-3p	dme-miR-276a-3p	-	-	uaggaacuucauaccgugcucu	agcgagguauagaguuccua	agcgagguauagaguuccuaugcguucggauaaaauauuccauaggaacuucauaccgugcucu	2:73509399..73509463:-
3_3786	5.4	0 +/- 0%	-	87	87	0	0	yes	aae-miR-998	dme-miR-285-3p	-	-	uagcaccaugagauucagcuc	acugaacucucgugggucugca	acugaacucucgugggucugcaguugauauuucgaaagcuuguagcaccaugagauucagcuc	3:75489589..75489652:-
1_5022	5.4	0 +/- 0%	-	187	187	0	0	yes	aae-miR-929	dme-miR-929-5p	-	-	aaauugacucuaguagggaguc	cucccuaacggagucagauuga	aaauugacucuaguagggaguccuuguguacgagugacucccuaacggagucagauuga	1:198495526..198495585:+
3_3575	5.3	0 +/- 0%	-	32	32	0	0	yes	aae-miR-957	dme-miR-957-3p	-	-	ugaaaccguccaaaacugaggc	guuaguuuugggcggguuuuagu	guuaguuuugggcggguuuuaguguauuucgauuagaguaucaauugaaaccguccaaaacugaggc	3:398466624..398466691:+
3_3628	5.2	0 +/- 0%	-	275	275	0	0	yes	aae-miR-980-5p	dme-miR-980-3p	-	-	uagcugccuagugaagggcaau	ggccguucauugggucaucuagc	ggccguucauugggucaucuagcucguguuggaaacaguuagcugccuagugaagggcaau	3:1054523..1054584:-
1_6878	5.2	0 +/- 0%	-	41439	41439	0	0	yes	aae-miR-277-5p	dme-miR-277-3p	-	-	uaaaugcacuaucugguacgaca	gcgugucagaagugcauuuaca	gcgugucagaagugcauuuacauagguauuucccguuuagcaguauuuguaaaugcacuaucugguacgaca	1:302603812..302603884:-
2_1450	5.2	0 +/- 0%	-	435	435	0	0	yes	aae-miR-2a-5p	dme-miR-2a-3p	-	-	uaucacagccagcuuugaag	ucaaagugguugugaaaug	ucaaagugguugugaaaugaguuacucuugaacgaucucauaucacagccagcuuugaag	2:107237505..107237565:-
1_6880	5.2	0 +/- 0%	-	1427	1427	0	0	yes	aae-miR-317	dme-miR-317-3p	-	-	ugaacacagcuggugguaucuca	ggauacacccugugcucgcu	ggauacacccugugcucgcuuugcauucgaaacuagugaacacagcuggugguaucuca	1:302667131..302667190:-
2_803	5.2	0 +/- 0%	-	25	25	0	0	yes	aae-miR-275-5p	dme-miR-275-3p	-	-	ucagguaccugaaguagcgcgcg	cgcgcuaagcaggaaccgagacu	cgcgcuaagcaggaaccgagacuuugucauuugcuagcagucagguaccugaaguagcgcgcg	2:307135668..307135731:+
2_970	5.1	0 +/- 0%	-	126	126	0	0	yes	aae-miR-100	dme-miR-100-5p	-	-	aacccguagauccgaacuugug	caagaacggauguaugggauuc	aacccguagauccgaacuugugcugccguuucacauguuacaagaacggauguaugggauuc	2:375117351..375117413:+
NIGP01001634_7109	5.1	0 +/- 0%	-	54	54	0	0	yes	aae-miR-10365	dme-miR-927-5p	-	-	auuagaauguggaaucuguuu	aaguuuucauauucuugcgg	auuagaauguggaaucuguuuuuguacaucaaguguuacgaaacgaagcaaaaaaguuuucauauucuugcgg	NIGP01001634:30709..30782:-
2_2340	5	0 +/- 0%	-	2996	2996	0	0	yes	aae-miR-184	dme-miR-184-3p	-	-	uggacggagaacugauaaggg	cuuaucauucuugcgccccgu	cuuaucauucuugcgccccguguuauauuguuggcgacuggacggagaacugauaaggg	2:417599381..417599440:-
2_2184	5	0 +/- 0%	-	62	62	0	0	yes	aae-miR-79-5p	dme-miR-9a-3p	-	-	uaaagcuagauuaccaaagcau	gcuuuggcgcuuuagcuguaug	gcuuuggcgcuuuagcuguaugauagaauuuaauauuucauaaagcuagauuaccaaagcau	2:335780884..335780946:-
2_1452	5	0 +/- 0%	-	254	254	0	0	yes	aae-miR-13-5p	dme-miR-2a-3p	-	-	uaucacagccauuuugacgagu	ucguaaaaaugguugugcugug	ucguaaaaaugguugugcuguguuguuacgcucgaaauucauaucacagccauuuugacgagu	2:107237650..107237713:-
3_4550	5	0 +/- 0%	-	4047	4047	0	0	yes	aae-miR-308-5p	dme-miR-2a-3p	-	-	aaucacaggaguauacugugag	cgcgguauauucuuguggcuug	cgcgguauauucuuguggcuugaugcauuugaaaaaucucaaaucacaggaguauacugugag	3:403338483..403338546:-
NIGP01000533_7106	4.9	55 +/- 50%	-	152	152	0	0	yes	aae-miR-970	dme-miR-970-3p	-	-	ucauaagacacacgcggcuau	agcuugcguuugucuuagcuggua	agcuugcguuugucuuagcugguauugaaugugauagguaucauaagacacacgcggcuau	NIGP01000533:10107..10168:-
2_2185	4.8	55 +/- 50%	-	13	13	0	0	yes	aae-miR-9c-5p	dme-miR-9a-5p	-	-	ucuuugguauucuagcugua	aagcuuuaguaccagagguc	ucuuugguauucuagcuguagaauguugagcuuugugauaugguaucuucuaaagcuuuaguaccagagguc	2:335810364..335810436:-
2_6	4.8	55 +/- 50%	-	36	36	0	0	yes	aae-miR-219	dme-miR-219-5p	-	-	ugauuguccaaacgcaauucuug	agaguugugacuggacauccgug	ugauuguccaaacgcaauucuuguuuuauucgaauaugauauccaagaguugugacuggacauccgug	2:3715261..3715329:+
1_6914	4.7	55 +/- 50%	-	604	604	0	0	yes	aae-miR-1175-5p	dme-miR-958-3p	-	-	ugagauucuacuucuccgacuua	aguggaguaguggucucaucgcu	aguggaguaguggucucaucgcuuaguauuagaaaagugagauucuacuucuccgacuua	1:307010045..307010105:-
2_592	4.7	55 +/- 50%	-	127	127	0	0	yes	aae-miR-932-5p	dme-miR-932-5p	-	-	ucaauuccguagugcauugcagu	ugcaagcaauguggaagugaag	ucaauuccguagugcauugcagugugcuuuagacgaacugcaagcaauguggaagugaag	2:231381156..231381216:+
1_5115	4.7	55 +/- 50%	-	30	30	0	0	yes	aae-miR-279	dme-miR-279-3p	-	-	ugacuagauccacacucauuaa	gaugggugugaaucuaguguuucaca	gaugggugugaaucuaguguuucacaugauuuucgauagccugugacuagauccacacucauuaa	1:207007788..207007853:+
2_2312	4.6	55 +/- 50%	-	38118	38118	0	0	yes	aae-miR-1	dme-miR-1-3p	-	-	uggaauguaaagaaguauggag	ccaugcuuccuugcauucaaua	ccaugcuuccuugcauucaauagugauucugaaagcauauggaauguaaagaaguauggag	2:399501023..399501084:-
1_6895	4.6	55 +/- 50%	-	701	701	0	0	yes	aae-miR-12-5p	dme-miR-12-5p	-	-	ugaguauuacaucagguacuggu	caguacuuauguuaugcucucu	ugaguauuacaucagguacuggugucgauauucgaaucaccaacgaaucggguuccuuugauuaacuuaccaguacuuauguuaugcucucu	1:305613548..305613640:-
2_2197	4.5	55 +/- 50%	-	172	172	0	0	yes	aae-miR-263a-5p	dme-miR-263a-5p	-	-	aauggcacuggaagaauucac	guucuggcaguggcauccc	aauggcacuggaagaauucacggguauauuuugaaauccccguguucuggcaguggcauccc	2:348784448..348784510:-
1_6929	4.5	55 +/- 50%	-	60	60	0	0	yes	aae-miR-iab-4-5p	dme-miR-iab-4-5p	-	-	acguauacugaauguauccuga	gguauaccuucaguauacguaa	acguauacugaauguauccugagugcuaucuauccgguauaccuucaguauacguaa	1:308965424..308965481:-
2_1593	4.5	55 +/- 50%	-	53	53	0	0	yes	aae-miR-263b-5p	dme-miR-263b-5p	-	-	cuuggcacugggagaauucacag	guggaucuuuucgugccaucgu	cuuggcacugggagaauucacaggcgcuauuugcuaucauucuguggaucuuuucgugccaucgu	2:153371131..153371196:-
3_3415	4.4	55 +/- 50%	-	13035	13035	0	0	yes	aae-miR-8-3p	dme-miR-8-3p	-	-	uaauacugucagguaaagauguc	caucuuaccgggcagcauuaga	caucuuaccgggcagcauuagauauuuuugaaauacuucuaauacugucagguaaagauguc	3:328527955..328528017:+
2_974	4.4	55 +/- 50%	-	53	53	0	0	yes	aae-miR-125-5p	dme-miR-125-5p	-	-	ucccugagacccuaacuuguga	acaaguuuugaucuccgguauu	ucccugagacccuaacuugugacuauaguugaaguuucacaaguuuugaucuccgguauu	2:375131781..375131841:+
2_806	4	55 +/- 50%	-	171	171	0	0	yes	aae-miR-305-5p	dme-miR-305-5p	-	-	auuguacuucaucaggugcucug	cggcacauguuggaguacacuua	auuguacuucaucaggugcucugguuguuuucgauacccggcacauguuggaguacacuua	2:307145445..307145506:+
3_2848	3.8	0 +/- 0%	-	109	109	0	0	yes	aae-miR-31	dme-miR-31b-5p	-	-	uggcaagauguuggcauagcuga	agcuauucaacuucuugucuau	uggcaagauguuggcauagcugaaaguuuugaguuuagcuauucaacuucuugucuau	3:136174150..136174208:+
3_2983	3.5	0 +/- 0%	-	2369	2369	0	0	yes	aae-bantam-5p	dme-bantam-3p	-	-	ugagaucauuuugaaagcugauu	ccgguuuucauuuucgaucugacu	ccgguuuucauuuucgaucugacuuauuugauuuaacaagagugagaucauuuugaaagcugauu	3:178082830..178082895:+
2_1346	2	0 +/- 0%	-	52	52	0	0	yes	aae-miR-11894a	-	-	-	uuuaccauuucaagaugaccua	gguugucuugaaaugguaaaga	gguugucuugaaaugguaaagagugucaaccaucaucuuuaccauuucaagaugaccua	2:58783350..58783409:-
2_1448	1.8	0 +/- 3%	-	201	201	0	0	yes	aae-miR-2c	-	-	-	aucacagccagcuuugauga	cucaaaguggcugugaaau	cucaaaguggcugugaaaugguuugauuuugcucauaucacagccagcuuugauga	2:107235887..107235943:-
2_1457	1.7	0 +/- 3%	-	615	615	0	0	yes	aae-miR-71-5p	-	-	-	agaaagacauggguagugaga	ucacuaccuugucuuucaug	agaaagacauggguagugagauaguuucacccuauugcacugggaucucacuaccuugucuuucaug	2:107238287..107238354:-
1_6899	1.5	0 +/- 3%	-	788	788	0	0	yes	aae-miR-283	-	-	-	aauaucagcugguaauucugg	ggaauuccaacugauaucca	aauaucagcugguaauucugggcuuaccccaccguuauacgcuucccggaauuccaacugauaucca	1:305625601..305625668:-
2_1456	1.5	0 +/- 3%	-	251	251	0	0	yes	aae-miR-2c	-	-	-	aucacagccagcuuugauga	aucaaauuugguuguuuuag	aucaaauuugguuguuuuaguacgaccucuuugaaaccccuaucacagccagcuuugauga	2:107237998..107238059:-
2_965	1.5	0 +/- 3%	-	74	74	0	0	yes	aae-miR-2945-5p	-	-	-	augacuagaggcagacucguuua	agcggguccguuucuagugucaugu	agcggguccguuucuagugucaugugcuguauucgaauaucaugacuagaggcagacucguuua	2:374947142..374947206:+
2_1944	1.4	0 +/- 3%	-	178	178	0	0	yes	aae-miR-2946	-	-	-	uaguacggaaaagauauggg	cauauuuuuaccgcuacugca	cauauuuuuaccgcuacugcauuucauuguaauaauuguaguacggaaaagauauggg	2:268456443..268456501:-
2_972	1.2	0 +/- 3%	-	28	28	0	0	yes	aae-let-7	-	-	-	uugagguaguugguuguaua	ugcaaucugcuagcuugucg	uugagguaguugguuguauaguagugacugauuaaauaucugcuaugcaaucugcuagcuugucg	2:375131496..375131561:+
3_4496	1.2	0 +/- 3%	-	20	20	0	0	yes	aae-miR-989	-	-	-	augugaugugacguaguggua	ccgcuaccucgcuuucacuugg	ccgcuaccucgcuuucacuugguaccgauuucccauaauccaugugaugugacguaguggua	3:366439083..366439145:-
2_1650	1.1	0 +/- 3%	-	39	39	0	0	yes	aae-miR-11899	-	-	-	uaugaccgauuuaauauauggcu	ccauguaugauuucggucaugua	ccauguaugauuucggucauguaugcaguugaaaauaauuauaugaccgauuuaauauauggcu	2:182319041..182319105:-
2_949	1.1	0 +/- 3%	-	1183	1183	0	0	yes	aae-miR-124	-	-	-	aaggcacgcggugaaugcca	guauccacugccggccuauau	guauccacugccggccuauauguccuauuucgguacucauaaggcacgcggugaaugcca	2:369307280..369307340:+
2_491	1	0 +/- 3%	-	49	49	0	0	yes	aae-miR-137	-	-	-	auugcuugagaauacacguag	acgcguauucuuggguuauuaa	acgcguauucuuggguuauuaacacacuguuuauguuguuauugcuugagaauacacguag	2:189612067..189612128:+
2_1940	0.9	0 +/- 0%	-	82	82	0	0	yes	aae-miR-2941	-	-	-	uaguacggcuagaacuccacggau	ucgugguguuuagacguauuaca	ucgugguguuuagacguauuacaugauuuuuugaacauaacuguaguacggcuagaacuccacggau	2:268456009..268456076:-
2_2228	0.9	0 +/- 0%	-	18	18	0	0	yes	aae-miR-1891	-	-	-	acacguccauuaacucuggua	gaggaguuaauuugcguguuu	gaggaguuaauuugcguguuuuuguauuugauuaaacacguccauuaacucuggua	2:360084868..360084924:-
2_1942	0.9	0 +/- 0%	-	50	50	0	0	yes	aae-miR-2941	-	-	-	uaguacggcuagaacuccacgga	cgugaagcucagcugcauuaca	cgugaagcucagcugcauuacacgauauggaauacgguuuguaguacggcuagaacuccacgga	2:268456314..268456378:-
3_4558	0.1	0 +/- 0%	-	137	137	0	0	no	aae-miR-285	dme-miR-285-3p	-	-	uagcaccauucgaaaucaguac	acuggcuuccaaaggugaguaga	acuggcuuccaaaggugaguagauggcauucgauacacucuagcaccauucgaaaucaguac	3:406875046..406875108:-
2_804	-0.5	0 +/- 0%	-	25	25	0	0	no	aae-miR-275-3p	dme-miR-275-3p	-	-	ucagguaccugaaguagcgcgcg	ucaucaagcgacaacagaggcgugaaa	ucagguaccugaaguagcgcgcgugaucaaacaggaagcgucaucaagcgacaacagaggcgugaaa	2:307135708..307135775:+
2_1428	-2.3	0 +/- 0%	-	2060	2060	0	0	no	aae-miR-281-5p	dme-miR-281-2-5p	-	-	aagagagcuauccgucgacagu	cguugacgugggauuuuuuug	cguugacgugggauuuuuuuguucauuuuguucuuucgcugguuucgaauaugaaaauaaagagagcuauccgucgacagu	2:96469398..96469479:-
2_971	-11.3	0.00 +/- 0.00	-	28	28	0	0	no	aae-let-7	-	-	-	uugagguaguugguuguaua	uacaguacugcuucuucc	uacaguacugcuucuuccacguugagguaguugguuguaua	2:375131475..375131516:+

#miRBase miRNAs not detected by miRDeep2
miRBase precursor id	total read count	mature read count(s)	star read count	remaining reads	UCSC browser	NCBI blastn	miRBase mature sequence(s)	miRBase star sequence(s)	miRBase precursor sequence
1059	1059	0	0	-	-	cacguuacagauugggguuucc	uaaucucaaauuguaacagugg	-	gagguaaucucaaauuguaacaguggguugauuuuccuggugaaucccggccuuguccuccgucacaagugugacaagugucucgaaaacguguucgcuauacccacguuacagauugggguuucccc	
369	369	0	0	-	-	ugguuuaucuuaucugucgaggc	gucgacagggagauaaaucacu	-	cauugguuuaucuuaucugucgaggcaaguuauuuuaccggauaguguuucuuuucgugagcaaucaccacuauccagcucuucuugucgacagggagauaaaucacug	
136	116	0	20	-	-	uaaguacuagugccgcaggag	cugcugcccaagugcuuaucg	-	gaauucuuuacuaaguacuagugccgcaggagagauuugaaccccugcugcccaagugcuuaucgaagagu	
26	26	0	0	-	-	uaagcguauagcuuuucccauu	-	gauucugaagggggaaauccuguacgcuguauguuguauuugaauaauccauaagcguauagcuuuucccauucggcgu	
20	20	0	0	-	-	ucagaucuacuuaauacccau	-	acuccaauucuggguauuuuagauccuuggcauaguuacgugauugaaugcacuguucuucuuugguuuacccaguaucgaacacgcgucaaucugucagaucuacuuaauacccaua	
14	14	0	0	-	-	uguuaacuguaagacugugucu	-	gcagggacgcggucgugcaggaaauuauuuggcauuagauucaaauguuaacuguaagacugugucuuugcgggugauc	
10	10	0	0	-	-	caaccacuauccgcccugccgcc	uggcagugugguuagcugguug	-	caaggcaauacgcuauggcagugugguuagcugguuguguagaacuuuggggggcuuccguggcguucgcgcgcacacgggggcucagauucacaaccacuauccgcccugccgccgcgaggugccagg	



























28	0	0	28	-	-	ucuuugguuaucuagcuguauga	-	gucaaaguucucuuugguuaucuagcuguaugagugaauuuagaacaucauaaagcuagcauaccgaaguuaauaguugac	














































