miRDeep2 score	novel miRNAs reported by miRDeep2	novel miRNAs, estimated false positives	novel miRNAs, estimated true positives	known miRNAs in species	known miRNAs in data	known miRNAs detected by miRDeep2	estimated signal-to-noise	excision gearing
10	0	0 +/- 0	0 +/- 0 (0 +/- 0%)	164	74	5 (7%)	17.6	1
9	0	0 +/- 0	0 +/- 0 (0 +/- 0%)	164	74	9 (12%)	29.4	1
8	0	0 +/- 0	0 +/- 0 (0 +/- 0%)	164	74	9 (12%)	27.8	1
7	0	0 +/- 0	0 +/- 0 (0 +/- 0%)	164	74	11 (15%)	33.3	1
6	0	0 +/- 0	0 +/- 0 (0 +/- 0%)	164	74	11 (15%)	31.6	1
5	0	0 +/- 0	0 +/- 0 (0 +/- 0%)	164	74	23 (31%)	71.4	1
4	0	0 +/- 0	0 +/- 0 (0 +/- 0%)	164	74	30 (41%)	76	1
3	1	0 +/- 1	1 +/- 0 (74 +/- 44%)	164	74	35 (47%)	66.7	1
2	1	0 +/- 1	1 +/- 0 (68 +/- 47%)	164	74	39 (53%)	57.4	1
1	6	1 +/- 1	5 +/- 1 (91 +/- 12%)	164	74	46 (62%)	45.7	1
0	8	1 +/- 1	7 +/- 1 (82 +/- 13%)	164	74	55 (74%)	22	1
-1	13	3 +/- 2	10 +/- 2 (74 +/- 12%)	164	74	58 (78%)	12	1
-2	17	18 +/- 4	1 +/- 2 (6 +/- 11%)	164	74	58 (78%)	3.2	1
-3	30	31 +/- 5	1 +/- 2 (4 +/- 6%)	164	74	62 (84%)	2.4	1
-4	103	46 +/- 5	57 +/- 5 (56 +/- 5%)	164	74	64 (86%)	3.2	1
-5	173	101 +/- 8	72 +/- 8 (42 +/- 5%)	164	74	64 (86%)	2.1	1
-6	227	273 +/- 11	0 +/- 0 (0 +/- 0%)	164	74	64 (86%)	1	1
-7	250	464 +/- 15	0 +/- 0 (0 +/- 0%)	164	74	64 (86%)	0.6	1
-8	299	632 +/- 20	0 +/- 0 (0 +/- 0%)	164	74	64 (86%)	0.6	1
-9	436	785 +/- 20	0 +/- 0 (0 +/- 0%)	164	74	65 (88%)	0.6	1
-10	596	902 +/- 22	0 +/- 0 (0 +/- 0%)	164	74	65 (88%)	0.7	1



novel miRNAs predicted by miRDeep2
provisional id	miRDeep2 score	estimated probability that the miRNA candidate is a true positive	rfam alert	total read count	mature read count	loop read count	star read count	significant randfold p-value	miRBase miRNA	example miRBase miRNA with the same seed	UCSC browser	NCBI blastn	consensus mature sequence	consensus star sequence	consensus precursor sequence	precursor coordinate
2_4126	3.9	74 +/- 44%	-	10	10	0	0	yes	-	dme-miR-2a-3p	-	-	uaucacagccauuuuaaugagcu	cucaucaauugguuguggcuaug	cucaucaauugguuguggcuaugugucuugcguagcguuucgcaccguuucgaagcgugucccccaucauaucacagccauuuuaaugagcu	2:107237801..107237893:-
NIGP01000718_20257	1.7	91 +/- 12%	-	4	4	0	0	yes	-	dme-miR-4986-5p	-	-	ugggauucggagagaaucccgu	gggauucggagagaaucccguc	gggauucggagagaaucccgucugggauucgagagaaucccgucugggauucggagagaaucccgu	NIGP01000718:13618..13684:-
NIGP01000718_20258	1.7	91 +/- 12%	-	4	4	0	0	yes	-	dme-miR-4986-5p	-	-	ugggauucggagagaaucccgu	gggauucggagagaauucccgu	gggauucggagagaauucccgucugggauucggagagaaucccgu	NIGP01000718:13686..13731:-
NIGP01001908_19935	1.4	91 +/- 12%	-	3	3	0	0	yes	-	dme-miR-4978-5p	-	-	accuggaauuccuccagggau	uccuccagggauuccaccugg	uccuccagggauuccaccuggaauuccuccagggauuccaccuggaauuccuccagggauuccaccuggaauuccuccagggau	NIGP01001908:66543..66627:-
NIGP01001908_19936	1.4	91 +/- 12%	-	3	3	0	0	yes	-	dme-miR-4978-5p	-	-	accuggaauuccuccagggau	uccuccagggauuccaccugg	uccuccagggauuccaccuggaauuccuccagggauuccaccuggaauuccuccagggauuccaccuggaauuccuccagggau	NIGP01001908:66591..66675:-
1_17202	1.3	91 +/- 12%	-	3	2	0	1	yes	-	-	-	-	caaaagguacccaaguugac	agauuggguaccacuucu	agauuggguaccacuucuaguacugcauuucgucccucgguaguacaaaagguacccaaguugac	1:135460786..135460851:-
3_9872	0.4	82 +/- 13%	-	10	10	0	0	yes	-	-	-	-	uuuucaagagcacggaucugg	aaacguccguuuaagcugaaaagu	uuuucaagagcacggaucuggagaaccaaacguccguuuaagcugaaaagu	3:315571520..315571571:+
1_13950	0.2	82 +/- 13%	-	1	1	0	0	yes	-	dme-miR-4986-5p	-	-	ugggauucugagaggauccc	gauuuugagagaaucccauc	ugggauucugagaggaucccgucugggaaucugagaggaucccgucugggauuuugagagaaucccauc	1:39889211..39889280:+



mature miRBase miRNAs detected by miRDeep2
tag id	miRDeep2 score	estimated probability that the miRNA is a true positive	rfam alert	total read count	mature read count	loop read count	star read count	significant randfold p-value	mature miRBase miRNA	example miRBase miRNA with the same seed	UCSC browser	NCBI blastn	consensus mature sequence	consensus star sequence	consensus precursor sequence	precursor coordinate
3_13580	32.3	0 +/- 0%	-	55	53	0	2	yes	aae-miR-308-5p	dme-miR-2a-3p	-	-	aaucacaggaguauacugugag	cgcgguauauucuuguggcuug	cgcgguauauucuuguggcuugaugcauuugaaaaaucucaaaucacaggaguauacugugag	3:403338483..403338546:-
1_17615	14.7	0 +/- 0%	-	22	20	0	2	yes	aae-miR-252-5p	dme-miR-252-5p	-	-	cuaaguacuagugccgcagga	ccugcugcccaagugcuuaucg	cuaaguacuagugccgcaggagagauuugaaccccugcugcccaagugcuuaucg	1:175818157..175818212:-
1_16647	14.2	0 +/- 0%	-	19	18	0	1	yes	aae-miR-33	dme-miR-33-5p	-	-	gugcauuguaguugcauugc	caauacuucugcaaugcaag	gugcauuguaguugcauugcacuuuugcguucgauaacacggugcaauacuucugcaaugcaag	1:50888882..50888946:-
2_3879	9.4	0 +/- 0%	-	10	8	0	2	yes	aae-miR-276-5p	dme-miR-276a-3p	-	-	uaggaacuucauaccgugcucu	agcgagguauagaguuccuacg	agcgagguauagaguuccuacguugcgugugcgaaauugguaggaacuucauaccgugcucu	2:73120452..73120514:-
3_11010	9.2	0 +/- 0%	-	9	7	0	2	yes	aae-miR-11-5p	dme-miR-2a-3p	-	-	caucacagucugaguucuugcu	cgagaacuccggcugugaccug	cgagaacuccggcugugaccuguguacacuuuauccaaaucacaucacagucugaguucuugcu	3:75489864..75489928:-
2_4033	7.6	0 +/- 0%	-	7	6	0	1	yes	aae-miR-281-5p	dme-miR-281-2-5p	-	-	aagagagcuauccgucgacag	ugucauggaauugcucuc	aagagagcuauccgucgacaguagggauaugauucacugucauggaauugcucuc	2:96469365..96469420:-
2_4120	5.4	0 +/- 0%	-	44	44	0	0	yes	aae-miR-2c	dme-miR-2a-3p	-	-	uaucacagccagcuuugaugagcu	cucucaaaguggcugugaaaug	cucucaaaguggcugugaaaugguuugauuuugcucauaucacagccagcuuugaugagcu	2:107235884..107235945:-
1_19460	5.2	0 +/- 0%	-	28	28	0	0	yes	aae-miR-317	dme-miR-317-3p	-	-	ugaacacagcuggugguaucuca	ggauacacccugugcucgcu	ggauacacccugugcucgcuuugcauucgaaacuagugaacacagcuggugguaucuca	1:302667131..302667190:-
1_19452	5.2	0 +/- 0%	-	27	27	0	0	yes	aae-miR-277-5p	dme-miR-277-3p	-	-	uaaaugcacuaucugguacgaca	gcgugucagaagugcauuuaca	gcgugucagaagugcauuuacauagguauuucccguuuagcaguauuuguaaaugcacuaucugguacgaca	1:302603812..302603884:-
2_4122	5.2	0 +/- 0%	-	139	139	0	0	yes	aae-miR-2a-5p	dme-miR-2a-3p	-	-	uaucacagccagcuuugaagagcg	cucucaaagugguugugaaaug	cucucaaagugguugugaaaugaguuacucuugaacgaucucauaucacagccagcuuugaagagcg	2:107237501..107237568:-
2_4128	5.1	0 +/- 0%	-	27	27	0	0	yes	aae-miR-2c	dme-miR-2a-3p	-	-	uaucacagccagcuuugauga	aucaaauuugguuguuuuagu	aucaaauuugguuguuuuaguacgaccucuuugaaaccccuaucacagccagcuuugauga	2:107237998..107238059:-
1_19493	5.1	0 +/- 0%	-	225	225	0	0	yes	aae-miR-283	dme-miR-283-5p	-	-	caauaucagcugguaauucuggg	cggaauuccaacugauauccac	caauaucagcugguaauucugggcuuaccccaccguuauacgcuucccggaauuccaacugauauccac	1:305625600..305625669:-
1_15427	5	0 +/- 0%	-	25	25	0	0	yes	aae-miR-996	dme-miR-279-3p	-	-	ugacuagauuacaugcucgucu	gcgugcaugaaucuggugcacg	gcgugcaugaaucuggugcacgguuuuccaguuguaauaucgcuucgugacuagauuacaugcucgucu	1:207012536..207012605:+
2_6574	5	0 +/- 0%	-	101	101	0	0	yes	aae-miR-184	dme-miR-184-3p	-	-	uggacggagaacugauaagggc	ccuuaucauucuugcgccccgu	ccuuaucauucuugcgccccguguuauauuguuggcgacuggacggagaacugauaagggc	2:417599380..417599441:-
2_4124	5	0 +/- 0%	-	14	14	0	0	yes	aae-miR-13-5p	dme-miR-2a-3p	-	-	uaucacagccauuuugacgaguu	aucguaaaaaugguugugcugug	aucguaaaaaugguugugcuguguuguuacgcucgaaauucauaucacagccauuuugacgaguu	2:107237649..107237714:-
2_2221	4.8	0 +/- 0%	-	11	10	0	1	yes	aae-miR-275-5p	dme-miR-275-3p	-	-	ucagguaccugaaguagcgcg	cgcgcuaagcaggaaccgagacu	cgcgcuaagcaggaaccgagacuuugucauuugcuagcagucagguaccugaaguagcgcg	2:307135668..307135729:+
1_19489	4.6	0 +/- 0%	-	102	102	0	0	yes	aae-miR-12-5p	dme-miR-12-5p	-	-	ugaguauuacaucagguacuggu	caguacuuauguuaugcucucu	ugaguauuacaucagguacuggugucgauauucgaaucaccaacgaaucggguuccuuugauuaacuuaccaguacuuauguuaugcucucu	1:305613548..305613640:-
3_11112	4.2	0 +/- 0%	-	10	10	0	0	yes	aae-miR-92b-3p	dme-miR-92a-3p	-	-	aauugcacuugucccggccugc	aggucgugacuugugcccauuug	aggucgugacuugugcccauuugcugaauuuuaauggucaaauugcacuugucccggccugc	3:93418515..93418577:-
2_2224	4	0 +/- 0%	-	32	32	0	0	yes	aae-miR-305-5p	dme-miR-305-5p	-	-	auuguacuucaucaggugcucugg	ccggcacauguuggaguacacuua	auuguacuucaucaggugcucugguuguuuucgauacccggcacauguuggaguacacuua	2:307145445..307145506:+
3_9943	3.9	74 +/- 44%	-	11	11	0	0	yes	aae-miR-8-5p	dme-miR-8-3p	-	-	uaauacugucagguaaagauguc	caucuuaccgggcagcauuaga	caucuuaccgggcagcauuagauauuuuugaaauacuucuaauacugucagguaaagauguc	3:328527955..328528017:+
3_8543	3.5	74 +/- 44%	-	19	19	0	0	yes	aae-bantam-5p	dme-bantam-3p	-	-	ugagaucauuuugaaagcugauu	ccgguuuucauuuucgaucugacu	ccgguuuucauuuucgaucugacuuauuugauuuaacaagagugagaucauuuugaaagcugauu	3:178082830..178082895:+
2_2913	3.5	74 +/- 44%	-	9	9	0	0	yes	aae-miR-965	dme-miR-965-3p	-	-	uaagcguauagcuuuucccau	gggaaauccuguacgcuguaug	gggaaauccuguacgcuguauguuguauuugaauaauccauaagcguauagcuuuucccau	2:429778751..429778812:+
2_3912	3.2	74 +/- 44%	-	8	8	0	0	yes	aae-miR-276-3p	dme-miR-276a-3p	-	-	uaggaacuucauaccgugcucu	agcgagguauagaguuccuaug	agcgagguauagaguuccuaugcguucggauaaaauauuccauaggaacuucauaccgugcucu	2:73509399..73509463:-
2_4039	2.7	68 +/- 47%	-	7	7	0	0	yes	aae-miR-282-5p	dme-miR-282-5p	-	-	uagccucuccuaggcuuugucu	acauagccugacagagguuagg	uagccucuccuaggcuuugucuguuaccuuccuugggaauuccacuagccagacauagccugacagagguuagg	2:96911966..96912040:-
1_15425	2.3	68 +/- 47%	-	7	7	0	0	yes	aae-miR-279	dme-miR-279-3p	-	-	ugacuagauccacacucauuaa	gaugggugugaaucuaguguuucaca	gaugggugugaaucuaguguuucacaugauuuucgauagccugugacuagauccacacucauuaa	1:207007788..207007853:+
2_3782	2.1	68 +/- 47%	-	1079	1079	0	0	yes	aae-miR-11894a	-	-	-	uuuaccauuucaagaugaccua	ggucgucuugaaaugguaaaga	ggucgucuugaaaugguaaagagugucaaucaucaucuuuaccauuucaagaugaccua	2:58785158..58785217:-
2_3784	2	68 +/- 47%	-	1079	1079	0	0	yes	aae-miR-11894a	-	-	-	uuuaccauuucaagaugaccua	ggucgucuugaaaugguaaaga	ggucgucuugaaaugguaaagagugucaaucaucaucuuuaccauuucaagaugaccua	2:58785850..58785909:-
2_3778	2	68 +/- 47%	-	1079	1079	0	0	yes	aae-miR-11894a	-	-	-	uuuaccauuucaagaugaccua	gguugucuugaaaugguaaaga	gguugucuugaaaugguaaagagugucaaccaucaucuuuaccauuucaagaugaccua	2:58783350..58783409:-
2_3790	2	68 +/- 47%	-	1079	1079	0	0	yes	aae-miR-11894a	-	-	-	uuuaccauuucaagaugaccua	ggucgucuugaaaugguaaaga	ggucgucuugaaaugguaaagagugucaaucaucaucuuuaccauuucaagaugaccua	2:58787948..58788007:-
2_3788	2	68 +/- 47%	-	1079	1079	0	0	yes	aae-miR-11894a	-	-	-	uuuaccauuucaagaugaccua	ggucgucuugaaaugguaaaga	ggucgucuugaaaugguaaagagugucaaucaucaucuuuaccauuucaagaugaccua	2:58787426..58787485:-
2_3780	1.9	91 +/- 12%	-	125	125	0	0	yes	aae-miR-11894b	-	-	-	uuuaccauuucaauaugaccua	ggucguauugaaaugguaaaga	ggucguauugaaaugguaaagagugucaaucaucaucuuuaccauuucaauaugaccua	2:58784590..58784649:-
2_3786	1.9	91 +/- 12%	-	1079	1079	0	0	yes	aae-miR-11894a	-	-	-	uuuaccauuucaagaugaccua	ggucgucuugaaaugguaaaga	ggucgucuugaaaugguaaagagugucaaucaucaucuuuaccauuucaagaugaccua	2:58786284..58786343:-
2_5996	1.7	91 +/- 12%	-	1186	1186	0	0	yes	aae-miR-11895	-	-	-	uucaugcauucacuucugcuga	agcaggagugaaugcaugaguu	agcaggagugaaugcaugaguuugacaucugaaacuaauucaugcauucacuucugcuga	2:324949494..324949554:-
3_12400	1.4	91 +/- 12%	-	4	4	0	0	yes	aae-miR-278-5p	dme-miR-278-3p	-	-	ucggugggacuuucguccguuu	acggacgauagucuucagcggcc	acggacgauagucuucagcggccgugcauuugauagaaguggucggugggacuuucguccguuu	3:243123888..243123952:-
3_8270	1.4	91 +/- 12%	-	12	10	0	2	yes	aae-miR-11917	-	-	-	uuuucaagagcacggaucugg	ccaaacauccguuuaagcuga	uuuucaagagcacggaucuggagaaccaaacauccguuuaagcuga	3:153562832..153562878:+
2_6074	1.1	91 +/- 12%	-	4	4	0	0	yes	aae-miR-79-5p	dme-miR-4-3p	-	-	auaaagcuagauuaccaaagcau	gcuuuggcgcuuuagcuguauga	gcuuuggcgcuuuagcuguaugauagaauuuaauauuucauaaagcuagauuaccaaagcau	2:335780884..335780946:-
2_2581	0.6	82 +/- 13%	-	3	3	0	0	yes	aae-miR-2945-5p	dme-miR-279-3p	-	-	ugacuagaggcagacucguuua	agcggguccguuucuagugucaug	agcggguccguuucuagugucaugugcuguauucgaauaucaugacuagaggcagacucguuua	2:374947142..374947206:+
1_14891	0.4	82 +/- 13%	-	3	3	0	0	yes	aae-miR-970	dme-miR-970-3p	-	-	ucauaagacacacgcggcuau	agcuugcguuugucuuagcuggua	agcuugcguuugucuuagcugguauugaaugugauagguaucauaagacacacgcggcuau	1:157238423..157238484:+
3_11008	0.4	82 +/- 13%	-	2	2	0	0	yes	aae-miR-998	dme-miR-285-3p	-	-	uagcaccaugagauucagcuc	acugaacucucgugggucugca	acugaacucucgugggucugcaguugauauuucgaaagcuuguagcaccaugagauucagcuc	3:75489589..75489652:-
2_1514	0.3	82 +/- 13%	-	5	5	0	0	yes	aae-miR-7	dme-miR-7-5p	-	-	uggaagacuagugauuuuguuguu	uaacaauaaaucucaagucuuucuac	uggaagacuagugauuuuguuguuuugcuuacgauaauaacaauaaaucucaagucuuucuac	2:222802544..222802607:+
1_19514	0.3	82 +/- 13%	-	3	3	0	0	yes	aae-miR-1175-5p	dme-miR-958-3p	-	-	ugagauucuacuucuccgacuuaa	aaguggaguaguggucucaucgcu	aaguggaguaguggucucaucgcuuaguauuagaaaagugagauucuacuucuccgacuuaa	1:307010044..307010106:-
2_2437	0.2	82 +/- 13%	-	3	3	0	0	yes	aae-miR-14	dme-miR-14-3p	-	-	ucagucuuuuucucucuccuau	gggagcgagauuaaggcuugcu	gggagcgagauuaaggcuugcuggucauuuauuacacucgaagucagucuuuuucucucuccuau	2:344767572..344767637:+
2_6472	0.2	82 +/- 13%	-	3	3	0	0	yes	aae-miR-1	dme-miR-1-3p	-	-	uggaauguaaagaaguauggag	ccaugcuuccuugcauucaaua	ccaugcuuccuugcauucaauagugauucugaaagcauauggaauguaaagaaguauggag	2:399501023..399501084:-
3_9239	-0.1	74 +/- 12%	-	1	1	0	0	yes	aae-miR-307	dme-miR-307a-3p	-	-	ucacaaccuccuugagugagcga	acucacucaaccugggugugaug	acucacucaaccugggugugaugcuuauuugaaucaucacaaccuccuugagugagcga	3:244794376..244794435:+
1_16866	-0.6	74 +/- 12%	-	1	1	0	0	yes	aae-miR-87	dme-miR-87-3p	-	-	gugagcaaauuuucaggugug	agccugaaauuugcuaaaccu	agccugaaauuugcuaaaccuguguguauuugauucaaacaaucaaggugagcaaauuuucaggugug	1:80682402..80682470:-
3_8098	-1	74 +/- 12%	-	2	2	0	0	yes	aae-miR-31	dme-miR-31b-5p	-	-	uggcaagauguuggcauagcug	gcuauucaacuucuugucuau	uggcaagauguuggcauagcugaaaguuuugaguuuagcuauucaacuucuugucuau	3:136174150..136174208:+
2_2222	-1.9	6 +/- 11%	-	10	10	0	0	no	aae-miR-275-3p	dme-miR-275-3p	-	-	ucagguaccugaaguagcgcg	agcgacaacagaggcgugaaa	ucagguaccugaaguagcgcgcgugaucaaacaggaagcgucaucaagcgacaacagaggcgugaaa	2:307135708..307135775:+
2_4129	-2.6	4 +/- 6%	-	3	3	0	0	yes	aae-miR-71-5p	-	-	-	agaaagacauggguagugaga	ucacuaccuugucuuucaug	agaaagacauggguagugagauaguuucacccuauugcacugggaucucacuaccuugucuuucaug	2:107238287..107238354:-
3_11179	-2.9	4 +/- 6%	-	3	3	0	0	yes	aae-miR-2765	-	-	-	ugguaacuccaccaccguugg	aaugggagcuggaguucccgcg	ugguaacuccaccaccguuggcgauauuugacagccaaugggagcuggaguucccgcg	3:101895454..101895512:-
2_4733	-3	4 +/- 6%	-	1	1	0	0	yes	aae-miR-11917	-	-	-	gagcauccguucaagcugaa	cagcucaaacggauguuugg	gagcauccguucaagcugaaaacuuaaucgauuggucaccagcugcuggugaccaaucgauuagguuuucagcucaaacggauguuugg	2:184043515..184043604:-
2_6550	-3	4 +/- 6%	-	3	3	0	0	yes	aae-miR-1890	-	-	-	ugaaaucuuugauuaggucugg	agagcuaauuggagaguucuug	agagcuaauuggagaguucuugaauaguguugugaaccuucaugaaaucuuugauuaggucugg	2:413654961..413655025:-
3_11118	-3.3	56 +/- 5%	-	3	3	0	0	no	aae-miR-92a-5p	dme-miR-92a-3p	-	-	uauugcacuugucccggccuau	cgguacggacaggggcaacauu	cgguacggacaggggcaacauugugacauuugaaagcuaauauugcacuugucccggccuau	3:93477596..93477658:-
2_4034	-5.3	0 +/- 0%	-	6	6	0	0	no	aae-miR-281-5p	dme-miR-281-2-5p	-	-	aagagagcuauccgucgacag	guugacgugggauuuuuuug	guugacgugggauuuuuuuguucauuuuguucuuucgcugguuucgaauaugaaaauaaagagagcuauccgucgacag	2:96469399..96469478:-
1_14085	-8.8	0 +/- 0%	-	1	1	0	0	no	aae-miR-210	-	-	-	uugugcgugugacaacggcuau	agcugcugaccacugcacaaga	agcugcugaccacugcacaagauuagauuaugacucuugugcgugugacaacggcuau	1:54892617..54892675:+
2_1833	-10.3	0.00 +/- 0.00	-	1	1	0	0	no	aae-miR-11893	-	-	-	uuccugacuuauacgcuuaccu	guaaguagauaaaucagaaaga	guaaguagauaaaucagaaagacguuuauaucguuucuuccugacuuauacgcuuaccu	2:257889040..257889099:+

#miRBase miRNAs not detected by miRDeep2
miRBase precursor id	total read count	mature read count(s)	star read count	remaining reads	UCSC browser	NCBI blastn	miRBase mature sequence(s)	miRBase star sequence(s)	miRBase precursor sequence
49	49	0	0	-	-	cacguuacagauugggguuucc	uaaucucaaauuguaacagugg	-	gagguaaucucaaauuguaacaguggguugauuuuccuggugaaucccggccuuguccuccgucacaagugugacaagugucucgaaaacguguucgcuauacccacguuacagauugggguuucccc	
37	37	0	0	-	-	ucagguacugagugacucucag	gagagcaccucgguaucuaagc	-	cauucgcaauuucaccgguucagguacugagugacucucagaugugcauuucucaagcaaucucguccucaggaccugagguugaaaaacccugagagcaccucgguaucuaagccaguguugcgaaaa	
28	28	0	0	-	-	ugguuuaucuuaucugucgaggc	gucgacagggagauaaaucacu	-	cauugguuuaucuuaucugucgaggcaaguuauuuuaccggauaguguuucuuuucgugagcaaucaccacuauccagcucuucuugucgacagggagauaaaucacug	
18	15	0	3	-	-	agauauguuugauauucuugguug	-	gggugauuccggugagauauguuugauauucuugguuguuaaauuuuauauuaucacccaggaaucaaacauauuauuacuguggucaucaugagacuucg	
13	13	0	0	-	-	caaccacuauccgcccugccgcc	uggcagugugguuagcugguug	-	caaggcaauacgcuauggcagugugguuagcugguuguguagaacuuuggggggcuuccguggcguucgcgcgcacacgggggcucagauucacaaccacuauccgcccugccgccgcgaggugccagg	
2	2	0	0	-	-	ugucuuuuuccgcuuacugccg	-	ccaacauuuugauugauuugucuuuuuccgcuuacugccgguggcauuugaaauucucgacagcaaaccgaaaaaggcgccucaaucaauu	
1	1	0	0	-	-	ucuuuggugauuuuagcuguaugc	-	ucacguuuauuggaucuuuggugauuuuagcuguaugcugauacguuucugauugcauauagcuuuaucaccaaaaaccuaaugaaugguga	
1	1	0	0	-	-	uugguccccuucaaccagcugu	-	cucggaaucgcugaauauagcugguugacuucgggucaaaucgucaaauauuugcaaagauauuuccucagugaaaucauuugguccccuucaaccagcuguagcagugaugcauuaca	




















































1	0	0	1	-	-	gugugugaaccguuggcggc	-	agcagugugugaaccguuggcggcgcaacgccugaugguauugaugcugcu	











1	0	0	1	-	-	auuuuuuugacuguaauuuuauag	-	augguaaaauuacguugaaaaaucgucucccucaaaaaaugaaaccugagacuaacaggagauuuuuuugacuguaauuuuauagu	









