miRDeep2 score	novel miRNAs reported by miRDeep2	novel miRNAs, estimated false positives	novel miRNAs, estimated true positives	known miRNAs in species	known miRNAs in data	known miRNAs detected by miRDeep2	estimated signal-to-noise	excision gearing
10	0	0 +/- 0	0 +/- 0 (0 +/- 0%)	164	54	0 (0%)	0	1
9	0	0 +/- 0	0 +/- 0 (0 +/- 0%)	164	54	0 (0%)	0	1
8	0	0 +/- 0	0 +/- 0 (0 +/- 0%)	164	54	0 (0%)	0	1
7	0	0 +/- 0	0 +/- 0 (0 +/- 0%)	164	54	0 (0%)	0	1
6	0	0 +/- 0	0 +/- 0 (0 +/- 0%)	164	54	0 (0%)	0	1
5	0	0 +/- 0	0 +/- 0 (0 +/- 0%)	164	54	10 (19%)	175	1
4	0	0 +/- 0	0 +/- 0 (0 +/- 0%)	164	54	17 (31%)	183.3	1
3	0	0 +/- 0	0 +/- 0 (0 +/- 0%)	164	54	22 (41%)	127.3	1
2	0	0 +/- 0	0 +/- 0 (0 +/- 0%)	164	54	22 (41%)	77.8	1
1	0	0 +/- 0	0 +/- 0 (0 +/- 0%)	164	54	26 (48%)	40.5	1
0	0	0 +/- 0	0 +/- 0 (0 +/- 0%)	164	54	32 (59%)	23.4	1
-1	1	0 +/- 1	1 +/- 0 (65 +/- 48%)	164	54	37 (69%)	15.3	1
-2	1	5 +/- 2	0 +/- 0 (1 +/- 10%)	164	54	38 (70%)	4.2	1
-3	1	8 +/- 2	0 +/- 0 (0 +/- 0%)	164	54	39 (72%)	3	1
-4	4	10 +/- 2	0 +/- 0 (0 +/- 3%)	164	54	43 (80%)	2.9	1
-5	4	11 +/- 3	0 +/- 0 (0 +/- 3%)	164	54	49 (91%)	2.6	1
-6	5	30 +/- 3	0 +/- 0 (0 +/- 0%)	164	54	49 (91%)	1.1	1
-7	5	49 +/- 4	0 +/- 0 (0 +/- 0%)	164	54	49 (91%)	0.7	1
-8	8	63 +/- 5	0 +/- 0 (0 +/- 0%)	164	54	49 (91%)	0.6	1
-9	16	72 +/- 5	0 +/- 0 (0 +/- 0%)	164	54	49 (91%)	0.6	1
-10	26	81 +/- 6	0 +/- 0 (0 +/- 0%)	164	54	49 (91%)	0.7	1



novel miRNAs predicted by miRDeep2
provisional id	miRDeep2 score	estimated probability that the miRNA candidate is a true positive	rfam alert	total read count	mature read count	loop read count	star read count	significant randfold p-value	miRBase miRNA	example miRBase miRNA with the same seed	UCSC browser	NCBI blastn	consensus mature sequence	consensus star sequence	consensus precursor sequence	precursor coordinate



mature miRBase miRNAs detected by miRDeep2
tag id	miRDeep2 score	estimated probability that the miRNA is a true positive	rfam alert	total read count	mature read count	loop read count	star read count	significant randfold p-value	mature miRBase miRNA	example miRBase miRNA with the same seed	UCSC browser	NCBI blastn	consensus mature sequence	consensus star sequence	consensus precursor sequence	precursor coordinate
2_344	5.4	0 +/- 0%	-	25	25	0	0	yes	aae-miR-2c	dme-miR-2a-3p	-	-	uaucacagccagcuuugaugagcu	cucucaaaguggcugugaaaug	cucucaaaguggcugugaaaugguuugauuuugcucauaucacagccagcuuugaugagcu	2:107235884..107235945:-
3_858	5.4	0 +/- 0%	-	20	20	0	0	yes	aae-miR-11-5p	dme-miR-2a-3p	-	-	caucacagucugaguucuugcu	cgagaacuccggcugugaccugug	cgagaacuccggcugugaccuguguacacuuuauccaaaucacaucacagucugaguucuugcu	3:75489864..75489928:-
2_346	5.2	0 +/- 0%	-	36	36	0	0	yes	aae-miR-2a-5p	dme-miR-2a-3p	-	-	uaucacagccagcuuugaaga	ucaaagugguugugaaaug	ucaaagugguugugaaaugaguuacucuugaacgaucucauaucacagccagcuuugaaga	2:107237504..107237565:-
2_352	5.1	0 +/- 0%	-	14	14	0	0	yes	aae-miR-2c	dme-miR-2a-3p	-	-	uaucacagccagcuuugauga	aucaaauuugguuguuuuagu	aucaaauuugguuguuuuaguacgaccucuuugaaaccccuaucacagccagcuuugauga	2:107237998..107238059:-
1_1743	5.1	0 +/- 0%	-	251	251	0	0	yes	aae-miR-283	dme-miR-283-5p	-	-	caauaucagcugguaauucuggg	cggaauuccaacugauauccac	caauaucagcugguaauucugggcuuaccccaccguuauacgcuucccggaauuccaacugauauccac	1:305625600..305625669:-
3_1008	5	0 +/- 0%	-	18	18	0	0	yes	aae-miR-308-5p	dme-miR-2a-3p	-	-	aaucacaggaguauacugugag	cgcgguauauucuuguggcuug	cgcgguauauucuuguggcuugaugcauuugaaaaaucucaaaucacaggaguauacugugag	3:403338483..403338546:-
2_562	5	0 +/- 0%	-	78	78	0	0	yes	aae-miR-184	dme-miR-184-3p	-	-	uggacggagaacugauaagggc	ccuuaucauucuugcgccccgu	ccuuaucauucuugcgccccguguuauauuguuggcgacuggacggagaacugauaagggc	2:417599380..417599441:-
1_1167	4.7	0 +/- 0%	-	19	19	0	0	yes	aae-miR-279	dme-miR-279-3p	-	-	ugacuagauccacacucauuaa	gaugggugugaaucuaguguuucaca	gaugggugugaaucuaguguuucacaugauuuucgauagccugugacuagauccacacucauuaa	1:207007788..207007853:+
1_1739	4.6	0 +/- 0%	-	57	57	0	0	yes	aae-miR-12-5p	dme-miR-12-5p	-	-	ugaguauuacaucagguacuggu	caguacuuauguuaugcucucu	ugaguauuacaucagguacuggugucgauauucgaaucaccaacgaaucggguuccuuugauuaacuuaccaguacuuauguuaugcucucu	1:305613548..305613640:-
3_944	4.5	0 +/- 0%	-	10	10	0	0	yes	aae-miR-278-5p	dme-miR-278-3p	-	-	ucggugggacuuucguccguuu	acggacgauagucuucagcggcc	acggacgauagucuucagcggccgugcauuugauagaaguggucggugggacuuucguccguuu	3:243123888..243123952:-
2_170	4	0 +/- 0%	-	17	17	0	0	yes	aae-miR-305-5p	dme-miR-305-5p	-	-	auuguacuucaucaggugcucugg	ccggcacauguuggaguacacuua	auuguacuucaucaggugcucugguuguuuucgauacccggcacauguuggaguacacuua	2:307145445..307145506:+
2_307	3.9	0 +/- 0%	-	10	10	0	0	yes	aae-miR-190	dme-miR-190-5p	-	-	agauauguuugauauucuugguug	cccaggaaucaaacauauuauua	agauauguuugauauucuugguuguuaaauuuuauauuaucacccaggaaucaaacauauuauua	2:48811877..48811942:-
2_353	3.5	0 +/- 0%	-	5	3	0	2	yes	aae-miR-71-5p	-	-	-	agaaagacauggguagugagau	ucucacuaccuugucuuuc	agaaagacauggguagugagauaguuucacccuauugcacugggaucucacuaccuugucuuuc	2:107238290..107238354:-
2_167	3.3	0 +/- 0%	-	8	8	0	0	yes	aae-miR-275-5p	dme-miR-275-3p	-	-	ucagguaccugaaguagcgcgcg	cgcgcuaagcaggaaccgagacu	cgcgcuaagcaggaaccgagacuuugucauuugcuagcagucagguaccugaaguagcgcgcg	2:307135668..307135731:+
2_335	1.7	0 +/- 0%	-	5	5	0	0	yes	aae-miR-282-5p	dme-miR-282-5p	-	-	uagccucuccuaggcuuugucu	acauagccugacagagguuagg	uagccucuccuaggcuuugucuguuaccuuccuugggaauuccacuagccagacauagccugacagagguuagg	2:96911966..96912040:-
1_1734	1.6	0 +/- 0%	-	23	23	0	0	yes	aae-miR-317	-	-	-	aacacagcuggugguaucuca	ggauacacccugugcucg	ggauacacccugugcucgcuuugcauucgaaacuagugaacacagcuggugguaucuca	1:302667131..302667190:-
1_1169	1.4	0 +/- 0%	-	16	16	0	0	yes	aae-miR-996	-	-	-	acuagauuacaugcucgucu	gcgugcaugaaucuggugc	gcgugcaugaaucuggugcacgguuuuccaguuguaauaucgcuucgugacuagauuacaugcucgucu	1:207012536..207012605:+
2_233	0.9	0 +/- 0%	-	4	4	0	0	yes	aae-miR-965	dme-miR-965-3p	-	-	uaagcguauagcuuuuccc	gaaauccuguacgcuguaug	gaaauccuguacgcuguauguuguauuugaauaauccauaagcguauagcuuuuccc	2:429778753..429778810:+
2_116	0.8	0 +/- 0%	-	6	6	0	0	yes	aae-miR-7	dme-miR-7-5p	-	-	uggaagacuagugauuuuguuguu	uaacaauaaaucucaagucuuucuac	uggaagacuagugauuuuguuguuuugcuuacgauaauaacaauaaaucucaagucuuucuac	2:222802544..222802607:+
2_348	0.6	0 +/- 0%	-	3	3	0	0	yes	aae-miR-13-5p	dme-miR-2a-3p	-	-	uaucacagccauuuugacgaguu	aucguaaaaaugguugugcugug	aucguaaaaaugguugugcuguguuguuacgcucgaaauucauaucacagccauuuugacgaguu	2:107237649..107237714:-
2_187	0.2	0 +/- 0%	-	3	3	0	0	yes	aae-miR-14	dme-miR-316-5p	-	-	agucuuuuucucucuccuau	gggagcgagauuaaggcuug	gggagcgagauuaaggcuugcuggucauuuauuacacucgaagucagucuuuuucucucuccuau	2:344767572..344767637:+
2_525	0	0 +/- 0%	-	2	2	0	0	yes	aae-miR-9b	dme-miR-9a-5p	-	-	ucuuuggugauuuuagcuguaug	uauagcuuuaucaccaaaaacc	ucuuuggugauuuuagcuguaugcugauacguuucugauugcauauagcuuuaucaccaaaaacc	2:335780574..335780639:-
2_55	-0.1	65 +/- 48%	-	1	1	0	0	yes	aae-miR-988-5p	dme-miR-988-3p	-	-	ccccuuguugcaaaccuc	gcuuugugacaaugag	gcuuugugacaaugagauucgguucgauaucauccccuuguugcaaaccuc	2:93351384..93351435:+
1_1263	-0.1	65 +/- 48%	-	1	1	0	0	yes	aae-miR-33	dme-miR-33-5p	-	-	gugcauuguaguugcauugca	caauacuucugcaaugcaagc	gugcauuguaguugcauugcacuuuugcguucgauaacacggugcaauacuucugcaaugcaagc	1:50888881..50888946:-
2_56	-0.6	65 +/- 48%	-	1	1	0	0	yes	aae-miR-988-3p	dme-miR-988-3p	-	-	ccccuuguugcaaaccuc	gguaggggcaaugggggc	ccccuuguugcaaaccucacgcuugcgguagguuccacaacugcugagagguggcagguaggggcaaugggggc	2:93351417..93351491:+
2_205	-0.9	65 +/- 48%	-	7	7	0	0	yes	aae-miR-2945-5p	-	-	-	acuagaggcagacucguuu	gcggguccguuucuaguguca	gcggguccguuucuagugucaugugcuguauucgaauaucaugacuagaggcagacucguuu	2:374947143..374947205:+
3_866	-1.3	1 +/- 10%	-	6	6	0	0	yes	aae-miR-92b-3p	-	-	-	uugcacuugucccggccugc	aggucgugacuugugcccauu	aggucgugacuugugcccauuugcugaauuuuaauggucaaauugcacuugucccggccugc	3:93418515..93418577:-
2_168	-2.4	0 +/- 0%	-	8	8	0	0	no	aae-miR-275-3p	dme-miR-275-3p	-	-	ucagguaccugaaguagcgcgcg	ucaucaagcgacaacagaggcgugaaa	ucagguaccugaaguagcgcgcgugaucaaacaggaagcgucaucaagcgacaacagaggcgugaaa	2:307135708..307135775:+
2_314	-2.8	0 +/- 0%	-	2	2	0	0	yes	aae-miR-11894a	-	-	-	cuuuaccauuucaagaugaccua	ggucgucuugaaaugguaaagag	ggucgucuugaaaugguaaagagugucaaucaucaucuuuaccauuucaagaugaccua	2:58785158..58785217:-
3_868	-3.7	0 +/- 3%	-	2	2	0	0	yes	aae-miR-92a-5p	-	-	-	uugcacuugucccggccuau	cgguacggacaggggcaaca	cgguacggacaggggcaacauugugacauuugaaagcuaauauugcacuugucccggccuau	3:93477596..93477658:-
1_1732	-3.8	0 +/- 3%	-	1	1	0	0	yes	aae-miR-277-5p	-	-	-	gcacuaucugguacgaca	gcgugucagaagugcau	gcgugucagaagugcauuuacauagguauuucccguuuagcaguauuuguaaaugcacuaucugguacgaca	1:302603812..302603884:-
3_711	-4.2	0 +/- 3%	-	4	4	0	0	no	aae-bantam-5p	dme-bantam-3p	-	-	ugagaucauuuugaaagcugauu	ccgguuuucauuuucgaucugacu	ccgguuuucauuuucgaucugacuuauuugauuuaacaagagugagaucauuuugaaagcugauu	3:178082830..178082895:+
3_803	-4.2	0 +/- 3%	-	2	2	0	0	yes	aae-miR-8-5p	-	-	-	uacugucagguaaagaugu	aucuuaccgggcagcauu	aucuuaccgggcagcauuagauauuuuugaaauacuucuaauacugucagguaaagaugu	3:328527956..328528016:+
1_1363	-4.4	0 +/- 3%	-	2	2	0	0	no	aae-miR-252-5p	dme-miR-252-5p	-	-	cuaaguacuagugccgcagga	cugcugcccaagugcuuaucg	cuaaguacuagugccgcaggagagauuugaaccccugcugcccaagugcuuaucg	1:175818157..175818212:-

#miRBase miRNAs not detected by miRDeep2
miRBase precursor id	total read count	mature read count(s)	star read count	remaining reads	UCSC browser	NCBI blastn	miRBase mature sequence(s)	miRBase star sequence(s)	miRBase precursor sequence
13	13	0	0	-	-	ucagguacugagugacucucag	gagagcaccucgguaucuaagc	-	cauucgcaauuucaccgguucagguacugagugacucucagaugugcauuucucaagcaaucucguccucaggaccugagguugaaaaacccugagagcaccucgguaucuaagccaguguugcgaaaa	
13	13	0	0	-	-	ugguuuaucuuaucugucgaggc	gucgacagggagauaaaucacu	-	cauugguuuaucuuaucugucgaggcaaguuauuuuaccggauaguguuucuuuucgugagcaaucaccacuauccagcucuucuugucgacagggagauaaaucacug	
7	7	0	0	-	-	cacguuacagauugggguuucc	uaaucucaaauuguaacagugg	-	gagguaaucucaaauuguaacaguggguugauuuuccuggugaaucccggccuuguccuccgucacaagugugacaagugucucgaaaacguguucgcuauacccacguuacagauugggguuucccc	
4	4	0	0	-	-	uucaugcauucacuucugcuga	-	gauaagcaggagugaaugcaugaguuuggcauuugaaacuaauucaugcauucacuucugcugauc	
1	1	0	0	-	-	caaccacuauccgcccugccgcc	uggcagugugguuagcugguug	-	caaggcaauacgcuauggcagugugguuagcugguuguguagaacuuuggggggcuuccguggcguucgcgcgcacacgggggcucagauucacaaccacuauccgcccugccgccgcgaggugccagg	
1	1	0	0	-	-	aagagagcuauccgucgac	ugucauggaauugcucucuuua	-	ugguuucgaauaugaaaauaaagagagcuauccgucgacaguagggauaugauucacugucauggaauugcucucuuuauguacaauucgauauuca	



























































































