miRDeep2 score	novel miRNAs reported by miRDeep2	novel miRNAs, estimated false positives	novel miRNAs, estimated true positives	known miRNAs in species	known miRNAs in data	known miRNAs detected by miRDeep2	estimated signal-to-noise	excision gearing
10	0	0 +/- 0	0 +/- 0 (0 +/- 0%)	164	93	12 (13%)	10.4	1
9	0	0 +/- 0	0 +/- 0 (0 +/- 0%)	164	93	12 (13%)	10.4	1
8	0	0 +/- 0	0 +/- 0 (0 +/- 0%)	164	93	12 (13%)	10.4	1
7	0	0 +/- 0	0 +/- 0 (0 +/- 0%)	164	93	12 (13%)	10.4	1
6	0	0 +/- 0	0 +/- 0 (0 +/- 0%)	164	93	12 (13%)	10.4	1
5	1	1 +/- 1	1 +/- 0 (56 +/- 50%)	164	93	44 (47%)	34.8	1
4	1	1 +/- 1	1 +/- 1 (53 +/- 50%)	164	93	68 (73%)	44.2	1
3	1	4 +/- 2	0 +/- 0 (2 +/- 14%)	164	93	72 (77%)	10.5	1
2	1	5 +/- 2	0 +/- 0 (0 +/- 0%)	164	93	72 (77%)	8.3	1
1	8	7 +/- 2	2 +/- 2 (23 +/- 22%)	164	93	76 (82%)	7.1	1
0	9	17 +/- 3	0 +/- 0 (0 +/- 0%)	164	93	77 (83%)	3	1
-1	12	32 +/- 5	0 +/- 0 (0 +/- 0%)	164	93	80 (86%)	1.9	1
-2	13	44 +/- 6	0 +/- 0 (0 +/- 0%)	164	93	81 (87%)	1.4	1
-3	17	54 +/- 6	0 +/- 0 (0 +/- 0%)	164	93	82 (88%)	1.3	1
-4	25	63 +/- 7	0 +/- 0 (0 +/- 0%)	164	93	85 (91%)	1.2	1
-5	36	69 +/- 7	0 +/- 0 (0 +/- 0%)	164	93	86 (92%)	1.3	1
-6	42	82 +/- 7	0 +/- 0 (0 +/- 0%)	164	93	86 (92%)	1.2	1
-7	51	90 +/- 8	0 +/- 0 (0 +/- 0%)	164	93	86 (92%)	1.2	1
-8	56	96 +/- 7	0 +/- 0 (0 +/- 0%)	164	93	86 (92%)	1.1	1
-9	63	101 +/- 7	0 +/- 0 (0 +/- 0%)	164	93	86 (92%)	1.1	1
-10	72	105 +/- 7	0 +/- 0 (0 +/- 0%)	164	93	86 (92%)	1.2	1



novel miRNAs predicted by miRDeep2
provisional id	miRDeep2 score	estimated probability that the miRNA candidate is a true positive	rfam alert	total read count	mature read count	loop read count	star read count	significant randfold p-value	miRBase miRNA	example miRBase miRNA with the same seed	UCSC browser	NCBI blastn	consensus mature sequence	consensus star sequence	consensus precursor sequence	precursor coordinate
3_663	5.3	56 +/- 50%	-	387	387	0	0	yes	-	dme-miR-971-3p	-	-	uugguguuauaucuuacagugag	ggcuguaaguauuacagcaagc	ggcuguaaguauuacagcaagcuugcuauucgaaaggcgcuugguguuauaucuuacagugag	3:82678953..82679016:+
3_1105	1.9	23 +/- 22%	-	320	320	0	0	yes	-	-	-	-	cagcuucuacugagaagcuuu	agcuucuccugagaagcuuuc	cagcuucuacugagaagcuuuccagcuucuccugagaagcuuuc	3:373408556..373408600:-
3_645	1.9	23 +/- 22%	-	320	320	0	0	yes	-	-	-	-	cagcuucuacugagaagcuuu	agcuuuccagcuucugcugag	agcuuuccagcuucugcugagaaguuuuccagcuucugcugagaagcuuuccagcuucuacugagaagcuuu	3:37344092..37344164:+
3_876	1.5	23 +/- 22%	-	1332	1332	0	0	yes	-	-	-	-	guaggccggcggaaacuacuugc	aagggguuucuuucggccuccag	aagggguuucuuucggccuccagcggcauuagauaguuguaggccggcggaaacuacuugc	3:6069685..6069746:-
2_258	1.5	23 +/- 22%	-	229	229	0	0	yes	-	-	-	-	auuuggaucggauuuggauug	auuuggauucgauucagauca	auuuggaucggauuuggauuggauuuggauuggaguugaauugcauuuggauuagauuuggauucgauucagauca	2:422451482..422451558:+
2_176	1.3	23 +/- 22%	-	2	1	0	1	yes	-	-	-	-	auuuggaucggauuuggaucg	auuuggauuggauuuggauug	auuuggaucggauuuggaucggauuucgauuuggauuuggauuggauuaaauugaauuggauuuggauuggauuuggauug	2:300099565..300099646:+
1_1436	1.2	23 +/- 22%	-	333	333	0	0	yes	-	-	-	-	uugcuggagugguucccaaac	uuggguugaagcuucgcgaga	uuggguugaagcuucgcgagaagaagacgucuucuugcuggagugguucccaaac	1:102197731..102197786:-
2_257	1.2	23 +/- 22%	-	229	229	0	0	yes	-	-	-	-	auuuggaucggauuuggauug	auuuggauuggaucuggauug	auuuggauuggaucuggauuggauuuggauuggauuuggaucggauuuggauug	2:422451449..422451503:+
1_1421	0.7	0 +/- 0%	-	157	157	0	0	yes	-	-	-	-	aaacaugcacggaagggcc	cccuuuuaugaccaguuag	aaacaugcacggaagggccaaucugaauuugauggaaauuuucaguuaggcccuuuuaugaccaguuag	1:57178664..57178733:-



mature miRBase miRNAs detected by miRDeep2
tag id	miRDeep2 score	estimated probability that the miRNA is a true positive	rfam alert	total read count	mature read count	loop read count	star read count	significant randfold p-value	mature miRBase miRNA	example miRBase miRNA with the same seed	UCSC browser	NCBI blastn	consensus mature sequence	consensus star sequence	consensus precursor sequence	precursor coordinate
1_1507	2011.5	0 +/- 0%	-	3946	3659	0	287	no	aae-miR-252-5p	dme-miR-252-5p	-	-	cuaaguacuagugccgcaggag	cugcugcccaagugcuuaucg	cuaaguacuagugccgcaggagagauuugaaccccugcugcccaagugcuuaucg	1:175818157..175818212:-
2_364	2005.8	0 +/- 0%	-	3926	3859	0	67	yes	aae-miR-13-5p	dme-miR-2a-3p	-	-	uaucacagccauuuugacgaguu	ucguaaaaaugguugugcugu	ucguaaaaaugguugugcuguguuguuacgcucgaaauucauaucacagccauuuugacgaguu	2:107237649..107237713:-
2_369	1658.9	0 +/- 0%	-	3252	2464	0	788	yes	aae-miR-71-5p	-	-	-	agaaagacauggguagugagau	ucucacuaccuugucuuucaug	agaaagacauggguagugagauaguuucacccuauugcacugggaucucacuaccuugucuuucaug	2:107238287..107238354:-
1_2202	726.9	0 +/- 0%	-	1418	1008	0	410	yes	aae-miR-1175-5p	dme-miR-958-3p	-	-	ugagauucuacuucuccgacuuaa	aaguggaguaguggucucaucgc	aaguggaguaguggucucaucgcuuaguauuagaaaagugagauucuacuucuccgacuuaa	1:307010044..307010106:-
2_74	455.9	0 +/- 0%	-	887	886	0	1	yes	aae-miR-9a	dme-miR-9a-5p	-	-	ucuuugguuaucuagcuguauga	auaaagcuagcauaccgaaguua	ucuuugguuaucuagcuguaugagugaauuuagaacaucauaaagcuagcauaccgaaguua	2:108461947..108462009:+
2_557	382.1	0 +/- 0%	-	749	671	0	78	yes	aae-miR-1891	-	-	-	ugaggaguuaauuugcguguuu	acacguccauuaacucuggua	ugaggaguuaauuugcguguuuuuguauuugauuaaacacguccauuaacucuggua	2:360084868..360084925:-
2_538	164.2	0 +/- 0%	-	314	313	0	1	yes	aae-miR-9c-5p	dme-miR-9c-3p	-	-	uaaagcuuuaguaccagaggucc	ucuuugguauucuagcuguaga	ucuuugguauucuagcuguagaauguugagcuuugugauaugguaucuucuaaagcuuuaguaccagaggucc	2:335810363..335810436:-
1_1286	5.4	56 +/- 50%	-	365	365	0	0	yes	aae-miR-929	dme-miR-929-5p	-	-	aaauugacucuaguagggaguc	cucccuaacggagucagauuga	aaauugacucuaguagggaguccuuguguacgagugacucccuaacggagucagauuga	1:198495526..198495585:+
3_914	5.4	56 +/- 50%	-	790	790	0	0	yes	aae-miR-11-5p	dme-miR-2a-3p	-	-	caucacagucugaguucuugcu	cgagaacuccggcugugaccugug	cgagaacuccggcugugaccuguguacacuuuauccaaaucacaucacagucugaguucuugcu	3:75489864..75489928:-
2_360	5.4	56 +/- 50%	-	6662	6662	0	0	yes	aae-miR-2c	dme-miR-2a-3p	-	-	uaucacagccagcuuugaugagcu	cucucaaaguggcugugaaaug	cucucaaaguggcugugaaaugguuugauuuugcucauaucacagccagcuuugaugagcu	2:107235884..107235945:-
3_912	5.4	56 +/- 50%	-	562	562	0	0	yes	aae-miR-998	dme-miR-285-3p	-	-	uagcaccaugagauucagcuc	acugaacucucgugggucugca	acugaacucucgugggucugcaguugauauuucgaaagcuuguagcaccaugagauucagcuc	3:75489589..75489652:-
3_776	5.3	56 +/- 50%	-	873	873	0	0	yes	aae-miR-307	dme-miR-307a-5p	-	-	acucacucaaccugggugugaug	ucacaaccuccuugagugagcga	acucacucaaccugggugugaugcuuauuugaaucaucacaaccuccuugagugagcga	3:244794376..244794435:+
3_1040	5.3	56 +/- 50%	-	234	234	0	0	yes	aae-miR-278-5p	dme-miR-278-3p	-	-	ucggugggacuuucguccguuu	acggacgauagucuucagcggcc	acggacgauagucuucagcggccgugcauuugauagaaguggucggugggacuuucguccguuu	3:243123888..243123952:-
1_1415	5.3	56 +/- 50%	-	311	311	0	0	yes	aae-miR-33	dme-miR-33-5p	-	-	gugcauuguaguugcauugc	aauacuucugcaaugcaagc	gugcauuguaguugcauugcacuuuugcguucgauaacacggugcaauacuucugcaaugcaagc	1:50888881..50888946:-
2_61	5.3	56 +/- 50%	-	617	617	0	0	yes	aae-miR-988-5p	dme-miR-988-3p	-	-	ccccuuguugcaaaccucacgc	gugugcuuugugacaaugag	gugugcuuugugacaaugagauucgguucgauaucauccccuuguugcaaaccucacgc	2:93351380..93351439:+
2_362	5.2	56 +/- 50%	-	17133	17133	0	0	yes	aae-miR-2a-5p	dme-miR-2a-3p	-	-	uaucacagccagcuuugaagagcg	cucucaaagugguugugaaaug	cucucaaagugguugugaaaugaguuacucuugaacgaucucauaucacagccagcuuugaagagcg	2:107237501..107237568:-
2_191	5.2	56 +/- 50%	-	3009	3009	0	0	yes	aae-miR-275-5p	dme-miR-275-3p	-	-	ucagguaccugaaguagcgcgcg	cgcgcuaagcaggaaccgagacu	cgcgcuaagcaggaaccgagacuuugucauuugcuagcagucagguaccugaaguagcgcgcg	2:307135668..307135731:+
1_2194	5.2	56 +/- 50%	-	16619	16619	0	0	yes	aae-miR-317	dme-miR-317-3p	-	-	ugaacacagcuggugguaucuca	ggauacacccugugcucgcu	ggauacacccugugcucgcuuugcauucgaaacuagugaacacagcuggugguaucuca	1:302667131..302667190:-
1_2192	5.2	56 +/- 50%	-	37350	37350	0	0	yes	aae-miR-277-5p	dme-miR-277-3p	-	-	uaaaugcacuaucugguacgaca	gcgugucagaagugcauuuaca	gcgugucagaagugcauuuacauagguauuucccguuuagcaguauuuguaaaugcacuaucugguacgaca	1:302603812..302603884:-
2_336	5.1	56 +/- 50%	-	1154	1072	0	82	yes	aae-miR-276-5p	dme-miR-276a-3p	-	-	uaggaacuucauaccgugcucu	gagguauagaguuccuacg	gagguauagaguuccuacguugcgugugcgaaauugguaggaacuucauaccgugcucu	2:73120452..73120511:-
2_353	5.1	56 +/- 50%	-	1395	1395	0	0	yes	aae-miR-282-5p	dme-miR-282-5p	-	-	uagccucuccuaggcuuugucu	acauagccugacagagguuagg	uagccucuccuaggcuuugucuguuaccuuccuugggaauuccacuagccagacauagccugacagagguuagg	2:96911966..96912040:-
2_338	5.1	56 +/- 50%	-	1074	1074	0	0	yes	aae-miR-276-3p	dme-miR-276a-3p	-	-	uaggaacuucauaccgugcucu	agcgagguauagaguuccuaug	agcgagguauagaguuccuaugcguucggauaaaauauuccauaggaacuucauaccgugcucu	2:73509399..73509463:-
2_229	5.1	56 +/- 50%	-	1090	1090	0	0	yes	aae-miR-2945-5p	dme-miR-279-3p	-	-	ugacuagaggcagacucguuua	agcggguccguuucuagugucaug	agcggguccguuucuagugucaugugcuguauucgaauaucaugacuagaggcagacucguuua	2:374947142..374947206:+
2_368	5.1	56 +/- 50%	-	3375	3375	0	0	yes	aae-miR-2c	dme-miR-2a-3p	-	-	uaucacagccagcuuugauga	aucaaauuugguuguuuuagu	aucaaauuugguuguuuuaguacgaccucuuugaaaccccuaucacagccagcuuugauga	2:107237998..107238059:-
3_932	5.1	56 +/- 50%	-	1856	1856	0	0	yes	aae-miR-92b-3p	dme-miR-92a-3p	-	-	aauugcacuugucccggccugc	aggucgugacuugugcccauuug	aggucgugacuugugcccauuugcugaauuuuaauggucaaauugcacuugucccggccugc	3:93418515..93418577:-
1_2199	5.1	56 +/- 50%	-	110169	110169	0	0	yes	aae-miR-283	dme-miR-283-5p	-	-	caauaucagcugguaauucuggg	cggaauuccaacugauauccac	caauaucagcugguaauucugggcuuaccccaccguuauacgcuucccggaauuccaacugauauccac	1:305625600..305625669:-
2_232	5.1	56 +/- 50%	-	286	286	0	0	yes	aae-miR-100	dme-miR-100-5p	-	-	aacccguagauccgaacuugug	caagaacggauguaugggauuc	aacccguagauccgaacuugugcugccguuucacauguuacaagaacggauguaugggauuc	2:375117351..375117413:+
1_1327	5	56 +/- 50%	-	2190	2190	0	0	yes	aae-miR-996	dme-miR-279-3p	-	-	ugacuagauuacaugcucgucu	gcgugcaugaaucuggugcacg	gcgugcaugaaucuggugcacgguuuuccaguuguaauaucgcuucgugacuagauuacaugcucgucu	1:207012536..207012605:+
3_1116	5	56 +/- 50%	-	13656	13656	0	0	yes	aae-miR-308-5p	dme-miR-2a-3p	-	-	aaucacaggaguauacugugag	cgcgguauauucuuguggcuug	cgcgguauauucuuguggcuugaugcauuugaaaaaucucaaaucacaggaguauacugugag	3:403338483..403338546:-
2_582	5	56 +/- 50%	-	14881	14881	0	0	yes	aae-miR-184	dme-miR-184-3p	-	-	uggacggagaacugauaagggc	ccuuaucauucuugcgccccgu	ccuuaucauucuugcgccccguguuauauuguuggcgacuggacggagaacugauaagggc	2:417599380..417599441:-
NIGP01000533_2296	4.9	53 +/- 50%	-	394	394	0	0	yes	aae-miR-970	dme-miR-970-3p	-	-	ucauaagacacacgcggcuau	agcuugcguuugucuuagcuggua	agcuugcguuugucuuagcugguauugaaugugauagguaucauaagacacacgcggcuau	NIGP01000533:10107..10168:-
2_259	4.9	53 +/- 50%	-	315	315	0	0	yes	aae-miR-965	dme-miR-965-3p	-	-	uaagcguauagcuuuucccauu	ggggaaauccuguacgcuguaug	ggggaaauccuguacgcuguauguuguauuugaauaauccauaagcguauagcuuuucccauu	2:429778750..429778813:+
2_351	4.9	53 +/- 50%	-	7664	6910	0	754	yes	aae-miR-281-5p	dme-miR-281-2-5p	-	-	aagagagcuauccgucgacagu	ugucauggaauugcucucuuuau	aagagagcuauccgucgacaguagggauaugauucacugucauggaauugcucucuuuau	2:96469360..96469420:-
2_531	4.9	53 +/- 50%	-	864	864	0	0	yes	aae-miR-9b	dme-miR-9a-5p	-	-	ucuuuggugauuuuagcuguaug	uauagcuuuaucaccaaaaacc	ucuuuggugauuuuagcuguaugcugauacguuucugauugcauauagcuuuaucaccaaaaacc	2:335780574..335780639:-
1_1265	4.9	53 +/- 50%	-	394	394	0	0	yes	aae-miR-970	dme-miR-970-3p	-	-	ucauaagacacacgcggcuau	agcuugcguuugucuuagcuggua	agcuugcguuugucuuagcugguauugaaugugauagguaucauaagacacacgcggcuau	1:157238423..157238484:+
2_227	4.8	53 +/- 50%	-	335	335	0	0	yes	aae-miR-124	dme-miR-124-3p	-	-	uaaggcacgcggugaaugccaa	gguauccacugccggccuauaug	gguauccacugccggccuauauguccuauuucgguacucauaaggcacgcggugaaugccaa	2:369307279..369307341:+
2_317	4.8	53 +/- 50%	-	1142	1142	0	0	yes	aae-miR-190	dme-miR-190-5p	-	-	agauauguuugauauucuugguug	cccaggaaucaaacauauuauua	agauauguuugauauucuugguuguuaaauuuuauauuaucacccaggaaucaaacauauuauua	2:48811877..48811942:-
2_234	4.8	53 +/- 50%	-	1526	1526	0	0	yes	aae-let-7	dme-let-7-5p	-	-	ugagguaguugguuguauagu	uaugcaaucugcuagcuuguc	ugagguaguugguuguauaguagugacugauuaaauaucugcuaugcaaucugcuagcuuguc	2:375131497..375131560:+
1_1231	4.7	53 +/- 50%	-	19	19	0	0	yes	aae-miR-981	dme-miR-981-3p	-	-	uucguugucgacgaaaccugca	cggguuucgcggcgaacgggcu	cggguuucgcggcgaacgggcuuccaccaugaugaauagcaguucguugucgacgaaaccugca	1:118556348..118556412:+
1_1325	4.7	53 +/- 50%	-	704	704	0	0	yes	aae-miR-279	dme-miR-279-3p	-	-	ugacuagauccacacucauuaa	gaugggugugaaucuaguguuucaca	gaugggugugaaucuaguguuucacaugauuuucgauagccugugacuagauccacacucauuaa	1:207007788..207007853:+
2_236	4.6	53 +/- 50%	-	662	662	0	0	yes	aae-miR-125-5p	dme-miR-125-5p	-	-	ucccugagacccuaacuuguga	acaaguuuugaucuccgguauu	ucccugagacccuaacuugugacuauaguugaaguuucacaaguuuugaucuccgguauu	2:375131781..375131841:+
2_213	4.6	53 +/- 50%	-	1093	1093	0	0	yes	aae-miR-14	dme-miR-14-3p	-	-	ucagucuuuuucucucuccuau	gggagcgagauuaaggcuugcu	gggagcgagauuaaggcuugcuggucauuuauuacacucgaagucagucuuuuucucucuccuau	2:344767572..344767637:+
2_209	4.6	53 +/- 50%	-	660	660	0	0	yes	aae-miR-133	dme-miR-133-3p	-	-	uugguccccuucaaccagcugu	agcugguugacuucgggucaaau	agcugguugacuucgggucaaaucgucaaauauuugcaaagauauuuccucagugaaauuauuugguccccuucaaccagcugu	2:330417065..330417149:+
2_572	4.6	53 +/- 50%	-	15944	15944	0	0	yes	aae-miR-1	dme-miR-1-3p	-	-	uggaauguaaagaaguauggag	ccaugcuuccuugcauucaaua	ccaugcuuccuugcauucaauagugauucugaaagcauauggaauguaaagaaguauggag	2:399501023..399501084:-
1_2195	4.6	53 +/- 50%	-	36778	36778	0	0	yes	aae-miR-12-5p	dme-miR-12-5p	-	-	ugaguauuacaucagguacuggu	caguacuuauguuaugcucucu	ugaguauuacaucagguacuggugucgauauucgaaucaccaacgaaucggguuccuuugauuaacuuaccaguacuuauguuaugcucucu	1:305613548..305613640:-
2_543	4.5	53 +/- 50%	-	362	362	0	0	yes	aae-miR-263a-5p	dme-miR-263a-5p	-	-	aauggcacuggaagaauucacg	uguucuggcaguggcauccc	aauggcacuggaagaauucacggguauauuuugaaauccccguguucuggcaguggcauccc	2:348784448..348784510:-
2_393	4.5	53 +/- 50%	-	785	785	0	0	yes	aae-miR-263b-5p	dme-miR-263b-5p	-	-	cuuggcacugggagaauucacag	guggaucuuuucgugccaucgu	cuuggcacugggagaauucacaggcgcuauuugcuaucauucuguggaucuuuucgugccaucgu	2:153371131..153371196:-
3_825	4.4	53 +/- 50%	-	3477	3477	0	0	yes	aae-miR-8-5p	dme-miR-8-3p	-	-	uaauacugucagguaaagaugucg	acaucuuaccgggcagcauuaga	acaucuuaccgggcagcauuagauauuuuugaaauacuucuaauacugucagguaaagaugucg	3:328527954..328528018:+
2_194	4	53 +/- 50%	-	10653	10653	0	0	yes	aae-miR-305-5p	dme-miR-305-5p	-	-	auuguacuucaucaggugcucugg	ccggcacauguuggaguacacuua	auuguacuucaucaggugcucugguuguuuucgauacccggcacauguuggaguacacuua	2:307145445..307145506:+
3_704	3.8	2 +/- 14%	-	4369	4369	0	0	yes	aae-miR-31	dme-miR-31b-5p	-	-	uggcaagauguuggcauagcug	gcuauucaacuucuugucuau	uggcaagauguuggcauagcugaaaguuuugaguuuagcuauucaacuucuugucuau	3:136174150..136174208:+
2_136	3.7	2 +/- 14%	-	3128	3128	0	0	yes	aae-miR-7	dme-miR-7-5p	-	-	uggaagacuagugauuuuguuguu	uaacaauaaaucucaagucuuucuac	uggaagacuagugauuuuguuguuuugcuuacgauaauaacaauaaaucucaagucuuucuac	2:222802544..222802607:+
3_743	3.5	2 +/- 14%	-	7394	7394	0	0	yes	aae-bantam-5p	dme-bantam-3p	-	-	ugagaucauuuugaaagcugauu	ccgguuuucauuuucgaucugacu	ccgguuuucauuuucgaucugacuuauuugauuuaacaagagugagaucauuuugaaagcugauu	3:178082830..178082895:+
2_192	3	2 +/- 14%	-	3009	3009	0	0	yes	aae-miR-275-3p	dme-miR-275-3p	-	-	ucagguaccugaaguagcgcgcg	ucaucaagcgacaacagaggcgugaaa	ucagguaccugaaguagcgcgcgugaucaaacaggaagcgucaucaagcgacaacagaggcgugaaa	2:307135708..307135775:+
3_874	1.8	23 +/- 22%	-	5	5	0	0	yes	aae-miR-980-5p	dme-miR-980-3p	-	-	uagcugccuagugaagggcaau	ggccguucauugggucaucuagc	ggccguucauugggucaucuagcucguguuggaaacaguuagcugccuagugaagggcaau	3:1054523..1054584:-
2_580	1.4	23 +/- 22%	-	951	951	0	0	yes	aae-miR-1890	-	-	-	ugaaaucuuugauuaggucugg	agagcuaauuggagaguucuug	agagcuaauuggagaguucuugaauaguguugugaaccuucaugaaaucuuugauuaggucugg	2:413654961..413655025:-
3_1102	1.2	23 +/- 22%	-	405	405	0	0	yes	aae-miR-989	-	-	-	gaugugacguagugguac	gccgcuaccucgcuuucac	gccgcuaccucgcuuucacuugguaccgauuucccauaauccaugugaugugacguagugguac	3:366439082..366439146:-
2_62	1	23 +/- 22%	-	617	617	0	0	no	aae-miR-988-3p	dme-miR-988-3p	-	-	ccccuuguugcaaaccucacgc	ggcagguaggggcaaugggggc	ccccuuguugcaaaccucacgcuugcgguagguuccacaacugcugagagguggcagguaggggcaaugggggc	2:93351417..93351491:+
1_1153	0.2	0 +/- 0%	-	1378	1378	0	0	no	aae-miR-210	dme-miR-210-3p	-	-	cuugugcgugugacaacggcuauu	cagcugcugaccacugcacaagau	cagcugcugaccacugcacaagauuagauuaugacucuugugcgugugacaacggcuauu	1:54892616..54892676:+
3_1120	-0.4	0 +/- 0%	-	3	3	0	0	yes	aae-miR-285	dme-miR-285-3p	-	-	uagcaccauucgaaaucaguac	acuggcuuccaaaggugaguaga	acuggcuuccaaaggugaguagauggcauucgauacacucuagcaccauucgaaaucaguac	3:406875046..406875108:-
3_934	-0.6	0 +/- 0%	-	1	1	0	0	yes	aae-miR-92a-5p	dme-miR-92a-3p	-	-	uauugcacuugucccggccuau	cgguacggacaggggcaacauu	cgguacggacaggggcaacauugugacauuugaaagcuaauauugcacuugucccggccuau	3:93477596..93477658:-
3_845	-1.9	0 +/- 0%	-	1	1	0	0	yes	aae-miR-193	dme-miR-193-3p	-	-	uacuggccuacuaagucccaac	ugggauuuuguggaccagaaga	ugggauuuuguggaccagaagauuuccuccauucgauaauagcuacuggccuacuaagucccaac	3:360501795..360501860:+
2_352	-2.3	0 +/- 0%	-	6910	6910	0	0	no	aae-miR-281-5p	dme-miR-281-2-5p	-	-	aagagagcuauccgucgacagu	cguugacgugggauuuuuuug	cguugacgugggauuuuuuuguucauuuuguucuuucgcugguuucgaauaugaaaauaaagagagcuauccgucgacagu	2:96469398..96469479:-
2_324	-2.9	0 +/- 0%	-	2	2	0	0	yes	aae-miR-11894b	-	-	-	uuuaccauuucaauaugacc	ucguauugaaaugguaaaga	ucguauugaaaugguaaagagugucaaucaucaucuuuaccauuucaauaugacc	2:58784592..58784647:-
3_939	-3.9	0 +/- 0%	-	1	1	0	0	yes	aae-miR-2765	-	-	-	ugguaacuccaccaccguugg	aaugggagcuggaguucccgcg	ugguaacuccaccaccguuggcgauauuugacagccaaugggagcuggaguucccgcg	3:101895454..101895512:-
2_534	-3.9	0 +/- 0%	-	1	1	0	0	yes	aae-miR-79-5p	-	-	-	aaagcuagauuaccaaagcau	gcuuuggcgcuuuagcuguau	gcuuuggcgcuuuagcuguaugauagaauuuaauauuucauaaagcuagauuaccaaagcau	2:335780884..335780946:-
2_498	-4.7	0 +/- 0%	-	1	1	0	0	yes	aae-miR-2941	-	-	-	acggcuagaacuccacgga	cgugaagcucagcugcau	cgugaagcucagcugcauuacacgauauggaauacgguuuguaguacggcuagaacuccacgga	2:268456314..268456378:-

#miRBase miRNAs not detected by miRDeep2
miRBase precursor id	total read count	mature read count(s)	star read count	remaining reads	UCSC browser	NCBI blastn	miRBase mature sequence(s)	miRBase star sequence(s)	miRBase precursor sequence
20045	20045	0	0	-	-	caaccacuauccgcccugccgcc	uggcagugugguuagcugguug	-	caaggcaauacgcuauggcagugugguuagcugguuguguagaacuuuggggggcuuccguggcguucgcgcgcacacgggggcucagauucacaaccacuauccgcccugccgccgcgaggugccagg	
9590	9590	0	0	-	-	cacguuacagauugggguuucc	uaaucucaaauuguaacagugg	-	gagguaaucucaaauuguaacaguggguugauuuuccuggugaaucccggccuuguccuccgucacaagugugacaagugucucgaaaacguguucgcuauacccacguuacagauugggguuucccc	
4445	4445	0	0	-	-	ucagguacugagugacucucag	gagagcaccucgguaucuaagc	-	cauucgcaauuucaccgguucagguacugagugacucucagaugugcauuucucaagcaaucucguccucaggaccugagguugaaaaacccugagagcaccucgguaucuaagccaguguugcgaaaa	
3988	3988	0	0	-	-	ugguuuaucuuaucugucgaggc	gucgacagggagauaaaucacu	-	cauugguuuaucuuaucugucgaggcaaguuauuuuaccggauaguguuucuuuucgugagcaaucaccacuauccagcucuucuugucgacagggagauaaaucacug	
2031	2031	0	0	-	-	ugucuuuuuccgcuuacugccg	-	ccaacauuuugauugauuugucuuuuuccgcuuacugccgguggcauuugaaauucucgacagcaaaccgaaaaaggcgccucaaucaauu	
5	4	0	1	-	-	uguuaacuguaagacugugucu	-	gcagggacgcggucgugcaggaaauuauuuggcauuagauucaaauguuaacuguaagacugugucuuugcgggugauc	





























































