miRDeep2 score	novel miRNAs reported by miRDeep2	novel miRNAs, estimated false positives	novel miRNAs, estimated true positives	known miRNAs in species	known miRNAs in data	known miRNAs detected by miRDeep2	estimated signal-to-noise	excision gearing
10	3	0 +/- 0	3 +/- 0 (97 +/- 9%)	164	110	45 (41%)	130.8	1
9	4	0 +/- 0	4 +/- 0 (98 +/- 7%)	164	110	45 (41%)	129.6	1
8	4	0 +/- 0	4 +/- 0 (98 +/- 8%)	164	110	45 (41%)	125	1
7	4	0 +/- 0	4 +/- 0 (97 +/- 8%)	164	110	45 (41%)	116.7	1
6	5	0 +/- 0	5 +/- 0 (97 +/- 7%)	164	110	45 (41%)	112.5	1
5	9	0 +/- 1	9 +/- 1 (98 +/- 6%)	164	110	52 (47%)	109.5	1
4	9	0 +/- 1	9 +/- 1 (96 +/- 7%)	164	110	65 (59%)	103.8	1
3	12	1 +/- 1	11 +/- 1 (96 +/- 6%)	164	110	71 (65%)	78.5	1
2	15	1 +/- 1	14 +/- 1 (94 +/- 6%)	164	110	75 (68%)	53.4	1
1	21	2 +/- 1	19 +/- 1 (92 +/- 6%)	164	110	84 (76%)	33	1
0	31	5 +/- 2	26 +/- 2 (84 +/- 7%)	164	110	88 (80%)	15.7	1
-1	43	12 +/- 3	31 +/- 3 (73 +/- 7%)	164	110	90 (82%)	8	1
-2	63	32 +/- 5	31 +/- 5 (49 +/- 8%)	164	110	90 (82%)	3.8	1
-3	118	57 +/- 7	61 +/- 7 (52 +/- 6%)	164	110	91 (83%)	3.1	1
-4	240	99 +/- 9	141 +/- 9 (59 +/- 4%)	164	110	95 (86%)	3.1	1
-5	358	238 +/- 12	120 +/- 12 (34 +/- 3%)	164	110	96 (87%)	1.8	1
-6	434	518 +/- 17	0 +/- 0 (0 +/- 0%)	164	110	97 (88%)	1	1
-7	493	819 +/- 20	0 +/- 0 (0 +/- 0%)	164	110	97 (88%)	0.7	1
-8	620	1067 +/- 22	0 +/- 0 (0 +/- 0%)	164	110	98 (89%)	0.7	1
-9	843	1289 +/- 24	0 +/- 0 (0 +/- 0%)	164	110	99 (90%)	0.7	1
-10	1041	1482 +/- 26	0 +/- 0 (0 +/- 0%)	164	110	99 (90%)	0.8	1



novel miRNAs predicted by miRDeep2
provisional id	miRDeep2 score	estimated probability that the miRNA candidate is a true positive	rfam alert	total read count	mature read count	loop read count	star read count	significant randfold p-value	miRBase miRNA	example miRBase miRNA with the same seed	UCSC browser	NCBI blastn	consensus mature sequence	consensus star sequence	consensus precursor sequence	precursor coordinate
3_18290	17	97 +/- 9%	-	31	28	0	3	yes	-	-	-	-	cuagaggcagcaacagccgcu	uggcuguugcugccucaaggc	cuagaggcagcaacagccgcucaaauuuccuugcguggcuguugcugccucaaggc	3:87522478..87522534:+
3_28502	15.6	97 +/- 9%	-	28	24	0	4	yes	-	-	-	-	cuagaggcagcaacagccgcu	cagcuguugcugccucaaggc	cuagaggcagcaacagccgcucagaauuuccuugcgcagcuguugcugccucaaggc	3:206376428..206376485:-
1_35471	15.4	97 +/- 9%	-	27	24	0	3	yes	-	-	-	-	cuagaggcagcaacagccgcu	uggcuguugcugccucaaggc	cuagaggcagcaacagccgcucaaaauuuccuugcguggcuguugcugccucaaggc	1:204464204..204464261:+
3_26032	9.2	98 +/- 7%	-	16	12	0	4	yes	-	-	-	-	ugaggcgucuucugguggcugg	agucaccaucugauacugacg	agucaccaucugauacugacggaggauggaugugcuccccaaagcacgguccuccgugaggcgucuucugguggcugg	3:85459296..85459374:-
1_34985	6.3	97 +/- 7%	-	18	14	0	4	no	-	-	-	-	ugaggcgucuucugguggcugg	agucaccaucugauacugacg	agucaccaucugauacugacggaggauggaugugcuccccaaagcacgguccuccgugaggcgucuucugguggcugg	1:172277393..172277471:+
NIGP01000112_46376	5.6	98 +/- 6%	-	9	4	0	5	yes	-	-	-	-	agucaccaucugauacugacg	ugaggcgucuucugguggcugac	agucaccaucugauacugacggaggauggaugugcuccccaaaagcacgguccuccgugaggcgucuucugguggcugac	NIGP01000112:24245..24325:-
3_17895	5.5	98 +/- 6%	-	9	6	0	3	yes	-	-	-	-	ucaccaauaccacuaucaggaaga	uuucugauagugguguuaguuu	ucaccaauaccacuaucaggaagagcuaacaccaaucuuucugauagugguguuaguuu	3:55033417..55033476:+
2_15785	5.4	98 +/- 6%	-	9	6	0	3	yes	-	-	-	-	ucaccaauaccacuaucaggaaga	uuucugauagugguguuaguuu	ucaccaauaccacuaucaggaagagcuaacaccaaucuuucugauagugguguuaguuu	2:422901087..422901146:-
2_12553	5	98 +/- 6%	-	12	6	0	6	yes	-	-	-	-	uuccaggugggaguuaucugauau	aacagaauuuuccaucugaacg	uuccaggugggaguuaucugauaugugaauaugguaccauaacagaauuuuccaucugaacg	2:248040634..248040696:-
NIGP01001040_46379	3.8	96 +/- 6%	-	5	4	0	1	yes	-	-	-	-	cagcuguugcugccucaaggc	cuagagacagcaacagccgcu	cuagagacagcaacagccgcucaaaauuuccuugcgcagcuguugcugccucaaggc	NIGP01001040:18233..18290:+
3_27301	3.6	96 +/- 6%	-	5	4	0	1	yes	-	-	-	-	agucaccaucugauacugacg	gugcggcgucuucugguggcug	agucaccaucugauacugacggaggauggauguguuccccuaagcacgguccuccgugcggcgucuucugguggcug	3:141861108..141861185:-
2_10657	3.5	96 +/- 6%	-	5	3	0	2	yes	-	-	-	-	uuucugauagugguguuaguuu	accaauaccacuauuaggaaga	accaauaccacuauuaggaagagcuaacaccaaucuuucugauagugguguuaguuu	2:155085421..155085478:-
1_40857	2.7	94 +/- 6%	-	24	24	0	0	yes	-	-	-	-	cuagaggcagcaacagccgcu	uggcuguugcugccucuaggc	cuagaggcagcaacagccgcucaaaauuuccuuggcuguugcugccucuaggc	1:193236086..193236139:-
1_44213	2.4	94 +/- 6%	-	24	24	0	0	yes	-	-	-	-	cuagaggcagcaacagccgcu	cggcuguugcugccucaaggc	cuagaggcagcaacagccgcucaaaauuuccuuacgcggcuguugcugccucaaggc	1:298324722..298324779:-
NIGP01001245_46754	2.1	94 +/- 6%	-	24	24	0	0	yes	-	-	-	-	cuagaggcagcaacagccgcu	cggcuguugcugccucaaggc	cuagaggcagcaacagccgcucaaaauuuccuugcucggcuguugcugccucaaggc	NIGP01001245:810..867:+
3_21157	1.6	92 +/- 6%	-	15	15	0	0	yes	-	-	-	-	caccuguccagcgaauugggag	cccaauucgauagacaugcg	cccaauucgauagacaugcggcugcgguaguugguaacgcaccuguccagcgaauugggag	3:218717124..218717185:+
2_15629	1.3	92 +/- 6%	-	11	11	0	0	yes	-	-	-	-	gacuugaagcaacaacaaccgcu	cggauguugcugccucuagacgg	gacuugaagcaacaacaaccgcucaaaauuuccuugcacggauguugcugccucuagacgg	2:411635630..411635691:-
1_34707	1.2	92 +/- 6%	-	2	1	0	1	yes	-	-	-	-	uuccguacguaaaagugacagc	gucacuuuuacuugcggaau	gucacuuuuacuugcggaauaauuaagcggcacauuuuuccguacguaaaagugacagc	1:155042124..155042183:+
1_35280	1.2	92 +/- 6%	-	13	13	0	0	yes	-	-	-	-	ugaucuggacccgcucuagugu	ccgagcugguuuaguacacc	ugaucuggacccgcucuagugucaaaauucuucgaccgagcugguuuaguacacc	1:191470588..191470643:+
2_2671	1.1	92 +/- 6%	-	49	49	0	0	yes	-	-	-	-	aauuuaucucuuguauggaaac	uugcauacaagaggcaaacuca	uugcauacaagaggcaaacucaaugugcagagaauuuaucucuuguauggaaac	2:163844421..163844475:+
2_7352	1	92 +/- 6%	-	12	10	2	0	yes	-	-	-	-	aguugaggucgaaauacgc	gauuuuguugcucugguaa	gauuuuguugcucugguaaagcugaaguguaaaacuagacuacaagucgagucgagucgagucuaguacacgacacugaagacggccuuacaguugaggucgaaauacgc	2:460700486..460700596:+
3_29778	0.7	84 +/- 7%	-	49	49	0	0	yes	-	-	-	-	aauuuaucucuuguauggaaac	uuucauacaagaggcaaacuca	uuucauacaagaggcaaacucaaugaugcagaugaauuuaucucuuguauggaaac	3:281642892..281642948:-
2_3184	0.6	84 +/- 7%	-	9	8	0	1	yes	-	-	-	-	ugaaaaccuuaucgauugguca	ugaccaaucgauuagguuuuc	ugaaaaccuuaucgauuggucaccaccagcuagugaccaaucgauuagguuuuc	2:195315834..195315888:+
2_2465	0.5	84 +/- 7%	-	324	323	1	0	yes	-	-	-	-	aauuccggagccuguugaguau	ucuccucuacccggguugg	ucuccucuacccggguugguugguuuuaugaugaacuuuuguucaaagggaauccgguuacaauuccggagccuguugaguau	2:149601821..149601904:+
3_25075	0.3	84 +/- 7%	-	4	4	0	0	yes	-	dme-miR-4982-5p	-	-	augcaauugauugcuaccu	guagcagugcaugg	augcaauugauugcuaccuguuguaugucgaagcaaagauacgaguuaaguuuuugcuuuuggguagcagugcaugg	3:16009844..16009921:-
3_18217	0.3	84 +/- 7%	-	2	2	0	0	yes	-	dme-miR-971-3p	-	-	uugguguuauaucuuacagugag	ggcuguaaguauuacagcaagc	ggcuguaaguauuacagcaagcuugcuauucgaaaggcgcuugguguuauaucuuacagugag	3:82678953..82679016:+
2_5762	0.3	84 +/- 7%	-	7	5	0	2	yes	-	-	-	-	uucuugugcagcgcaaauagug	uugcgcugcauaggagcagcggg	uucuugugcagcgcaaauagugacgucacuauuugcgcugcauaggagcagcggg	2:356438515..356438570:+
2_3287	0.3	84 +/- 7%	-	2	2	0	0	yes	-	dme-miR-4949-3p	-	-	cgugguguccgucugacugaacu	uucgguucugaucuggaugcugccac	uucgguucugaucuggaugcugccacccagcagcuguugaaccgugguguccgucugacugaacu	2:204349777..204349842:+
1_42491	0	84 +/- 7%	-	1	1	0	0	yes	-	dme-miR-980-5p	-	-	uguuuuucauugcuaacagc	uguuagcaaugaaaaacaca	uguuuuucauugcuaacagccaucuugaucaggcuguuagcaaugaaaaacaca	1:210144320..210144374:-
3_22788	0	84 +/- 7%	-	2	2	0	0	yes	-	dme-miR-283-3p	-	-	aggaauuuccggaggaacuccc	gaacucuuacuggaacuugu	aggaauuuccggaggaacucccacagaaauuuccgggggaacucuuacuggaacuugu	3:308385065..308385123:+
2_5879	0	84 +/- 7%	-	8	8	0	0	yes	-	dme-miR-9c-3p	-	-	aaaagcuuuugagcaauuucuu	uaaauugcuaagauacuuuacc	uaaauugcuaagauacuuuaccgaacuauuucugacaaguuuccuuuuaaaagcuuuugagcaauuucuu	2:367739873..367739943:+



mature miRBase miRNAs detected by miRDeep2
tag id	miRDeep2 score	estimated probability that the miRNA is a true positive	rfam alert	total read count	mature read count	loop read count	star read count	significant randfold p-value	mature miRBase miRNA	example miRBase miRNA with the same seed	UCSC browser	NCBI blastn	consensus mature sequence	consensus star sequence	consensus precursor sequence	precursor coordinate
1_44345	71987	97 +/- 9%	-	141191	141188	0	3	yes	aae-miR-283	dme-miR-283-5p	-	-	caauaucagcugguaauucuggg	cggaauuccaacugauauccacu	caauaucagcugguaauucugggcuuaccccaccguuauacgcuucccggaauuccaacugauauccacu	1:305625599..305625669:-
1_44337	29367.7	97 +/- 9%	-	57596	57592	0	4	yes	aae-miR-12-5p	dme-miR-12-5p	-	-	ugaguauuacaucagguacuggu	ccaguacuuauguuaugcucucu	ugaguauuacaucagguacuggugucgauauucgaaucaccaacgaaucggguuccuuugauuaacuuaccaguacuuauguuaugcucucu	1:305613548..305613640:-
2_9724	13764.6	97 +/- 9%	-	26990	26960	0	30	yes	aae-miR-2a-5p	dme-miR-2a-3p	-	-	uaucacagccagcuuugaagagcg	acucucaaagugguugugaaaug	acucucaaagugguugugaaaugaguuacucuugaacgaucucauaucacagccagcuuugaagagcg	2:107237501..107237569:-
3_32036	7348.3	97 +/- 9%	-	14405	14404	0	1	yes	aae-miR-308-5p	dme-miR-2a-3p	-	-	aaucacaggaguauacugugag	cgcgguauauucuuguggcuug	cgcgguauauucuuguggcuugaugcauuugaaaaaucucaaaucacaggaguauacugugag	3:403338483..403338546:-
2_9722	4880.6	97 +/- 9%	-	9564	9546	0	18	yes	aae-miR-2c	dme-miR-2a-3p	-	-	uaucacagccagcuuugaugagcu	acucucaaaguggcugugaaau	acucucaaaguggcugugaaaugguuugauuuugcucauaucacagccagcuuugaugagcu	2:107235884..107235946:-
2_9726	2503.4	97 +/- 9%	-	4902	4870	0	32	yes	aae-miR-13-5p	dme-miR-2a-3p	-	-	uaucacagccauuuugacgaguu	ucguaaaaaugguugugcugu	ucguaaaaaugguugugcuguguuguuacgcucgaaauucauaucacagccauuuugacgaguu	2:107237649..107237713:-
3_25886	1595.7	97 +/- 9%	-	3121	3117	0	4	yes	aae-miR-11-5p	dme-miR-2a-3p	-	-	caucacagucugaguucuugcu	cgagaacuccggcugugaccugu	cgagaacuccggcugugaccuguguacacuuuauccaaaucacaucacagucugaguucuugcu	3:75489864..75489928:-
2_8771	1576.3	97 +/- 9%	-	3084	3083	0	1	yes	aae-miR-190	dme-miR-190-5p	-	-	agauauguuugauauucuugguug	cccaggaaucaaacauauuauu	agauauguuugauauucuugguuguuaaauuuuauauuaucacccaggaaucaaacauauuauu	2:48811878..48811942:-
2_9731	1196.5	97 +/- 9%	-	2345	1758	0	587	yes	aae-miR-71-5p	-	-	-	agaaagacauggguagugagau	ucucacuaccuugucuuucaug	agaaagacauggguagugagauaguuucacccuauugcacugggaucucacuaccuugucuuucaug	2:107238287..107238354:-
3_26110	981.6	97 +/- 9%	-	1917	1914	0	3	yes	aae-miR-92b-3p	dme-miR-92a-3p	-	-	aauugcacuugucccggccugc	aggucgugacuugugcccauu	aggucgugacuugugcccauuugcugaauuuuaauggucaaauugcacuugucccggccugc	3:93418515..93418577:-
1_40543	834.1	97 +/- 9%	-	1629	1522	0	107	yes	aae-miR-252-5p	dme-miR-252-5p	-	-	cuaaguacuagugccgcaggag	ccugcugcccaagugcuuaucg	cuaaguacuagugccgcaggagagauuugaaccccugcugcccaagugcuuaucg	1:175818157..175818212:-
2_9513	790.5	97 +/- 9%	-	1542	1509	0	33	yes	aae-miR-282-5p	dme-miR-282-5p	-	-	uagccucuccuaggcuuugucu	acauagccugacagagguuagg	uagccucuccuaggcuuugucuguuaccuuccuugggaauuccacuagccagacauagccugacagagguuagg	2:96911966..96912040:-
1_44270	566.7	97 +/- 9%	-	1103	1101	0	2	yes	aae-miR-277-5p	dme-miR-277-3p	-	-	uaaaugcacuaucugguacgaca	cgugucagaagugcauuuaca	cgugucagaagugcauuuacauagguauuucccguuuagcaguauuuguaaaugcacuaucugguacgaca	1:302603812..302603883:-
3_25884	503.2	97 +/- 9%	-	978	976	0	2	yes	aae-miR-998	dme-miR-285-3p	-	-	uagcaccaugagauucagcuc	acugaacucucgugggucugc	acugaacucucgugggucugcaguugauauuucgaaagcuuguagcaccaugagauucagcuc	3:75489589..75489652:-
2_9507	370.1	97 +/- 9%	-	718	623	0	95	yes	aae-miR-281-5p	dme-miR-281-2-5p	-	-	aagagagcuauccgucgacagu	ugucauggaauugcucucuuua	aagagagcuauccgucgacaguagggauaugauucacugucauggaauugcucucuuua	2:96469361..96469420:-
2_14399	314.6	97 +/- 9%	-	609	597	0	12	yes	aae-miR-9b	dme-miR-9a-5p	-	-	ucuuuggugauuuuagcuguaug	uauagcuuuaucaccaaaaac	ucuuuggugauuuuagcuguaugcugauacguuucugauugcauauagcuuuaucaccaaaaac	2:335780575..335780639:-
2_9146	281.7	97 +/- 9%	-	544	500	0	44	yes	aae-miR-276-5p	dme-miR-276a-3p	-	-	uaggaacuucauaccgugcucu	agcgagguauagaguuccuacg	agcgagguauagaguuccuacguugcgugugcgaaauugguaggaacuucauaccgugcucu	2:73120452..73120514:-
2_9184	261.4	97 +/- 9%	-	504	503	0	1	yes	aae-miR-276-3p	dme-miR-276a-3p	-	-	uaggaacuucauaccgugcucu	agcgagguauagaguuccua	agcgagguauagaguuccuaugcguucggauaaaauauuccauaggaacuucauaccgugcucu	2:73509399..73509463:-
1_38411	257.3	97 +/- 9%	-	496	469	0	27	yes	aae-miR-33	dme-miR-33-5p	-	-	gugcauuguaguugcauugca	caauacuucugcaaugcaagcc	gugcauuguaguugcauugcacuuuugcguucgauaacacggugcaauacuucugcaaugcaagcc	1:50888880..50888946:-
3_29152	238.6	97 +/- 9%	-	459	457	0	2	yes	aae-miR-278-5p	dme-miR-278-3p	-	-	ucggugggacuuucguccguuu	acggacgauagucuucagcggc	acggacgauagucuucagcggccgugcauuugauagaaguggucggugggacuuucguccguuu	3:243123888..243123952:-
3_26291	228	97 +/- 9%	-	446	444	0	2	yes	aae-miR-2765	-	-	-	ugguaacuccaccaccguuggc	aaugggagcuggaguucccgc	ugguaacuccaccaccguuggcgauauuugacagccaaugggagcuggaguucccgc	3:101895455..101895512:-
3_23361	208	97 +/- 9%	-	401	397	0	4	yes	aae-miR-8-5p	dme-miR-8-3p	-	-	uaauacugucagguaaagauguc	caucuuaccgggcagcauuaga	caucuuaccgggcagcauuagauauuuuugaaauacuucuaauacugucagguaaagauguc	3:328527955..328528017:+
2_14407	139.2	97 +/- 9%	-	265	129	0	136	yes	aae-miR-9c-5p	dme-miR-9a-5p	-	-	ucuuugguauucuagcuguaga	uaaagcuuuaguaccagagguc	ucuuugguauucuagcuguagaauguugagcuuugugauaugguaucuucuaaagcuuuaguaccagagguc	2:335810364..335810436:-
3_21666	132	97 +/- 9%	-	250	130	0	120	yes	aae-miR-307	dme-miR-307a-5p	-	-	acucacucaaccugggugugaug	ucacaaccuccuugagugagcga	acucacucaaccugggugugaugcuuauuugaaucaucacaaccuccuugagugagcga	3:244794376..244794435:+
1_34763	106.1	97 +/- 9%	-	200	199	0	1	yes	aae-miR-970	dme-miR-970-3p	-	-	ucauaagacacacgcggcuau	agcuugcguuugucuuagcugg	agcuugcguuugucuuagcugguauugaaugugauagguaucauaagacacacgcggcuau	1:157238423..157238484:+
NIGP01000533_45432	106.1	97 +/- 9%	-	200	199	0	1	yes	aae-miR-970	dme-miR-970-3p	-	-	ucauaagacacacgcggcuau	agcuugcguuugucuuagcugg	agcuugcguuugucuuagcugguauugaaugugauagguaucauaagacacacgcggcuau	NIGP01000533:10107..10168:-
2_1441	101.4	97 +/- 9%	-	190	187	0	3	yes	aae-miR-988-5p	dme-miR-988-3p	-	-	ccccuuguugcaaaccucacgc	gugugcuuugugacaaugagau	gugugcuuugugacaaugagauucgguucgauaucauccccuuguugcaaaccucacgc	2:93351380..93351439:+
2_14402	80.7	97 +/- 9%	-	150	148	0	2	yes	aae-miR-79-5p	dme-miR-9a-3p	-	-	uaaagcuagauuaccaaagcau	cuuuggcgcuuuagcuguauga	cuuuggcgcuuuagcuguaugauagaauuuaauauuucauaaagcuagauuaccaaagcau	2:335780884..335780945:-
1_38886	36.1	97 +/- 9%	-	63	56	0	7	yes	aae-miR-87	dme-miR-87-3p	-	-	gugagcaaauuuucaggugugu	cagccugaaauuugcuaaaccug	cagccugaaauuugcuaaaccuguguguauuugauucaaacaaucaaggugagcaaauuuucaggugugu	1:80682401..80682471:-
3_30687	23.1	97 +/- 9%	-	37	22	0	15	yes	aae-miR-10365	dme-miR-927-5p	-	-	auuagaauguggaaucuguuuuu	aaaaguuuucauauucuugcgg	auuagaauguggaaucuguuuuuguacaucaaguguuacgaaacgaagcaaaaaaguuuucauauucuugcgg	3:320775621..320775694:-
NIGP01001634_45463	23.1	97 +/- 9%	-	37	22	0	15	yes	aae-miR-10365	dme-miR-927-5p	-	-	auuagaauguggaaucuguuuuu	aaaaguuuucauauucuugcgg	auuagaauguggaaucuguuuuuguacaucaaguguuacgaaacgaagcaaaaaaguuuucauauucuugcgg	NIGP01001634:30709..30782:-
2_5177	5.2	98 +/- 6%	-	3289	3289	0	0	yes	aae-miR-275-5p	dme-miR-275-3p	-	-	ucagguaccugaaguagcgcgcg	cgcgcuaagcaggaaccgagacu	cgcgcuaagcaggaaccgagacuuugucauuugcuagcagucagguaccugaaguagcgcgcg	2:307135668..307135731:+
1_44276	5.2	98 +/- 6%	-	8366	8366	0	0	yes	aae-miR-317	dme-miR-317-3p	-	-	ugaacacagcuggugguaucuca	ggauacacccugugcucgcu	ggauacacccugugcucgcuuugcauucgaaacuagugaacacagcuggugguaucuca	1:302667131..302667190:-
2_9730	5.1	98 +/- 6%	-	5547	5547	0	0	yes	aae-miR-2c	dme-miR-2a-3p	-	-	uaucacagccagcuuugauga	aucaaauuugguuguuuuagu	aucaaauuugguuguuuuaguacgaccucuuugaaaccccuaucacagccagcuuugauga	2:107237998..107238059:-
2_6023	5.1	98 +/- 6%	-	679	679	0	0	yes	aae-miR-2945-5p	dme-miR-279-3p	-	-	ugacuagaggcagacucguuua	agcggguccguuucuagugucaug	agcggguccguuucuagugucaugugcuguauucgaauaucaugacuagaggcagacucguuua	2:374947142..374947206:+
2_15702	5	98 +/- 6%	-	7912	7912	0	0	yes	aae-miR-184	dme-miR-184-3p	-	-	uggacggagaacugauaagggc	ccuuaucauucuugcgccccgu	ccuuaucauucuugcgccccguguuauauuguuggcgacuggacggagaacugauaagggc	2:417599380..417599441:-
1_35715	5	98 +/- 6%	-	3239	3239	0	0	yes	aae-miR-996	dme-miR-279-3p	-	-	ugacuagauuacaugcucgucu	gcgugcaugaaucuggugcacg	gcgugcaugaaucuggugcacgguuuuccaguuguaauaucgcuucgugacuagauuacaugcucgucu	1:207012536..207012605:+
2_6765	4.9	96 +/- 7%	-	233	231	0	2	yes	aae-miR-965	dme-miR-965-3p	-	-	uaagcguauagcuuuucccau	gggggaaauccuguacgcuguaug	gggggaaauccuguacgcuguauguuguauuugaauaauccauaagcguauagcuuuucccau	2:429778749..429778812:+
2_14573	4.8	96 +/- 7%	-	15	15	0	0	yes	aae-miR-263a-5p	dme-miR-263a-5p	-	-	aauggcacuggaagaauucacggg	cguguucuggcaguggcauccc	aauggcacuggaagaauucacggguauauuuugaaauccccguguucuggcaguggcauccc	2:348784448..348784510:-
3_26130	4.8	96 +/- 7%	-	443	443	0	0	yes	aae-miR-92a-5p	dme-miR-92a-3p	-	-	uauugcacuugucccggccuau	cgguacggacaggggcaacauu	cgguacggacaggggcaacauugugacauuugaaagcuaauauugcacuugucccggccuau	3:93477596..93477658:-
1_44412	4.7	96 +/- 7%	-	104	98	0	6	yes	aae-miR-1175-5p	dme-miR-958-3p	-	-	ugagauucuacuucuccgacuu	aaguggaguaguggucucaucgcu	aaguggaguaguggucucaucgcuuaguauuagaaaagugagauucuacuucuccgacuu	1:307010046..307010106:-
2_5483	4.7	96 +/- 7%	-	19	19	0	0	yes	aae-miR-133	dme-miR-133-3p	-	-	uugguccccuucaaccagcugu	agcugguugacuucgggucaaau	agcugguugacuucgggucaaaucgucaaauauuugcaaagauauuuccucagugaaauuauuugguccccuucaaccagcugu	2:330417065..330417149:+
1_35711	4.7	96 +/- 7%	-	588	583	0	5	yes	aae-miR-279	dme-miR-279-3p	-	-	ugacuagauccacacucauuaa	ucgaugggugugaaucuaguguuucac	ucgaugggugugaaucuaguguuucacaugauuuucgauagccugugacuagauccacacucauuaa	1:207007786..207007853:+
2_5619	4.6	96 +/- 7%	-	1194	1194	0	0	yes	aae-miR-14	dme-miR-14-3p	-	-	ucagucuuuuucucucuccuau	gggagcgagauuaaggcuugcu	gggagcgagauuaaggcuugcuggucauuuauuacacucgaagucagucuuuuucucucuccuau	2:344767572..344767637:+
2_15462	4.6	96 +/- 7%	-	128	128	0	0	yes	aae-miR-1	dme-miR-1-3p	-	-	uggaauguaaagaaguauggag	ccaugcuuccuugcauucaaua	ccaugcuuccuugcauucaauagugauucugaaagcauauggaauguaaagaaguauggag	2:399501023..399501084:-
2_5182	4	96 +/- 7%	-	14153	14153	0	0	yes	aae-miR-305-5p	dme-miR-305-5p	-	-	auuguacuucaucaggugcucugg	ccggcacauguuggaguacacuua	auuguacuucaucaggugcucugguuguuuucgauacccggcacauguuggaguacacuua	2:307145445..307145506:+
3_19368	3.8	96 +/- 6%	-	76	76	0	0	yes	aae-miR-31	dme-miR-31b-5p	-	-	uggcaagauguuggcauagcug	gcuauucaacuucuugucuau	uggcaagauguuggcauagcugaaaguuuugaguuuagcuauucaacuucuugucuau	3:136174150..136174208:+
2_3594	3.7	96 +/- 6%	-	981	981	0	0	yes	aae-miR-7	dme-miR-7-5p	-	-	uggaagacuagugauuuuguuguu	uaacaauaaaucucaagucuuucuac	uggaagacuagugauuuuguuguuuugcuuacgauaauaacaauaaaucucaagucuuucuac	2:222802544..222802607:+
3_20333	3.5	96 +/- 6%	-	5639	5636	0	3	yes	aae-bantam-5p	dme-bantam-3p	-	-	ugagaucauuuugaaagcugauu	gguuuucauuuucgaucugacuu	gguuuucauuuucgaucugacuuauuugauuuaacaagagugagaucauuuugaaagcugauu	3:178082832..178082895:+
2_10625	3.1	96 +/- 6%	-	9	9	0	0	yes	aae-miR-263b-5p	dme-miR-263b-5p	-	-	cuuggcacugggagaauucac	ggaucuuuucgugccaucgu	cuuggcacugggagaauucacaggcgcuauuugcuaucauucuguggaucuuuucgugccaucgu	2:153371131..153371196:-
3_24788	2.3	94 +/- 6%	-	6	6	0	0	yes	aae-miR-980-5p	dme-miR-980-3p	-	-	uagcugccuagugaagggcaa	gccguucauugggucaucuagc	gccguucauugggucaucuagcucguguuggaaacaguuagcugccuagugaagggcaa	3:1054524..1054583:-
2_8934	2.1	94 +/- 6%	-	200	200	0	0	yes	aae-miR-11894a	-	-	-	uuuaccauuucaagaugaccua	ggucgucuugaaaugguaaaga	ggucgucuugaaaugguaaagagugucaaucaucaucuuuaccauuucaagaugaccua	2:58785158..58785217:-
1_36605	2	94 +/- 6%	-	5	5	0	0	yes	aae-miR-999	dme-miR-999-3p	-	-	uguuaacuguaagacugugucu	acgcggucgugcaggaaauuauu	acgcggucgugcaggaaauuauuuggcauuagauucaaauguuaacuguaagacugugucu	1:252222293..252222354:+
2_8938	2	94 +/- 6%	-	200	200	0	0	yes	aae-miR-11894a	-	-	-	uuuaccauuucaagaugaccua	ggucgucuugaaaugguaaaga	ggucgucuugaaaugguaaagagugucaaucaucaucuuuaccauuucaagaugaccua	2:58786284..58786343:-
2_8940	2	94 +/- 6%	-	200	200	0	0	yes	aae-miR-11894a	-	-	-	uuuaccauuucaagaugaccua	ggucgucuugaaaugguaaaga	ggucgucuugaaaugguaaagagugucaaucaucaucuuuaccauuucaagaugaccua	2:58787426..58787485:-
2_8930	2	94 +/- 6%	-	200	200	0	0	yes	aae-miR-11894a	-	-	-	uuuaccauuucaagaugaccua	gguugucuugaaaugguaaaga	gguugucuugaaaugguaaagagugucaaccaucaucuuuaccauuucaagaugaccua	2:58783350..58783409:-
2_8936	1.9	92 +/- 6%	-	200	200	0	0	yes	aae-miR-11894a	-	-	-	uuuaccauuucaagaugaccua	ggucgucuugaaaugguaaaga	ggucgucuugaaaugguaaagagugucaaucaucaucuuuaccauuucaagaugaccua	2:58785850..58785909:-
2_8942	1.9	92 +/- 6%	-	200	200	0	0	yes	aae-miR-11894a	-	-	-	uuuaccauuucaagaugaccua	ggucgucuugaaaugguaaaga	ggucgucuugaaaugguaaagagugucaaucaucaucuuuaccauuucaagaugaccua	2:58787948..58788007:-
2_8932	1.9	92 +/- 6%	-	25	25	0	0	yes	aae-miR-11894b	-	-	-	uuuaccauuucaauaugaccua	ggucguauugaaaugguaaaga	ggucguauugaaaugguaaagagugucaaucaucaucuuuaccauuucaauaugaccua	2:58784590..58784649:-
2_6028	1.8	92 +/- 6%	-	6	6	0	0	yes	aae-let-7	dme-let-7-5p	-	-	ugagguaguugguuguauagu	uaugcaaucugcuagcuuguc	ugagguaguugguuguauaguagugacugauuaaauaucugcuaugcaaucugcuagcuuguc	2:375131497..375131560:+
2_14182	1.7	92 +/- 6%	-	49	49	0	0	yes	aae-miR-11895	-	-	-	uucaugcauucacuucugcuga	agcaggagugaaugcaugaguu	agcaggagugaaugcaugaguuugacaucugaaacuaauucaugcauucacuucugcuga	2:324949494..324949554:-
1_35394	1.5	92 +/- 6%	-	4	4	0	0	yes	aae-miR-929	dme-miR-929-5p	-	-	aaauugacucuaguagggaguc	cucccuaacggagucagauuga	aaauugacucuaguagggaguccuuguguacgagugacucccuaacggagucagauuga	1:198495526..198495585:+
2_15658	1.4	92 +/- 6%	-	439	439	0	0	yes	aae-miR-1890	-	-	-	ugaaaucuuugauuaggucugg	agagcuaauuggagaguucuug	agagcuaauuggagaguucuugaauaguguugugaaccuucaugaaaucuuugauuaggucugg	2:413654961..413655025:-
2_3790	1.3	92 +/- 6%	-	5	5	0	0	yes	aae-miR-932-5p	dme-miR-932-5p	-	-	ucaauuccguagugcauugcagu	ugcaagcaauguggaagugaag	ucaauuccguagugcauugcagugugcuuuagacgaacugcaagcaauguggaagugaag	2:231381156..231381216:+
2_84	1.2	92 +/- 6%	-	5	5	0	0	yes	aae-miR-219	dme-miR-219-5p	-	-	ugauuguccaaacgcaauucuu	gaguugugacuggacauccgug	ugauuguccaaacgcaauucuuguuuuauucgaauaugauauccaagaguugugacuggacauccgug	2:3715261..3715329:+
NIGP01000397_45385	1.1	92 +/- 6%	-	4	4	0	0	yes	aae-miR-11898	dme-miR-1010-5p	-	-	auaaguggggcaaagacaccaa	aguguuaucaccgcacuuauuc	aguguuaucaccgcacuuauucagcauaagaugacgaauaaguggggcaaagacaccaa	NIGP01000397:5259..5318:+
2_1442	1	92 +/- 6%	-	187	187	0	0	no	aae-miR-988-3p	dme-miR-988-3p	-	-	ccccuuguugcaaaccucacgc	ggcagguaggggcaaugggggc	ccccuuguugcaaaccucacgcuugcgguagguuccacaacugcugagagguggcagguaggggcaaugggggc	2:93351417..93351491:+
2_6030	0.7	84 +/- 7%	-	4	4	0	0	yes	aae-miR-125-5p	dme-miR-125-5p	-	-	ucccugagacccuaacuuguga	acaaguuuugaucuccgguauu	ucccugagacccuaacuugugacuauaguugaaguuucacaaguuuugaucuccgguauu	2:375131781..375131841:+
2_5903	0.4	84 +/- 7%	-	3	3	0	0	yes	aae-miR-124	dme-miR-124-3p	-	-	uaaggcacgcggugaaugcca	guauccacugccggccuauaug	guauccacugccggccuauauguccuauuucgguacucauaaggcacgcggugaaugcca	2:369307280..369307340:+
1_36099	0.3	84 +/- 7%	-	36	36	0	0	yes	aae-miR-11900	-	-	-	auuuuuuugacuguaauuuuauag	guaaaauuacguugaaaaaucgucu	guaaaauuacguugaaaaaucgucucccucaaaaaaugaaaccugagacuaacaggagauuuuuuugacuguaauuuuauag	1:223944070..223944152:+
3_32078	0	84 +/- 7%	-	4	4	0	0	yes	aae-miR-285	dme-miR-285-3p	-	-	uagcaccauucgaaaucaguac	acuggcuuccaaaggugaguaga	acuggcuuccaaaggugaguagauggcauucgauacacucuagcaccauucgaaaucaguac	3:406875046..406875108:-
1_33945	-0.2	73 +/- 7%	-	3	3	0	0	yes	aae-miR-927	dme-miR-927-3p	-	-	caaagcguuuggguucuga	agaauuccuacgcuuuacc	agaauuccuacgcuuuaccgugauuuguugaaaguuuggcaaagcguuuggguucuga	1:115022932..115022990:+
3_25867	-0.4	73 +/- 7%	-	2	2	0	0	yes	aae-miR-1000	dme-miR-1000-5p	-	-	auauuguccugucacagcagua	cuguuguuucgggacauuuaca	auauuguccugucacagcaguacuguuacaaauuuacuguuguuucgggacauuuaca	3:74204061..74204119:-
2_5178	-0.5	73 +/- 7%	-	3289	3289	0	0	no	aae-miR-275-3p	dme-miR-275-3p	-	-	ucagguaccugaaguagcgcgcg	ucaucaagcgacaacagaggcgugaaa	ucagguaccugaaguagcgcgcgugaucaaacaggaagcgucaucaagcgacaacagaggcgugaaa	2:307135708..307135775:+
2_9508	-2.3	52 +/- 6%	-	623	623	0	0	no	aae-miR-281-5p	dme-miR-281-2-5p	-	-	aagagagcuauccgucgacagu	cguugacgugggauuuuuuug	cguugacgugggauuuuuuuguucauuuuguucuuucgcugguuucgaauaugaaaauaaagagagcuauccgucgacagu	2:96469398..96469479:-
2_12992	-2.9	52 +/- 6%	-	4	4	0	0	yes	aae-miR-2941	-	-	-	uaguacggcuagaacuccacgga	cgugguguuuagacguauuaca	cgugguguuuagacguauuacaugauuuuuugaacauaacuguaguacggcuagaacuccacgga	2:268456010..268456075:-
1_32939	-3.3	59 +/- 4%	-	39	39	0	0	no	aae-miR-210	-	-	-	uugugcgugugacaacggcuau	agcugcugaccacugcacaaga	agcugcugaccacugcacaagauuagauuaugacucuugugcgugugacaacggcuau	1:54892617..54892675:+
2_711	-3.5	59 +/- 4%	-	2	2	0	0	yes	aae-miR-11897a	-	-	-	uaguaaaccuugauuuuguagc	uacagaaucgaggcucacgaug	uacagaaucgaggcucacgaugauuuccaaucauaguaaaccuugauuuuguagc	2:46313963..46314018:+
3_25902	-3.7	59 +/- 4%	-	2	2	0	0	yes	aae-miR-11920	-	-	-	agcauuucagacauugguggacg	cccaucaacugcugaacuguuuu	cccaucaacugcugaacuguuuuaggcuucguacgaaagcauuucagacauugguggacg	3:77430379..77430439:-
2_14737	-3.9	59 +/- 4%	-	2	2	0	0	yes	aae-miR-1891	-	-	-	ugaggaguuaauuugcguguuu	acacguccauuaacucugguac	ugaggaguuaauuugcguguuuuuguauuugauuaaacacguccauuaacucugguac	2:360084867..360084925:-
2_4391	-4.8	34 +/- 3%	-	18	18	0	0	no	aae-miR-11893	-	-	-	uuccugacuuauacgcuuaccu	guaaguagauaaaucagaaaga	guaaguagauaaaucagaaagacguuuauaucguuucuuccugacuuauacgcuuaccu	2:257889040..257889099:+
NIGP01000443_45383	-4.8	34 +/- 3%	-	18	18	0	0	no	aae-miR-11893	-	-	-	uuccugacuuauacgcuuaccu	guaaguagauaaaucagaaaga	guaaguagauaaaucagaaagacguuuauaucguuucuuccugacuuauacgcuuaccu	NIGP01000443:52102..52161:+
2_10196	-5.1	0 +/- 0%	-	6	6	0	0	no	aae-miR-11919	-	-	-	uagcuagguugcggugcacugcu	caguguacucugccuggccggc	caguguacucugccuggccggcgcugcugcgagucuagcuagguugcggugcacugcu	2:129145073..129145131:-
2_14520	-7.6	0 +/- 0%	-	1	1	0	0	no	aae-miR-11916	-	-	-	gaugccucguaaagcaacugga	caguugcuuuccgagcguagcac	caguugcuuuccgagcguagcacaguuuggaugcgggcccgugcaucguccacggugaugccucguaaagcaacugga	2:344991982..344992060:-
3_29136	-8.9	0 +/- 0%	-	2	2	0	0	no	aae-miR-11923	-	-	-	acaacggcagccggaacgaucug	ucucguuccgucguccguaggucg	ucucguuccgucguccguaggucgguuuagccaaugcgacaacggcagccggaacgaucug	3:240286724..240286785:-
2_6027	-10.6	0.00 +/- 0.00	-	6	6	0	0	no	aae-let-7	dme-let-7-5p	-	-	ugagguaguugguuguauagu	auuacaguacugcuucuuc	auuacaguacugcuucuuccacguugagguaguugguuguauagu	2:375131473..375131518:+

#miRBase miRNAs not detected by miRDeep2
miRBase precursor id	total read count	mature read count(s)	star read count	remaining reads	UCSC browser	NCBI blastn	miRBase mature sequence(s)	miRBase star sequence(s)	miRBase precursor sequence
12548	12548	0	0	-	-	cacguuacagauugggguuucc	uaaucucaaauuguaacagugg	-	gagguaaucucaaauuguaacaguggguugauuuuccuggugaaucccggccuuguccuccgucacaagugugacaagugucucgaaaacguguucgcuauacccacguuacagauugggguuucccc	
6125	6120	0	5	-	-	ugguuuaucuuaucugucgaggc	gucgacagggagauaaaucacu	-	cauugguuuaucuuaucugucgaggcaaguuauuuuaccggauaguguuucuuuucgugagcaaucaccacuauccagcucuucuugucgacagggagauaaaucacug	
5775	5775	0	0	-	-	ucagguacugagugacucucag	gagagcaccucgguaucuaagc	-	cauucgcaauuucaccgguucagguacugagugacucucagaugugcauuucucaagcaaucucguccucaggaccugagguugaaaaacccugagagcaccucgguaucuaagccaguguugcgaaaa	
1499	1495	0	4	-	-	caaccacuauccgcccugccgcc	uggcagugugguuagcugguug	-	caaggcaauacgcuauggcagugugguuagcugguuguguagaacuuuggggggcuuccguggcguucgcgcgcacacgggggcucagauucacaaccacuauccgcccugccgccgcgaggugccagg	
29	29	0	0	-	-	ugugaugugacguagugguac	-	uucaucauacggucaugggggaccgccgcuaccucgcuuucacuugguaccgauuucccauaauccaugugaugugacguagugguaccuucccuuggcuauuacaacacuuccu	
17	17	0	0	-	-	ugucuuuuuccgcuuacugccg	-	ccaacauuuugauugauuugucuuuuuccgcuuacugccgguggcauuugaaauucucgacagcaaaccgaaaaaggcgccucaaucaauu	
17	14	0	3	-	-	cugaaaacuuaaucgauugguc	-	uaaccugaaaacuuaaucgauuggucacuagcugcgcggugaccaaucgauuaaguuuucagcuua	
6	6	0	0	-	-	ucuuugguuaucuagcuguauga	-	gucaaaguucucuuugguuaucuagcuguaugagugaauuuagaacaucauaaagcuagcauaccgaaguuaauaguugac	
5	2	0	3	-	-	ucagaucuacuuaauacccau	-	acuccaauucuggguauuuuagauccuuggcauaguuacgugauugaaugcacuguucuucuuugguuuacccaguaucgaacacgcgucaaucugucagaucuacuuaauacccaua	
2	2	0	0	-	-	gaaggaacucccggugugauaua	uaucacagcaguaguuaccuga	-	aucgaaggaacucccggugugauauaugacucgauuauaucacagcaguaguuaccugauau	
1	1	0	0	-	-	uaguacggaaaagauaugggga	-	uaugaacaaugaucgccauauuuuuaccgcuacugcauuucauuguaauaauuguaguacggaaaagauauggggauugggguucaua	
1	1	0	0	-	-	aauguuggacaacugcaaggu	-	auaaaauguuggacaacugcaagguacuucaagguuuuuauuucgucuuuaauacaggguaucugcagugaucgauuuucucu	
1	1	0	0	-	-	caucacagaauuguuuuuacug	-	aaacaucacagaauuguuuuuacugauaaggaacuauguguaaaaauaauucuguaaaguuu	


























2	0	0	2	-	-	accguuacgcgcauauaauuug	-	gcagaccguuacgcgcauauaauuuggccauuuacggcauaauccaauggaaguggccaaacuauauuauaucgcucagu	
3	0	0	3	-	-	gugugugaaccguuggcggc	-	agcagugugugaaccguuggcggcgcaacgccugaugguauugaugcugcu	














