miRDeep2 score	novel miRNAs reported by miRDeep2	novel miRNAs, estimated false positives	novel miRNAs, estimated true positives	known miRNAs in species	known miRNAs in data	known miRNAs detected by miRDeep2	estimated signal-to-noise	excision gearing
10	26	1 +/- 1	25 +/- 1 (95 +/- 5%)	164	119	60 (50%)	39.8	2
9	26	1 +/- 1	25 +/- 1 (94 +/- 5%)	164	119	62 (52%)	37.3	2
8	29	2 +/- 1	27 +/- 1 (94 +/- 5%)	164	119	62 (52%)	35.6	2
7	30	2 +/- 1	28 +/- 1 (94 +/- 5%)	164	119	62 (52%)	31.9	2
6	31	2 +/- 2	29 +/- 2 (93 +/- 5%)	164	119	62 (52%)	28	2
5	35	3 +/- 2	32 +/- 2 (92 +/- 5%)	164	119	67 (56%)	25.8	2
4	38	4 +/- 2	34 +/- 2 (91 +/- 5%)	164	119	84 (71%)	24.1	2
3	41	6 +/- 2	35 +/- 2 (85 +/- 6%)	164	119	87 (73%)	15.8	2
2	72	10 +/- 3	62 +/- 3 (86 +/- 4%)	164	119	88 (74%)	13.4	2
1	131	17 +/- 4	114 +/- 4 (87 +/- 3%)	164	119	98 (82%)	11.2	2
0	164	45 +/- 7	119 +/- 7 (73 +/- 4%)	164	119	102 (86%)	5.2	2
-1	214	92 +/- 8	122 +/- 8 (57 +/- 4%)	164	119	103 (87%)	3.1	2
-2	293	166 +/- 11	127 +/- 11 (43 +/- 4%)	164	119	104 (87%)	2.2	2
-3	380	279 +/- 14	101 +/- 14 (27 +/- 4%)	164	119	108 (91%)	1.7	2
-4	469	444 +/- 18	26 +/- 16 (5 +/- 3%)	164	119	110 (92%)	1.2	2
-5	558	664 +/- 17	0 +/- 0 (0 +/- 0%)	164	119	110 (92%)	1	2
-6	641	871 +/- 22	0 +/- 0 (0 +/- 0%)	164	119	110 (92%)	0.8	2
-7	747	1054 +/- 26	0 +/- 0 (0 +/- 0%)	164	119	110 (92%)	0.8	2
-8	877	1218 +/- 28	0 +/- 0 (0 +/- 0%)	164	119	111 (93%)	0.8	2
-9	1044	1360 +/- 29	0 +/- 0 (0 +/- 0%)	164	119	111 (93%)	0.8	2
-10	1181	1481 +/- 30	0 +/- 0 (0 +/- 0%)	164	119	111 (93%)	0.9	2



novel miRNAs predicted by miRDeep2
provisional id	miRDeep2 score	estimated probability that the miRNA candidate is a true positive	rfam alert	total read count	mature read count	loop read count	star read count	significant randfold p-value	miRBase miRNA	example miRBase miRNA with the same seed	UCSC browser	NCBI blastn	consensus mature sequence	consensus star sequence	consensus precursor sequence	precursor coordinate
3_14257	98.6	95 +/- 5%	-	191	189	0	2	yes	-	-	-	-	cuagaggcagcaacagccgcu	uggcuguugcugccucaagg	cuagaggcagcaacagccgcucaaauuuccuugcguggcuguugcugccucaagg	3:87522478..87522533:+
3_24330	52.9	95 +/- 5%	-	102	88	0	14	yes	-	-	-	-	ugaggcgucuucugguggcug	agucaccaucugauacugacgg	agucaccaucugauacugacggaggauggaugugcuccccaaagcacgguccuccgugaggcgucuucugguggcug	3:335295443..335295520:-
3_25061	48.3	95 +/- 5%	-	93	85	0	8	yes	-	-	-	-	uucacuaauaccacuaucaggau	ucugauagugguguuaguuu	uucacuaauaccacuaucaggauacgcuaacauugaucguucugauagugguguuaguuu	3:390185748..390185808:-
2_3219	43.4	95 +/- 5%	-	83	69	0	14	yes	-	-	-	-	ugaggcgucuucugguggcug	agucaccaucugauacugacgg	agucaccaucugauacugacggaggauggaugugcuccccaaagcacgguccuccgugaggcgucuucugguggcug	2:238804083..238804160:+
2_12554	43.3	95 +/- 5%	-	83	69	0	14	yes	-	-	-	-	ugaggcgucuucugguggcug	agucaccaucugauacugacgg	agucaccaucugauacugacggaggauggaugugcuccccaaagcacgguccuccgugaggcgucuucugguggcug	2:440970626..440970703:-
1_30684	43.2	95 +/- 5%	-	83	69	0	14	yes	-	-	-	-	ugaggcgucuucugguggcug	agucaccaucugauacugacgg	agucaccaucugauacugacggaggauggaugugcuccccaaagcacgaaccuccgugaggcgucuucugguggcug	1:98795825..98795902:-
2_4329	41.9	95 +/- 5%	-	81	67	0	14	yes	-	-	-	-	ugaggcgucuucugguggcug	agucaccaucugauacugacgg	agucaccaucugauacugacggaggauggaugugaagcacggucuucugugaggcgucuucugguggcug	2:327701617..327701687:+
3_22350	37.1	95 +/- 5%	-	69	66	0	3	yes	-	-	-	-	ucuuaugcagcgcaaauaguga	uuauuugcgcugcauaagaaca	ucuuaugcagcgcaaauagugacgucauuauuugcgcugcauaagaaca	3:203262910..203262959:-
1_26519	36.1	95 +/- 5%	-	69	68	0	1	yes	-	-	-	-	ugaggcgucuucugguggcug	agucaccaucugaugcugacgg	agucaccaucugaugcugacgguauggaugugcuccccaaagcacgguccuccgugaggcgucuucugguggcug	1:99741675..99741750:+
1_34303	36	95 +/- 5%	-	67	66	0	1	yes	-	-	-	-	ucuuaugcagcgcaaauaguga	acuauuugcgcugcauaagaa	ucuuaugcagcgcaaauagugacgucacuauuugcgcugcauaagaa	1:249291449..249291496:-
2_132	35.9	95 +/- 5%	-	67	66	0	1	yes	-	-	-	-	ucuuaugcagcgcaaauaguga	acuauuugcgcugcauaagaa	ucuuaugcagcgcaaauagugacgucacuauuugcgcugcauaagaa	2:8780667..8780714:+
2_3998	35.9	95 +/- 5%	-	67	66	0	1	yes	-	-	-	-	ucuuaugcagcgcaaauaguga	acuauuugcgcugcauaagaa	ucuuaugcagcgcaaauagugacgucacuauuugcgcugcauaagaa	2:299203009..299203056:+
NIGP01001481_37223	35.8	95 +/- 5%	-	68	42	10	16	yes	-	-	-	-	caugggacaauuaugcguuuau	uaaacgcaugucagucccaugu	uaaacgcaugucagucccauguuugcuggauuuccuauucacaugggacaauuaugcguuuau	NIGP01001481:7795..7858:-
2_8106	35.8	95 +/- 5%	-	68	42	10	16	yes	-	-	-	-	caugggacaauuaugcguuuau	uaaacgcaugucagucccaugu	uaaacgcaugucagucccauguuugcuggauuuccuauucacaugggacaauuaugcguuuau	2:140992690..140992753:-
1_30560	35.5	95 +/- 5%	-	67	66	0	1	yes	-	-	-	-	ucuuaugcagcgcaaauaguga	acuauuugcgcugcauaagaa	ucuuaugcagcgcaaauagugacgucacuauuugcgcugcauaagaa	1:88419489..88419536:-
2_849	35.3	95 +/- 5%	-	68	42	10	16	yes	-	-	-	-	caugggacaauuaugcguuuau	uaaacgcaugucagucccaugu	uaaacgcaugucagucccauguuugcuggauuuccuauucacaugggacaauuaugcguuuau	2:71386094..71386157:+
3_24451	31.9	95 +/- 5%	-	60	42	0	18	yes	-	-	-	-	caugggacaauuaugcguuuau	uaaacgcaugucagucccaugu	uaaacgcaugucagucccauguaugcuggauuuccuauucacaugggacaauuaugcguuuau	3:339474046..339474109:-
3_23425	31.1	95 +/- 5%	-	61	26	0	35	yes	-	-	-	-	uuccaggugggaguuaucugauau	uaacagaauuuuccaucugaacg	uuccaggugggaguuaucugauaugugaauaugguaccauaacagaauuuuccaucugaacg	3:280112363..280112425:-
2_1910	31	95 +/- 5%	-	61	26	0	35	yes	-	-	-	-	uuccaggugggaguuaucugauau	uaacagaauuuuccaucugaacg	uuccaggugggaguuaucugauaugugaauaugguaccauaacagaauuuuccaucugaacg	2:145001149..145001211:+
3_22302	29.1	95 +/- 5%	-	55	14	0	41	yes	-	-	-	-	agucaccaucugauacugacgg	ugaggcgucuucuggugacugg	agucaccaucugauacugacggaggauggaugugcuccccaaagcacgguccuccgugaggcgucuucuggugacugg	3:200475504..200475582:-
1_32179	26.9	95 +/- 5%	-	60	47	0	13	no	-	-	-	-	aagucucucaauuucuugggaa	uccgaauuauugaggguccgca	aagucucucaauuucuugggaaguacucgcauucuuuccgaauuauugaggguccgca	1:202270275..202270333:-
3_14200	25.5	95 +/- 5%	-	51	26	0	25	yes	-	-	-	-	uuccaggugggaguuaucugauau	aacagaauuuuccaucugaacg	uuccaggugggaguuaucugauaugugaauaugguaccaaaacagaauuuuccaucugaacg	3:81190098..81190160:+
2_9750	18.6	95 +/- 5%	-	34	33	0	1	yes	-	-	-	-	uaaacaugggacuguuauacga	cauaaccgucccauguuguaugg	cauaaccgucccauguuguaugggauuuccuauaaacaugggacuguuauacga	2:240454736..240454790:-
3_16876	12.5	95 +/- 5%	-	23	18	0	5	yes	-	-	-	-	agucaccaucugauacugacgg	ugcggcgucuucugguggcug	agucaccaucugauacugacgguggauggauguguuccccuaagcacggucccuccgugcggcgucuucugguggcug	3:238798845..238798923:+
3_23106	11.6	95 +/- 5%	-	21	14	0	7	yes	-	-	-	-	agucaccaucugauacugacgg	ugaggcaucuucugguggcugga	agucaccaucugauacugacggaggauggaugugcuucccaaagaacgguccuccgugaggcaucuucugguggcugga	3:257295338..257295417:-
2_663	10.8	95 +/- 5%	-	19	14	0	5	yes	-	-	-	-	agucaccaucugauacugacgg	ugcggcgucuucugguggcug	agucaccaucugauacugacggaggauggaugugcuccccaagcacgguccuccgugcggcgucuucugguggcug	2:56618701..56618777:+
3_24484	8.4	94 +/- 5%	-	5	3	0	2	yes	-	dme-miR-4942-3p	-	-	gcgaugacgauggcuugggcgc	uccaagccaucgucaucgccg	gcgaugacgauggcuugggcgcuucuccgagcggcaaacuacugcugcucagagaagcguccaagccaucgucaucgccg	3:342144684..342144764:-
1_30463	8.2	94 +/- 5%	-	15	12	0	3	yes	-	-	-	-	uucugcuaccgguuugagugacu	gcacucagccguucgcggaaau	uucugcuaccgguuugagugacuguuggucgaucucgguugucuuuuucgcaaaaacggcacucagccguucgcggaaau	1:79507267..79507347:-
2_8313	8	94 +/- 5%	-	15	9	0	6	yes	-	-	-	-	ucagcccaccaugacggaggauau	uaaccucccuccuggugguguu	ucagcccaccaugacggaggauauugugaaaauguuggaaaauaaccucccuccuggugguguu	2:149899522..149899586:-
2_2116	7.4	94 +/- 5%	-	13	10	0	3	yes	-	-	-	-	ucugauagugguguuaguuu	accaauaccacuauaaggaaga	accaauaccacuauaaggaagagcuaaccccaaucuuucugauagugguguuaguuu	2:160953842..160953899:+
3_20089	6	93 +/- 5%	-	15	13	0	2	no	-	dme-miR-995-5p	-	-	uccgaauuauugaggguccgca	aagucucuuaauuucuugggaa	aagucucuuaauuucuugggaaguacccgcauucuuuccgaauuauugaggguccgca	3:55612966..55613024:-
1_25901	5.9	92 +/- 5%	-	9	8	0	1	yes	-	-	-	-	uucacuauuugacguuuaag	uuaaacgucaacgagugaa	uuaaacgucaacgagugaacucaugcauugguccauaauggaucagugcacgaguucacuauuugacguuuaag	1:57610948..57611022:+
2_7618	5.7	92 +/- 5%	-	10	9	0	1	no	-	dme-miR-9372-3p	-	-	agucugugccugcagccgccgcu	ucgacggcugcgaacacgaga	ucgacggcugcgaacacgagacgcucauggaucagcugagucugugccugcagccgccgcu	2:107216216..107216277:-
1_29390	5.3	92 +/- 5%	-	22	17	0	5	no	-	-	-	-	uguagcugccacgaauuccaga	ugguauucaugacugcuacgauu	ugguauucaugacugcuacgauuucgcuaugauaaaguuguagcugccacgaauuccaga	1:363344..363404:-
3_14209	5.2	92 +/- 5%	-	27	27	0	0	yes	-	dme-miR-971-3p	-	-	uugguguuauaucuuacagugag	ggcuguaaguauuacagcaagc	ggcuguaaguauuacagcaagcuugcuauucgaaaggcgcuugguguuauaucuuacagugag	3:82678953..82679016:+
3_16889	4.5	91 +/- 5%	-	8	5	0	3	yes	-	-	-	-	uucaacccacucgaaaugacagu	ugucaauucgccuggguugaag	ugucaauucgccuggguugaagcauugcuaagcuucaacccacucgaaaugacagu	3:240801665..240801721:+
2_7128	4.3	91 +/- 5%	-	12	12	0	0	yes	-	dme-miR-982-3p	-	-	uuacuugaaucauugcuggacu	uacagucgugauuucaguauac	uacagucgugauuucaguauacgugguagcuucacgucguuacuugaaucauugcuggacu	2:63315306..63315367:-
2_11847	4.1	91 +/- 5%	-	5	4	0	1	yes	-	-	-	-	ucuuaugcaccgcaaauaguga	acuauuugcgcugcauaagaa	ucuuaugcaccgcaaauagugacgucacuauuugcgcugcauaagaa	2:378254017..378254064:-
2_3960	3.8	85 +/- 6%	-	10	10	0	0	yes	-	dme-miR-971-5p	-	-	ucuguaaauugcuuugggauua	aucccaggucgauuuacagaag	ucuguaaauugcuuugggauuaaagaaggauuuccggaagaaucccaggucgauuuacagaag	2:297450483..297450546:+
3_23837	3.3	85 +/- 6%	-	5	3	0	2	yes	-	-	-	-	ugucaauucgccuggguugaag	uucaacccagucgaaaugacau	ugucaauucgccuggguugaagcaucgcuaagcuucaacccagucgaaaugacau	3:306502669..306502724:-
2_791	3	85 +/- 6%	-	21	21	0	0	yes	-	-	-	-	ucuaguacacgacacugaaga	uucagugucguguacuagacu	uucagugucguguacuagacucgacuucuaguacacgagucuaguacacgacacugaaga	2:67129775..67129835:+
NIGP01000213_35953	2.6	86 +/- 4%	-	12	5	7	0	yes	-	-	-	-	auuggcguauuaacuuugaugg	aucgaaguuaauacgccaaucg	aucgaaguuaauacgccaaucgcguauuauccucgauuuuacuaugguaaaaucgaggauaauacgcgauuggcguauuaacuuugaugg	NIGP01000213:17881..17971:+
1_27245	2.6	86 +/- 4%	-	22	22	0	0	yes	-	-	-	-	uggagagucacuucacucgagu	ucgagugaagugacucgccgug	ucgagugaagugacucgccgugcaauucaaauggagagucacuucacucgagu	1:156365767..156365820:+
1_25516	2.4	86 +/- 4%	-	177	177	0	0	yes	-	-	-	-	cuagaggcagcaacagccgcu	cggcuguugcugccuuaaggc	cuagaggcagcaacagccgcucaaaauuuccuugcgcggcuguugcugccuuaaggc	1:22756624..22756681:+
1_27566	2.4	86 +/- 4%	-	19	19	0	0	yes	-	-	-	-	gccuagaggcagcaauagccgc	ggcuguugcugccucaaggcgg	gccuagaggcagcaauagccgcucaaaauuugcuugcgcggcuguugcugccucaaggcgg	1:184219531..184219592:+
2_8317	2.4	86 +/- 4%	-	19	19	0	0	yes	-	-	-	-	gccuagaggcagcaauagccgc	ggcuguugcugccucaaggcgg	gccuagaggcagcaauagccgcucaaaauuugcuugcgcggcuguugcugccucaaggcgg	2:150076773..150076834:-
2_12372	2.4	86 +/- 4%	-	21	21	0	0	yes	-	-	-	-	ucuuauugccguugagacugaaa	ucagucucaacggcaaucgaaac	ucagucucaacggcaaucgaaacuaaaauauaucuucuacgcguagaagaaauauuuugguucuuauugccguugagacugaaa	2:418854986..418855070:-
3_20385	2.4	86 +/- 4%	-	177	177	0	0	yes	-	-	-	-	cuagaggcagcaacagccgcu	cgguuguugcugccucaaggc	cuagaggcagcaacagccgcucaaauuuuccuugugcgguuguugcugccucaaggc	3:86647173..86647230:-
3_24597	2.4	86 +/- 4%	-	3	3	0	0	yes	-	dme-miR-4942-3p	-	-	gcgaugacgauggcuugggcgc	guccaagccaucgucgucgccg	gcgaugacgauggcuugggcgcuucuccgagcggcaaacuacugcugcucggagaagcguccaagccaucgucgucgccg	3:356989986..356990066:-
2_8071	2.4	86 +/- 4%	-	19	19	0	0	yes	-	-	-	-	gccuagaggcagcaauagccgc	ggcuguugcugccucaaggcgg	gccuagaggcagcaauagccgcucaaaauuugcuugcgcggcuguugcugccucaaggcgg	2:135827139..135827200:-
2_3904	2.3	86 +/- 4%	-	177	177	0	0	yes	-	-	-	-	cuagaggcagcaacagccgcu	cggcugcugcugccucaaggc	cuagaggcagcaacagccgcucaaaauuuccuuacgcggcugcugcugccucaaggc	2:293436886..293436943:+
3_15708	2.3	86 +/- 4%	-	11	9	0	2	yes	-	-	-	-	cuguugcugccucuaggcggga	gccuugaggcagcaacagccgcu	gccuugaggcagcaacagccgcucaaaauuucgagcggcuguugcugccucuaggcggga	3:170932632..170932692:+
1_26471	2.3	86 +/- 4%	-	177	177	0	0	yes	-	-	-	-	cuagaggcagcaacagccgcu	cggcuguugcugccuuaaggc	cuagaggcagcaacagccgcucaaaauuuccuugcgcggcuguugcugccuuaaggc	1:92865657..92865714:+
3_22082	2.3	86 +/- 4%	-	17	17	0	0	yes	-	-	-	-	uuuucagcucaaacggauguuugg	aaucauccguuuaagcugacuagc	aaucauccguuuaagcugacuagcugguggugaccaaucgauuagguuuucagcucaaacggauguuugg	3:189882622..189882692:-
NIGP01000376_35617	2.3	86 +/- 4%	-	39	39	0	0	yes	-	-	-	-	aauucugugauguuuugugac	cacaaaacaucacagaguuau	cacaaaacaucacagaguuauuuuuacacauaguuucuuaucaguaaaaauaauucugugauguuuugugac	NIGP01000376:48961..49033:+
2_10951	2.2	86 +/- 4%	-	177	177	0	0	yes	-	-	-	-	cuagaggcagcaacagccgcu	cggcuguugcugccucaaggc	cuagaggcagcaacagccgcucaaaauuuccuugcgcggcuguugcugccucaaggc	2:313899353..313899410:-
1_27234	2.2	86 +/- 4%	-	177	177	0	0	yes	-	-	-	-	cuagaggcagcaacagccgcu	cggcucuugcugccuuaaggc	cuagaggcagcaacagccgcucaaaauuugcgcggcucuugcugccuuaaggc	1:156042333..156042386:+
3_19608	2.2	86 +/- 4%	-	15	15	0	0	yes	-	-	-	-	gauguugcugccucuaggcgg	gccuugagacagcaacagccg	gccuugagacagcaacagccgcgcaaggaaauuuugagcggauguugcugccucuaggcgg	3:13096053..13096114:-
2_4983	2.2	86 +/- 4%	-	83	66	0	17	yes	-	-	-	-	ucuuaugcagcgcaaauaguga	uugcgcuguauaagaacagcgg	ucuuaugcagcgcaaauagugacgucauuauuugcgcuguauaagaacagcgg	2:382622923..382622976:+
3_20211	2.2	86 +/- 4%	-	18	18	0	0	yes	-	-	-	-	uauuugacguuucagcggugcc	caccgcucaaaugucaaauuagu	uauuugacguuucagcggugccguguuauuuaugugaccaugacaacuagugaauucggcaccgcucaaaugucaaauuagu	3:66794906..66794988:-
2_7200	2.2	86 +/- 4%	-	16	16	0	0	yes	-	-	-	-	aagauuuuuuaaauacgaggac	ccucguauuuaaaaaaucuuua	ccucguauuuaaaaaaucuuuaauguucaagauuuuuuaaauacgaggac	2:68649838..68649888:-
1_31493	2.1	86 +/- 4%	-	18	18	0	0	yes	-	-	-	-	uauuugacguuucagcggugcc	caccgcucaaacgucaaaucagu	uauuugacguuucagcggugccguguuauuuaugugaccaugacaacuagugaauucggcaccgcucaaacgucaaaucagu	1:157408375..157408457:-
1_25454	2.1	86 +/- 4%	-	17	17	0	0	yes	-	-	-	-	gccuagaggcagcaacagccgc	ggaaauucugucucuaggcag	gccuagaggcagcaacagccgcgcaaggaaauucugucucuaggcag	1:18185543..18185590:+
3_24667	2.1	86 +/- 4%	-	8	8	0	0	yes	-	dme-miR-12-5p	-	-	agaguauuauaugcggacagau	guguccguugugagucauc	agaguauuauaugcggacagauagugagaaacgggaaagcugcgcugcuaguguccguugugagucauc	3:363695549..363695618:-
1_28086	2.1	86 +/- 4%	-	149	149	0	0	yes	-	-	-	-	cuagaggcagcaacagccgcu	cggcuguuggugccucaaggu	cuagaggcagcaacagccgcucaaaauuuccuugugcggcuguuggugccucaaggu	1:211899214..211899271:+
2_2689	2.1	86 +/- 4%	-	95	95	0	0	yes	-	-	-	-	aucuggacccgcucuaguguca	acacuugagcggggcacgcucc	acacuugagcggggcacgcucccguaugaucuccacgggaucuggacccgcucuaguguca	2:212395667..212395728:+
2_11764	2.1	86 +/- 4%	-	12	8	0	4	yes	-	-	-	-	cuagaggcaguaacagccgcg	uuguuguugcuucaagucgggaa	cuagaggcaguaacagccgcgcaaggaaauuuugagugguuguuguugcuucaagucgggaa	2:374574482..374574544:-
1_25939	2	86 +/- 4%	-	27	27	0	0	yes	-	-	-	-	aauucugugauguuuugugac	cacaaaacaucacagaauuau	cacaaaacaucacagaauuauuuuuacugauaagaaacuaaguguaaaaguaauucugugauguuuugugac	1:60668795..60668867:+
1_31902	2	86 +/- 4%	-	69	69	0	0	yes	-	-	-	-	ugaggcgucuucugguggcug	gucaccaucugaugcuggcg	gucaccaucugaugcuggcggaggauggaugugcuccccaaagcacgguccuccgugaggcgucuucugguggcug	1:184592790..184592866:-
1_26806	2	86 +/- 4%	-	36	24	0	12	yes	-	-	-	-	uauuugacguuuuagcggugcc	caaacgucaaauuagugaacu	uauuugacguuuuagcggugccguguuauuuauguggccauggaaaccagugaauccggcaccgcucaaacgucaaauuagugaacu	1:130653522..130653609:+
1_28845	2	86 +/- 4%	-	15	15	0	0	yes	-	-	-	-	agugaaaaaauguugacaaauu	uuuguuaacauuuuuucacuuc	uuuguuaacauuuuuucacuucaguucgcuugguagcaaugcaaucuugcguacuaaagugaaaaaauguugacaaauu	1:265169224..265169303:+
2_3282	2	86 +/- 4%	-	24	24	0	0	yes	-	-	-	-	uauuugacguuuuagcggugcc	caccgcucaaacgucaaauuggu	uauuugacguuuuagcggugccguguuauuuaugugaccauggcaaccagugaauucggcaccgcucaaacgucaaauuggu	2:245304488..245304570:+
3_14104	1.9	87 +/- 3%	-	20	14	0	6	yes	-	-	-	-	agucaccaucugauacugacgg	gcgucuucuggugacugg	agucaccaucugauacugacggaggauggauguguuuccccaauacacuguccuucgugcggcgucuucuggugacugg	3:70044923..70045002:+
2_5255	1.9	87 +/- 3%	-	18	14	0	4	yes	-	-	-	-	agucaccaucugauacugacgg	gaggcgucuuuugguggcugg	agucaccaucugauacugacggaggaugaaugugcucccccaaagcacgguccuccgugaggcgucuuuugguggcugg	2:407993102..407993181:+
1_28617	1.9	87 +/- 3%	-	15	15	0	0	yes	-	-	-	-	uccaaauuauauacgcguaa	acgcguauauauuuuggcca	acgcguauauauuuuggccauuuacggcaaaaucaaauggagauuguccaaauuauauacgcguaa	1:246643975..246644041:+
2_3517	1.8	87 +/- 3%	-	6	6	0	0	yes	-	dme-miR-967-3p	-	-	uuuuuccauaauaugucgaag	ucgguauauuacggaaaaaua	ucgguauauuacggaaaaauaccgacauuuuuccauaauaugucgaag	2:260333072..260333120:+
2_8364	1.8	87 +/- 3%	-	47	47	0	0	yes	-	-	-	-	ugauacagccauaccgugga	cacgcuaugccugaaucagu	cacgcuaugccugaaucaguaaaauuugaaaaucgaaugugcauucgauuuuuaaaauccacugauacagccauaccgugga	2:154129245..154129327:-
1_28851	1.8	87 +/- 3%	-	69	69	0	0	yes	-	-	-	-	ugaggcgucuucugguggcug	gucaccauuugauacugacg	gucaccauuugauacugacggaggauggaugugcaccccaaagcacgguccuccgugaggcgucuucugguggcug	1:266713016..266713092:+
3_23278	1.8	87 +/- 3%	-	27	27	0	0	yes	-	-	-	-	cuucaacccaggcgaaaugaca	ucaauucgccugggugaagca	ucaauucgccugggugaagcaucgcuaagcuucaacccaggcgaaaugaca	3:273143841..273143892:-
1_29910	1.8	87 +/- 3%	-	18	18	0	0	yes	-	-	-	-	aaaucuugcgcuugacuuugcg	caaagucaaccggaagauuuga	caaagucaaccggaagauuugacucguuucaaaucuugcgcuugacuuugcg	1:34125634..34125686:-
3_20144	1.8	87 +/- 3%	-	23	23	0	0	yes	-	-	-	-	uaagugcucugaagacaccaac	cggugucuuaagugggcuuauu	cggugucuuaagugggcuuauucuucacaauccaaagaauaagugcucugaagacaccaac	3:63118582..63118643:-
2_7530	1.8	87 +/- 3%	-	12	12	0	0	yes	-	-	-	-	caugggacaaucaugcguuuau	aaacacaugucagucccauguu	aaacacaugucagucccauguuugcuuggauuccuauucacaugggacaaucaugcguuuau	2:97866773..97866835:-
2_10845	1.8	87 +/- 3%	-	148	148	0	0	yes	-	-	-	-	augucugacgccauuuuggaa	ucaaaaugggggcagacauug	augucugacgccauuuuggaauccaagauuugugaaaaucacuuuaaaccggauuucgccaucuuggauuucaaaaugggggcagacauug	2:305826959..305827050:-
1_30645	1.8	87 +/- 3%	-	32	31	0	1	yes	-	-	-	-	accuagaggcagcaacagccgc	guguugcugccucaagucgggaa	accuagaggcagcaacagccgcgcaagaaaauuuggacggguguugcugccucaagucgggaa	1:94034398..94034461:-
2_1635	1.8	87 +/- 3%	-	58	58	0	0	yes	-	-	-	-	ugugguuuacggcuuaagcgaag	ccgcuuaggccuuaaaccugguu	ccgcuuaggccuuaaaccugguuuaaucguauggguaaaugugguuuacggcuuaagcgaag	2:127497672..127497734:+
2_9584	1.7	87 +/- 3%	-	23	23	0	0	yes	-	-	-	-	uaagugcucugaagacaccaac	aggugucuucgggggacuuuuu	aggugucuucgggggacuuuuucuuuguaaaucagaaaauaagugcucugaagacaccaac	2:232653446..232653507:-
2_1529	1.7	87 +/- 3%	-	17	17	0	0	yes	-	-	-	-	uaaguccccagaagacaucaacc	uugguguuuucagagcacuuauu	uugguguuuucagagcacuuauucuuugauguacgaagaauaaguccccagaagacaucaacc	2:122115972..122116035:+
2_1739	1.7	87 +/- 3%	-	58	58	0	0	yes	-	-	-	-	ugugguuuacggcuuaagcgaag	ccgcuuaggccuuaaaccugguu	ccgcuuaggccuuaaaccugguuuaaucguauggguaaaugugguuuacggcuuaagcgaag	2:134692796..134692858:+
2_7776	1.7	87 +/- 3%	-	18	18	0	0	yes	-	-	-	-	aaaucuugcgcuugacuuugcg	caaagucagccggaagauuuga	caaagucagccggaagauuugacucguuucaaaucuugcgcuugacuuugcg	2:116661865..116661917:-
2_5039	1.7	87 +/- 3%	-	27	27	0	0	yes	-	-	-	-	cuucaacccaggcgaaaugaca	ucgauucgccuggguugaagca	ucgauucgccuggguugaagcaucgcuaagcuucaacccaggcgaaaugaca	2:389148796..389148848:+
3_20901	1.7	87 +/- 3%	-	85	41	44	0	yes	-	-	-	-	auccacacuggauucccaga	ccagaauccacacuggauuc	ccagaauccacacuggauuccagaauccacacuggauucccagaauccacacuggauuccagaauccacacuggauucccaagaauccacacuggauucccaga	3:110565878..110565982:-
2_12303	1.7	87 +/- 3%	-	16	16	0	0	yes	-	-	-	-	gacuugaagcaacaacaaccgcu	cggauguugcugccucuagacgg	gacuugaagcaacaacaaccgcucaaaauuuccuugcacggauguugcugccucuagacgg	2:411635630..411635691:-
3_22787	1.7	87 +/- 3%	-	45	45	0	0	yes	-	-	-	-	cgagagagaagucccccauggu	ugugguguguggauuuuuuucuuucg	cgagagagaagucccccaugguggcauugcuacugugguguguggauuuuuuucuuucg	3:231251965..231252024:-
3_14161	1.6	87 +/- 3%	-	10	7	0	3	yes	-	-	-	-	cuguugcugucucaaggcggaaau	cuagagacagcaacagccgcu	cuagagacagcaacagccgcucaaaauuuccuugcgcggcuguugcugucucaaggcggaaau	3:77828489..77828552:+
1_31160	1.6	87 +/- 3%	-	17	17	0	0	yes	-	-	-	-	ugggcugcgugaugcuagcugu	agcuagcagcaagcagcccaac	agcuagcagcaagcagcccaacugcuuucaugcuguugcauugggcugcgugaugcuagcugu	1:141206230..141206293:-
2_10998	1.6	87 +/- 3%	-	33	33	0	0	yes	-	-	-	-	uaaacaugggacuguuauacga	gcauacaugucccauauuccaug	gcauacaugucccauauuccauggaauuucccauaaacaugggacuguuauacga	2:320107277..320107332:-
2_8674	1.6	87 +/- 3%	-	17	17	0	0	yes	-	-	-	-	caucaaacgucacuuuugcug	gcaaaaaaucaaguuuguuuau	gcaaaaaaucaaguuuguuuauagcagcaccugugggugccgcugacaucaaacgucacuuuugcug	2:174006827..174006894:-
3_16475	1.6	87 +/- 3%	-	96	96	0	0	yes	-	-	-	-	caccuguccagcgaauugggag	cccaauucgauagacaugcg	cccaauucgauagacaugcggcugcgguaguugguaacgcaccuguccagcgaauugggag	3:218717124..218717185:+
3_13363	1.6	87 +/- 3%	-	19	19	0	0	yes	-	-	-	-	aagcugaaaacuuaaucgauugg	aaucgauuaaguuuucagcucga	aagcugaaaacuuaaucgauugguaacauccagugugugaucaaucgauuaaguuuucagcucga	3:7196729..7196794:+
3_18494	1.6	87 +/- 3%	-	86	33	53	0	yes	-	-	-	-	auccacacuggauucccaga	ccagaauccacacuggauuc	ccagaauccacacuggauucccagaauccacacuggauucccagaauccacacuggauucccagaauccacacuggauucccagauccacacuggauucccaga	3:340414969..340415073:+
3_25184	1.6	87 +/- 3%	-	37	37	0	0	yes	-	-	-	-	uaagugcucugaagacaccaac	cggugucuugagcggaauuauu	cggugucuugagcggaauuauuuuucgcaaaucaaagaauaagugcucugaagacaccaac	3:404639910..404639971:-
1_30871	1.6	87 +/- 3%	-	35	35	0	0	yes	-	-	-	-	ccaaacacucguuuaagcuga	agcuuaaacggauguuugcuu	ccaaacacucguuuaagcugaaaaccaaucgauaaaguuuccagcuuaaacggauguuugcuu	1:113736371..113736434:-
2_6710	1.6	87 +/- 3%	-	17	17	0	0	yes	-	-	-	-	caucaaacgucacuuuugcug	gcaaaaaccaaguuuguuuau	gcaaaaaccaaguuuguuuauagcagcaccugugggugccgcugacaucaaacgucacuuuugcug	2:37236900..37236966:-
1_30172	1.5	87 +/- 3%	-	17	17	0	0	yes	-	-	-	-	ugggcugcgugaugcuagcugu	agcuagcagcaagcagcccaau	agcuagcagcaagcagcccaauuccuuucauucuguugcuuugggcugcgugaugcuagcugu	1:55500581..55500644:-
2_9426	1.5	87 +/- 3%	-	14	14	0	0	yes	-	-	-	-	uacggcaagggcugauugcug	gcauuuuaggccuuaucauagu	gcauuuuaggccuuaucauaguuugauaguagucugaacuacuagacugcagaacuacggcaagggcugauugcug	2:224337410..224337486:-
3_19438	1.5	87 +/- 3%	-	16	16	0	0	yes	-	-	-	-	guaggccggcggaaacuacuugc	aagggguuucuuucggccuccag	aagggguuucuuucggccuccagcggcauuagauaguuguaggccggcggaaacuacuugc	3:6069685..6069746:-
3_24094	1.5	87 +/- 3%	-	11	11	0	0	yes	-	-	-	-	cugcaaaacuacgguaagggcu	gccuuaucauaguuugauaguaguc	gccuuaucauaguuugauaguagucuaaaguacuagacugcaaaacuacgguaagggcu	3:319588224..319588283:-
2_4423	1.5	87 +/- 3%	-	12	12	0	0	yes	-	-	-	-	uuuaaggccuaagcggggguga	accuucgcuuaagccguaagcc	accuucgcuuaagccguaagccccgcuuacccagguuuaaggccuaagcggggguga	2:336191763..336191820:+
3_24196	1.5	87 +/- 3%	-	58	58	0	0	yes	-	-	-	-	ugugguuuacggcuuaagcgaag	ccgcuuaggacuuaaaccugguu	ccgcuuaggacuuaaaccugguuuaaucguauggguaaaugugguuuacggcuuaagcgaag	3:325806539..325806601:-
1_26003	1.4	87 +/- 3%	-	39	39	0	0	yes	-	-	-	-	aauuuaccucuuguauggaaac	uugcauacaagaggcaaacucg	uugcauacaagaggcaaacucgaugaugcagaugaauuuaccucuuguauggaaac	1:65089115..65089171:+
2_3569	1.4	87 +/- 3%	-	27	27	0	0	yes	-	-	-	-	aagaaagccuuugagcuacuga	cguagcucaaggguuaucauua	cguagcucaaggguuaucauuauuguagcuaaccuuaaacuucaaggauuaaauaaagaaagccuuugagcuacuga	2:267465964..267466041:+
2_9237	1.4	87 +/- 3%	-	13	13	0	0	yes	-	-	-	-	aaugagucuaccauagca	cgguagaaccucgaugc	aaugagucuaccauagcauuccaugcgguagaaccucgaugc	2:212304976..212305018:-
3_21142	1.4	87 +/- 3%	-	21	21	0	0	yes	-	-	-	-	ucuaguacacgacacugaaga	uucagugucguguacuugucg	uucagugucguguacuugucgagucuaguacacgacacugaaga	3:132303691..132303735:-
3_13649	1.4	87 +/- 3%	-	20	20	0	0	yes	-	-	-	-	aaucauucccaacuucugcugu	agcaguaguugugaaugauuga	agcaguaguugugaaugauugauuuuagauuuauacucaaucauucccaacuucugcugu	3:30232281..30232341:+
3_18522	1.3	87 +/- 3%	-	9	9	0	0	yes	-	-	-	-	uuggacgcuucucugagcagca	ccgcucggagaagcgcccaagc	uuggacgcuucucugagcagcaguaguuugccgcucggagaagcgcccaagc	3:342248699..342248751:+
NIGP01001407_36631	1.3	87 +/- 3%	-	34	34	0	0	yes	-	-	-	-	uacggcaagggcugauugcugc	agcauuucaggcuuaucauagu	agcauuucaggcuuaucauaguuugauaguagucugaacuacaagacugcaaaaacuacggcaagggcugauugcugc	NIGP01001407:27018..27096:+
3_24791	1.3	87 +/- 3%	-	10	10	0	0	yes	-	-	-	-	accuagaggcagcaacagccguu	cggcuguugcugccuuaaggcgg	accuagaggcagcaacagccguucaaaauuuccuugcgcggcuguugcugccuuaaggcgg	3:369827452..369827513:-
1_27373	1.3	87 +/- 3%	-	11	11	0	0	yes	-	-	-	-	aacagauguuuggacugcugu	agcagucgaaacauuuguuug	agcagucgaaacauuuguuuggcacaagauaaauuaugauagauuccaacagauguuuggacugcugu	1:161888747..161888815:+
2_2159	1.3	87 +/- 3%	-	20	20	0	0	yes	-	-	-	-	agcacuaaaguuaauaccggaa	ucggauuaaccuuagugcucc	ucggauuaaccuuagugcuccaaaaucggagcacuaaaguuaauaccggaa	2:165520364..165520415:+
2_12501	1.2	87 +/- 3%	-	65	65	0	0	yes	-	-	-	-	ucaucaauaccacuaucaggaa	ucugauagugggguuaguuuuc	ucaucaauaccacuaucaggaagagcuaacaccaaucuuucugauagugggguuaguuuuc	2:433270922..433270983:-
2_914	1.2	87 +/- 3%	-	9	7	0	2	yes	-	-	-	-	augguaaaauugaaugcacaaaau	guuguguauuuaauuuaacccucugau	augguaaaauugaaugcacaaaauauucuaaauaaaugcgaauucagucugcacaaaucaaguggcguuguguauuuaauuuaacccucugau	2:74189712..74189805:+
NIGP01001847_35968	1.2	87 +/- 3%	-	79	79	0	0	yes	-	-	-	-	uuacuuauaaaccagugcuggu	caguaauggugguuaaguuucg	uuacuuauaaaccagugcugguuguugaugguucaguuuguuuacacgagcuguacaauccuuuguacuaaucaguaauggugguuaaguuucg	NIGP01001847:11986..12080:+
1_26389	1.2	87 +/- 3%	-	38	38	0	0	yes	-	-	-	-	aauuuaccucuuguauggaaac	uuacauacaagaggcaaacuca	uuacauacaagaggcaaacucaaugaugcagaggaauuuaccucuuguauggaaac	1:91622206..91622262:+
1_28009	1.1	87 +/- 3%	-	20	20	0	0	yes	-	-	-	-	agcacuaaaguuaauaccggaa	ucggauuaaccuuagugcucc	ucggauuaaccuuagugcuccaaaaucggagcacuaaaguuaauaccggaa	1:208815289..208815340:+
2_5534	1.1	87 +/- 3%	-	10	10	0	0	yes	-	-	-	-	agcugaaaacuuaaucgauugg	aaucgauuaaguuuucagccug	agcugaaaacuuaaucgauuggacaccaccagcuagugaucaaucgauuaaguuuucagccug	2:436521640..436521703:+
3_17081	1.1	87 +/- 3%	-	58	58	0	0	yes	-	-	-	-	ugugguuuacggcuuaagcgaag	ccgcauaggccuuaauccugguu	ccgcauaggccuuaauccugguuuaaucguauggguaaaugugguuuacggcuuaagcgaag	3:260478147..260478209:+
3_21361	1.1	87 +/- 3%	-	65	65	0	0	yes	-	-	-	-	ucaucaauaccacuaucaggaa	ucuguuaguggugauaguuugc	ucaucaauaccacuaucaggaagagcuaacaccaaucuuucuguuaguggugauaguuugc	3:145092827..145092888:-
1_25699	1.1	87 +/- 3%	-	9	9	0	0	yes	-	-	-	-	cuguugcugccucuaggcggga	ccgccuugaggcaguaacagcu	ccgccuugaggcaguaacagcugcgcaaguaaauucugagcggcuguugcugccucuaggcggga	1:39174608..39174673:+
2_4901	1	87 +/- 3%	-	28	28	0	0	yes	-	-	-	-	uagaagcagaaguuaguugacu	ucaacuagguucugauucuaca	ucaacuagguucugauucuacauccguuugacgaaccacauugacucggauucgaauuguagaagcagaaguuaguugacu	2:376678041..376678122:+
2_4691	1	87 +/- 3%	-	9	9	0	0	yes	-	-	-	-	aaaacuacuuucaagacugaa	cagucuugaaaguaguuuugu	cagucuugaaaguaguuuugugucgaacaguaugguuagcgcacgauauucauacuguucgacacaaaacuacuuucaagacugaa	2:362070769..362070855:+
1_33906	1	87 +/- 3%	-	39	39	0	0	yes	-	-	-	-	aauuuaccucuuguauggaaac	uugcauacaagaugcaaacuca	uugcauacaagaugcaaacucaaugaugcagaugaauuuaccucuuguauggaaac	1:224771256..224771312:-
2_7569	0.9	73 +/- 4%	-	101	101	0	0	yes	-	-	-	-	aucuggacccgcucuaguguca	accgagcugguuuaguaca	aucuggacccgcucuagugucaaaauucuucgaccgagcugguuuaguaca	2:102769517..102769568:-
3_19886	0.9	73 +/- 4%	-	12	12	0	0	yes	-	-	-	-	agaaaaauccaacuucgcuag	uucgaaguuagguuuaacgaa	uucgaaguuagguuuaacgaaucguuucggagaaaaauccaacuucgcuag	3:38703859..38703910:-
2_11614	0.9	73 +/- 4%	-	9	9	0	0	yes	-	-	-	-	aaaacuacuuucaagacugaa	cagucuugaaaguaguuuugu	cagucuugaaaguaguuuugugucgaacaguaugaauaucgugcgcuaaccauacuguucgacacaaaacuacuuucaagacugaa	2:362070767..362070853:-
1_29885	0.9	73 +/- 4%	-	101	101	0	0	yes	-	-	-	-	aucuggacccgcucuaguguca	accgagcugguuuaguaca	aucuggacccgcucuagugucaaaauucuucgaccgagcugguuuaguaca	1:32382953..32383004:-
2_10710	0.7	73 +/- 4%	-	11	8	0	3	yes	-	-	-	-	ucaagcauacuugcggcauuccacu	uuggcugacguaugcuguggagg	uuggcugacguaugcuguggaggaaguuuuuccucaagcauacuugcggcauuccacu	2:296975502..296975560:-
2_1351	0.7	73 +/- 4%	-	37	37	0	0	yes	-	-	-	-	uaagugcucugaagacaccaac	aggugucuucgggagacuuauu	aggugucuucgggagacuuauuauucguaaaucaaagaauaagugcucugaagacaccaac	2:110499618..110499679:+
3_23456	0.7	73 +/- 4%	-	443	443	0	0	yes	-	-	-	-	aauuuaucucuuguauggaaa	uucauacaagaggcaaacuca	uucauacaagaggcaaacucaaugaugcagaugaauuuaucucuuguauggaaa	3:281642893..281642947:-
2_10497	0.7	73 +/- 4%	-	25	23	0	2	yes	-	-	-	-	cucugguauuuugauguucgau	acucaagauaccagaucau	cucugguauuuugauguucgauggauuugauauuacucggaacucaagauaccagaucau	2:289697989..289698049:-
2_401	0.7	73 +/- 4%	-	11	8	0	3	yes	-	-	-	-	ucaagcauacuugcggcauuccacu	uuggcugacguaugcuguggagg	uuggcugacguaugcuguggaggaaguuuuuccucaagcauacuugcggcauuccacu	2:31584347..31584405:+
2_7706	0.6	73 +/- 4%	-	9	9	0	0	yes	-	-	-	-	gaaaaucccgggauuucccggaauu	uaccgggaaaucccgggaucua	uaccgggaaaucccgggaucuaaaaaaucccgaaucccgggauauuuucgaaaaucccgggauuucccggaauu	2:113385740..113385814:-
3_24509	0.6	73 +/- 4%	-	11	11	0	0	yes	-	-	-	-	aauuuggugcuucgccgau	cgacguagcacuucgauag	aauuuggugcuucgccgaugcauaaggauugccuuugucgacguagcacuucgauag	3:344160060..344160117:-
NIGP01002150_37025	0.5	73 +/- 4%	-	9	9	0	0	yes	-	-	-	-	uuaggccuuaaaucuaguuuaa	aaacguggcuuacggcuuaagc	uuaggccuuaaaucuaguuuaaccauauggguaaacguggcuuacggcuuaagc	NIGP01002150:5956..6010:-
NIGP01001778_36279	0.5	73 +/- 4%	-	8	4	0	4	yes	-	-	-	-	caccgcucaggcgucgaauugg	uuugacguuugagcggugccgu	uuugacguuugagcggugccguauuauuuauguuaccauaguaaccaguggauucggcaccgcucaggcgucgaauugg	NIGP01001778:2175..2254:+
1_25720	0.5	73 +/- 4%	-	10	10	0	0	yes	-	-	-	-	uauagggcuauuauauagcug	gccguauaacagcccuauaug	uauagggcuauuauauagcugacauacccuaucuuagccguauaacagcccuauaug	1:41380361..41380418:+
2_3778	0.5	73 +/- 4%	-	5	4	0	1	yes	-	-	-	-	gggagaauguaauagaguugc	cacuuccauuccauuuucucug	gggagaauguaauagaguugcacuucucaauauucacuuccauuccauuuucucug	2:286671261..286671317:+
1_25997	0.5	73 +/- 4%	-	9	9	0	0	yes	-	-	-	-	aaauucuccugaauuuccaagg	agggaaauucuccugaauuucc	agggaaauucuccugaauuuccaagggaaauucuccugaauuuccaagggaaauucuccugaauuuccaagg	1:64775281..64775353:+
1_25998	0.4	73 +/- 4%	-	9	9	0	0	yes	-	-	-	-	aaauucuccugaauuuccaagg	agggaaauucuccugaauuucc	agggaaauucuccugaauuuccaagggaaauucuccugaauuuccaagggaaauucuccugaauuuccaagg	1:64775327..64775399:+
NIGP01000014_36076	0.3	73 +/- 4%	-	11	11	0	0	yes	-	-	-	-	gauuugcacgagaacgguugugug	cacgauugauuucuaguaaacaaaucag	cacgauugauuucuaguaaacaaaucaguuuuuaaaacggauuugcacgagaacgguugugug	NIGP01000014:33228..33291:-
2_467	0.3	73 +/- 4%	-	3	2	0	1	yes	-	-	-	-	uucuguuucuguugcugcgucc	aacgcaguuccaguucaggaagc	aacgcaguuccaguucaggaagcgccucuucguaacacuuucuguuucuguugcugcgucc	2:35738878..35738939:+
1_29247	0.3	73 +/- 4%	-	7	7	0	0	yes	-	-	-	-	uccugaggugaaaaaaugcuga	ggcauuuuuucacuucaggacg	ggcauuuuuucacuucaggacgcuaggcugcuaugcaaucuugcguccugaggugaaaaaaugcuga	1:296023442..296023509:+
3_18189	0.2	73 +/- 4%	-	4	4	0	0	yes	-	dme-miR-263a-3p	-	-	ugugaucucaagugaugu	gacaggugaguucauuca	gacaggugaguucauucaauaauuguaaugguggcguuugcuguuauugugugaucucaagugaugu	3:315638931..315638998:+
1_33393	0.2	73 +/- 4%	-	22	10	12	0	yes	-	-	-	-	aguauguuggauaagauugu	ggucauuuggcauaaugg	aguauguuggauaagauuguaccccguuuggcauaaagucguuuggcauaaggucauuuggcauaaugg	1:206571922..206571991:-
3_18425	0.2	73 +/- 4%	-	9	7	0	2	yes	-	-	-	-	caguuucgagauggaagaacaag	uuccuucuucgaaccugcggcg	uuccuucuucgaaccugcggcguugggagaaaacgaucgccgcaguuucgagauggaagaacaag	3:337547667..337547732:+
2_2675	0	73 +/- 4%	-	37	36	0	1	yes	-	-	-	-	cagugagauuauguacgugga	aaauuucagcucacuggacug	aaauuucagcucacuggacuggauagaacucccauccagugagauuauguacgugga	2:210654823..210654880:+
1_34410	0	73 +/- 4%	-	37	36	0	1	yes	-	-	-	-	cagugagauuauguacgugga	aaauuucagcucacuggacug	aaauuucagcucacuggacuggauagaacucccauccagugagauuauguacgugga	1:258432539..258432596:-
2_3355	0	73 +/- 4%	-	6	6	0	0	yes	-	dme-miR-993-5p	-	-	aacccuguguaauagguacu	aaucuauuucauaggaaaca	aaucuauuucauaggaaacaauccgugaaauaaacaauuuuacuguaacccuguguaauagguacu	2:250557870..250557936:+
1_27135	0	73 +/- 4%	-	10	10	0	0	yes	-	-	-	-	auuguauaucuauuuguaucguuu	ccgaugcaaccagguagacaaucg	ccgaugcaaccagguagacaaucgucaccaaaugacgauuguauaucuauuuguaucguuu	1:150961596..150961657:+
NIGP01001859_36881	0	73 +/- 4%	-	703	703	0	0	yes	-	-	-	-	auuucagucacuuccagc	uggaguaugagaaca	auuucagucacuuccagcugguuuugacacgaacacgaucagcuggaguaugagaaca	NIGP01001859:17510..17568:-
1_34436	0	73 +/- 4%	-	8	8	0	0	yes	-	-	-	-	ugguaccgcuggcuuucggaaa	ucugaaaugccagcgguagccauc	ucugaaaugccagcgguagccaucaaaccuccuuagguugaugguaccgcuggcuuucggaaa	1:261318375..261318438:-
2_1307	0	73 +/- 4%	-	7	7	0	0	yes	-	-	-	-	ggugaaaaaaugcugacaaacu	uuugucagcaauuuuccacuuc	uuugucagcaauuuuccacuucagaccgcuuggcagcgaugcaaucuugcguucugaggugaaaaaaugcugacaaacu	2:106338295..106338374:+
3_17503	0	73 +/- 4%	-	9	9	0	0	yes	-	-	-	-	aaauguccaaauuauauacgcg	cguauauaauuuggccaccuuc	cguauauaauuuggccaccuucauuugauuuggccguaaauguccaaauuauauacgcg	3:284550115..284550174:+
1_27715	0	73 +/- 4%	-	10	10	0	0	yes	-	-	-	-	ucugauagugguguuaguuu	accaauacuaguaucaggaa	accaauacuaguaucaggaagaacuaacacuaaucuuucugauagugguguuaguuu	1:198274185..198274242:+
3_13769	0	73 +/- 4%	-	10	10	0	0	yes	-	-	-	-	uuugugaauugcuaccaguacuu	gacugguuugguucacauaca	gacugguuugguucacauacauggauggauguuugugaauugcuaccaguacuu	3:44969416..44969470:+



mature miRBase miRNAs detected by miRDeep2
tag id	miRDeep2 score	estimated probability that the miRNA is a true positive	rfam alert	total read count	mature read count	loop read count	star read count	significant randfold p-value	mature miRBase miRNA	example miRBase miRNA with the same seed	UCSC browser	NCBI blastn	consensus mature sequence	consensus star sequence	consensus precursor sequence	precursor coordinate
1_34965	430541.4	95 +/- 5%	-	844480	844437	1	42	yes	aae-miR-283	dme-miR-283-5p	-	-	caauaucagcugguaauucuggg	cggaauuccaacugauauccac	caauaucagcugguaauucugggcuuaccccaccguuauacgcuucccggaauuccaacugauauccac	1:305625600..305625669:-
1_34961	194532.7	95 +/- 5%	-	381560	381440	0	120	yes	aae-miR-12-5p	dme-miR-12-5p	-	-	ugaguauuacaucagguacuggu	caguacuuauguuaugcucucu	ugaguauuacaucagguacuggugucgauauucgaaucaccaacgaaucggguuccuuugauuaacuuaccaguacuuauguuaugcucucu	1:305613548..305613640:-
2_7622	83090.1	95 +/- 5%	-	162969	162686	0	283	yes	aae-miR-2a-5p	dme-miR-2a-3p	-	-	uaucacagccagcuuugaagagcg	acucucaaagugguugugaaaug	acucucaaagugguugugaaaugaguuacucuugaacgaucucauaucacagccagcuuugaagagcg	2:107237501..107237569:-
2_4096	66455.3	95 +/- 5%	-	130343	130339	0	4	yes	aae-miR-305-5p	dme-miR-305-5p	-	-	auuguacuucaucaggugcucugg	cggcacauguuggaguacacu	auuguacuucaucaggugcucugguuguuuucgauacccggcacauguuggaguacacu	2:307145445..307145504:+
3_25176	61923.5	95 +/- 5%	-	121452	121445	0	7	yes	aae-miR-308-5p	dme-miR-2a-3p	-	-	aaucacaggaguauacugugag	cgcgguauauucuuguggcuug	cgcgguauauucuuguggcuugaugcauuugaaaaaucucaaaucacaggaguauacugugag	3:403338483..403338546:-
2_7620	31296.1	95 +/- 5%	-	61377	61209	0	168	yes	aae-miR-2c	dme-miR-2a-3p	-	-	uaucacagccagcuuugaugagcu	acucucaaaguggcugugaaaug	acucucaaaguggcugugaaaugguuugauuuugcucauaucacagccagcuuugaugagcu	2:107235884..107235946:-
3_15821	26444.8	95 +/- 5%	-	51865	51846	0	19	yes	aae-bantam-5p	dme-bantam-3p	-	-	ugagaucauuuugaaagcugauu	ccgguuuucauuuucgaucugacu	ccgguuuucauuuucgaucugacuuauuugauuuaacaagagugagaucauuuugaaagcugauu	3:178082830..178082895:+
2_7624	16002.1	95 +/- 5%	-	31379	31208	0	171	yes	aae-miR-13-5p	dme-miR-2a-3p	-	-	uaucacagccauuuugacgaguu	ucguaaaaaugguugugcugu	ucguaaaaaugguugugcuguguuguuacgcucgaaauucauaucacagccauuuugacgaguu	2:107237649..107237713:-
1_27999	14385.4	95 +/- 5%	-	28208	28193	0	15	yes	aae-miR-996	dme-miR-279-3p	-	-	ugacuagauuacaugcucgucu	ggcgugcaugaaucuggugcac	ggcgugcaugaaucuggugcacgguuuuccaguuguaauaucgcuucgugacuagauuacaugcucgucu	1:207012535..207012605:+
3_20284	12908.3	95 +/- 5%	-	25310	25241	0	69	yes	aae-miR-11-5p	dme-miR-2a-3p	-	-	caucacagucugaguucuugcu	cgagaacuccggcugugaccug	cgagaacuccggcugugaccuguguacacuuuauccaaaucacaucacagucugaguucuugcu	3:75489864..75489928:-
2_12348	12815.6	95 +/- 5%	-	25129	25124	0	5	yes	aae-miR-184	dme-miR-184-3p	-	-	uggacggagaacugauaagggc	ccuuaucauucuugcgccccgu	ccuuaucauucuugcgccccguguuauauuguuggcgacuggacggagaacugauaagggc	2:417599380..417599441:-
2_7629	12083.8	95 +/- 5%	-	23700	18610	0	5090	yes	aae-miR-71-5p	-	-	-	agaaagacauggguagugagau	ucucacuaccuugucuuucaug	agaaagacauggguagugagauaguuucacccuauugcacugggaucucacuaccuugucuuucaug	2:107238287..107238354:-
2_6923	10225	95 +/- 5%	-	20048	19996	0	52	yes	aae-miR-190	dme-miR-190-5p	-	-	agauauguuugauauucuugguug	cccaggaaucaaacauauuauu	agauauguuugauauucuugguuguuaaauuuuauauuaucacccaggaaucaaacauauuauu	2:48811878..48811942:-
3_20432	8815.6	95 +/- 5%	-	17283	17268	1	14	yes	aae-miR-92b-3p	dme-miR-92a-3p	-	-	aauugcacuugucccggccugc	aggucgugacuugugcccauuu	aggucgugacuugugcccauuugcugaauuuuaauggucaaauugcacuugucccggccugc	3:93418515..93418577:-
2_7519	7124.1	95 +/- 5%	-	13965	13778	0	187	yes	aae-miR-282-5p	dme-miR-282-5p	-	-	uagccucuccuaggcuuugucu	acauagccugacagagguuagg	uagccucuccuaggcuuugucuguuaccuuccuugggaauuccacuagccagacauagccugacagagguuagg	2:96911966..96912040:-
1_31813	7003.4	95 +/- 5%	-	13730	13306	0	424	yes	aae-miR-252-5p	dme-miR-252-5p	-	-	cuaaguacuagugccgcagga	ccugcugcccaagugcuuaucg	cuaaguacuagugccgcaggagagauuugaaccccugcugcccaagugcuuaucg	1:175818157..175818212:-
2_4091	6120.3	95 +/- 5%	-	11996	11987	0	9	yes	aae-miR-275-5p	dme-miR-275-3p	-	-	ucagguaccugaaguagcgcgcg	cgcgcuaagcaggaaccgagacu	cgcgcuaagcaggaaccgagacuuugucauuugcuagcagucagguaccugaaguagcgcgcg	2:307135668..307135731:+
1_27997	4568.4	95 +/- 5%	-	8953	8936	0	17	yes	aae-miR-279	dme-miR-279-3p	-	-	ugacuagauccacacucauuaa	gaugggugugaaucuaguguuucaca	gaugggugugaaucuaguguuucacaugauuuucgauagccugugacuagauccacacucauuaa	1:207007788..207007853:+
1_34918	4484.2	95 +/- 5%	-	8787	8786	0	1	yes	aae-miR-277-5p	dme-miR-277-3p	-	-	uaaaugcacuaucugguacgaca	cgugucagaagugcauuuaca	cgugucagaagugcauuuacauagguauuucccguuuagcaguauuuguaaaugcacuaucugguacgaca	1:302603812..302603883:-
3_20282	4087.8	95 +/- 5%	-	8009	7969	0	40	yes	aae-miR-998	dme-miR-285-3p	-	-	uagcaccaugagauucagcuc	acugaacucucgugggucugc	acugaacucucgugggucugcaguugauauuucgaaagcuuguagcaccaugagauucagcuc	3:75489589..75489652:-
1_30117	3256.6	95 +/- 5%	-	6379	6099	0	280	yes	aae-miR-33	dme-miR-33-5p	-	-	gugcauuguaguugcauugca	caauacuucugcaaugcaagc	gugcauuguaguugcauugcacuuuugcguucgauaacacggugcaauacuucugcaaugcaagc	1:50888881..50888946:-
2_7513	3102.3	95 +/- 5%	-	6077	5297	0	780	yes	aae-miR-281-5p	dme-miR-281-2-5p	-	-	aagagagcuauccgucgacagu	ugucauggaauugcucucuuua	aagagagcuauccgucgacaguagggauaugauucacugucauggaauugcucucuuua	2:96469361..96469420:-
2_4847	2996.4	95 +/- 5%	-	5869	5867	0	2	yes	aae-miR-2945-5p	dme-miR-279-3p	-	-	ugacuagaggcagacucguuua	agcggguccguuucuaguguca	agcggguccguuucuagugucaugugcuguauucgaauaucaugacuagaggcagacucguuua	2:374947142..374947206:+
2_11261	2688.8	95 +/- 5%	-	5266	5197	0	69	yes	aae-miR-9b	dme-miR-9a-5p	-	-	ucuuuggugauuuuagcuguaug	uauagcuuuaucaccaaaaacc	ucuuuggugauuuuagcuguaugcugauacguuucugauugcauauagcuuuaucaccaaaaacc	2:335780574..335780639:-
2_7229	2426.5	95 +/- 5%	-	4751	4456	0	295	yes	aae-miR-276-5p	dme-miR-276a-3p	-	-	uaggaacuucauaccgugcucu	agcgagguauagaguuccuacg	agcgagguauagaguuccuacguugcgugugcgaaauugguaggaacuucauaccgugcucu	2:73120452..73120514:-
2_7260	2281.7	95 +/- 5%	-	4467	4464	0	3	yes	aae-miR-276-3p	dme-miR-276a-3p	-	-	uaggaacuucauaccgugcucu	agcgagguauagaguuccuaug	agcgagguauagaguuccuaugcguucggauaaaauauuccauaggaacuucauaccgugcucu	2:73509399..73509463:-
3_18329	2134.5	95 +/- 5%	-	4180	4160	0	20	yes	aae-miR-8-5p	dme-miR-8-3p	-	-	uaauacugucagguaaagauguc	caucuuaccgggcagcauuaga	caucuuaccgggcagcauuagauauuuuugaaauacuucuaauacugucagguaaagauguc	3:328527955..328528017:+
3_20452	2024.7	95 +/- 5%	-	3971	3970	0	1	no	aae-miR-92a-5p	dme-miR-92a-3p	-	-	uauugcacuugucccggccuau	cgguacggacaggggcaacauug	cgguacggacaggggcaacauugugacauuugaaagcuaauauugcacuugucccggccuau	3:93477596..93477658:-
2_11267	1397.4	95 +/- 5%	-	2733	1726	5	1002	yes	aae-miR-9c-5p	dme-miR-9a-5p	-	-	ucuuugguauucuagcuguaga	uaaagcuuuaguaccagagguc	ucuuugguauucuagcuguagaauguugagcuuugugauaugguaucuucuaaagcuuuaguaccagagguc	2:335810364..335810436:-
3_22964	1268.4	95 +/- 5%	-	2479	2475	0	4	yes	aae-miR-278-5p	dme-miR-278-3p	-	-	ucggugggacuuucguccguuu	acggacgauagucuucagcgg	acggacgauagucuucagcggccgugcauuugauagaaguggucggugggacuuucguccguuu	3:243123888..243123952:-
2_11264	1020.3	95 +/- 5%	-	1993	1948	0	45	yes	aae-miR-79-5p	dme-miR-4-3p	-	-	auaaagcuagauuaccaaagcau	cuuuggcgcuuuagcuguauga	cuuuggcgcuuuagcuguaugauagaauuuaauauuucauaaagcuagauuaccaaagcau	2:335780884..335780945:-
NIGP01000533_35960	972.3	95 +/- 5%	-	1899	1891	0	8	yes	aae-miR-970	dme-miR-970-3p	-	-	ucauaagacacacgcggcuau	agcuugcguuugucuuagcugg	agcuugcguuugucuuagcugguauugaaugugauagguaucauaagacacacgcggcuau	NIGP01000533:10107..10168:-
1_27273	972.3	95 +/- 5%	-	1899	1891	0	8	yes	aae-miR-970	dme-miR-970-3p	-	-	ucauaagacacacgcggcuau	agcuugcguuugucuuagcugg	agcuugcguuugucuuagcugguauugaaugugauagguaucauaagacacacgcggcuau	1:157238423..157238484:+
3_16936	953.8	95 +/- 5%	-	1862	1135	0	727	yes	aae-miR-307	dme-miR-307a-5p	-	-	acucacucaaccugggugugaug	ucacaaccuccuugagugagcga	acucacucaaccugggugugaugcuuauuugaaucaucacaaccuccuugagugagcga	3:244794376..244794435:+
2_1157	620.9	95 +/- 5%	-	1209	1157	0	52	yes	aae-miR-988-5p	dme-miR-988-3p	-	-	ccccuuguugcaaaccucacgc	gugugcuuugugacaaugagau	gugugcuuugugacaaugagauucgguucgauaucauccccuuguugcaaaccucacgc	2:93351380..93351439:+
1_30484	432.8	95 +/- 5%	-	841	756	0	85	yes	aae-miR-87	dme-miR-87-3p	-	-	gugagcaaauuuucaggugugu	cagccugaaauuugcuaaaccu	cagccugaaauuugcuaaaccuguguguauuugauucaaacaaucaaggugagcaaauuuucaggugugu	1:80682401..80682471:-
3_24112	156.2	95 +/- 5%	-	305	163	0	142	yes	aae-miR-10365	-	-	-	aaaaguuuucauauucuugcgg	auuagaauguggaaucuguuuu	auuagaauguggaaucuguuuuuguacaucaaguguuacgaaacgaagcaaaaaaguuuucauauucuugcgg	3:320775621..320775694:-
NIGP01001634_36000	156.2	95 +/- 5%	-	305	163	0	142	yes	aae-miR-10365	-	-	-	aaaaguuuucauauucuugcgg	auuagaauguggaaucuguuuu	auuagaauguggaaucuguuuuuguacaucaaguguuacgaaacgaagcaaaaaaguuuucauauucuugcgg	NIGP01001634:30709..30782:-
NIGP01000443_35891	42.3	95 +/- 5%	-	94	88	0	6	no	aae-miR-11893	-	-	-	uuccugacuuauacgcuuaccu	guaaguagauaaaucagaaag	guaaguagauaaaucagaaagacguuuauaucguuucuuccugacuuauacgcuuaccu	NIGP01000443:52102..52161:+
2_3477	42.3	95 +/- 5%	-	94	88	0	6	no	aae-miR-11893	-	-	-	uuccugacuuauacgcuuaccu	guaaguagauaaaucagaaag	guaaguagauaaaucagaaagacguuuauaucguuucuuccugacuuauacgcuuaccu	2:257889040..257889099:+
2_1318	29.2	95 +/- 5%	-	50	47	0	3	yes	aae-miR-9a	dme-miR-9a-5p	-	-	ucuuugguuaucuagcuguaug	uaaagcuagcauaccgaaguua	ucuuugguuaucuagcuguaugagugaauuuagaacaucauaaagcuagcauaccgaaguua	2:108461947..108462009:+
2_11591	10.4	95 +/- 5%	-	20	16	0	4	yes	aae-miR-1891	-	-	-	ugaggaguuaauuugcguguuu	acacguccauuaacucugguac	ugaggaguuaauuugcguguuuuuguauuugauuaaacacguccauuaacucugguac	2:360084867..360084925:-
2_12200	9.6	94 +/- 5%	-	11	8	0	3	yes	aae-miR-2944b-5p	dme-miR-2a-3p	-	-	uaucacagcaguaguuaccugaua	gaaggaacucccggugugauau	gaaggaacucccggugugauauaugacucgauuauaucacagcaguaguuaccugaua	2:402152794..402152852:-
1_28753	5.4	92 +/- 5%	-	44	44	0	0	yes	aae-miR-999	dme-miR-999-3p	-	-	uguuaacuguaagacugugucu	acgcggucgugcaggaaauuauu	acgcggucgugcaggaaauuauuuggcauuagauucaaauguuaacuguaagacugugucu	1:252222293..252222354:+
1_27718	5.4	92 +/- 5%	-	48	48	0	0	yes	aae-miR-929	dme-miR-929-5p	-	-	aaauugacucuaguagggagu	ucccuaacggagucagauuga	aaauugacucuaguagggaguccuuguguacgagugacucccuaacggagucagauuga	1:198495526..198495585:+
1_34926	5.2	92 +/- 5%	-	81071	81064	0	7	yes	aae-miR-317	dme-miR-317-3p	-	-	ugaacacagcuggugguaucuca	cgggauacacccugugcucgcu	cgggauacacccugugcucgcuuugcauucgaaacuagugaacacagcuggugguaucuca	1:302667131..302667192:-
3_19394	5.2	92 +/- 5%	-	60	60	0	0	yes	aae-miR-980-5p	dme-miR-980-3p	-	-	uagcugccuagugaagggcaaua	cggccguucauugggucaucuagc	cggccguucauugggucaucuagcucguguuggaaacaguuagcugccuagugaagggcaaua	3:1054522..1054585:-
2_7628	5.1	92 +/- 5%	-	35911	35905	0	6	yes	aae-miR-2c	dme-miR-2a-3p	-	-	uaucacagccagcuuugauga	gcaucaaauuugguuguuuua	gcaucaaauuugguuguuuuaguacgaccucuuugaaaccccuaucacagccagcuuugauga	2:107237998..107238061:-
2_5441	4.9	91 +/- 5%	-	2191	2173	0	18	yes	aae-miR-965	dme-miR-965-3p	-	-	uaagcguauagcuuuucccau	gggggaaauccuguacgcugu	gggggaaauccuguacgcuguauguuguauuugaauaauccauaagcguauagcuuuucccau	2:429778749..429778812:+
2_4854	4.8	91 +/- 5%	-	20	20	0	0	yes	aae-let-7	dme-let-7-5p	-	-	ugagguaguugguuguauagu	uaugcaaucugcuagcuuguc	ugagguaguugguuguauaguagugacugauuaaauaucugcuaugcaaucugcuagcuuguc	2:375131497..375131560:+
3_24732	4.8	91 +/- 5%	-	123	123	0	0	yes	aae-miR-989	dme-miR-989-3p	-	-	ugugaugugacguagugguac	gccgcuaccucgcuuucacuug	gccgcuaccucgcuuucacuugguaccgauuucccauaauccaugugaugugacguagugguac	3:366439082..366439146:-
2_11435	4.8	91 +/- 5%	-	28	28	0	0	yes	aae-miR-263a-5p	dme-miR-263a-5p	-	-	aauggcacuggaagaauucacggg	cguguucuggcaguggcauccc	aauggcacuggaagaauucacggguauauuuugaaauccccguguucuggcaguggcauccc	2:348784448..348784510:-
1_35008	4.7	91 +/- 5%	-	1379	1215	0	164	yes	aae-miR-1175-5p	dme-miR-958-3p	-	-	ugagauucuacuucuccgacuu	aaguggaguaguggucucaucg	aaguggaguaguggucucaucgcuuaguauuagaaaagugagauucuacuucuccgacuu	1:307010046..307010106:-
2_3052	4.7	91 +/- 5%	-	25	25	0	0	yes	aae-miR-932-5p	dme-miR-932-5p	-	-	ucaauuccguagugcauugcagu	ugcaagcaauguggaagugaag	ucaauuccguagugcauugcagugugcuuuagacgaacugcaagcaauguggaagugaag	2:231381156..231381216:+
2_12156	4.6	91 +/- 5%	-	941	941	0	0	yes	aae-miR-1	dme-miR-1-3p	-	-	uggaauguaaagaaguauggag	ccaugcuuccuugcauucaaua	ccaugcuuccuugcauucaauagugauucugaaagcauauggaauguaaagaaguauggag	2:399501023..399501084:-
2_4856	4.6	91 +/- 5%	-	63	63	0	0	yes	aae-miR-125-5p	dme-miR-125-5p	-	-	ucccugagacccuaacuuguga	acaaguuuugaucuccgguauu	ucccugagacccuaacuugugacuauaguugaaguuucacaaguuuugaucuccgguauu	2:375131781..375131841:+
2_4541	4.6	91 +/- 5%	-	9611	9611	0	0	yes	aae-miR-14	dme-miR-14-3p	-	-	ucagucuuuuucucucuccuau	gggagcgagauuaaggcuugcu	gggagcgagauuaaggcuugcuggucauuuauuacacucgaagucagucuuuuucucucuccuau	2:344767572..344767637:+
2_2437	4.6	91 +/- 5%	-	17	17	0	0	yes	aae-miR-137	dme-miR-137-3p	-	-	uauugcuugagaauacacguag	acgcguauucuuggguuauuaac	acgcguauucuuggguuauuaacacacuguuuauguuguuauugcuugagaauacacguag	2:189612067..189612128:+
2_4355	4.6	91 +/- 5%	-	96	96	0	0	yes	aae-miR-133	dme-miR-133-3p	-	-	uugguccccuucaaccagcugu	agcugguugacuucgggucaaau	agcugguugacuucgggucaaaucgucaaauauuugcaaagauauuuccucagugaaauuauuugguccccuucaaccagcugu	2:330417065..330417149:+
2_58	4.6	91 +/- 5%	-	39	39	0	0	yes	aae-miR-219	dme-miR-219-5p	-	-	ugauuguccaaacgcaauucuug	agaguugugacuggacauccgug	ugauuguccaaacgcaauucuuguuuuauucgaauaugauauccaagaguugugacuggacauccgug	2:3715261..3715329:+
2_8349	4.5	91 +/- 5%	-	39	39	0	0	yes	aae-miR-263b-5p	dme-miR-263b-5p	-	-	cuuggcacugggagaauucacag	guggaucuuuucgugccaucgu	cuuggcacugggagaauucacaggcgcuauuugcuaucauucuguggaucuuuucgugccaucgu	2:153371131..153371196:-
3_25212	3.9	85 +/- 6%	-	31	31	0	0	yes	aae-miR-285	dme-miR-285-3p	-	-	uagcaccauucgaaaucaguac	acuggcuuccaaaggugaguaga	acuggcuuccaaaggugaguagauggcauucgauacacucuagcaccauucgaaaucaguac	3:406875046..406875108:-
3_15080	3.8	85 +/- 6%	-	558	540	0	18	yes	aae-miR-31	dme-miR-31b-5p	-	-	uggcaagauguuggcauagcug	uagcuauucaacuucuugucu	uggcaagauguuggcauagcugaaaguuuugaguuuagcuauucaacuucuugucu	3:136174150..136174206:+
2_2874	3.7	85 +/- 6%	-	7038	7034	0	4	yes	aae-miR-7	dme-miR-7-5p	-	-	uggaagacuagugauuuuguuguu	caauaaaucucaagucuuucua	uggaagacuagugauuuuguuguuuugcuuacgauaauaacaauaaaucucaagucuuucua	2:222802544..222802606:+
2_4092	3.2	85 +/- 6%	-	11987	11987	0	0	yes	aae-miR-275-3p	dme-miR-275-3p	-	-	ucagguaccugaaguagcgcgcg	ucaucaagcgacaacagaggcgugaaa	ucagguaccugaaguagcgcgcgugaucaaacaggaagcgucaucaagcgacaacagaggcgugaaa	2:307135708..307135775:+
2_7052	2.1	86 +/- 4%	-	1525	1524	0	1	yes	aae-miR-11894a	-	-	-	uuuaccauuucaagaugaccua	ucgucuugaaaugguaaagagug	ucgucuugaaaugguaaagagugucaaucaucaucuuuaccauuucaagaugaccua	2:58785158..58785215:-
2_7056	2	86 +/- 4%	-	1525	1524	0	1	yes	aae-miR-11894a	-	-	-	uuuaccauuucaagaugaccua	ucgucuugaaaugguaaagagug	ucgucuugaaaugguaaagagugucaaucaucaucuuuaccauuucaagaugaccua	2:58786284..58786341:-
2_7060	2	86 +/- 4%	-	1525	1524	0	1	yes	aae-miR-11894a	-	-	-	uuuaccauuucaagaugaccua	ucgucuugaaaugguaaagagug	ucgucuugaaaugguaaagagugucaaucaucaucuuuaccauuucaagaugaccua	2:58787948..58788005:-
2_7054	2	86 +/- 4%	-	1525	1524	0	1	yes	aae-miR-11894a	-	-	-	uuuaccauuucaagaugaccua	ucgucuugaaaugguaaagagug	ucgucuugaaaugguaaagagugucaaucaucaucuuuaccauuucaagaugaccua	2:58785850..58785907:-
2_7048	2	86 +/- 4%	-	1524	1524	0	0	yes	aae-miR-11894a	-	-	-	uuuaccauuucaagaugaccua	gguugucuugaaaugguaaaga	gguugucuugaaaugguaaagagugucaaccaucaucuuuaccauuucaagaugaccua	2:58783350..58783409:-
2_7058	2	86 +/- 4%	-	1525	1524	0	1	yes	aae-miR-11894a	-	-	-	uuuaccauuucaagaugaccua	ucgucuugaaaugguaaagagug	ucgucuugaaaugguaaagagugucaaucaucaucuuuaccauuucaagaugaccua	2:58787426..58787483:-
2_4769	1.9	87 +/- 3%	-	6	6	0	0	yes	aae-miR-124	dme-miR-124-3p	-	-	uaaggcacgcggugaaugcca	guauccacugccggccuauaug	guauccacugccggccuauauguccuauuucgguacucauaaggcacgcggugaaugcca	2:369307280..369307340:+
2_7050	1.9	87 +/- 3%	-	256	256	0	0	yes	aae-miR-11894b	-	-	-	uuuaccauuucaauaugaccua	ggucguauugaaaugguaaaga	ggucguauugaaaugguaaagagugucaaucaucaucuuuaccauuucaauaugaccua	2:58784590..58784649:-
3_23858	1.9	87 +/- 3%	-	8	8	0	0	yes	aae-miR-309a	dme-miR-3-3p	-	-	ucacugggcaaaguuugucgc	gacuaacuucguucaguuuggug	gacuaacuucguucaguuuggugucauacgaagguuuccaguuucaucacugggcaaaguuugucgc	3:309335452..309335519:-
2_11112	1.7	87 +/- 3%	-	253	253	0	0	yes	aae-miR-11895	-	-	-	uucaugcauucacuucugcuga	agcaggagugaaugcaugaguu	agcaggagugaaugcaugaguuugacaucugaaacuaauucaugcauucacuucugcuga	2:324949494..324949554:-
2_563	1.4	87 +/- 3%	-	12	12	0	0	yes	aae-miR-11897a	-	-	-	uaguaaaccuugauuuuguagc	uacagaaucgaggcucacgaug	uacagaaucgaggcucacgaugauuuccaaucauaguaaaccuugauuuuguagc	2:46313963..46314018:+
2_12316	1.4	87 +/- 3%	-	2943	2943	0	0	yes	aae-miR-1890	-	-	-	ugaaaucuuugauuaggucugg	agagcuaauuggagaguucuug	agagcuaauuggagaguucuugaauaguguugugaaccuucaugaaaucuuugauuaggucugg	2:413654961..413655025:-
3_20595	1.4	87 +/- 3%	-	2166	2166	0	0	yes	aae-miR-2765	-	-	-	ugguaacuccaccaccguugg	aaugggagcuggaguucccgcg	ugguaacuccaccaccguuggcgauauuugacagccaaugggagcuggaguucccgcg	3:101895454..101895512:-
1_35021	1.1	87 +/- 3%	-	5	5	0	0	yes	aae-miR-iab-4-5p	dme-miR-iab-4-5p	-	-	acguauacugaauguauccuga	gguauaccuucaguauacguaa	acguauacugaauguauccugagugcuaucuauccgguauaccuucaguauacguaa	1:308965424..308965481:-
2_5351	1.1	87 +/- 3%	-	14	14	0	0	yes	aae-miR-11920	-	-	-	agcauuucagacauugguggac	ccaucaacugcugaacuguuuu	ccaucaacugcugaacuguuuuaggcuucguacgaaagcauuucagacauugguggac	2:417927549..417927607:+
2_1158	1	87 +/- 3%	-	1157	1157	0	0	no	aae-miR-988-3p	dme-miR-988-3p	-	-	ccccuuguugcaaaccucacgc	ggcagguaggggcaaugggggc	ccccuuguugcaaaccucacgcuugcgguagguuccacaacugcugagagguggcagguaggggcaaugggggc	2:93351417..93351491:+
2_10154	0.9	73 +/- 4%	-	35	35	0	0	yes	aae-miR-2941	-	-	-	uaguacggcuagaacuccacgga	cgugguguuuagacguauuaca	cgugguguuuagacguauuacaugauuuuuugaacauaacuguaguacggcuagaacuccacgga	2:268456010..268456075:-
2_10156	0.9	73 +/- 4%	-	28	28	0	0	yes	aae-miR-2941	-	-	-	uaguacggcuagaacuccacgga	cgugaagcucagcugcauuaca	cgugaagcucagcugcauuacacgauauggaauacgguuuguaguacggcuagaacuccacgga	2:268456314..268456378:-
3_20125	0.2	73 +/- 4%	-	3	3	0	0	yes	aae-miR-11908	dme-miR-4967-5p	-	-	agcauuuuuacaccucaggacg	ucuugaaguaaaacaaugcuaa	agcauuuuuacaccucaggacguaagauugcaucgcugccuggagucuugaaguaaaacaaugcuaa	3:61258414..61258481:-
2_10158	0.1	73 +/- 4%	-	9	9	0	0	yes	aae-miR-2946	-	-	-	uaguacggaaaagauauggggauug	aucgccauauuuuuaccgcuacugca	aucgccauauuuuuaccgcuacugcauuucauuguaauaauuguaguacggaaaagauauggggauug	2:268456438..268456506:-
1_29374	0	73 +/- 4%	-	2	2	0	0	yes	aae-miR-10	dme-miR-10-5p	-	-	acccuguagauccgaauuuguu	caaauucgguucuagagagguuu	acccuguagauccgaauuuguuugaauauuuaacaagcgacaaauucgguucuagagagguuu	1:310530475..310530538:+
1_28305	-0.7	57 +/- 4%	-	208	208	0	0	yes	aae-miR-11900	-	-	-	auuuuuuugacuguaauuuuauag	guaaaauuacguugaaaaaucgucu	guaaaauuacguugaaaaaucgucucccucaaaaaaugaaaccugagacuaacaggagauuuuuuugacuguaauuuuauag	1:223944070..223944152:+
2_4459	-1.9	43 +/- 4%	-	7	7	0	0	no	aae-miR-375	dme-miR-375-3p	-	-	uuuguucguuuggcucgaguua	acuuaagcccaacguacagaaacu	acuuaagcccaacguacagaaacuugaaucugaaugccguucuagauuggcuugcuagaaguuuguucguuuggcucgaguua	2:337876532..337876615:+
2_6507	-2.1	27 +/- 4%	-	4	4	0	0	yes	aae-miR-11903a	-	-	-	aacguuacaaaucguaaggcgag	caccauaugauuuguaacugugc	aacguuacaaaucguaaggcgaguuauauguuuuuugaaacucaccauaugauuuguaacugugc	2:26364064..26364129:-
2_11374	-2.1	27 +/- 4%	-	31	31	0	0	no	aae-miR-11916	-	-	-	gaugccucguaaagcaacugga	caguugcuuuccgagcguagcac	caguugcuuuccgagcguagcacaguuuggaugcgggcccgugcaucguccacggugaugccucguaaagcaacugga	2:344991982..344992060:-
2_2074	-2.1	27 +/- 4%	-	20	20	0	0	no	aae-miR-2943	dme-miR-1002-5p	-	-	uuaaguaggcacuugcaggcaa	gacugcuuuuuccuacuuuaca	uuaaguaggcacuugcaggcaaauuuguagcuuuaauaugauugacugcuuuuuccuacuuuaca	2:158469002..158469067:+
2_7990	-2.2	27 +/- 4%	-	56	56	0	0	no	aae-miR-11919	-	-	-	uagcuagguugcggugcacugc	aguguacucugccuggccggc	aguguacucugccuggccggcgcugcugcgagucuagcuagguugcggugcacugc	2:129145074..129145130:-
2_7514	-2.3	27 +/- 4%	-	5297	5297	0	0	no	aae-miR-281-5p	dme-miR-281-2-5p	-	-	aagagagcuauccgucgacagu	cguugacgugggauuuuuuug	cguugacgugggauuuuuuuguucauuuuguucuuucgcugguuucgaauaugaaaauaaagagagcuauccgucgacagu	2:96469398..96469479:-
2_2826	-3.1	5 +/- 3%	-	2	2	0	0	yes	aae-miR-11903b	-	-	-	agucacaauucguaugguaag	cgccauaugauuuguaacucu	agucacaauucguaugguaaguuacacaauuuauguaacucgccauaugauuuguaacucu	2:218987927..218987988:+
1_25855	-3.3	5 +/- 3%	-	178	177	0	1	no	aae-miR-210	-	-	-	uugugcgugugacaacggcuau	cugcugaccacugcacaagau	cugcugaccacugcacaagauuagauuaugacucuugugcgugugacaacggcuau	1:54892619..54892675:+
2_4853	-7.7	0 +/- 0%	-	20	20	0	0	no	aae-let-7	dme-let-7-5p	-	-	ugagguaguugguuguauagu	auuacaguacugcuucuuc	auuacaguacugcuucuuccacguugagguaguugguuguauagu	2:375131473..375131518:+
2_12260	-7.7	0 +/- 0%	-	3	3	0	0	no	aae-miR-11924	-	-	-	uagaaccugguagaauucggca	ucggauuuguccucguuucggg	ucggauuuguccucguuucgggugcguuuuuuauuugcguucgacuugcaucguagaaccugguagaauucggca	2:405891088..405891163:-

#miRBase miRNAs not detected by miRDeep2
miRBase precursor id	total read count	mature read count(s)	star read count	remaining reads	UCSC browser	NCBI blastn	miRBase mature sequence(s)	miRBase star sequence(s)	miRBase precursor sequence
85768	85767	0	1	-	-	cacguuacagauugggguuucc	uaaucucaaauuguaacagugg	-	gagguaaucucaaauuguaacaguggguugauuuuccuggugaaucccggccuuguccuccgucacaagugugacaagugucucgaaaacguguucgcuauacccacguuacagauugggguuucccc	
37966	37966	0	0	-	-	ucagguacugagugacucucag	gagagcaccucgguaucuaagc	-	cauucgcaauuucaccgguucagguacugagugacucucagaugugcauuucucaagcaaucucguccucaggaccugagguugaaaaacccugagagcaccucgguaucuaagccaguguugcgaaaa	
32731	32725	0	6	-	-	ugguuuaucuuaucugucgaggc	gucgacagggagauaaaucacu	-	cauugguuuaucuuaucugucgaggcaaguuauuuuaccggauaguguuucuuuucgugagcaaucaccacuauccagcucuucuugucgacagggagauaaaucacug	
8621	8621	0	0	-	-	caaccacuauccgcccugccgcc	uggcagugugguuagcugguug	-	caaggcaauacgcuauggcagugugguuagcugguuguguagaacuuuggggggcuuccguggcguucgcgcgcacacgggggcucagauucacaaccacuauccgcccugccgccgcgaggugccagg	
113	113	0	0	-	-	ugucuuuuuccgcuuacugccg	-	ccaacauuuugauugauuugucuuuuuccgcuuacugccgguggcauuugaaauucucgacagcaaaccgaaaaaggcgccucaaucaauu	
118	108	0	10	-	-	cugaaaacuuaaucgauugguc	-	uaaccugaaaacuuaaucgauuggucacuagcugcgcggugaccaaucgauuaaguuuucagcuua	
16	16	0	0	-	-	caaaagaucuggcuacacuga	-	uucagugaugucagaucuuuugucggaauagaagcagauuccuccuucuauucagacaaaagaucuggcuacacugaa	
13	13	0	0	-	-	uaguaagcauugauuuuguagc	-	augcuacagaaucgaggcuuacuaugauuuccaaucauaguaagcauugauuuuguagcau	
19	10	0	9	-	-	auauuguccugucacagcagu	-	cgauuuuugcuagaaaccgauuauauuguccugucacagcaguacuguuacaaauuuacuguuguuucgggacauuuacauugauucuagccgucac	
10	7	0	3	-	-	aaaugggacugauaugcgaguau	-	ccauucucgcauaacaguaccauauucuugggauuucucauauaaaugggacugauaugcgaguaugg	
5	5	0	0	-	-	caugaacgacgacgugacgccg	-	uauaagucccgucgucgccuucaugugcgguggucacaugccacacaugaacgacgacgugacgccgc	
5	5	0	0	-	-	caucacagaauuguuuuuacug	-	aaacaucacagaauuguuuuuacugauaaggaacuauguguaaaaauaauucuguaaaguuu	
20	4	0	16	-	-	ucagaucuacuuaauacccau	-	acuccaauucuggguauuuuagauccuuggcauaguuacgugauugaaugcacuguucuucuuugguuuacccaguaucgaacacgcgucaaucugucagaucuacuuaauacccaua	
2	2	0	0	-	-	aacccguagauccgaacuugug	-	gcguagugguuguaguuacccauuugcaggaacccguagauccgaacuugugcugccguuucacauguuacaagaacggauguaugggauucugccgauguauggcuaaagcaucgaucgauuugu	
1	1	0	0	-	-	cgucaaacuccguucaguuggug	ucacugggcauaguuugucgca	-	uuaugcgucaaacuccguucaguugguggagucauuuuccaagucaucacugggcauaguuugucgcauaa	
1	1	0	0	-	-	acaacggcagccggaacgaucu	-	uaucucguuccgucguccguaggucgguuuagccaaugcgacaacggcagccggaacgaucug	











4	0	0	4	-	-	uacuggccuacuaagucccaac	-	gcuugcuauguaauuuuuucaaucgaacugggauuuuguggaccagaagauuuccuccauucgauaauagcuacuggccuacuaagucccaacuuguuuggaaauuguccgacagauagcaagc	








2	0	0	2	-	-	uuccgaaguugggugucucgc	-	ugcaagauacccuacuucggaaguagggcgcauuagagcgcauccggaugcgaaucgaaugcaccacuuccgaaguugggugucucgca	







3	0	0	3	-	-	uuggacuggcaugcguuuaugg	-	cccauaaacgcauaauugucccaugugaauagaaaauccagccacauuggacuggcaugcguuuauggg	
