miRDeep2 score	novel miRNAs reported by miRDeep2	novel miRNAs, estimated false positives	novel miRNAs, estimated true positives	known miRNAs in species	known miRNAs in data	known miRNAs detected by miRDeep2	estimated signal-to-noise	excision gearing
10	1	1 +/- 1	0 +/- 0 (28 +/- 45%)	164	13	0 (0%)	0.9	1
9	1	1 +/- 1	0 +/- 0 (26 +/- 44%)	164	13	0 (0%)	0.9	1
8	1	1 +/- 1	0 +/- 0 (24 +/- 43%)	164	13	0 (0%)	0.8	1
7	1	1 +/- 1	0 +/- 0 (23 +/- 42%)	164	13	0 (0%)	0.8	1
6	1	1 +/- 1	0 +/- 0 (23 +/- 42%)	164	13	0 (0%)	0.8	1
5	1	1 +/- 1	0 +/- 0 (23 +/- 42%)	164	13	2 (15%)	1.6	1
4	1	1 +/- 1	0 +/- 0 (23 +/- 42%)	164	13	7 (54%)	3.9	1
3	1	3 +/- 2	0 +/- 0 (6 +/- 24%)	164	13	7 (54%)	1.8	1
2	1	6 +/- 2	0 +/- 0 (0 +/- 0%)	164	13	8 (62%)	1.8	1
1	17	9 +/- 3	8 +/- 3 (48 +/- 17%)	164	13	12 (92%)	3.3	1
0	36	36 +/- 5	2 +/- 3 (5 +/- 7%)	164	13	13 (100%)	1.3	1
-1	48	96 +/- 8	0 +/- 0 (0 +/- 0%)	164	13	13 (100%)	0.6	1
-2	63	174 +/- 11	0 +/- 0 (0 +/- 0%)	164	13	13 (100%)	0.4	1
-3	102	243 +/- 12	0 +/- 0 (0 +/- 0%)	164	13	13 (100%)	0.5	1
-4	156	305 +/- 13	0 +/- 0 (0 +/- 0%)	164	13	13 (100%)	0.6	1
-5	222	360 +/- 14	0 +/- 0 (0 +/- 0%)	164	13	13 (100%)	0.7	1
-6	274	410 +/- 16	0 +/- 0 (0 +/- 0%)	164	13	13 (100%)	0.7	1
-7	317	453 +/- 16	0 +/- 0 (0 +/- 0%)	164	13	13 (100%)	0.7	1
-8	368	495 +/- 17	0 +/- 0 (0 +/- 0%)	164	13	13 (100%)	0.8	1
-9	422	532 +/- 18	0 +/- 0 (0 +/- 0%)	164	13	13 (100%)	0.8	1
-10	456	568 +/- 18	0 +/- 0 (0 +/- 0%)	164	13	13 (100%)	0.8	1



novel miRNAs predicted by miRDeep2
provisional id	miRDeep2 score	estimated probability that the miRNA candidate is a true positive	rfam alert	total read count	mature read count	loop read count	star read count	significant randfold p-value	miRBase miRNA	example miRBase miRNA with the same seed	UCSC browser	NCBI blastn	consensus mature sequence	consensus star sequence	consensus precursor sequence	precursor coordinate
3_10327	55	28 +/- 45%	-	109	65	0	44	yes	-	-	-	-	auuggauuugauuuguauuggaua	auuggauuugaauuggauuug	auuggauuugauuuguauuggauauaauuuguauuggauuugaauuggauuug	3:371757373..371757426:-
3_7253	1.9	48 +/- 17%	-	20	20	0	0	yes	-	-	-	-	aaaccauugagaacaaguggc	cagggguucucaaccggugguc	cagggguucucaaccggugguccgcggaccucuagggggccguaaagaguucucaggggguccgcgaaaccauugagaacaaguggc	3:265273609..265273696:+
1_11945	1.8	48 +/- 17%	-	13	13	0	0	yes	-	-	-	-	caaaaguggggucaugguac	accagaaccccacucagugc	accagaaccccacucagugccgucggugccaaaaguggggucaugguac	1:253366762..253366811:+
2_3501	1.6	48 +/- 17%	-	47	47	0	0	yes	-	-	-	-	auguuauaugucauguaaucac	gauuacaugacauauaauugaa	auguuauaugucauguaaucacucaggauccugcuagauuacaugacauauaauugaa	2:144493955..144494013:-
3_9276	1.5	48 +/- 17%	-	86	86	0	0	yes	-	-	-	-	auauuuucaaccagcaaucuuu	uauuugcugguugaaaauacug	uauuugcugguugaaaauacugccauuugauuuugcugggaacagcugaucuuuguuuauauuuucaaccagcaaucuuu	3:185787168..185787248:-
3_7069	1.5	48 +/- 17%	-	27	27	0	0	yes	-	-	-	-	aggagcaauguagagcgugcacaau	agugcgccucuaugagcucauua	agugcgccucuaugagcucauuaucacgaacucgaucaggagcaauguagagcgugcacaau	3:230528866..230528928:+
3_8205	1.5	48 +/- 17%	-	14	14	0	0	yes	-	-	-	-	acgauauggccaacgacagc	ugucguucacggccaucuugguag	acgauauggccaacgacagcaaacugggccugcauagauucuugcgagcccugucguucacggccaucuugguag	3:9996193..9996268:-
2_5078	1.4	48 +/- 17%	-	22	22	0	0	yes	-	-	-	-	acgaucaaaacaaucauuaauc	ugauaaugauuguuuucaaaucguuc	ugauaaugauuguuuucaaaucguucugaauagucaguggaauacgaucaaaacaaucauuaauc	2:387412096..387412161:-
2_3339	1.4	48 +/- 17%	-	40	40	0	0	yes	-	-	-	-	agaaaaucuaucauugcauugc	aauguagugauagauuuuuaug	agaaaaucuaucauugcauugcccuugcuaucuguaauguagugauagauuuuuaug	2:116296220..116296277:-
1_11219	1.3	48 +/- 17%	-	11	11	0	0	yes	-	-	-	-	gcuuggcgauccaccauuc	auuguggaggccuucaagcac	auuguggaggccuucaagcacggauacggacugcguaccaagcuuggcgauccaccauuc	1:139797320..139797380:+
1_12494	1.3	48 +/- 17%	-	19	19	0	0	yes	-	-	-	-	uccuagcaaaagcgauacucacau	guguuauugauguugcuagugcg	guguuauugauguugcuagugcgacugguggucgcauauuugauccuagcaaaagcgauacucacau	1:28899834..28899901:-
2_2755	1.3	48 +/- 17%	-	60	60	0	0	yes	-	-	-	-	uccauagcucaucaugaauaaucc	auugaaaaugagucuuggaua	uccauagcucaucaugaauaauccuauuguagauugaaaaugagucuuggaua	2:23616975..23617028:-
3_10114	1.3	48 +/- 17%	-	47	47	0	0	yes	-	-	-	-	augaaaccgaaggucgucguacu	agagaucgacacuucgguugucaugc	agagaucgacacuucgguugucaugccacuuaugaaaccgaaggucgucguacu	3:326600717..326600771:-
3_9577	1.2	48 +/- 17%	-	43	43	0	0	yes	-	-	-	-	ucaaaagcacaaaucuagag	cuggauaugugcuucuaaa	ucaaaagcacaaaucuagagagccaaagauuaauuaaugcaugaucaauuuguugguucucuggauaugugcuucuaaa	3:234997653..234997732:-
3_9487	1.2	48 +/- 17%	-	19	19	0	0	yes	-	-	-	-	aacaaccugaucauugguagca	uuacuaguggcaauaguggauugauca	aacaaccugaucauugguagcaacguuacuaguggcaauaguggauugauca	3:219558339..219558391:-
3_10414	1.1	48 +/- 17%	-	13	13	0	0	yes	-	-	-	-	uuuuuggaugucaaacugaagaagg	guucauaguuugacguccugaaaug	guucauaguuugacguccugaaaugcauuuuuuggaugucaaacugaagaagg	3:383651141..383651194:-
3_6604	1	48 +/- 17%	-	61	61	0	0	yes	-	-	-	-	uaaucacaguaagaaaagacuuc	ccucuccauuucuugcuggguuggu	uaaucacaguaagaaaagacuucccuggaacggaggccuacuuggccugauguuccucuccauuucuugcuggguuggu	3:159433470..159433549:+
NIGP01002231_14534	0.9	5 +/- 7%	-	14	14	0	0	yes	-	-	-	-	ucacuugaauuuggaagagugaucc	cucuucuuccagauuuaauugguu	cucuucuuccagauuuaauugguuuggagcaaugauugacccuaugcggcaagugcuguuccucaaaaucacuugaauuuggaagagugaucc	NIGP01002231:223691..223784:-
1_11322	0.8	5 +/- 7%	-	23	23	0	0	yes	-	-	-	-	auuacgcaacucaaaacaauu	ugagaaagcguugcgcaauga	auuacgcaacucaaaacaauugccuaaugagaaagcguugcgcaauga	1:147723890..147723938:+
3_6311	0.7	5 +/- 7%	-	19	19	0	0	yes	-	-	-	-	uucuaaaauugggccaucau	aguggcuuuguugauuuuggugcg	aguggcuuuguugauuuuggugcguuuagauuguucaacguuauuauucuaaaauugggccaucau	3:123326916..123326982:+
2_4654	0.7	5 +/- 7%	-	12	12	0	0	yes	-	-	-	-	cuaaucgauuacgcgacaaa	caucguguaaucuagca	caucguguaaucuagcauggacucuaaucgauuacgcgacaaa	2:309381658..309381701:-
2_1934	0.7	5 +/- 7%	-	18	18	0	0	yes	-	-	-	-	gcaugacgguacugucuucuccau	ggacuauacgaacgccguucggcac	gcaugacgguacugucuucuccauccuuauucggacuauacgaacgccguucggcac	2:324410739..324410796:+
2_1093	0.6	5 +/- 7%	-	34	34	0	0	no	-	dme-miR-978-3p	-	-	aguccaguauuugaugaacuuac	aaggacauacugaaugcugggggcu	aaggacauacugaaugcugggggcucuagggcccaacuuaguccaguauuugaugaacuuac	2:190004571..190004633:+
1_11380	0.6	5 +/- 7%	-	20	20	0	0	yes	-	-	-	-	aucaugccaaacaacuguuau	uuauguuauguuuggcauuaugc	aucaugccaaacaacuguuaugucaaacguuauguuauguuuggcauuaugc	1:156484895..156484947:+
2_4849	0.5	5 +/- 7%	-	20	20	0	0	yes	-	-	-	-	uucuaaagaaaugugggauacg	ugucccaggauguuuugggagu	uucuaaagaaaugugggauacgcuaaagaaggugucccaggauguuuugggagu	2:345809005..345809059:-
3_8672	0.4	5 +/- 7%	-	15	15	0	0	no	-	dme-miR-31b-5p	-	-	gggcaagacggucuccaacgccguu	agaugaaggaaaccgccgaagccuac	agaugaaggaaaccgccgaagccuaccugggcaagacggucuccaacgccguu	3:93750797..93750850:-
2_3810	0.4	5 +/- 7%	-	22	22	0	0	yes	-	-	-	-	augcugacgaugacgacaac	agucgaucgaacgucaccgcuacg	agucgaucgaacgucaccgcuacgagaacucccacuaugcugacgaugacgacaac	2:192168406..192168462:-
3_7309	0.3	5 +/- 7%	-	28	28	0	0	yes	-	-	-	-	uuuggaauucauugaggaac	ucugggaugaauucuaagag	ucugggaugaauucuaagagaauaucgugguguggucccaggagaaauuuuuggaauucauugaggaac	3:268416149..268416218:+
2_2502	0.3	5 +/- 7%	-	22	22	0	0	yes	-	-	-	-	uugaucugagcuaaccuaac	uaagcuuuuugcaauc	uugaucugagcuaaccuaaccguagccacuacccaaacuaggcaggauuaagcuuuuugcaauc	2:455568995..455569059:+
1_12452	0.2	5 +/- 7%	-	24	24	0	0	yes	-	-	-	-	aacgcuggaaacagaaaaaugaac	uuuuuuuucuuucuuugagaguuug	uuuuuuuucuuucuuugagaguuugacagaucgaacgcuggaaacagaaaaaugaac	1:23241480..23241537:-
1_10683	0.2	5 +/- 7%	-	27	27	0	0	yes	-	-	-	-	uuuuacgguuucgaaucg	auauccucgccguacgauc	auauccucgccguacgaucgguuuuuuacgguuucgaaucg	1:27673811..27673852:+
3_8901	0.1	5 +/- 7%	-	22	22	0	0	yes	-	-	-	-	aagcgaauuaaucguguggca	ccgcauauuuaauuugcguuuc	aagcgaauuaaucguguggcauuucucaucaccuuccgacuagaccuguuagccgcauauuuaauuugcguuuc	3:130821429..130821503:-
2_2297	0.1	5 +/- 7%	-	25	25	0	0	yes	-	-	-	-	aagcgauuagaccaugauaaau	uuguuaaugggaggaucguuggg	uuguuaaugggaggaucguugggucacaggauucacuuugauaagcgauuagaccaugauaaau	2:406409876..406409940:+
3_8019	0	5 +/- 7%	-	36	36	0	0	yes	-	-	-	-	auaggaauuucucaaaggauu	ucccuucugggccuaaaa	ucccuucugggccuaaaaaaaguuccuccagggauucucccuugaauuauuuuauaggaauuucucaaaggauu	3:385771625..385771699:+
3_7455	0	5 +/- 7%	-	24	24	0	0	no	-	dme-miR-1003-3p	-	-	acucacauuauguuagaauugc	aauauuauagagagaaugugugcgg	aauauuauagagagaaugugugcggaugccgagugcuggaaugcaguaacuacggcugucacucacauuauguuagaauugc	3:291962960..291963042:+
1_12323	0	5 +/- 7%	-	16	16	0	0	yes	-	-	-	-	augaagaaauggucgaauc	uucgccacuucuucgguc	uucgccacuucuucggucuaugaagaaauggucgaauc	1:11625221..11625259:-



mature miRBase miRNAs detected by miRDeep2
tag id	miRDeep2 score	estimated probability that the miRNA is a true positive	rfam alert	total read count	mature read count	loop read count	star read count	significant randfold p-value	mature miRBase miRNA	example miRBase miRNA with the same seed	UCSC browser	NCBI blastn	consensus mature sequence	consensus star sequence	consensus precursor sequence	precursor coordinate
3_10490	5	23 +/- 42%	-	38	38	0	0	yes	aae-miR-308-5p	dme-miR-2a-3p	-	-	aaucacaggaguauacugugag	cgcgguauauucuuguggcuug	cgcgguauauucuuguggcuugaugcauuugaaaaaucucaaaucacaggaguauacugugag	3:403338483..403338546:-
2_3209	4.9	23 +/- 42%	-	31	31	0	0	yes	aae-miR-281-5p	dme-miR-281-1-5p	-	-	aaagagagcuauccgucgaca	ucauggaauugcucucuuuau	aaagagagcuauccgucgacaguagggauaugauucacugucauggaauugcucucuuuau	2:96469360..96469421:-
2_5142	4.6	23 +/- 42%	-	107	107	0	0	yes	aae-miR-1	dme-miR-1-3p	-	-	uggaauguaaagaaguauggag	ccaugcuuccuugcauucaaua	ccaugcuuccuugcauucaauagugauucugaaagcauauggaauguaaagaaguauggag	2:399501023..399501084:-
3_7745	4.4	23 +/- 42%	-	20	20	0	0	yes	aae-miR-8-5p	dme-miR-8-3p	-	-	uaauacugucagguaaagaugu	aucuuaccgggcagcauuaga	aucuuaccgggcagcauuagauauuuuugaaauacuucuaauacugucagguaaagaugu	3:328527956..328528016:+
2_3022	2.1	0 +/- 0%	-	1114	1114	0	0	yes	aae-miR-11894a	-	-	-	uuuaccauuucaagaugaccua	ggucgucuugaaaugguaaaga	ggucgucuugaaaugguaaagagugucaaucaucaucuuuaccauuucaagaugaccua	2:58785158..58785217:-
2_3028	2	0 +/- 0%	-	1114	1114	0	0	yes	aae-miR-11894a	-	-	-	uuuaccauuucaagaugaccua	ggucgucuugaaaugguaaaga	ggucgucuugaaaugguaaagagugucaaucaucaucuuuaccauuucaagaugaccua	2:58787426..58787485:-
2_3024	2	0 +/- 0%	-	1114	1114	0	0	yes	aae-miR-11894a	-	-	-	uuuaccauuucaagaugaccua	ggucgucuugaaaugguaaaga	ggucgucuugaaaugguaaagagugucaaucaucaucuuuaccauuucaagaugaccua	2:58785850..58785909:-
2_3026	2	0 +/- 0%	-	1114	1114	0	0	yes	aae-miR-11894a	-	-	-	uuuaccauuucaagaugaccua	ggucgucuugaaaugguaaaga	ggucgucuugaaaugguaaagagugucaaucaucaucuuuaccauuucaagaugaccua	2:58786284..58786343:-
2_3030	2	0 +/- 0%	-	1114	1114	0	0	yes	aae-miR-11894a	-	-	-	uuuaccauuucaagaugaccua	ggucgucuugaaaugguaaaga	ggucgucuugaaaugguaaagagugucaaucaucaucuuuaccauuucaagaugaccua	2:58787948..58788007:-
2_3020	1.9	48 +/- 17%	-	65	65	0	0	yes	aae-miR-11894b	-	-	-	uuuaccauuucaauaugaccua	ggucguauugaaaugguaaaga	ggucguauugaaaugguaaagagugucaaucaucaucuuuaccauuucaauaugaccua	2:58784590..58784649:-
2_4744	1.7	48 +/- 17%	-	26	26	0	0	yes	aae-miR-11895	-	-	-	uucaugcauucacuucugcuga	agcaggagugaaugcaugaguu	agcaggagugaaugcaugaguuugacaucugaaacuaauucaugcauucacuucugcuga	2:324949494..324949554:-
1_14466	1.6	48 +/- 17%	-	30	30	0	0	yes	aae-miR-277-5p	-	-	-	aaaugcacuaucugguacgaca	gcgugucagaagugcauuuac	gcgugucagaagugcauuuacauagguauuucccguuuagcaguauuuguaaaugcacuaucugguacgaca	1:302603812..302603884:-
2_3748	0.9	5 +/- 7%	-	22	22	0	0	yes	aae-miR-11899	-	-	-	ugaccgauuuaauauauggc	cauguaugauuucggucaug	cauguaugauuucggucauguaugcaguugaaaauaauuauaugaccgauuuaauauauggc	2:182319042..182319104:-
2_3210	-2.8	0 +/- 0%	-	31	31	0	0	no	aae-miR-281-5p	dme-miR-281-1-5p	-	-	aaagagagcuauccgucgaca	uugacgugggauuuuuuugu	uugacgugggauuuuuuuguucauuuuguucuuucgcugguuucgaauaugaaaauaaagagagcuauccgucgaca	2:96469400..96469477:-

#miRBase miRNAs not detected by miRDeep2
miRBase precursor id	total read count	mature read count(s)	star read count	remaining reads	UCSC browser	NCBI blastn	miRBase mature sequence(s)	miRBase star sequence(s)	miRBase precursor sequence
























































































































