miRDeep2 score	novel miRNAs reported by miRDeep2	novel miRNAs, estimated false positives	novel miRNAs, estimated true positives	known miRNAs in species	known miRNAs in data	known miRNAs detected by miRDeep2	estimated signal-to-noise	excision gearing
10	0	0 +/- 0	0 +/- 0 (0 +/- 0%)	164	73	3 (4%)	3	1
9	0	0 +/- 0	0 +/- 0 (0 +/- 0%)	164	73	3 (4%)	3	1
8	0	0 +/- 0	0 +/- 0 (0 +/- 0%)	164	73	3 (4%)	3	1
7	0	0 +/- 0	0 +/- 0 (0 +/- 0%)	164	73	3 (4%)	3	1
6	0	0 +/- 0	0 +/- 0 (0 +/- 0%)	164	73	3 (4%)	3	1
5	0	0 +/- 0	0 +/- 0 (0 +/- 0%)	164	73	25 (34%)	24.3	1
4	1	1 +/- 1	1 +/- 1 (51 +/- 50%)	164	73	48 (66%)	42.9	1
3	2	9 +/- 2	0 +/- 0 (0 +/- 0%)	164	73	52 (71%)	4	1
2	2	13 +/- 3	0 +/- 0 (0 +/- 0%)	164	73	53 (73%)	2.9	1
1	12	14 +/- 3	0 +/- 1 (3 +/- 8%)	164	73	65 (89%)	3.9	1
0	20	33 +/- 4	0 +/- 0 (0 +/- 0%)	164	73	67 (92%)	2	1
-1	24	73 +/- 6	0 +/- 0 (0 +/- 0%)	164	73	67 (92%)	1	1
-2	27	112 +/- 7	0 +/- 0 (0 +/- 0%)	164	73	67 (92%)	0.7	1
-3	44	143 +/- 8	0 +/- 0 (0 +/- 0%)	164	73	67 (92%)	0.6	1
-4	79	174 +/- 9	0 +/- 0 (0 +/- 0%)	164	73	67 (92%)	0.7	1
-5	110	194 +/- 10	0 +/- 0 (0 +/- 0%)	164	73	67 (92%)	0.8	1
-6	135	216 +/- 11	0 +/- 0 (0 +/- 0%)	164	73	67 (92%)	0.8	1
-7	156	231 +/- 11	0 +/- 0 (0 +/- 0%)	164	73	67 (92%)	0.9	1
-8	176	244 +/- 11	0 +/- 0 (0 +/- 0%)	164	73	67 (92%)	0.9	1
-9	194	259 +/- 12	0 +/- 0 (0 +/- 0%)	164	73	67 (92%)	0.9	1
-10	202	279 +/- 12	0 +/- 0 (0 +/- 0%)	164	73	67 (92%)	0.9	1



novel miRNAs predicted by miRDeep2
provisional id	miRDeep2 score	estimated probability that the miRNA candidate is a true positive	rfam alert	total read count	mature read count	loop read count	star read count	significant randfold p-value	miRBase miRNA	example miRBase miRNA with the same seed	UCSC browser	NCBI blastn	consensus mature sequence	consensus star sequence	consensus precursor sequence	precursor coordinate
2_1162	4.2	51 +/- 50%	-	42	42	0	0	yes	-	dme-miR-4915-5p	-	-	uugagaaauugaaauaug	augucagauuugucgaaa	uugagaaauugaaauaugaguaugacacauuauugucaugucagauuugucgaaa	2:446660945..446661000:+
2_1161	3.8	0 +/- 0%	-	42	42	0	0	yes	-	dme-miR-4915-5p	-	-	uugagaaauugaaauaug	aguuucaaggcugaagg	aguuucaaggcugaaggcacuuggugauaacuuaccgacugugcuuugagaaauugaaauaug	2:446660900..446660963:+
3_4432	1.8	3 +/- 8%	-	73	73	0	0	yes	-	-	-	-	uagcaaaaaugcuaagggaguacc	uacucccuuagcauuuuugcuaau	uacucccuuagcauuuuugcuaauggccauuagcaaaaaugcuaagggaguacc	3:259672584..259672638:-
2_2153	1.7	3 +/- 8%	-	58	58	0	0	yes	-	-	-	-	aaacgcaugugagucccauguu	caugggacaauaaugcauuuau	aaacgcaugugagucccauguuugcugaauauucuauucacaugggacaauaaugcauuuau	2:302072438..302072500:-
2_446	1.7	3 +/- 8%	-	86	86	0	0	yes	-	-	-	-	auccgguucgaaggaccau	gggacuuuggcucggguga	auccgguucgaaggaccauauguugcggcguugcaacugggacuuuggcucggguga	2:156087826..156087883:+
3_3800	1.5	3 +/- 8%	-	29	29	0	0	yes	-	-	-	-	uaggccggcggaaacuacuugc	aagggguuucuuucggccucca	aagggguuucuuucggccuccagcggcauuagauaguuguaggccggcggaaacuacuugc	3:6069685..6069746:-
2_1659	1.5	3 +/- 8%	-	85	85	0	0	yes	-	-	-	-	uuaguggcagaagaagugaaaacc	ggaggacuuguuuugcgcgcggaugau	uuaguggcagaagaagugaaaaccgaugcggcgcgcgcgcguauuggaggacuuguuuugcgcgcggaugau	2:147966035..147966107:-
1_4845	1.4	3 +/- 8%	-	70	70	0	0	yes	-	-	-	-	uuuucgacaagcgaagcggca	ccgcggugcuaucaugaagaaa	ccgcggugcuaucaugaagaaaaaaugcgcagaaagggcuucugcugugauacgguuuucgacaagcgaagcggca	1:1386230..1386306:+
2_1043	1.2	3 +/- 8%	-	33	33	0	0	yes	-	-	-	-	augaaugcagcacugugcg	agcagugccgauucaaug	agcagugccgauucaauguauuucuuacauuuaugaaugcagcacugugcg	2:389809745..389809796:+
1_5407	1.1	3 +/- 8%	-	31	31	0	0	yes	-	-	-	-	gugaugaagaauguggggagaugua	cauuauccggcuuguuucgcauggcua	cauuauccggcuuguuucgcauggcuacucuggacaaguugcggaagauguggugcaguguagugaugaagaauguggggagaugua	1:215748791..215748878:+
NIGP01001329_7533	1	3 +/- 8%	-	23	23	0	0	yes	-	-	-	-	agcuaccuuacggaugagccucacu	cggggcugauucuaagagaguaca	cggggcugauucuaagagaguacaaccgucacggguacgaggauaugcucguaucuauaccuacagcuaccuuacggaugagccucacu	NIGP01001329:15345..15434:+
3_3491	1	3 +/- 8%	-	57	57	0	0	yes	-	-	-	-	uugauaagcgauuagaccaugau	uaauggggaagaucguugggucaaag	uaauggggaagaucguugggucaaaggauucacuuugauaagcgauuagaccaugau	3:298633884..298633941:+
2_1268	0.9	0 +/- 0%	-	74	74	0	0	yes	-	-	-	-	uugaacguauuccgcuaggaac	uuuucgcggaagagugaaaga	uuuucgcggaagagugaaagaacaguugaacguauuccgcuaggaac	2:12710310..12710357:-
2_1131	0.7	0 +/- 0%	-	67	67	0	0	yes	-	-	-	-	augaaguaaaacgugagca	cucaauguuaucucucauaa	cucaauguuaucucucauaagaaugaaguaaaacgugagca	2:433931972..433932013:+
1_5185	0.6	0 +/- 0%	-	51	51	0	0	yes	-	-	-	-	aauauugugcagaaguaguuu	ccuacuuuugccaauauuua	ccuacuuuugccaauauuuagacggaauaggcuauguugcccgcuuuaacacuauuuuggaugaauauugugcagaaguaguuu	1:144296467..144296551:+
3_3990	0.5	0 +/- 0%	-	97	97	0	0	yes	-	-	-	-	ugagaaucuuuugaaaguuacucuu	gaaaaccuuuugagauuuuuucgga	gaaaaccuuuugagauuuuuucggaauuuuucugagaaucuuuugaaaguuacucuu	3:92661453..92661510:-
2_2258	0.5	0 +/- 0%	-	73	73	0	0	yes	-	-	-	-	ucguccagaaauuccuccgaagauu	ccuucggguuuauauuuucuggauaaau	ccuucggguuuauauuuucuggauaaauuucuucguggauuucguccagaaauuccuccgaagauu	2:326418488..326418554:-
2_1126	0.3	0 +/- 0%	-	61	61	0	0	yes	-	-	-	-	gugagggaaaaucgcaaucggcaac	ugccaaugagauuucgauuaccucaauc	gugagggaaaaucgcaaucggcaacauuaaaauuacuuuuugaacaugccaaugagauuucgauuaccucaauc	2:432763255..432763329:+
3_3099	0.1	0 +/- 0%	-	41	41	0	0	yes	-	-	-	-	uaaagugaaacuggagauggc	caucaacguuucaaacugcu	caucaacguuucaaacugcuacugagcgagaggauaaaaucaagcagaaucuuaaagugaaacuggagauggc	3:162893386..162893459:+
2_246	0	0 +/- 0%	-	68	68	0	0	yes	-	-	-	-	gccaaaguagaaggugcagcau	auaucaccuucccaauacuuuggcac	gccaaaguagaaggugcagcauaaaaauacccguccuugaaacauaucaccuucccaauacuuuggcac	2:84864223..84864292:+



mature miRBase miRNAs detected by miRDeep2
tag id	miRDeep2 score	estimated probability that the miRNA is a true positive	rfam alert	total read count	mature read count	loop read count	star read count	significant randfold p-value	mature miRBase miRNA	example miRBase miRNA with the same seed	UCSC browser	NCBI blastn	consensus mature sequence	consensus star sequence	consensus precursor sequence	precursor coordinate
2_1513	2705.1	0 +/- 0%	-	5298	5206	0	92	yes	aae-miR-281-5p	dme-miR-281-2-5p	-	-	aagagagcuauccgucgacagu	cugucauggaauugcucucuuua	aagagagcuauccgucgacaguagggauaugauucacugucauggaauugcucucuuua	2:96469361..96469420:-
2_1476	299.2	0 +/- 0%	-	578	470	0	108	yes	aae-miR-276-3p	dme-miR-276a-3p	-	-	uaggaacuucauaccgugcucu	agcgagguauagaguuccua	agcgagguauagaguuccuaugcguucggauaaaauauuccauaggaacuucauaccgugcucu	2:73509399..73509463:-
3_3964	5.4	0 +/- 0%	-	214	214	0	0	yes	aae-miR-998	dme-miR-285-3p	-	-	uagcaccaugagauucagcuc	acugaacucucgugggucugca	acugaacucucgugggucugcaguugauauuucgaaagcuuguagcaccaugagauucagcuc	3:75489589..75489652:-
1_5310	5.4	0 +/- 0%	-	503	503	0	0	yes	aae-miR-929	dme-miR-929-5p	-	-	aaauugacucuaguagggagu	ucccuaacggagucagauuga	aaauugacucuaguagggaguccuuguguacgagugacucccuaacggagucagauuga	1:198495526..198495585:+
3_3735	5.3	0 +/- 0%	-	57	57	0	0	yes	aae-miR-957	dme-miR-957-3p	-	-	ugaaaccguccaaaacugaggc	guuaguuuugggcggguuuuagu	guuaguuuugggcggguuuuaguguauuucgauuagaguaucaauugaaaccguccaaaacugaggc	3:398466624..398466691:+
1_7206	5.2	0 +/- 0%	-	134460	134460	0	0	yes	aae-miR-277-5p	dme-miR-277-3p	-	-	uaaaugcacuaucugguacgaca	gcgugucagaagugcauuuaca	gcgugucagaagugcauuuacauagguauuucccguuuagcaguauuuguaaaugcacuaucugguacgaca	1:302603812..302603884:-
2_1540	5.2	0 +/- 0%	-	1192	1192	0	0	yes	aae-miR-2a-5p	dme-miR-2a-3p	-	-	uaucacagccagcuuugaag	ucaaagugguugugaaaug	ucaaagugguugugaaaugaguuacucuugaacgaucucauaucacagccagcuuugaag	2:107237505..107237565:-
3_3792	5.2	0 +/- 0%	-	637	637	0	0	yes	aae-miR-980-5p	dme-miR-980-3p	-	-	uagcugccuagugaagggcaau	ggccguucauugggucaucuagc	ggccguucauugggucaucuagcucguguuggaaacaguuagcugccuagugaagggcaau	3:1054523..1054584:-
2_849	5.2	0 +/- 0%	-	54	54	0	0	yes	aae-miR-275-5p	dme-miR-275-3p	-	-	ucagguaccugaaguagcgcgcg	cgcgcuaagcaggaaccgagacu	cgcgcuaagcaggaaccgagacuuugucauuugcuagcagucagguaccugaaguagcgcgcg	2:307135668..307135731:+
1_7208	5.2	0 +/- 0%	-	3799	3799	0	0	yes	aae-miR-317	dme-miR-317-3p	-	-	ugaacacagcuggugguaucuca	ggauacacccugugcucgcu	ggauacacccugugcucgcuuugcauucgaaacuagugaacacagcuggugguaucuca	1:302667131..302667190:-
1_7229	5.1	0 +/- 0%	-	2396	2396	0	0	yes	aae-miR-283	dme-miR-283-5p	-	-	caauaucagcugguaauucugg	ggaauuccaacugauauccac	caauaucagcugguaauucugggcuuaccccaccguuauacgcuucccggaauuccaacugauauccac	1:305625600..305625669:-
2_1004	5.1	0 +/- 0%	-	302	302	0	0	yes	aae-miR-100	dme-miR-100-5p	-	-	aacccguagauccgaacuugug	caagaacggauguaugggauuc	aacccguagauccgaacuugugcugccguuucacauguuacaagaacggauguaugggauuc	2:375117351..375117413:+
NIGP01001634_7455	5.1	0 +/- 0%	-	201	201	0	0	yes	aae-miR-10365	dme-miR-927-5p	-	-	auuagaauguggaaucuguuu	aaguuuucauauucuugcgg	auuagaauguggaaucuguuuuuguacaucaaguguuacgaaacgaagcaaaaaaguuuucauauucuugcgg	NIGP01001634:30709..30782:-
2_1542	5	0 +/- 0%	-	835	835	0	0	yes	aae-miR-13-5p	dme-miR-2a-3p	-	-	uaucacagccauuuugacgagu	ucguaaaaaugguugugcugug	ucguaaaaaugguugugcuguguuguuacgcucgaaauucauaucacagccauuuugacgagu	2:107237650..107237713:-
3_4818	5	0 +/- 0%	-	12928	12928	0	0	yes	aae-miR-308-5p	dme-miR-2a-3p	-	-	aaucacaggaguauacugugag	cgcgguauauucuuguggcuug	cgcgguauauucuuguggcuugaugcauuugaaaaaucucaaaucacaggaguauacugugag	3:403338483..403338546:-
2_2296	5	0 +/- 0%	-	227	227	0	0	yes	aae-miR-79-5p	dme-miR-9a-3p	-	-	uaaagcuagauuaccaaagcau	gcuuuggcgcuuuagcuguaug	gcuuuggcgcuuuagcuguaugauagaauuuaauauuucauaaagcuagauuaccaaagcau	2:335780884..335780946:-
2_2468	5	0 +/- 0%	-	6419	6419	0	0	yes	aae-miR-184	dme-miR-184-3p	-	-	uggacggagaacugauaaggg	cuuaucauucuugcgccccgu	cuuaucauucuugcgccccguguuauauuguuggcgacuggacggagaacugauaaggg	2:417599381..417599440:-
NIGP01000533_7452	4.9	51 +/- 50%	-	416	416	0	0	yes	aae-miR-970	dme-miR-970-3p	-	-	ucauaagacacacgcggcuau	agcuugcguuugucuuagcuggua	agcuugcguuugucuuagcugguauugaaugugauagguaucauaagacacacgcggcuau	NIGP01000533:10107..10168:-
1_5219	4.9	51 +/- 50%	-	416	416	0	0	yes	aae-miR-970	dme-miR-970-3p	-	-	ucauaagacacacgcggcuau	agcuugcguuugucuuagcuggua	agcuugcguuugucuuagcugguauugaaugugauagguaucauaagacacacgcggcuau	1:157238423..157238484:+
2_2297	4.8	51 +/- 50%	-	22	22	0	0	yes	aae-miR-9c-5p	dme-miR-9a-5p	-	-	ucuuugguauucuagcugua	aagcuuuaguaccagagguc	ucuuugguauucuagcuguagaauguugagcuuugugauaugguaucuucuaaagcuuuaguaccagagguc	2:335810364..335810436:-
2_6	4.8	51 +/- 50%	-	89	89	0	0	yes	aae-miR-219	dme-miR-219-5p	-	-	ugauuguccaaacgcaauucuug	agaguugugacuggacauccgug	ugauuguccaaacgcaauucuuguuuuauucgaauaugauauccaagaguugugacuggacauccgug	2:3715261..3715329:+
2_628	4.7	51 +/- 50%	-	305	305	0	0	yes	aae-miR-932-5p	dme-miR-932-5p	-	-	ucaauuccguagugcauugcagu	ugcaagcaauguggaagugaag	ucaauuccguagugcauugcagugugcuuuagacgaacugcaagcaauguggaagugaag	2:231381156..231381216:+
1_7248	4.7	51 +/- 50%	-	1818	1818	0	0	yes	aae-miR-1175-5p	dme-miR-958-3p	-	-	ugagauucuacuucuccgacuua	aguggaguaguggucucaucgcu	aguggaguaguggucucaucgcuuaguauuagaaaagugagauucuacuucuccgacuua	1:307010045..307010105:-
1_5385	4.7	51 +/- 50%	-	121	121	0	0	yes	aae-miR-279	dme-miR-279-3p	-	-	ugacuagauccacacucauuaa	gaugggugugaaucuaguguuucaca	gaugggugugaaucuaguguuucacaugauuuucgauagccugugacuagauccacacucauuaa	1:207007788..207007853:+
1_7225	4.6	51 +/- 50%	-	2421	2421	0	0	yes	aae-miR-12-5p	dme-miR-12-5p	-	-	ugaguauuacaucagguacuggu	caguacuuauguuaugcucucu	ugaguauuacaucagguacuggugucgauauucgaaucaccaacgaaucggguuccuuugauuaacuuaccaguacuuauguuaugcucucu	1:305613548..305613640:-
2_2434	4.6	51 +/- 50%	-	120418	120418	0	0	yes	aae-miR-1	dme-miR-1-3p	-	-	uggaauguaaagaaguauggag	ccaugcuuccuugcauucaaua	ccaugcuuccuugcauucaauagugauucugaaagcauauggaauguaaagaaguauggag	2:399501023..399501084:-
2_2313	4.5	51 +/- 50%	-	487	487	0	0	yes	aae-miR-263a-5p	dme-miR-263a-5p	-	-	aauggcacuggaagaauucac	guucuggcaguggcauccc	aauggcacuggaagaauucacggguauauuuugaaauccccguguucuggcaguggcauccc	2:348784448..348784510:-
1_7261	4.5	51 +/- 50%	-	255	255	0	0	yes	aae-miR-iab-4-5p	dme-miR-iab-4-5p	-	-	acguauacugaauguauccuga	gguauaccuucaguauacguaa	acguauacugaauguauccugagugcuaucuauccgguauaccuucaguauacguaa	1:308965424..308965481:-
2_1679	4.5	51 +/- 50%	-	111	111	0	0	yes	aae-miR-263b-5p	dme-miR-263b-5p	-	-	cuuggcacugggagaauucacag	guggaucuuuucgugccaucgu	cuuggcacugggagaauucacaggcgcuauuugcuaucauucuguggaucuuuucgugccaucgu	2:153371131..153371196:-
2_1008	4.4	51 +/- 50%	-	106	106	0	0	yes	aae-miR-125-5p	dme-miR-125-5p	-	-	ucccugagacccuaacuuguga	acaaguuuugaucuccgguauu	ucccugagacccuaacuugugacuauaguugaaguuucacaaguuuugaucuccgguauu	2:375131781..375131841:+
3_3581	4.4	51 +/- 50%	-	42799	42799	0	0	yes	aae-miR-8-3p	dme-miR-8-3p	-	-	uaauacugucagguaaagauguc	caucuuaccgggcagcauuaga	caucuuaccgggcagcauuagauauuuuugaaauacuucuaauacugucagguaaagauguc	3:328527955..328528017:+
2_852	4	51 +/- 50%	-	532	532	0	0	yes	aae-miR-305-5p	dme-miR-305-5p	-	-	auuguacuucaucaggugcucugg	ccggcacauguuggaguacacuua	auuguacuucaucaggugcucugguuguuuucgauacccggcacauguuggaguacacuua	2:307145445..307145506:+
3_4828	3.9	0 +/- 0%	-	475	475	0	0	yes	aae-miR-285	dme-miR-285-3p	-	-	uagcaccauucgaaaucaguac	acuggcuuccaaaggugaguaga	acuggcuuccaaaggugaguagauggcauucgauacacucuagcaccauucgaaaucaguac	3:406875046..406875108:-
3_3008	3.8	0 +/- 0%	-	272	272	0	0	yes	aae-miR-31	dme-miR-31b-5p	-	-	uggcaagauguuggcauagcuga	agcuauucaacuucuugucuau	uggcaagauguuggcauagcugaaaguuuugaguuuagcuauucaacuucuugucuau	3:136174150..136174208:+
3_3133	3.5	0 +/- 0%	-	8077	8077	0	0	yes	aae-bantam-5p	dme-bantam-3p	-	-	ugagaucauuuugaaagcugauu	ccgguuuucauuuucgaucugacu	ccgguuuucauuuucgaucugacuuauuugauuuaacaagagugagaucauuuugaaagcugauu	3:178082830..178082895:+
2_1418	2	0 +/- 0%	-	162	162	0	0	yes	aae-miR-11894a	-	-	-	uuuaccauuucaagaugaccua	gguugucuugaaaugguaaaga	gguugucuugaaaugguaaagagugucaaccaucaucuuuaccauuucaagaugaccua	2:58783350..58783409:-
2_1538	1.8	3 +/- 8%	-	544	544	0	0	yes	aae-miR-2c	-	-	-	aucacagccagcuuugauga	cucaaaguggcugugaaau	cucaaaguggcugugaaaugguuugauuuugcucauaucacagccagcuuugauga	2:107235887..107235943:-
2_1547	1.7	3 +/- 8%	-	1667	1667	0	0	yes	aae-miR-71-5p	-	-	-	agaaagacauggguagugaga	ucacuaccuugucuuucaug	agaaagacauggguagugagauaguuucacccuauugcacugggaucucacuaccuugucuuucaug	2:107238287..107238354:-
2_1546	1.5	3 +/- 8%	-	726	726	0	0	yes	aae-miR-2c	-	-	-	aucacagccagcuuugauga	aucaaauuugguuguuuuag	aucaaauuugguuguuuuaguacgaccucuuugaaaccccuaucacagccagcuuugauga	2:107237998..107238059:-
2_999	1.5	3 +/- 8%	-	161	161	0	0	yes	aae-miR-2945-5p	-	-	-	augacuagaggcagacucguuua	agcggguccguuucuagugucaugu	agcggguccguuucuagugucaugugcuguauucgaauaucaugacuagaggcagacucguuua	2:374947142..374947206:+
2_2052	1.4	3 +/- 8%	-	508	508	0	0	yes	aae-miR-2946	-	-	-	uaguacggaaaagauauggg	cauauuuuuaccgcuacugca	cauauuuuuaccgcuacugcauuucauuguaauaauuguaguacggaaaagauauggg	2:268456443..268456501:-
2_1006	1.2	3 +/- 8%	-	84	84	0	0	yes	aae-let-7	-	-	-	uugagguaguugguuguaua	ugcaaucugcuagcuugucg	uugagguaguugguuguauaguagugacugauuaaauaucugcuaugcaaucugcuagcuugucg	2:375131496..375131561:+
3_4754	1.2	3 +/- 8%	-	59	59	0	0	yes	aae-miR-989	-	-	-	augugaugugacguaguggua	ccgcuaccucgcuuucacuugg	ccgcuaccucgcuuucacuugguaccgauuucccauaauccaugugaugugacguaguggua	3:366439083..366439145:-
2_1736	1.1	3 +/- 8%	-	101	101	0	0	yes	aae-miR-11899	-	-	-	uaugaccgauuuaauauauggcu	ccauguaugauuucggucaugua	ccauguaugauuucggucauguaugcaguugaaaauaauuauaugaccgauuuaauauauggcu	2:182319041..182319105:-
2_985	1.1	3 +/- 8%	-	2570	2570	0	0	yes	aae-miR-124	-	-	-	aaggcacgcggugaaugcca	guauccacugccggccuauau	guauccacugccggccuauauguccuauuucgguacucauaaggcacgcggugaaugcca	2:369307280..369307340:+
2_523	1	3 +/- 8%	-	147	147	0	0	yes	aae-miR-137	-	-	-	auugcuugagaauacacguag	acgcguauucuuggguuauuaa	acgcguauucuuggguuauuaacacacuguuuauguuguuauugcuugagaauacacguag	2:189612067..189612128:+
2_2048	0.9	0 +/- 0%	-	179	179	0	0	yes	aae-miR-2941	-	-	-	uaguacggcuagaacuccacggau	ucgugguguuuagacguauuaca	ucgugguguuuagacguauuacaugauuuuuugaacauaacuguaguacggcuagaacuccacggau	2:268456009..268456076:-
2_2344	0.9	0 +/- 0%	-	57	57	0	0	yes	aae-miR-1891	-	-	-	acacguccauuaacucuggua	gaggaguuaauuugcguguuu	gaggaguuaauuugcguguuuuuguauuugauuaaacacguccauuaacucuggua	2:360084868..360084924:-
2_2050	0.9	0 +/- 0%	-	84	84	0	0	yes	aae-miR-2941	-	-	-	aguacggcuagaacuccacgga	cgugaagcucagcugcauuac	cgugaagcucagcugcauuacacgauauggaauacgguuuguaguacggcuagaacuccacgga	2:268456314..268456378:-
2_850	-0.5	0 +/- 0%	-	54	54	0	0	no	aae-miR-275-3p	dme-miR-275-3p	-	-	ucagguaccugaaguagcgcgcg	ucaucaagcgacaacagaggcgugaaa	ucagguaccugaaguagcgcgcgugaucaaacaggaagcgucaucaagcgacaacagaggcgugaaa	2:307135708..307135775:+
2_1514	-2.3	0 +/- 0%	-	5206	5206	0	0	no	aae-miR-281-5p	dme-miR-281-2-5p	-	-	aagagagcuauccgucgacagu	cguugacgugggauuuuuuug	cguugacgugggauuuuuuuguucauuuuguucuuucgcugguuucgaauaugaaaauaaagagagcuauccgucgacagu	2:96469398..96469479:-
2_1005	-11.3	0.00 +/- 0.00	-	84	84	0	0	no	aae-let-7	-	-	-	uugagguaguugguuguaua	uacaguacugcuucuucc	uacaguacugcuucuuccacguugagguaguugguuguaua	2:375131475..375131516:+

#miRBase miRNAs not detected by miRDeep2
miRBase precursor id	total read count	mature read count(s)	star read count	remaining reads	UCSC browser	NCBI blastn	miRBase mature sequence(s)	miRBase star sequence(s)	miRBase precursor sequence
3236	3236	0	0	-	-	cacguuacagauugggguuucc	uaaucucaaauuguaacagugg	-	gagguaaucucaaauuguaacaguggguugauuuuccuggugaaucccggccuuguccuccgucacaagugugacaagugucucgaaaacguguucgcuauacccacguuacagauugggguuucccc	
1071	1071	0	0	-	-	ugguuuaucuuaucugucgaggc	gucgacagggagauaaaucacu	-	cauugguuuaucuuaucugucgaggcaaguuauuuuaccggauaguguuucuuuucgugagcaaucaccacuauccagcucuucuugucgacagggagauaaaucacug	
344	297	0	47	-	-	uaaguacuagugccgcaggag	cugcugcccaagugcuuaucg	-	gaauucuuuacuaaguacuagugccgcaggagagauuugaaccccugcugcccaagugcuuaucgaagagu	
578	578	0	0	-	-	uaggaacuucauaccgugcuc	agcgagguauagaguuccuac	-	acuggugauugccaucagcgagguauagaguuccuacguugcgugugcgaaauugguaggaacuucauaccgugcucuuggcuagccguga	
92	92	0	0	-	-	ucagaucuacuuaauacccau	-	acuccaauucuggguauuuuagauccuuggcauaguuacgugauugaaugcacuguucuucuuugguuuacccaguaucgaacacgcgucaaucugucagaucuacuuaauacccaua	
84	84	0	0	-	-	uaagcguauagcuuuucccauu	-	gauucugaagggggaaauccuguacgcuguauguuguauuugaauaauccauaagcguauagcuuuucccauucggcgu	
41	41	0	0	-	-	uguuaacuguaagacugugucu	-	gcagggacgcggucgugcaggaaauuauuuggcauuagauucaaauguuaacuguaagacugugucuuugcgggugauc	
19	19	0	0	-	-	caaccacuauccgcccugccgcc	uggcagugugguuagcugguug	-	caaggcaauacgcuauggcagugugguuagcugguuguguagaacuuuggggggcuuccguggcguucgcgcgcacacgggggcucagauucacaaccacuauccgcccugccgccgcgaggugccagg	



























116	0	0	116	-	-	ucuuugguuaucuagcuguauga	-	gucaaaguucucuuugguuaucuagcuguaugagugaauuuagaacaucauaaagcuagcauaccgaaguuaauaguugac	














































