miRDeep2 score	novel miRNAs reported by miRDeep2	novel miRNAs, estimated false positives	novel miRNAs, estimated true positives	known miRNAs in species	known miRNAs in data	known miRNAs detected by miRDeep2	estimated signal-to-noise	excision gearing
10	1	0 +/- 1	1 +/- 0 (67 +/- 47%)	164	109	37 (34%)	38.7	1
9	1	0 +/- 1	1 +/- 0 (67 +/- 47%)	164	109	37 (34%)	37.5	1
8	1	0 +/- 1	1 +/- 0 (67 +/- 47%)	164	109	37 (34%)	36.9	1
7	1	0 +/- 1	1 +/- 0 (66 +/- 48%)	164	109	37 (34%)	35.8	1
6	1	0 +/- 1	1 +/- 0 (61 +/- 49%)	164	109	37 (34%)	32.4	1
5	7	1 +/- 1	6 +/- 1 (91 +/- 11%)	164	109	57 (52%)	48.9	1
4	8	1 +/- 1	7 +/- 1 (90 +/- 13%)	164	109	84 (77%)	54.8	1
3	9	2 +/- 1	8 +/- 1 (83 +/- 15%)	164	109	87 (80%)	30.5	1
2	13	3 +/- 2	10 +/- 2 (80 +/- 12%)	164	109	90 (83%)	21.7	1
1	21	5 +/- 2	16 +/- 2 (75 +/- 10%)	164	109	95 (87%)	13.4	1
0	27	13 +/- 3	14 +/- 3 (52 +/- 13%)	164	109	99 (91%)	6.4	1
-1	38	26 +/- 5	12 +/- 5 (31 +/- 13%)	164	109	100 (92%)	3.8	1
-2	63	53 +/- 6	10 +/- 6 (16 +/- 9%)	164	109	100 (92%)	2.4	1
-3	93	86 +/- 8	8 +/- 6 (8 +/- 7%)	164	109	101 (93%)	1.9	1
-4	127	134 +/- 10	1 +/- 3 (1 +/- 2%)	164	109	102 (94%)	1.5	1
-5	170	206 +/- 11	0 +/- 0 (0 +/- 0%)	164	109	103 (94%)	1.2	1
-6	209	319 +/- 13	0 +/- 0 (0 +/- 0%)	164	109	103 (94%)	0.9	1
-7	244	413 +/- 14	0 +/- 0 (0 +/- 0%)	164	109	103 (94%)	0.8	1
-8	300	489 +/- 15	0 +/- 0 (0 +/- 0%)	164	109	103 (94%)	0.8	1
-9	370	551 +/- 17	0 +/- 0 (0 +/- 0%)	164	109	103 (94%)	0.8	1
-10	434	600 +/- 17	0 +/- 0 (0 +/- 0%)	164	109	103 (94%)	0.9	1



novel miRNAs predicted by miRDeep2
provisional id	miRDeep2 score	estimated probability that the miRNA candidate is a true positive	rfam alert	total read count	mature read count	loop read count	star read count	significant randfold p-value	miRBase miRNA	example miRBase miRNA with the same seed	UCSC browser	NCBI blastn	consensus mature sequence	consensus star sequence	consensus precursor sequence	precursor coordinate
1_7092	20.3	67 +/- 47%	-	39	38	0	1	yes	-	-	-	-	cgaagcaaaugaucgguugagucau	cgauucccggauuuugcuu	cgaagcaaaugaucgguugagucaucgacgcgauucccggauuuugcuu	1:104631504..104631553:+
NIGP01000718_10512	5.7	91 +/- 11%	-	41	41	0	0	yes	-	dme-miR-193-5p	-	-	cugggauucggagagaaucccgu	gggauucggagagaaucccgac	gggauucggagagaaucccgacugggauucggagagaaucccgucugggauucggagagaaucccgu	NIGP01000718:15436..15503:-
NIGP01000718_10513	5.6	91 +/- 11%	-	49	41	0	8	yes	-	dme-miR-193-5p	-	-	cugggauucggagagaaucccgu	cugggauucggaaagaaucccgu	cugggauucggaaagaaucccgucugggauucggagagaaucccgucugggauucggagagaaucccgu	NIGP01000718:16400..16469:-
1_6792	5.6	91 +/- 11%	-	41	41	0	0	yes	-	dme-miR-193-5p	-	-	cugggauucggagagaaucccgu	gggauucggagagaaucccgucu	gggauucggagagaaucccgucugggauucggagagaaucccgucugggauucggagagaaucccgucugggauucggagagaaucccgu	1:39889717..39889807:+
1_6789	5.6	91 +/- 11%	-	41	41	0	0	yes	-	dme-miR-193-5p	-	-	cugggauucggagagaaucccgu	gggauucggagagaaucccgucu	gggauucggagagaaucccgucugggauucggagagaaucccgucugggauucggagagaaucccgu	1:39889533..39889600:+
1_6791	5.4	91 +/- 11%	-	39	39	0	0	yes	-	dme-miR-193-5p	-	-	cugggauucggagagaaucccgu	gggauucggagagaaucccgucu	gggauucggagagaaucccgucuggguuucggagaaaaucccgucugggauucggagagaaucccgu	1:39889671..39889738:+
3_3817	5.2	91 +/- 11%	-	27	27	0	0	yes	-	dme-miR-971-3p	-	-	uugguguuauaucuuacagugag	ggcuguaaguauuacagcaagc	ggcuguaaguauuacagcaagcuugcuauucgaaaggcgcuugguguuauaucuuacagugag	3:82678953..82679016:+
2_2082	4.8	90 +/- 13%	-	486	486	0	0	yes	-	dme-miR-2a-3p	-	-	uaucacagccauuuuaaugagcu	cucaucaauugguuguggcuaug	cucaucaauugguuguggcuaugugucuugcguagcguuucgcaccguuucgaagcgugucccccaucauaucacagccauuuuaaugagcu	2:107237801..107237893:-
2_2455	3.3	83 +/- 15%	-	7	7	0	0	yes	-	dme-miR-4982-5p	-	-	cugcaauucaaguuucggug	ccgaaacuugaauuguggcu	cugcaauucaaguuucggugaaaugauucgcacucacucacucacucauuucauuucaccgaaacuugaauuguggcu	2:193933845..193933923:-
1_6787	2.7	80 +/- 12%	-	6	6	0	0	yes	-	dme-miR-193-5p	-	-	cugggauucggagagaauccc	gauucggagagaaucccgacu	gauucggagagaaucccgacugggauucggagagaaucccgacugggauucggagagaauccc	1:39886058..39886121:+
2_1478	2.5	80 +/- 12%	-	22	22	0	0	yes	-	-	-	-	ucuuaugcagcgcaaauaguga	acuauuugcgcugcauaagaac	ucuuaugcagcgcaaauagugacgucacuauuugcgcugcauaagaac	2:429515592..429515640:+
2_2093	2.2	80 +/- 12%	-	18	18	0	0	yes	-	-	-	-	cuagaggcagcaacagccgcu	cggcuguugcugccucaaggc	cuagaggcagcaacagccgcucaaaauuuccuugcgcggcuguugcugccucaaggc	2:107911738..107911795:-
1_6794	2	80 +/- 12%	-	5	5	0	0	yes	-	dme-miR-193-5p	-	-	cugggauucugagagaaucccgu	gggauucuaagagaauccagugu	cugggauucugagagaaucccgucugggauuucugagagaaucucguuugggauucuaagagaauccagugu	1:39892807..39892879:+
3_4098	1.8	75 +/- 10%	-	5	5	0	0	yes	-	dme-miR-2491-5p	-	-	agcuguuggaggaagauc	gcuuccgccacggcuaa	agcuguuggaggaagaucuggaacguucggaagaacgucuggcuuccgccacggcuaa	3:145064915..145064973:+
NIGP01002001_10500	1.8	75 +/- 10%	-	11	11	0	0	yes	-	-	-	-	cuagaggcagcaacagccgcu	cgguuguugcugccucaaggc	cuagaggcagcaacagccgcucagaauuuccuugcgcgguuguugcugccucaaggc	NIGP01002001:14657..14714:+
1_6902	1.7	75 +/- 10%	-	11	11	0	0	yes	-	-	-	-	cuagaggcagcaacagccgcu	cggcuguugcugccucaaguu	cuagaggcagcaacagccgcucaaaauuuccuugcgcggcuguugcugccucaaguu	1:73116921..73116978:+
3_5188	1.5	75 +/- 10%	-	34	34	0	0	yes	-	-	-	-	guaggccggcggaaacuacuugc	aagggguuucuuucggccuccag	aagggguuucuuucggccuccagcggcauuagauaguuguaggccggcggaaacuacuugc	3:6069685..6069746:-
3_4218	1.5	75 +/- 10%	-	2	1	0	1	yes	-	-	-	-	aaugucuucagcgggcuuauuca	aauaagggcucugaagacaccaa	aaugucuucagcgggcuuauucaucggaguccaaagaauaagggcucugaagacaccaa	3:168031464..168031523:+
2_558	1.4	75 +/- 10%	-	161	161	0	0	yes	-	-	-	-	aauuccggagccuguugagu	gcaacagaugauccgggugauugu	aauuccggagccuguugaguauagcaacagaugauccgggugauugu	2:149601882..149601929:+
NIGP01002001_10502	1.4	75 +/- 10%	-	11	11	0	0	yes	-	-	-	-	uacggcaagggcugauugcug	gcauucaggccuuaucauagu	gcauucaggccuuaucauaguuuaauaguagucugaacuacagacugcaaaacuacggcaagggcugauugcug	NIGP01002001:5289..5363:-
2_64	1.4	75 +/- 10%	-	5	5	0	0	yes	-	dme-miR-7-3p	-	-	uaauaaauugaugaaaauaaga	uuauuuucuuccauuugucuauu	uaauaaauugaugaaaauaagaacacacagccuuuuuauuuggcaaauaaaagagcuguguguuuuuauuuucuuccauuugucuauu	2:10546719..10546807:+
2_1027	0.7	52 +/- 13%	-	11	11	0	0	yes	-	-	-	-	uacggcaagggcugauugcug	gcauuucaggccuuaucauagu	gcauuucaggccuuaucauaguuugauaguauuuugaacuacuagacugcaaaacuacggcaagggcugauugcug	2:276730002..276730078:+
3_4453	0.7	52 +/- 13%	-	10	10	0	0	yes	-	-	-	-	caccuguccagcgaauugggag	cccaauucgauagacaugcg	cccaauucgauagacaugcggcugcgguaguugguaacgcaccuguccagcgaauugggag	3:218717124..218717185:+
1_9752	0.2	52 +/- 13%	-	9	9	0	0	yes	-	-	-	-	agcuucugggagaaacuuucc	agaagcuuucccuagcuuc	agaagcuuucccuagcuucugggaguagcuuucucaagcuucugagaguagcuuucccaagcuucugggagaaacuuucc	1:219298688..219298768:-
1_9751	0.1	52 +/- 13%	-	9	9	0	0	yes	-	-	-	-	agcuucugggagaaacuuucc	agauuuuuucacaagcuuc	agcuucugggagaaacuuucccaaguuucugggagauuuuuucacaagcuuc	1:219298657..219298709:-
1_7865	0.1	52 +/- 13%	-	11	11	0	0	yes	-	-	-	-	aaccuggaauucucagggaau	ucucagggaauuuuauucaac	ucucagggaauuuuauucaaccuggaaaaaccuggaauucucagggaau	1:295780863..295780912:+
1_8416	0	52 +/- 13%	-	1	1	0	0	yes	-	dme-miR-4916-3p	-	-	aaauuucuucucuucgaag	ucgaagaaaagaaaauuuuc	ucgaagaaaagaaaauuuucuugcuggugcguaauggaagaaaauuucuucucuucgaag	1:140066285..140066345:-



mature miRBase miRNAs detected by miRDeep2
tag id	miRDeep2 score	estimated probability that the miRNA is a true positive	rfam alert	total read count	mature read count	loop read count	star read count	significant randfold p-value	mature miRBase miRNA	example miRBase miRNA with the same seed	UCSC browser	NCBI blastn	consensus mature sequence	consensus star sequence	consensus precursor sequence	precursor coordinate
1_10091	8351.7	67 +/- 47%	-	16373	16360	0	13	yes	aae-miR-283	dme-miR-283-5p	-	-	caauaucagcugguaauucuggg	cggaauuccaacugauaucca	caauaucagcugguaauucugggcuuaccccaccguuauacgcuucccggaauuccaacugauaucca	1:305625601..305625669:-
1_10068	4428.6	67 +/- 47%	-	8678	8675	0	3	yes	aae-miR-277-5p	dme-miR-277-3p	-	-	uaaaugcacuaucugguacgaca	cgugucagaagugcauuuaca	cgugucagaagugcauuuacauagguauuucccguuuagcaguauuuguaaaugcacuaucugguacgaca	1:302603812..302603883:-
3_6616	2151.6	67 +/- 47%	-	4212	4207	0	5	yes	aae-miR-308-5p	dme-miR-2a-3p	-	-	aaucacaggaguauacugugag	cgcgguauauucuuguggcuu	cgcgguauauucuuguggcuugaugcauuugaaaaaucucaaaucacaggaguauacugugag	3:403338483..403338546:-
2_2076	1803.8	67 +/- 47%	-	3529	3525	0	4	yes	aae-miR-2c	dme-miR-2a-3p	-	-	uaucacagccagcuuugaugagcu	acucucaaaguggcugugaaaug	acucucaaaguggcugugaaaugguuugauuuugcucauaucacagccagcuuugaugagcu	2:107235884..107235946:-
3_4913	1039.9	67 +/- 47%	-	2033	2030	0	3	yes	aae-miR-8-5p	dme-miR-8-3p	-	-	uaauacugucagguaaagauguc	caucuuaccgggcagcauuaga	caucuuaccgggcagcauuagauauuuuugaaauacuucuaauacugucagguaaagauguc	3:328527955..328528017:+
2_1136	1034	67 +/- 47%	-	2022	2013	0	9	yes	aae-miR-305-5p	dme-miR-305-5p	-	-	auuguacuucaucaggugcucugg	cggcacauguuggaguacacuu	auuguacuucaucaggugcucugguuguuuucgauacccggcacauguuggaguacacuu	2:307145445..307145505:+
3_4283	996.6	67 +/- 47%	-	1958	1951	0	7	no	aae-bantam-5p	dme-bantam-3p	-	-	ugagaucauuuugaaagcugauu	ccgguuuucauuuucgaucugacu	ccgguuuucauuuucgaucugacuuauuugauuuaacaagagugagaucauuuugaaagcugauu	3:178082830..178082895:+
2_2029	870.3	67 +/- 47%	-	1699	1558	0	141	yes	aae-miR-281-5p	dme-miR-281-2-5p	-	-	aagagagcuauccgucgacagu	ugucauggaauugcucucuuu	aagagagcuauccgucgacaguagggauaugauucacugucauggaauugcucucuuu	2:96469362..96469420:-
3_5418	636.3	67 +/- 47%	-	1239	1235	0	4	yes	aae-miR-11-5p	dme-miR-2a-3p	-	-	caucacagucugaguucuugcu	cgagaacuccggcugugaccug	cgagaacuccggcugugaccuguguacacuuuauccaaaucacaucacagucugaguucuugcu	3:75489864..75489928:-
1_8607	596.4	67 +/- 47%	-	1163	1002	0	161	yes	aae-miR-252-5p	dme-miR-252-5p	-	-	cuaaguacuagugccgcagga	ccugcugcccaagugcuuaucg	cuaaguacuagugccgcaggagagauuugaaccccugcugcccaagugcuuaucg	1:175818157..175818212:-
2_2080	463.6	67 +/- 47%	-	901	844	0	57	yes	aae-miR-13-5p	dme-miR-2a-3p	-	-	uaucacagccauuuugacgaguu	ucguaaaaaugguugugcugu	ucguaaaaaugguugugcuguguuguuacgcucgaaauucauaucacagccauuuugacgaguu	2:107237649..107237713:-
2_1946	364.8	67 +/- 47%	-	707	636	0	71	yes	aae-miR-276-5p	dme-miR-276a-3p	-	-	uaggaacuucauaccgugcucu	agcgagguauagaguuccuacg	agcgagguauagaguuccuacguugcgugugcgaaauugguaggaacuucauaccgugcucu	2:73120452..73120514:-
2_2085	343.1	67 +/- 47%	-	671	440	0	231	yes	aae-miR-71-5p	-	-	-	agaaagacauggguagugagau	ucucacuaccuugucuuucaug	agaaagacauggguagugagauaguuucacccuauugcacugggaucucacuaccuugucuuucaug	2:107238287..107238354:-
2_1954	341.5	67 +/- 47%	-	661	647	0	14	yes	aae-miR-276-3p	dme-miR-276a-3p	-	-	uaggaacuucauaccgugcucu	agcgagguauagaguuccua	agcgagguauagaguuccuaugcguucggauaaaauauuccauaggaacuucauaccgugcucu	2:73509399..73509463:-
1_8149	266.5	67 +/- 47%	-	514	508	0	6	yes	aae-miR-33	dme-miR-33-5p	-	-	gugcauuguaguugcauugca	aauacuucugcaaugcaagcca	gugcauuguaguugcauugcacuuuugcguucgauaacacggugcaauacuucugcaaugcaagcca	1:50888879..50888946:-
1_7527	260.4	67 +/- 47%	-	503	494	0	9	yes	aae-miR-279	dme-miR-279-3p	-	-	ugacuagauccacacucauuaa	gaugggugugaaucuagu	gaugggugugaaucuaguguuucacaugauuuucgauagccugugacuagauccacacucauuaa	1:207007788..207007853:+
3_4056	231.9	67 +/- 47%	-	449	441	0	8	yes	aae-miR-31	dme-miR-31b-5p	-	-	uggcaagauguuggcauagcug	agcuauucaacuucuugucuau	uggcaagauguuggcauagcugaaaguuuugaguuuagcuauucaacuucuugucuau	3:136174150..136174208:+
2_2033	206.7	67 +/- 47%	-	397	386	0	11	yes	aae-miR-282-5p	dme-miR-282-5p	-	-	uagccucuccuaggcuuugucu	acauagccugacagagguuagg	uagccucuccuaggcuuugucuguuaccuuccuugggaauuccacuagccagacauagccugacagagguuagg	2:96911966..96912040:-
2_1857	181.9	67 +/- 47%	-	349	348	0	1	yes	aae-miR-190	dme-miR-190-5p	-	-	agauauguuugauauucuugguug	cccaggaaucaaacauauuauu	agauauguuugauauucuugguuguuaaauuuuauauuaucacccaggaaucaaacauauuauu	2:48811878..48811942:-
2_3053	139.2	67 +/- 47%	-	265	214	0	51	yes	aae-miR-9c-5p	dme-miR-9a-5p	-	-	ucuuugguauucuagcuguaga	uaaagcuuuaguaccagagguc	ucuuugguauucuagcuguagaauguugagcuuugugauaugguaucuucuaaagcuuuaguaccagagguc	2:335810364..335810436:-
3_4546	65.2	67 +/- 47%	-	119	56	0	63	yes	aae-miR-307	dme-miR-307a-5p	-	-	acucacucaaccugggugugau	ucacaaccuccuugagugagcg	acucacucaaccugggugugaugcuuauuugaaucaucacaaccuccuugagugagcg	3:244794376..244794434:+
2_359	39.7	67 +/- 47%	-	69	62	0	7	yes	aae-miR-988-5p	dme-miR-988-3p	-	-	ccccuuguugcaaaccucacgc	gugugcuuugugacaaugagau	gugugcuuugugacaaugagauucgguucgauaucauccccuuguugcaaaccucacgc	2:93351380..93351439:+
2_3150	16.9	67 +/- 47%	-	33	17	0	16	yes	aae-miR-1891	-	-	-	acacguccauuaacucuggua	uugaggaguuaauuugcguguu	uugaggaguuaauuugcguguuuuuguauuugauuaaacacguccauuaacucuggua	2:360084868..360084926:-
3_5416	5.4	91 +/- 11%	-	397	397	0	0	yes	aae-miR-998	dme-miR-285-3p	-	-	uagcaccaugagauucagcuc	acugaacucucgugggucugca	acugaacucucgugggucugcaguugauauuucgaaagcuuguagcaccaugagauucagcuc	3:75489589..75489652:-
1_7422	5.4	91 +/- 11%	-	97	97	0	0	yes	aae-miR-929	dme-miR-929-5p	-	-	aaauugacucuaguagggagu	ucccuaacggagucagauuga	aaauugacucuaguagggaguccuuguguacgagugacucccuaacggagucagauuga	1:198495526..198495585:+
1_7727	5.3	91 +/- 11%	-	45	45	0	0	yes	aae-miR-999	dme-miR-999-3p	-	-	uguuaacuguaagacugugucu	acgcggucgugcaggaaauuauu	acgcggucgugcaggaaauuauuuggcauuagauucaaauguuaacuguaagacugugucu	1:252222293..252222354:+
3_6044	5.3	91 +/- 11%	-	294	294	0	0	yes	aae-miR-278-5p	dme-miR-278-3p	-	-	ucggugggacuuucguccguuu	acggacgauagucuucagcggcc	acggacgauagucuucagcggccgugcauuugauagaaguggucggugggacuuucguccguuu	3:243123888..243123952:-
3_5180	5.2	91 +/- 11%	-	91	91	0	0	yes	aae-miR-980-5p	dme-miR-980-3p	-	-	uagcugccuagugaagggcaau	ggccguucauugggucaucuagc	ggccguucauugggucaucuagcucguguuggaaacaguuagcugccuagugaagggcaau	3:1054523..1054584:-
2_2078	5.2	91 +/- 11%	-	15795	15781	0	14	yes	aae-miR-2a-5p	dme-miR-2a-3p	-	-	uaucacagccagcuuugaaga	ucucaaagugguugugaa	ucucaaagugguugugaaaugaguuacucuugaacgaucucauaucacagccagcuuugaaga	2:107237504..107237567:-
2_1133	5.2	91 +/- 11%	-	1435	1435	0	0	yes	aae-miR-275-5p	dme-miR-275-3p	-	-	ucagguaccugaaguagcgcg	cgcuaagcaggaaccgagacu	cgcuaagcaggaaccgagacuuugucauuugcuagcagucagguaccugaaguagcgcg	2:307135670..307135729:+
NIGP01001634_10447	5.1	91 +/- 11%	-	19	16	0	3	yes	aae-miR-10365	dme-miR-927-5p	-	-	auuagaauguggaaucuguuu	aaaaguuuucauauucuugcgg	auuagaauguggaaucuguuuuuguacaucaaguguuacgaaacgaagcaaaaaaguuuucauauucuugcgg	NIGP01001634:30709..30782:-
2_1325	5.1	91 +/- 11%	-	216	216	0	0	yes	aae-miR-2945-5p	dme-miR-279-3p	-	-	ugacuagaggcagacucguuua	agcggguccguuucuagugucaug	agcggguccguuucuagugucaugugcuguauucgaauaucaugacuagaggcagacucguuua	2:374947142..374947206:+
3_6311	5.1	91 +/- 11%	-	19	16	0	3	yes	aae-miR-10365	dme-miR-927-5p	-	-	auuagaauguggaaucuguuu	aaaaguuuucauauucuugcgg	auuagaauguggaaucuguuuuuguacaucaaguguuacgaaacgaagcaaaaaaguuuucauauucuugcgg	3:320775621..320775694:-
3_5466	5.1	91 +/- 11%	-	898	898	0	0	yes	aae-miR-92b-3p	dme-miR-92a-3p	-	-	aauugcacuugucccggccugc	aggucgugacuugugcccauuug	aggucgugacuugugcccauuugcugaauuuuaauggucaaauugcacuugucccggccugc	3:93418515..93418577:-
2_1328	5.1	91 +/- 11%	-	27	27	0	0	yes	aae-miR-100	dme-miR-100-5p	-	-	aacccguagauccgaacuugug	caagaacggauguaugggauuc	aacccguagauccgaacuugugcugccguuucacauguuacaagaacggauguaugggauuc	2:375117351..375117413:+
2_2084	5.1	91 +/- 11%	-	3084	3084	0	0	yes	aae-miR-2c	dme-miR-2a-3p	-	-	uaucacagccagcuuugauga	aucaaauuugguuguuuuagu	aucaaauuugguuguuuuaguacgaccucuuugaaaccccuaucacagccagcuuugauga	2:107237998..107238059:-
1_7529	5	91 +/- 11%	-	1086	1086	0	0	yes	aae-miR-996	dme-miR-279-3p	-	-	ugacuagauuacaugcucgucu	gcgugcaugaaucuggugcacg	gcgugcaugaaucuggugcacgguuuuccaguuguaauaucgcuucgugacuagauuacaugcucgucu	1:207012536..207012605:+
2_3352	5	91 +/- 11%	-	13076	13076	0	0	yes	aae-miR-184	dme-miR-184-3p	-	-	uggacggagaacugauaagggc	ccuuaucauucuugcgccccgu	ccuuaucauucuugcgccccguguuauauuguuggcgacuggacggagaacugauaagggc	2:417599380..417599441:-
2_3050	5	91 +/- 11%	-	118	118	0	0	yes	aae-miR-79-5p	dme-miR-4-3p	-	-	auaaagcuagauuaccaaagcau	gcuuuggcgcuuuagcuguauga	gcuuuggcgcuuuagcuguaugauagaauuuaauauuucauaaagcuagauuaccaaagcau	2:335780884..335780946:-
2_1481	4.9	90 +/- 13%	-	612	612	0	0	yes	aae-miR-965	dme-miR-965-3p	-	-	uaagcguauagcuuuucccau	gggaaauccuguacgcuguaug	gggaaauccuguacgcuguauguuguauuugaauaauccauaagcguauagcuuuucccau	2:429778751..429778812:+
2_3047	4.9	90 +/- 13%	-	142	142	0	0	yes	aae-miR-9b	dme-miR-9a-5p	-	-	ucuuuggugauuuuagcuguaug	uauagcuuuaucaccaaaaacc	ucuuuggugauuuuagcuguaugcugauacguuucugauugcauauagcuuuaucaccaaaaacc	2:335780574..335780639:-
1_8248	4.8	90 +/- 13%	-	27	27	0	0	yes	aae-miR-87	dme-miR-87-3p	-	-	gugagcaaauuuucaggugugu	cagccugaaauuugcuaaaccu	cagccugaaauuugcuaaaccuguguguauuugauucaaacaaucaaggugagcaaauuuucaggugugu	1:80682401..80682471:-
2_1307	4.8	90 +/- 13%	-	157	157	0	0	yes	aae-miR-124	dme-miR-124-3p	-	-	uaaggcacgcggugaaugcca	guauccacugccggccuauaug	guauccacugccggccuauauguccuauuucgguacucauaaggcacgcggugaaugcca	2:369307280..369307340:+
2_1330	4.8	90 +/- 13%	-	87	87	0	0	yes	aae-let-7	dme-let-7-5p	-	-	ugagguaguugguuguauagu	uaugcaaucugcuagcuuguc	ugagguaguugguuguauaguagugacugauuaaauaucugcuaugcaaucugcuagcuuguc	2:375131497..375131560:+
3_5468	4.8	90 +/- 13%	-	212	212	0	0	yes	aae-miR-92a-5p	dme-miR-92a-3p	-	-	uauugcacuugucccggccuau	cgguacggacaggggcaacauu	cgguacggacaggggcaacauugugacauuugaaagcuaauauugcacuugucccggccuau	3:93477596..93477658:-
3_6482	4.8	90 +/- 13%	-	153	153	0	0	yes	aae-miR-989	dme-miR-989-3p	-	-	ugugaugugacguagugguac	gccgcuaccucgcuuucacuug	gccgcuaccucgcuuucacuugguaccgauuucccauaauccaugugaugugacguagugguac	3:366439082..366439146:-
1_7273	4.8	90 +/- 13%	-	100	100	0	0	yes	aae-miR-970	dme-miR-970-3p	-	-	ucauaagacacacgcggcuau	agcuugcguuugucuuagcuggua	agcuugcguuugucuuagcugguauugaaugugauagguaucauaagacacacgcggcuau	1:157238423..157238484:+
2_832	4.7	90 +/- 13%	-	45	45	0	0	yes	aae-miR-932-5p	dme-miR-932-5p	-	-	ucaauuccguagugcauugcag	gcaagcaauguggaagugaag	ucaauuccguagugcauugcagugugcuuuagacgaacugcaagcaauguggaagugaag	2:231381156..231381216:+
NIGP01000533_10438	4.7	90 +/- 13%	-	100	100	0	0	yes	aae-miR-970	dme-miR-970-3p	-	-	ucauaagacacacgcggcuau	agcuugcguuugucuuagcuggua	agcuugcguuugucuuagcugguauugaaugugauagguaucauaagacacacgcggcuau	NIGP01000533:10107..10168:-
1_10120	4.7	90 +/- 13%	-	671	658	0	13	yes	aae-miR-1175-5p	dme-miR-958-3p	-	-	ugagauucuacuucuccgacuu	aaguggaguaguggucucaucgc	aaguggaguaguggucucaucgcuuaguauuagaaaagugagauucuacuucuccgacuu	1:307010046..307010106:-
2_1185	4.6	90 +/- 13%	-	152	152	0	0	yes	aae-miR-133	dme-miR-133-3p	-	-	uugguccccuucaaccagcugu	agcugguugacuucgggucaaau	agcugguugacuucgggucaaaucgucaaauauuugcaaagauauuuccucagugaaauuauuugguccccuucaaccagcugu	2:330417065..330417149:+
1_10087	4.6	90 +/- 13%	-	7214	7214	0	0	yes	aae-miR-12-5p	dme-miR-12-5p	-	-	ugaguauuacaucagguacuggu	caguacuuauguuaugcucucu	ugaguauuacaucagguacuggugucgauauucgaaucaccaacgaaucggguuccuuugauuaacuuaccaguacuuauguuaugcucucu	1:305613548..305613640:-
2_3276	4.6	90 +/- 13%	-	1095	1095	0	0	yes	aae-miR-1	dme-miR-1-3p	-	-	uggaauguaaagaaguaugga	caugcuuccuugcauucaaua	caugcuuccuugcauucaauagugauucugaaagcauauggaauguaaagaaguaugga	2:399501024..399501083:-
2_1231	4.6	90 +/- 13%	-	329	329	0	0	yes	aae-miR-14	dme-miR-14-3p	-	-	ucagucuuuuucucucuccuau	gggagcgagauuaaggcuugcu	gggagcgagauuaaggcuugcuggucauuuauuacacucgaagucagucuuuuucucucuccuau	2:344767572..344767637:+
2_3099	4.6	90 +/- 13%	-	29	29	0	0	yes	aae-miR-263a-5p	dme-miR-263a-5p	-	-	aauggcacuggaagaauucacg	uguucuggcaguggcauccc	aauggcacuggaagaauucacggguauauuuugaaauccccguguucuggcaguggcauccc	2:348784448..348784510:-
1_10123	4.5	90 +/- 13%	-	15	15	0	0	yes	aae-miR-iab-4-5p	dme-miR-iab-4-5p	-	-	acguauacugaauguauccuga	gguauaccuucaguauacguaa	acguauacugaauguauccugagugcuaucuauccgguauaccuucaguauacguaa	1:308965424..308965481:-
2_406	4.5	90 +/- 13%	-	170	164	0	6	yes	aae-miR-9a	dme-miR-9a-5p	-	-	ucuuugguuaucuagcuguau	auaaagcuagcauaccgaagu	ucuuugguuaucuagcuguaugagugaauuuagaacaucauaaagcuagcauaccgaagu	2:108461947..108462007:+
2_2279	4.5	90 +/- 13%	-	20	20	0	0	yes	aae-miR-263b-5p	dme-miR-263b-5p	-	-	cuuggcacugggagaauucacag	guggaucuuuucgugccaucgu	cuuggcacugggagaauucacaggcgcuauuugcuaucauucuguggaucuuuucgugccaucgu	2:153371131..153371196:-
2_22	4.5	90 +/- 13%	-	30	30	0	0	yes	aae-miR-219	dme-miR-219-5p	-	-	ugauuguccaaacgcaauucuu	gaguugugacuggacauccgug	ugauuguccaaacgcaauucuuguuuuauucgaauaugauauccaagaguugugacuggacauccgug	2:3715261..3715329:+
2_1332	4.4	90 +/- 13%	-	61	61	0	0	yes	aae-miR-125-5p	dme-miR-125-5p	-	-	ucccugagacccuaacuuguga	acaaguuuugaucuccgguauu	ucccugagacccuaacuugugacuauaguugaaguuucacaaguuuugaucuccgguauu	2:375131781..375131841:+
3_6626	3.9	83 +/- 15%	-	33	33	0	0	yes	aae-miR-285	dme-miR-285-3p	-	-	uagcaccauucgaaaucaguac	acuggcuuccaaaggugaguaga	acuggcuuccaaaggugaguagauggcauucgauacacucuagcaccauucgaaaucaguac	3:406875046..406875108:-
2_786	3.7	83 +/- 15%	-	286	286	0	0	yes	aae-miR-7	dme-miR-7-5p	-	-	uggaagacuagugauuuuguuguu	uaacaauaaaucucaagucuuucuac	uggaagacuagugauuuuguuguuuugcuuacgauaauaacaauaaaucucaagucuuucuac	2:222802544..222802607:+
1_7115	3.3	83 +/- 15%	-	9	9	0	0	yes	aae-miR-981	dme-miR-981-3p	-	-	uucguugucgacgaaaccugc	ggguuucgcggcgaacgggcu	ggguuucgcggcgaacgggcuuccaccaugaugaauagcaguucguugucgacgaaaccugc	1:118556349..118556411:+
2_1134	2.7	80 +/- 12%	-	1435	1435	0	0	yes	aae-miR-275-3p	dme-miR-275-3p	-	-	ucagguaccugaaguagcgcg	agcgacaacagaggcgugaaa	ucagguaccugaaguagcgcgcgugaucaaacaggaagcgucaucaagcgacaacagaggcgugaaa	2:307135708..307135775:+
1_7916	2.6	80 +/- 12%	-	7	7	0	0	yes	aae-miR-10	dme-miR-10-5p	-	-	acccuguagauccgaauuuguu	caaauucgguucuagagagguuu	acccuguagauccgaauuuguuugaauauuuaacaagcgacaaauucgguucuagagagguuu	1:310530475..310530538:+
2_1896	2.1	80 +/- 12%	-	243	243	0	0	yes	aae-miR-11894a	-	-	-	uuuaccauuucaagaugaccua	ggucgucuugaaaugguaaaga	ggucgucuugaaaugguaaagagugucaaucaucaucuuuaccauuucaagaugaccua	2:58785158..58785217:-
3_5407	2.1	80 +/- 12%	-	7	7	0	0	yes	aae-miR-1000	dme-miR-1000-5p	-	-	auauuguccugucacagcagu	uguuguuucgggacauuuaca	auauuguccugucacagcaguacuguuacaaauuuacuguuguuucgggacauuuaca	3:74204061..74204119:-
2_1892	2	80 +/- 12%	-	243	243	0	0	yes	aae-miR-11894a	-	-	-	uuuaccauuucaagaugaccua	gguugucuugaaaugguaaaga	gguugucuugaaaugguaaagagugucaaccaucaucuuuaccauuucaagaugaccua	2:58783350..58783409:-
2_1902	2	80 +/- 12%	-	243	243	0	0	yes	aae-miR-11894a	-	-	-	uuuaccauuucaagaugaccua	ggucgucuugaaaugguaaaga	ggucgucuugaaaugguaaagagugucaaucaucaucuuuaccauuucaagaugaccua	2:58787948..58788007:-
2_1898	2	80 +/- 12%	-	243	243	0	0	yes	aae-miR-11894a	-	-	-	uuuaccauuucaagaugaccua	ggucgucuugaaaugguaaaga	ggucgucuugaaaugguaaagagugucaaucaucaucuuuaccauuucaagaugaccua	2:58785850..58785909:-
2_1900	1.9	75 +/- 10%	-	243	243	0	0	yes	aae-miR-11894a	-	-	-	uuuaccauuucaagaugaccua	ggucgucuugaaaugguaaaga	ggucgucuugaaaugguaaagagugucaaucaucaucuuuaccauuucaagaugaccua	2:58786284..58786343:-
2_1894	1.9	75 +/- 10%	-	17	17	0	0	yes	aae-miR-11894b	-	-	-	uuuaccauuucaauaugaccua	ggucguauugaaaugguaaaga	ggucguauugaaaugguaaagagugucaaucaucaucuuuaccauuucaauaugaccua	2:58784590..58784649:-
2_2992	1.7	75 +/- 10%	-	153	153	0	0	yes	aae-miR-11895	-	-	-	uucaugcauucacuucugcuga	agcaggagugaaugcaugaguu	agcaggagugaaugcaugaguuugacaucugaaacuaauucaugcauucacuucugcuga	2:324949494..324949554:-
NIGP01001349_10769	1.7	75 +/- 10%	-	153	153	0	0	yes	aae-miR-11895	-	-	-	uucaugcauucacuucugcuga	agcaggagugaaugcaugaguu	agcaggagugaaugcaugaguugacaucugaaaacuaauucaugcauucacuucugcuga	NIGP01001349:11838..11898:+
2_3340	1.4	75 +/- 10%	-	173	173	0	0	yes	aae-miR-1890	-	-	-	ugaaaucuuugauuaggucugg	agagcuaauuggagaguucuug	agagcuaauuggagaguucuugaauaguguugugaaccuucaugaaaucuuugauuaggucugg	2:413654961..413655025:-
3_5499	1.4	75 +/- 10%	-	301	301	0	0	yes	aae-miR-2765	-	-	-	ugguaacuccaccaccguugg	aaugggagcuggaguucccgcg	ugguaacuccaccaccguuggcgauauuugacagccaaugggagcuggaguucccgcg	3:101895454..101895512:-
1_10070	1.3	75 +/- 10%	-	2563	2563	0	0	no	aae-miR-317	dme-miR-317-3p	-	-	ugaacacagcuggugguaucuc	gauacacccugugcucgcu	gauacacccugugcucgcuuugcauucgaaacuagugaacacagcuggugguaucuc	1:302667132..302667189:-
2_360	1	75 +/- 10%	-	62	62	0	0	no	aae-miR-988-3p	dme-miR-988-3p	-	-	ccccuuguugcaaaccucacgc	ggcagguaggggcaaugggggc	ccccuuguugcaaaccucacgcuugcgguagguuccacaacugcugagagguggcagguaggggcaaugggggc	2:93351417..93351491:+
2_2770	0.9	52 +/- 13%	-	16	16	0	0	yes	aae-miR-2941	-	-	-	uaguacggcuagaacuccacgga	cgugaagcucagcugcauuaca	cgugaagcucagcugcauuacacgauauggaauacgguuuguaguacggcuagaacuccacgga	2:268456314..268456378:-
2_2768	0.9	52 +/- 13%	-	16	16	0	0	yes	aae-miR-2941	-	-	-	uaguacggcuagaacuccacgga	cgugguguuuagacguauuaca	cgugguguuuagacguauuacaugauuuuuugaacauaacuguaguacggcuagaacuccacgga	2:268456010..268456075:-
2_2772	0.6	52 +/- 13%	-	10	10	0	0	yes	aae-miR-2946	-	-	-	uaguacggaaaagauauggggau	cgccauauuuuuaccgcuacugca	cgccauauuuuuaccgcuacugcauuucauuguaauaauuguaguacggaaaagauauggggau	2:268456440..268456504:-
1_10130	0.4	52 +/- 13%	-	3	3	0	0	yes	aae-miR-993	dme-miR-993-3p	-	-	gaagcucguuucuauagaggu	ccuguaguuccgggcuuuug	ccuguaguuccgggcuuuugugguuucuuuuauuguuaauuaucagaagcucguuucuauagaggu	1:310672024..310672090:-
1_6833	0.2	52 +/- 13%	-	138	138	0	0	no	aae-miR-210	dme-miR-210-3p	-	-	cuugugcgugugacaacggcuau	agcugcugaccacugcacaagau	agcugcugaccacugcacaagauuagauuaugacucuugugcgugugacaacggcuau	1:54892617..54892675:+
1_7103	-0.1	31 +/- 13%	-	3	3	0	0	yes	aae-miR-927	dme-miR-927-3p	-	-	caaagcguuuggguucugaaac	uuuagaauuccuacgcuuuacc	uuuagaauuccuacgcuuuaccgugauuuguugaaaguuuggcaaagcguuuggguucugaaac	1:115022929..115022993:+
2_3275	-1.4	16 +/- 9%	-	1095	1095	0	0	no	aae-miR-1	dme-miR-1-3p	-	-	uggaauguaaagaaguaugga	uucuucaaaaaacggaaccaag	uggaauguaaagaaguauggagcgcucgggcaaacucgacgugggaucuucuucaaaaaacggaaccaag	2:399500975..399501045:-
2_2030	-2.3	8 +/- 7%	-	1558	1558	0	0	no	aae-miR-281-5p	dme-miR-281-2-5p	-	-	aagagagcuauccgucgacagu	cguugacgugggauuuuuuug	cguugacgugggauuuuuuuguucauuuuguucuuucgcugguuucgaauaugaaaauaaagagagcuauccgucgacagu	2:96469398..96469479:-
2_2401	-3	8 +/- 7%	-	1	1	0	0	yes	aae-miR-11917	-	-	-	gagcauccguucaagcugaaa	ucagcucaaacggauguuugg	gagcauccguucaagcugaaaacuuaaucgauuggucaccagcugcuggugaccaaucgauuagguuuucagcucaaacggauguuugg	2:184046420..184046509:-
2_3092	-3.3	1 +/- 2%	-	2	2	0	0	yes	aae-miR-11916	-	-	-	gaugccucguaaagcaacugga	caguugcuuuccgagcguagcac	caguugcuuuccgagcguagcacaguuuggaugcgggcccgugcaucguccacggugaugccucguaaagcaacugga	2:344991982..344992060:-
NIGP01000443_10417	-4.8	0 +/- 0%	-	16	16	0	0	no	aae-miR-11893	-	-	-	uuccugacuuauacgcuuaccuc	gguaaguagauaaaucagaaaga	gguaaguagauaaaucagaaagacguuuauaucguuucuuccugacuuauacgcuuaccuc	NIGP01000443:52101..52162:+
2_951	-4.8	0 +/- 0%	-	16	16	0	0	no	aae-miR-11893	-	-	-	uuccugacuuauacgcuuaccuc	gguaaguagauaaaucagaaaga	gguaaguagauaaaucagaaagacguuuauaucguuucuuccugacuuauacgcuuaccuc	2:257889039..257889100:+
2_1329	-7.7	0 +/- 0%	-	87	87	0	0	no	aae-let-7	dme-let-7-5p	-	-	ugagguaguugguuguauagu	auuacaguacugcuucuuc	auuacaguacugcuucuuccacguugagguaguugguuguauagu	2:375131473..375131518:+

#miRBase miRNAs not detected by miRDeep2
miRBase precursor id	total read count	mature read count(s)	star read count	remaining reads	UCSC browser	NCBI blastn	miRBase mature sequence(s)	miRBase star sequence(s)	miRBase precursor sequence
3609	3609	0	0	-	-	ucagguacugagugacucucag	gagagcaccucgguaucuaagc	-	cauucgcaauuucaccgguucagguacugagugacucucagaugugcauuucucaagcaaucucguccucaggaccugagguugaaaaacccugagagcaccucgguaucuaagccaguguugcgaaaa	
1760	1760	0	0	-	-	cacguuacagauugggguuucc	uaaucucaaauuguaacagugg	-	gagguaaucucaaauuguaacaguggguugauuuuccuggugaaucccggccuuguccuccgucacaagugugacaagugucucgaaaacguguucgcuauacccacguuacagauugggguuucccc	
2192	2192	0	0	-	-	ugguuuaucuuaucugucgaggc	gucgacagggagauaaaucacu	-	cauugguuuaucuuaucugucgaggcaaguuauuuuaccggauaguguuucuuuucgugagcaaucaccacuauccagcucuucuugucgacagggagauaaaucacug	
1470	1470	0	0	-	-	caaccacuauccgcccugccgcc	uggcagugugguuagcugguug	-	caaggcaauacgcuauggcagugugguuagcugguuguguagaacuuuggggggcuuccguggcguucgcgcgcacacgggggcucagauucacaaccacuauccgcccugccgccgcgaggugccagg	
226	226	0	0	-	-	ugucuuuuuccgcuuacugccg	-	ccaacauuuugauugauuugucuuuuuccgcuuacugccgguggcauuugaaauucucgacagcaaaccgaaaaaggcgccucaaucaauu	
25	17	0	8	-	-	ucagaucuacuuaauacccau	-	acuccaauucuggguauuuuagauccuuggcauaguuacgugauugaaugcacuguucuucuuugguuuacccaguaucgaacacgcgucaaucugucagaucuacuuaauacccaua	
5	5	0	0	-	-	gaaggaacucccggugugauaua	uaucacagcaguaguuaccuga	-	aucgaaggaacucccggugugauauaugacucgauuauaucacagcaguaguuaccugauau	
4	4	0	0	-	-	cuuucgagcaguaaucaaaguc	uuuugauuguugcucagaaagc	-	aguguuucuauaaaauuuugauuguugcucagaaagccgugcauuugaaacgggucgcuuucgagcaguaaucaaagucaaauaaaacacca	
1	1	0	0	-	-	ugaaaccguccaaaacugaggc	-	uccggcguuaguuuugggcggguuuuaguguauuucgauuagaguaucaauugaaaccguccaaaacugaggccggcg	











































