miRDeep2 score	novel miRNAs reported by miRDeep2	novel miRNAs, estimated false positives	novel miRNAs, estimated true positives	known miRNAs in species	known miRNAs in data	known miRNAs detected by miRDeep2	estimated signal-to-noise	excision gearing
10	0	0 +/- 0	0 +/- 0 (0 +/- 0%)	164	118	44 (37%)	71.8	1
9	0	0 +/- 0	0 +/- 0 (0 +/- 0%)	164	118	44 (37%)	66.7	1
8	0	0 +/- 0	0 +/- 0 (0 +/- 0%)	164	118	44 (37%)	66.7	1
7	0	0 +/- 0	0 +/- 0 (0 +/- 0%)	164	118	44 (37%)	63.6	1
6	0	0 +/- 0	0 +/- 0 (0 +/- 0%)	164	118	44 (37%)	62.2	1
5	1	0 +/- 1	1 +/- 0 (70 +/- 46%)	164	118	56 (47%)	65.5	1
4	1	0 +/- 1	1 +/- 0 (67 +/- 47%)	164	118	74 (63%)	75.7	1
3	3	1 +/- 1	2 +/- 1 (82 +/- 23%)	164	118	75 (64%)	51.4	1
2	3	1 +/- 1	2 +/- 1 (79 +/- 25%)	164	118	81 (69%)	42.9	1
1	4	1 +/- 1	3 +/- 1 (77 +/- 22%)	164	118	86 (73%)	26.5	1
0	9	3 +/- 1	6 +/- 1 (71 +/- 16%)	164	118	94 (80%)	13.7	1
-1	12	7 +/- 2	5 +/- 2 (45 +/- 19%)	164	118	101 (86%)	8	1
-2	19	26 +/- 5	0 +/- 0 (0 +/- 2%)	164	118	105 (89%)	3.2	1
-3	46	42 +/- 5	5 +/- 5 (10 +/- 10%)	164	118	107 (91%)	2.7	1
-4	102	58 +/- 6	44 +/- 6 (43 +/- 6%)	164	118	107 (91%)	2.9	1
-5	151	121 +/- 9	30 +/- 9 (20 +/- 6%)	164	118	108 (92%)	1.8	1
-6	175	262 +/- 10	0 +/- 0 (0 +/- 0%)	164	118	109 (92%)	1	1
-7	199	390 +/- 13	0 +/- 0 (0 +/- 0%)	164	118	109 (92%)	0.7	1
-8	244	481 +/- 15	0 +/- 0 (0 +/- 0%)	164	118	110 (93%)	0.7	1
-9	329	562 +/- 16	0 +/- 0 (0 +/- 0%)	164	118	110 (93%)	0.7	1
-10	410	624 +/- 17	0 +/- 0 (0 +/- 0%)	164	118	111 (94%)	0.8	1



novel miRNAs predicted by miRDeep2
provisional id	miRDeep2 score	estimated probability that the miRNA candidate is a true positive	rfam alert	total read count	mature read count	loop read count	star read count	significant randfold p-value	miRBase miRNA	example miRBase miRNA with the same seed	UCSC browser	NCBI blastn	consensus mature sequence	consensus star sequence	consensus precursor sequence	precursor coordinate
2_684	5	70 +/- 46%	-	103	103	0	0	yes	-	dme-miR-932-5p	-	-	acaauuccggagccuguugagu	gcaacagaugauccgggugauuguga	acaauuccggagccuguugaguauagcaacagaugauccgggugauuguga	2:149601880..149601931:+
1_8345	3.7	82 +/- 23%	-	8	8	0	0	yes	-	dme-miR-193-5p	-	-	cugggauucggagagaaucccgu	gggauucggaaagaaucccgucu	gggauucggaaagaaucccgucugggauucggagagaaucccgucugggauucggagagaaucccgu	1:39887777..39887844:+
1_8349	3.7	82 +/- 23%	-	8	8	0	0	yes	-	dme-miR-193-5p	-	-	cugggauucggagagaaucccgu	gggauucggagagaauucccgucu	gggauucggagagaauucccgucugggauucggagagaaucccgucugggauucggagagaaucccgu	1:39891142..39891210:+
3_6246	1.5	77 +/- 22%	-	14	14	0	0	yes	-	-	-	-	guaggccggcggaaacuacuugc	aagggguuucuuucggccuccag	aagggguuucuuucggccuccagcggcauuagauaguuguaggccggcggaaacuacuugc	3:6069685..6069746:-
3_4645	0.8	71 +/- 16%	-	3	3	0	0	yes	-	dme-miR-971-3p	-	-	uugguguuauaucuuacagugag	ggcuguaaguauuacagcaagc	ggcuguaaguauuacagcaagcuugcuauucgaaaggcgcuugguguuauaucuuacagugag	3:82678953..82679016:+
3_4753	0.5	71 +/- 16%	-	2	2	0	0	yes	-	dme-miR-9376-3p	-	-	cuugaccacacguacugccguu	uggcaguaagugauggucagcag	uggcaguaagugauggucagcagaacaaguguaucgcucggaauuucuugaccacacguacugccguu	3:105931180..105931248:+
3_5592	0.3	71 +/- 16%	-	1	1	0	0	yes	-	dme-miR-985-3p	-	-	aaaauguuucugauggaaug	ccccuucagaaacauuuucu	aaaauguuucugauggaaugcugccaaucgcguggcgugaauuggcagcaccccuucagaaacauuuucu	3:272051545..272051615:+
2_2045	0.1	71 +/- 16%	-	1	1	0	0	yes	-	dme-miR-277-3p	-	-	uaaaugcaugucagucccaugu	augggacaauuaugcguuuaug	uaaaugcaugucagucccauguuugcuggauuuccuauucacaugggacaauuaugcguuuaug	2:17422929..17422993:-
NIGP01001859_12885	0	71 +/- 16%	-	24	24	0	0	yes	-	-	-	-	auuucagucacuuccagc	uggaguaugagaaca	auuucagucacuuccagcugguuuugacacgaacacgaucagcuggaguaugagaaca	NIGP01001859:17510..17568:-



mature miRBase miRNAs detected by miRDeep2
tag id	miRDeep2 score	estimated probability that the miRNA is a true positive	rfam alert	total read count	mature read count	loop read count	star read count	significant randfold p-value	mature miRBase miRNA	example miRBase miRNA with the same seed	UCSC browser	NCBI blastn	consensus mature sequence	consensus star sequence	consensus precursor sequence	precursor coordinate
1_12235	6315.4	0 +/- 0%	-	12379	12374	0	5	yes	aae-miR-283	dme-miR-283-5p	-	-	caauaucagcugguaauucuggg	cggaauuccaacugauaucca	caauaucagcugguaauucugggcuuaccccaccguuauacgcuucccggaauuccaacugauaucca	1:305625601..305625669:-
2_4024	4023.7	0 +/- 0%	-	7884	7882	0	2	yes	aae-miR-184	dme-miR-184-3p	-	-	uggacggagaacugauaagggc	ccuuaucauucuugcgccccgug	ccuuaucauucuugcgccccguguuauauuguuggcgacuggacggagaacugauaagggc	2:417599380..417599441:-
1_12231	2701.8	0 +/- 0%	-	5292	5291	0	1	yes	aae-miR-12-5p	dme-miR-12-5p	-	-	ugaguauuacaucagguacuggu	caguacuuauguuaugcucucu	ugaguauuacaucagguacuggugucgauauucgaaucaccaacgaaucggguuccuuugauuaacuuaccaguacuuauguuaugcucucu	1:305613548..305613640:-
3_8168	1484.3	0 +/- 0%	-	2903	2899	0	4	yes	aae-miR-308-5p	dme-miR-2a-3p	-	-	aaucacaggaguauacugugag	cgcgguauauucuuguggcuug	cgcgguauauucuuguggcuugaugcauuugaaaaaucucaaaucacaggaguauacugugag	3:403338483..403338546:-
2_2468	1206.8	0 +/- 0%	-	2358	2355	0	3	yes	aae-miR-2c	dme-miR-2a-3p	-	-	uaucacagccagcuuugaugagcu	acucucaaaguggcugugaa	acucucaaaguggcugugaaaugguuugauuuugcucauaucacagccagcuuugaugagcu	2:107235884..107235946:-
1_12214	1107.1	0 +/- 0%	-	2163	2161	0	2	yes	aae-miR-277-5p	dme-miR-277-3p	-	-	uaaaugcacuaucugguacgaca	cgugucagaagugcauuuaca	cgugucagaagugcauuuacauagguauuucccguuuagcaguauuuguaaaugcacuaucugguacgaca	1:302603812..302603883:-
2_1334	825	0 +/- 0%	-	1612	1608	0	4	yes	aae-miR-305-5p	dme-miR-305-5p	-	-	auuguacuucaucaggugcucugg	cggcacauguuggaguacacuu	auuguacuucaucaggugcucugguuguuuucgauacccggcacauguuggaguacacuu	2:307145445..307145505:+
2_1331	459.2	0 +/- 0%	-	892	891	0	1	yes	aae-miR-275-5p	dme-miR-275-3p	-	-	ucagguaccugaaguagcgcgcg	cgcgcuaagcaggaaccgagac	cgcgcuaagcaggaaccgagacuuugucauuugcuagcagucagguaccugaaguagcgcgcg	2:307135668..307135731:+
3_6506	448.1	0 +/- 0%	-	870	862	0	8	yes	aae-miR-11-5p	dme-miR-2a-3p	-	-	caucacagucugaguucuugcu	cgagaacuccggcugugaccugu	cgagaacuccggcugugaccuguguacacuuuauccaaaucacaucacagucugaguucuugcu	3:75489864..75489928:-
2_2472	368.8	0 +/- 0%	-	715	678	0	37	yes	aae-miR-13-5p	dme-miR-2a-3p	-	-	uaucacagccauuuugacgaguu	ucguaaaaaugguugugcugu	ucguaaaaaugguugugcuguguuguuacgcucgaaauucauaucacagccauuuugacgaguu	2:107237649..107237713:-
1_10558	358.6	0 +/- 0%	-	696	548	0	148	yes	aae-miR-252-5p	dme-miR-252-5p	-	-	cuaaguacuagugccgcaggag	ccugcugcccaagugcuuaucg	cuaaguacuagugccgcaggagagauuugaaccccugcugcccaagugcuuaucg	1:175818157..175818212:-
3_5839	296.6	0 +/- 0%	-	575	573	0	2	yes	aae-miR-8-5p	dme-miR-8-3p	-	-	uaauacugucagguaaagauguc	caucuuaccgggcagcauuaga	caucuuaccgggcagcauuagauauuuuugaaauacuucuaauacugucagguaaagauguc	3:328527955..328528017:+
2_2411	238.1	0 +/- 0%	-	459	420	0	39	yes	aae-miR-281-5p	dme-miR-281-2-5p	-	-	aagagagcuauccgucgacagu	ugucauggaauugcucucuuua	aagagagcuauccgucgacaguagggauaugauucacugucauggaauugcucucuuua	2:96469361..96469420:-
2_2477	222.8	0 +/- 0%	-	435	265	0	170	yes	aae-miR-71-5p	-	-	-	agaaagacauggguagugagau	ucucacuaccuugucuuucaug	agaaagacauggguagugagauaguuucacccuauugcacugggaucucacuaccuugucuuucaug	2:107238287..107238354:-
2_2347	215.9	0 +/- 0%	-	415	363	0	52	yes	aae-miR-276-5p	dme-miR-276a-3p	-	-	uaggaacuucauaccgugcucu	agcgagguauagaguuccuacg	agcgagguauagaguuccuacguugcgugugcgaaauugguaggaacuucauaccgugcucu	2:73120452..73120514:-
2_2415	211.3	0 +/- 0%	-	406	390	0	16	yes	aae-miR-282-5p	dme-miR-282-5p	-	-	uagccucuccuaggcuuugucu	acauagccugacagagguuagg	uagccucuccuaggcuuugucuguuaccuuccuugggaauuccacuagccagacauagccugacagagguuagg	2:96911966..96912040:-
2_2358	193.6	0 +/- 0%	-	371	364	0	7	yes	aae-miR-276-3p	dme-miR-276a-3p	-	-	uaggaacuucauaccgugcucu	agcgagguauagaguuccu	agcgagguauagaguuccuaugcguucggauaaaauauuccauaggaacuucauaccgugcucu	2:73509399..73509463:-
2_2235	144.7	0 +/- 0%	-	276	275	0	1	yes	aae-miR-190	dme-miR-190-5p	-	-	agauauguuugauauucuugguug	cccaggaaucaaacauauuauu	agauauguuugauauucuugguuguuaaauuuuauauuaucacccaggaaucaaacauauuauu	2:48811878..48811942:-
3_7390	137.6	0 +/- 0%	-	261	259	0	2	yes	aae-miR-278-5p	dme-miR-278-3p	-	-	ucggugggacuuucguccguuu	acggacgauagucuucagcggcc	acggacgauagucuucagcggccgugcauuugauagaaguggucggugggacuuucguccguuu	3:243123888..243123952:-
1_9935	128.9	0 +/- 0%	-	244	236	0	8	yes	aae-miR-33	dme-miR-33-5p	-	-	gugcauuguaguugcauugca	caauacuucugcaaugcaagc	gugcauuguaguugcauugcacuuuugcguucgauaacacggugcaauacuucugcaaugcaagc	1:50888881..50888946:-
3_6504	94.3	0 +/- 0%	-	176	173	0	3	yes	aae-miR-998	dme-miR-285-3p	-	-	uagcaccaugagauucagcuc	acugaacucucgugggucugc	acugaacucucgugggucugcaguugauauuucgaaagcuuguagcaccaugagauucagcuc	3:75489589..75489652:-
2_3699	65.3	0 +/- 0%	-	120	119	0	1	yes	aae-miR-9b	dme-miR-9a-5p	-	-	ucuuuggugauuuuagcuguaug	uauagcuuuaucaccaaaaa	ucuuuggugauuuuagcuguaugcugauacguuucugauugcauauagcuuuaucaccaaaaa	2:335780576..335780639:-
2_3705	57.1	0 +/- 0%	-	104	77	0	27	yes	aae-miR-9c-5p	dme-miR-9a-5p	-	-	ucuuugguauucuagcuguaga	uaaagcuuuaguaccagagguc	ucuuugguauucuagcuguagaauguugagcuuugugauaugguaucuucuaaagcuuuaguaccagagguc	2:335810364..335810436:-
3_4886	56.1	0 +/- 0%	-	104	103	0	1	yes	aae-miR-31	dme-miR-31b-5p	-	-	uggcaagauguuggcauagcug	agcuauucaacuucuugucuau	uggcaagauguuggcauagcugaaaguuuugaguuuagcuauucaacuucuugucuau	3:136174150..136174208:+
3_5463	34.6	0 +/- 0%	-	59	44	0	15	yes	aae-miR-307	dme-miR-307a-3p	-	-	ucacaaccuccuugagugagcga	acucacucaaccugggugugaug	acucacucaaccugggugugaugcuuauuugaaucaucacaaccuccuugagugagcga	3:244794376..244794435:+
2_498	27.1	0 +/- 0%	-	46	43	0	3	yes	aae-miR-9a	dme-miR-9a-5p	-	-	ucuuugguuaucuagcuguauga	uaaagcuagcauaccgaaguua	ucuuugguuaucuagcuguaugagugaauuuagaacaucauaaagcuagcauaccgaaguua	2:108461947..108462009:+
2_417	22.8	0 +/- 0%	-	36	35	0	1	yes	aae-miR-988-5p	dme-miR-988-3p	-	-	ccccuuguugcaaaccucacgc	gugugcuuugugacaaugagau	gugugcuuugugacaaugagauucgguucgauaucauccccuuguugcaaaccucacgc	2:93351380..93351439:+
1_10066	12.7	0 +/- 0%	-	17	13	0	4	yes	aae-miR-87	dme-miR-87-3p	-	-	gugagcaaauuuucaggugugu	cagccugaaauuugcuaaaccu	cagccugaaauuugcuaaaccuguguguauuugauucaaacaaucaaggugagcaaauuuucaggugugu	1:80682401..80682471:-
1_9425	5.4	70 +/- 46%	-	13	13	0	0	yes	aae-miR-999	dme-miR-999-3p	-	-	uguuaacuguaagacugugucu	acgcggucgugcaggaaauuauu	acgcggucgugcaggaaauuauuuggcauuagauucaaauguuaacuguaagacugugucu	1:252222293..252222354:+
1_9070	5.4	70 +/- 46%	-	35	35	0	0	yes	aae-miR-929	dme-miR-929-5p	-	-	aaauugacucuaguagggagu	ucccuaacggagucagauuga	aaauugacucuaguagggaguccuuguguacgagugacucccuaacggagucagauuga	1:198495526..198495585:+
3_6220	5.2	70 +/- 46%	-	19	19	0	0	yes	aae-miR-980-5p	dme-miR-980-3p	-	-	uagcugccuagugaagggcaau	ggccguucauugggucaucuagc	ggccguucauugggucaucuagcucguguuggaaacaguuagcugccuagugaagggcaau	3:1054523..1054584:-
2_2470	5.2	70 +/- 46%	-	9841	9841	0	0	yes	aae-miR-2a-5p	dme-miR-2a-3p	-	-	uaucacagccagcuuugaaga	ucaaagugguugugaaaug	ucaaagugguugugaaaugaguuacucuugaacgaucucauaucacagccagcuuugaaga	2:107237504..107237565:-
2_1549	5.1	70 +/- 46%	-	105	105	0	0	yes	aae-miR-2945-3p	dme-miR-279-3p	-	-	ugacuagaggcagacucguuua	agcggguccguuucuagugucaug	agcggguccguuucuagugucaugugcuguauucgaauaucaugacuagaggcagacucguuua	2:374947142..374947206:+
2_2476	5.1	70 +/- 46%	-	1857	1857	0	0	yes	aae-miR-2c	dme-miR-2a-3p	-	-	uaucacagccagcuuugauga	aucaaauuugguuguuuuagu	aucaaauuugguuguuuuaguacgaccucuuugaaaccccuaucacagccagcuuugauga	2:107237998..107238059:-
3_6558	5.1	70 +/- 46%	-	617	617	0	0	yes	aae-miR-92b-3p	dme-miR-92a-3p	-	-	aauugcacuugucccggccugc	aggucgugacuugugcccauuug	aggucgugacuugugcccauuugcugaauuuuaauggucaaauugcacuugucccggccugc	3:93418515..93418577:-
2_3702	5	70 +/- 46%	-	52	52	0	0	yes	aae-miR-79-5p	dme-miR-4-3p	-	-	auaaagcuagauuaccaaagcau	gcuuuggcgcuuuagcuguauga	gcuuuggcgcuuuagcuguaugauagaauuuaauauuucauaaagcuagauuaccaaagcau	2:335780884..335780946:-
1_9207	5	70 +/- 46%	-	733	733	0	0	yes	aae-miR-996	dme-miR-279-3p	-	-	ugacuagauuacaugcucgucu	gcgugcaugaaucuggugcacg	gcgugcaugaaucuggugcacgguuuuccaguuguaauaucgcuucgugacuagauuacaugcucgucu	1:207012536..207012605:+
NIGP01000533_12636	4.9	67 +/- 47%	-	76	76	0	0	yes	aae-miR-970	dme-miR-970-3p	-	-	ucauaagacacacgcggcuau	agcuugcguuugucuuagcuggua	agcuugcguuugucuuagcugguauugaaugugauagguaucauaagacacacgcggcuau	NIGP01000533:10107..10168:-
2_1759	4.9	67 +/- 47%	-	423	422	0	1	yes	aae-miR-965	dme-miR-965-3p	-	-	uaagcguauagcuuuucccau	gggggaaauccuguacgcuguaug	gggggaaauccuguacgcuguauguuguauuugaauaauccauaagcguauagcuuuucccau	2:429778749..429778812:+
2_1537	4.8	67 +/- 47%	-	29	29	0	0	yes	aae-miR-124	dme-miR-124-3p	-	-	uaaggcacgcggugaaugccaa	gguauccacugccggccuauaug	gguauccacugccggccuauauguccuauuucgguacucauaaggcacgcggugaaugccaa	2:369307279..369307341:+
1_8907	4.8	67 +/- 47%	-	76	76	0	0	yes	aae-miR-970	dme-miR-970-3p	-	-	ucauaagacacacgcggcuau	agcuugcguuugucuuagcuggua	agcuugcguuugucuuagcugguauugaaugugauagguaucauaagacacacgcggcuau	1:157238423..157238484:+
2_1554	4.8	67 +/- 47%	-	23	23	0	0	yes	aae-let-7	dme-let-7-5p	-	-	ugagguaguugguuguauagu	uaugcaaucugcuagcuuguc	ugagguaguugguuguauaguagugacugauuaaauaucugcuaugcaaucugcuagcuuguc	2:375131497..375131560:+
3_7988	4.8	67 +/- 47%	-	25	25	0	0	yes	aae-miR-989	dme-miR-989-3p	-	-	ugugaugugacguagugguac	gccgcuaccucgcuuucacuug	gccgcuaccucgcuuucacuugguaccgauuucccauaauccaugugaugugacguagugguac	3:366439082..366439146:-
3_6566	4.8	67 +/- 47%	-	93	93	0	0	yes	aae-miR-92a-5p	dme-miR-92a-3p	-	-	uauugcacuugucccggccuau	cgguacggacaggggcaacauu	cgguacggacaggggcaacauugugacauuugaaagcuaauauugcacuugucccggccuau	3:93477596..93477658:-
1_12258	4.7	67 +/- 47%	-	206	205	0	1	yes	aae-miR-1175-5p	dme-miR-958-3p	-	-	ugagauucuacuucuccgacuu	aaguggaguaguggucucaucgcu	aaguggaguaguggucucaucgcuuaguauuagaaaagugagauucuacuucuccgacuu	1:307010046..307010106:-
1_9205	4.7	67 +/- 47%	-	384	384	0	0	yes	aae-miR-279	dme-miR-279-3p	-	-	ugacuagauccacacucauuaa	gaugggugugaaucuaguguuucaca	gaugggugugaaucuaguguuucacaugauuuucgauagccugugacuagauccacacucauuaa	1:207007788..207007853:+
2_998	4.7	67 +/- 47%	-	13	13	0	0	yes	aae-miR-932-5p	dme-miR-932-5p	-	-	ucaauuccguagugcauugcag	gcaagcaauguggaagugaag	ucaauuccguagugcauugcagugugcuuuagacgaacugcaagcaauguggaagugaag	2:231381156..231381216:+
2_1415	4.6	67 +/- 47%	-	30	30	0	0	yes	aae-miR-133	dme-miR-133-3p	-	-	uugguccccuucaaccagcugu	agcugguugacuucgggucaaau	agcugguugacuucgggucaaaucgucaaauauuugcaaagauauuuccucagugaaauuauuugguccccuucaaccagcugu	2:330417065..330417149:+
2_1556	4.6	67 +/- 47%	-	16	16	0	0	yes	aae-miR-125-5p	dme-miR-125-5p	-	-	ucccugagacccuaacuuguga	acaaguuuugaucuccgguauu	ucccugagacccuaacuugugacuauaguugaaguuucacaaguuuugaucuccgguauu	2:375131781..375131841:+
2_1461	4.6	67 +/- 47%	-	205	205	0	0	yes	aae-miR-14	dme-miR-14-3p	-	-	ucagucuuuuucucucuccuau	gggagcgagauuaaggcuugcu	gggagcgagauuaaggcuugcuggucauuuauuacacucgaagucagucuuuuucucucuccuau	2:344767572..344767637:+
2_3960	4.6	67 +/- 47%	-	270	270	0	0	yes	aae-miR-1	dme-miR-1-3p	-	-	uggaauguaaagaaguauggag	ccaugcuuccuugcauucaaua	ccaugcuuccuugcauucaauagugauucugaaagcauauggaauguaaagaaguauggag	2:399501023..399501084:-
2_2675	4.5	67 +/- 47%	-	18	18	0	0	yes	aae-miR-263b-5p	dme-miR-263b-5p	-	-	cuuggcacugggagaauucac	ggaucuuuucgugccaucgu	cuuggcacugggagaauucacaggcgcuauuugcuaucauucuguggaucuuuucgugccaucgu	2:153371131..153371196:-
2_934	3.7	82 +/- 23%	-	254	254	0	0	yes	aae-miR-7	dme-miR-7-5p	-	-	uggaagacuagugauuuuguuguu	uaacaauaaaucucaagucuuucuac	uggaagacuagugauuuuguuguuuugcuuacgauaauaacaauaaaucucaagucuuucuac	2:222802544..222802607:+
3_5173	2.9	79 +/- 25%	-	1104	1104	0	0	yes	aae-bantam-5p	dme-bantam-3p	-	-	ugagaucauuuugaaagcugauu	ccgguuuucauuuucgaucugacu	ccgguuuucauuuucgaucugacuuauuugauuuaacaagagugagaucauuuugaaagcugauu	3:178082830..178082895:+
2_3767	2.7	79 +/- 25%	-	8	8	0	0	yes	aae-miR-263a-5p	dme-miR-263a-5p	-	-	aauggcacuggaagaauucacg	uguucuggcaguggcauccc	aauggcacuggaagaauucacggguauauuuugaaauccccguguucuggcaguggcauccc	2:348784448..348784510:-
3_8180	2.4	79 +/- 25%	-	6	5	0	1	no	aae-miR-285	dme-miR-285-3p	-	-	uagcaccauucgaaaucaguac	acuggcuuccaaaggugaguaga	acuggcuuccaaaggugaguagauggcauucgauacacucuagcaccauucgaaaucaguac	3:406875046..406875108:-
2_2276	2.1	79 +/- 25%	-	92	92	0	0	yes	aae-miR-11894a	-	-	-	uuuaccauuucaagaugaccua	ggucgucuugaaaugguaaaga	ggucgucuugaaaugguaaagagugucaaucaucaucuuuaccauuucaagaugaccua	2:58785158..58785217:-
2_2280	2	79 +/- 25%	-	92	92	0	0	yes	aae-miR-11894a	-	-	-	uuuaccauuucaagaugaccua	ggucgucuugaaaugguaaaga	ggucgucuugaaaugguaaagagugucaaucaucaucuuuaccauuucaagaugaccua	2:58786284..58786343:-
2_2282	2	79 +/- 25%	-	92	92	0	0	yes	aae-miR-11894a	-	-	-	uuuaccauuucaagaugaccua	ggucgucuugaaaugguaaaga	ggucgucuugaaaugguaaagagugucaaucaucaucuuuaccauuucaagaugaccua	2:58787948..58788007:-
2_2278	2	79 +/- 25%	-	92	92	0	0	yes	aae-miR-11894a	-	-	-	uuuaccauuucaagaugaccua	ggucgucuugaaaugguaaaga	ggucgucuugaaaugguaaagagugucaaucaucaucuuuaccauuucaagaugaccua	2:58785850..58785909:-
2_3632	1.7	77 +/- 22%	-	35	35	0	0	yes	aae-miR-11895	-	-	-	uucaugcauucacuucugcuga	agcaggagugaaugcaugaguu	agcaggagugaaugcaugaguuugacaucugaaacuaauucaugcauucacuucugcuga	2:324949494..324949554:-
2_3822	1.6	77 +/- 22%	-	3	2	0	1	yes	aae-miR-1891	-	-	-	ugaggaguuaauuugcguguuu	acacguccauuaacucugguac	ugaggaguuaauuugcguguuuuuguauuugauuaaacacguccauuaacucugguac	2:360084867..360084925:-
2_4014	1.4	77 +/- 22%	-	70	70	0	0	yes	aae-miR-1890	-	-	-	ugaaaucuuugauuaggucugg	agagcuaauuggagaguucuug	agagcuaauuggagaguucuugaauaguguugugaaccuucaugaaaucuuugauuaggucugg	2:413654961..413655025:-
3_6627	1.4	77 +/- 22%	-	232	232	0	0	yes	aae-miR-2765	-	-	-	ugguaacuccaccaccguuggc	caaugggagcuggaguucccgcg	ugguaacuccaccaccguuggcgauauuugacagccaaugggagcuggaguucccgcg	3:101895454..101895512:-
1_12218	1.3	77 +/- 22%	-	1791	1791	0	0	no	aae-miR-317	dme-miR-317-3p	-	-	ugaacacagcuggugguaucuc	gauacacccugugcucgcu	gauacacccugugcucgcuuugcauucgaaacuagugaacacagcuggugguaucuc	1:302667132..302667189:-
2_418	1	77 +/- 22%	-	35	35	0	0	no	aae-miR-988-3p	dme-miR-988-3p	-	-	ccccuuguugcaaaccucacgc	ggcagguaggggcaaugggggc	ccccuuguugcaaaccucacgcuugcgguagguuccacaacugcugagagguggcagguaggggcaaugggggc	2:93351417..93351491:+
3_6153	0.9	71 +/- 16%	-	3	3	0	0	yes	aae-miR-957	dme-miR-957-3p	-	-	ugaaaccguccaaaacugagg	uuaguuuugggcggguuuuagu	uuaguuuugggcggguuuuaguguauuucgauuagaguaucaauugaaaccguccaaaacugagg	3:398466625..398466690:+
2_18	0.7	71 +/- 16%	-	4	4	0	0	yes	aae-miR-219	dme-miR-219-5p	-	-	ugauuguccaaacgcaauucuu	gaguugugacuggacauccgug	ugauuguccaaacgcaauucuuguuuuauucgaauaugauauccaagaguugugacuggacauccgug	2:3715261..3715329:+
2_1552	0.7	71 +/- 16%	-	3	3	0	0	yes	aae-miR-100	dme-miR-100-5p	-	-	aacccguagauccgaacuugug	caagaacggauguaugggauuc	aacccguagauccgaacuugugcugccguuucacauguuacaagaacggauguaugggauuc	2:375117351..375117413:+
3_4348	0.5	71 +/- 16%	-	5	5	0	0	yes	aae-miR-315-5p	dme-miR-315-5p	-	-	uuuugauuguugcucagaaagccg	gcuuucgagcaguaaucaaaguc	uuuugauuguugcucagaaagccgugcauuugaaacgggucgcuuucgagcaguaaucaaaguc	3:3444767..3444831:+
1_8405	0.2	71 +/- 16%	-	52	52	0	0	no	aae-miR-210	dme-miR-210-3p	-	-	cuugugcgugugacaacggcuau	agcugcugaccacugcacaagau	agcugcugaccacugcacaagauuagauuaugacucuugugcgugugacaacggcuau	1:54892617..54892675:+
1_12265	0.1	71 +/- 16%	-	3	3	0	0	yes	aae-miR-iab-4-5p	dme-miR-iab-4-5p	-	-	acguauacugaauguauccuga	gguauaccuucaguauacguaa	acguauacugaauguauccugagugcuaucuauccgguauaccuucaguauacguaa	1:308965424..308965481:-
2_3980	-0.1	45 +/- 19%	-	2	2	0	0	yes	aae-miR-2944b-5p	dme-miR-2a-3p	-	-	uaucacagcaguaguuaccugau	aaggaacucccggugugauaua	aaggaacucccggugugauauaugacucgauuauaucacagcaguaguuaccugau	2:402152795..402152851:-
NIGP01001634_12639	-0.3	45 +/- 19%	-	1	1	0	0	yes	aae-miR-10365	dme-miR-927-5p	-	-	auuagaauguggaaucuguuuu	aaaguuuucauauucuugcgg	auuagaauguggaaucuguuuuuguacaucaaguguuacgaaacgaagcaaaaaaguuuucauauucuugcgg	NIGP01001634:30709..30782:-
2_3272	-0.4	45 +/- 19%	-	9	9	0	0	yes	aae-miR-2941	-	-	-	uaguacggcuagaacuccacgga	cgugaagcucagcugcauuaca	cgugaagcucagcugcauuacacgauauggaauacgguuuguaguacggcuagaacuccacgga	2:268456314..268456378:-
1_9654	-0.4	45 +/- 19%	-	1	1	0	0	yes	aae-miR-10	dme-miR-10-5p	-	-	acccuguagauccgaauuuguu	caaauucgguucuagagagguuu	acccuguagauccgaauuuguuugaauauuuaacaagcgacaaauucgguucuagagagguuu	1:310530475..310530538:+
2_3270	-0.4	45 +/- 19%	-	9	9	0	0	yes	aae-miR-2941	-	-	-	uaguacggcuagaacuccacgga	cgugguguuuagacguauuaca	cgugguguuuagacguauuacaugauuuuuugaacauaacuguaguacggcuagaacuccacgga	2:268456010..268456075:-
1_8737	-0.7	45 +/- 19%	-	1	1	0	0	yes	aae-miR-981	dme-miR-981-3p	-	-	uucguugucgacgaaaccugc	ggguuucgcggcgaacgggcu	ggguuucgcggcgaacgggcuuccaccaugaugaauagcaguucguugucgacgaaaccugc	1:118556349..118556411:+
3_6495	-0.9	45 +/- 19%	-	1	1	0	0	yes	aae-miR-1000	dme-miR-1000-5p	-	-	auauuguccugucacagcagu	uguuguuucgggacauuuaca	auauuguccugucacagcaguacuguuacaaauuuacuguuguuucgggacauuuaca	3:74204061..74204119:-
2_1332	-1	45 +/- 19%	-	891	891	0	0	no	aae-miR-275-3p	dme-miR-275-3p	-	-	ucagguaccugaaguagcgcgcg	ucaucaagcgacaacagaggcgugaaa	ucagguaccugaaguagcgcgcgugaucaaacaggaagcgucaucaagcgacaacagaggcgugaaa	2:307135708..307135775:+
1_8727	-1.1	0 +/- 2%	-	1	1	0	0	yes	aae-miR-927	dme-miR-927-3p	-	-	caaagcguuuggguucugaaac	uuuagaauuccuacgcuuuacc	uuuagaauuccuacgcuuuaccgugauuuguugaaaguuuggcaaagcguuuggguucugaaac	1:115022929..115022993:+
3_6003	-1.4	0 +/- 2%	-	2	2	0	0	yes	aae-miR-193	dme-miR-193-3p	-	-	uacuggccuacuaagucccaac	ugggauuuuguggaccagaaga	ugggauuuuguggaccagaagauuuccuccauucgauaauagcuacuggccuacuaagucccaac	3:360501795..360501860:+
2_2274	-1.4	0 +/- 2%	-	5	5	0	0	yes	aae-miR-11894b	-	-	-	uuuaccauuucaauaugaccua	ggucguauugaaaugguaaaga	ggucguauugaaaugguaaagagugucaaucaucaucuuuaccauuucaauaugaccua	2:58784590..58784649:-
3_7692	-1.6	0 +/- 2%	-	1	1	0	0	yes	aae-miR-309a	dme-miR-3-3p	-	-	ucacugggcaaaguuugucg	acuaacuucguucaguuuggug	acuaacuucguucaguuuggugucauacgaagguuuccaguuucaucacugggcaaaguuugucg	3:309335453..309335518:-
2_2412	-2.3	10 +/- 10%	-	420	420	0	0	no	aae-miR-281-5p	dme-miR-281-2-5p	-	-	aagagagcuauccgucgacagu	cguugacgugggauuuuuuug	cguugacgugggauuuuuuuguucauuuuguucuuucgcugguuucgaauaugaaaauaaagagagcuauccgucgacagu	2:96469398..96469479:-
2_3274	-2.4	10 +/- 10%	-	4	4	0	0	yes	aae-miR-2946	-	-	-	uaguacggaaaagauauggggau	cgccauauuuuuaccgcuacugca	cgccauauuuuuaccgcuacugcauuucauuguaauaauuguaguacggaaaagauauggggau	2:268456440..268456504:-
2_3742	-2.8	10 +/- 10%	-	3	3	0	0	yes	aae-miR-11916	-	-	-	gaugccucguaaagcaacugga	caguugcuuuccgagcguagcac	caguugcuuuccgagcguagcacaguuuggaugcgggcccgugcaucguccacggugaugccucguaaagcaacugga	2:344991982..344992060:-
2_2792	-4.3	20 +/- 6%	-	1	1	0	0	yes	aae-miR-11899	-	-	-	uaugaccgauuuaauauauggc	cauguaugauuucggucaugua	cauguaugauuucggucauguaugcaguugaaaauaauuauaugaccgauuuaauauauggc	2:182319042..182319104:-
1_9295	-5.1	0 +/- 0%	-	1	1	0	0	yes	aae-miR-11900	-	-	-	auuuuuuugacuguaauuuuauag	guaaaauuacguugaaaaaucgucu	guaaaauuacguugaaaaaucgucucccucaaaaaaugaaaccugagacuaacaggagauuuuuuugacuguaauuuuauag	1:223944070..223944152:+
2_2586	-7.1	0 +/- 0%	-	2	2	0	0	no	aae-miR-11919	-	-	-	uagcuagguugcggugcacugc	aguguacucugccuggccggc	aguguacucugccuggccggcgcugcugcgagucuagcuagguugcggugcacugc	2:129145074..129145130:-
2_1553	-7.7	0 +/- 0%	-	23	23	0	0	no	aae-let-7	dme-let-7-5p	-	-	ugagguaguugguuguauagu	auuacaguacugcuucuuc	auuacaguacugcuucuuccacguugagguaguugguuguauagu	2:375131473..375131518:+
2_1137	-9.2	0 +/- 0%	-	3	3	0	0	no	aae-miR-11893	-	-	-	uuccugacuuauacgcuuaccu	guaaguagauaaaucagaaaga	guaaguagauaaaucagaaagacguuuauaucguuucuuccugacuuauacgcuuaccu	2:257889040..257889099:+
NIGP01000443_12621	-9.2	0 +/- 0%	-	3	3	0	0	no	aae-miR-11893	-	-	-	uuccugacuuauacgcuuaccu	guaaguagauaaaucagaaaga	guaaguagauaaaucagaaagacguuuauaucguuucuuccugacuuauacgcuuaccu	NIGP01000443:52102..52161:+
3_4347	-10.1	0.00 +/- 0.00	-	5	5	0	0	no	aae-miR-315-5p	dme-miR-315-5p	-	-	uuuugauuguugcucagaaagccg	guauugugucacucaaaaag	guauugugucacucaaaaaguguuucuauaaaauuuugauuguugcucagaaagccg	3:3444734..3444791:+

#miRBase miRNAs not detected by miRDeep2
miRBase precursor id	total read count	mature read count(s)	star read count	remaining reads	UCSC browser	NCBI blastn	miRBase mature sequence(s)	miRBase star sequence(s)	miRBase precursor sequence
2676	2676	0	0	-	-	ucagguacugagugacucucag	gagagcaccucgguaucuaagc	-	cauucgcaauuucaccgguucagguacugagugacucucagaugugcauuucucaagcaaucucguccucaggaccugagguugaaaaacccugagagcaccucgguaucuaagccaguguugcgaaaa	
1348	1348	0	0	-	-	cacguuacagauugggguuucc	uaaucucaaauuguaacagugg	-	gagguaaucucaaauuguaacaguggguugauuuuccuggugaaucccggccuuguccuccgucacaagugugacaagugucucgaaaacguguucgcuauacccacguuacagauugggguuucccc	
1364	1363	0	1	-	-	ugguuuaucuuaucugucgaggc	gucgacagggagauaaaucacu	-	cauugguuuaucuuaucugucgaggcaaguuauuuuaccggauaguguuucuuuucgugagcaaucaccacuauccagcucuucuugucgacagggagauaaaucacug	
682	682	0	0	-	-	caaccacuauccgcccugccgcc	uggcagugugguuagcugguug	-	caaggcaauacgcuauggcagugugguuagcugguuguguagaacuuuggggggcuuccguggcguucgcgcgcacacgggggcucagauucacaaccacuauccgcccugccgccgcgaggugccagg	
48	48	0	0	-	-	ugucuuuuuccgcuuacugccg	-	ccaacauuuugauugauuugucuuuuuccgcuuacugccgguggcauuugaaauucucgacagcaaaccgaaaaaggcgccucaaucaauu	
6	5	0	1	-	-	ucagaucuacuuaauacccau	-	acuccaauucuggguauuuuagauccuuggcauaguuacgugauugaaugcacuguucuucuuugguuuacccaguaucgaacacgcgucaaucugucagaucuacuuaauacccaua	
6	3	0	3	-	-	cugaaaacuuaaucgauugguc	-	uaaccugaaaacuuaaucgauuggucacuagcugcgcggugaccaaucgauuaaguuuucagcuua	







































