miRDeep2 score	novel miRNAs reported by miRDeep2	novel miRNAs, estimated false positives	novel miRNAs, estimated true positives	known miRNAs in species	known miRNAs in data	known miRNAs detected by miRDeep2	estimated signal-to-noise	excision gearing
10	0	0 +/- 0	0 +/- 0 (0 +/- 0%)	164	18	0 (0%)	0	1
9	0	0 +/- 0	0 +/- 0 (0 +/- 0%)	164	18	0 (0%)	0	1
8	0	0 +/- 0	0 +/- 0 (0 +/- 0%)	164	18	0 (0%)	0	1
7	0	0 +/- 0	0 +/- 0 (0 +/- 0%)	164	18	0 (0%)	0	1
6	0	0 +/- 0	0 +/- 0 (0 +/- 0%)	164	18	0 (0%)	0	1
5	0	0 +/- 0	0 +/- 0 (0 +/- 0%)	164	18	3 (17%)	20	1
4	0	0 +/- 0	0 +/- 0 (0 +/- 0%)	164	18	6 (33%)	28.6	1
3	0	0 +/- 0	0 +/- 0 (0 +/- 0%)	164	18	10 (56%)	5.6	1
2	0	0 +/- 0	0 +/- 0 (0 +/- 0%)	164	18	10 (56%)	4.4	1
1	0	0 +/- 0	0 +/- 0 (0 +/- 0%)	164	18	13 (72%)	4.6	1
0	0	0 +/- 0	0 +/- 0 (0 +/- 0%)	164	18	13 (72%)	2.9	1
-1	1	7 +/- 2	0 +/- 0 (0 +/- 0%)	164	18	13 (72%)	1.2	1
-2	2	10 +/- 2	0 +/- 0 (0 +/- 0%)	164	18	13 (72%)	1	1
-3	2	12 +/- 3	0 +/- 0 (0 +/- 0%)	164	18	13 (72%)	0.8	1
-4	8	14 +/- 3	0 +/- 0 (0 +/- 1%)	164	18	15 (83%)	1.1	1
-5	11	16 +/- 3	0 +/- 0 (0 +/- 2%)	164	18	15 (83%)	1.3	1
-6	12	17 +/- 3	0 +/- 0 (0 +/- 2%)	164	18	15 (83%)	1.3	1
-7	14	18 +/- 3	0 +/- 1 (1 +/- 4%)	164	18	15 (83%)	1.3	1
-8	15	21 +/- 3	0 +/- 0 (0 +/- 1%)	164	18	15 (83%)	1.2	1
-9	16	22 +/- 3	0 +/- 0 (0 +/- 1%)	164	18	15 (83%)	1.2	1
-10	19	22 +/- 3	0 +/- 1 (1 +/- 4%)	164	18	15 (83%)	1.3	1



novel miRNAs predicted by miRDeep2
provisional id	miRDeep2 score	estimated probability that the miRNA candidate is a true positive	rfam alert	total read count	mature read count	loop read count	star read count	significant randfold p-value	miRBase miRNA	example miRBase miRNA with the same seed	UCSC browser	NCBI blastn	consensus mature sequence	consensus star sequence	consensus precursor sequence	precursor coordinate



mature miRBase miRNAs detected by miRDeep2
tag id	miRDeep2 score	estimated probability that the miRNA is a true positive	rfam alert	total read count	mature read count	loop read count	star read count	significant randfold p-value	mature miRBase miRNA	example miRBase miRNA with the same seed	UCSC browser	NCBI blastn	consensus mature sequence	consensus star sequence	consensus precursor sequence	precursor coordinate
1_556	5.2	0 +/- 0%	-	119	119	0	0	yes	aae-miR-277-5p	dme-miR-277-3p	-	-	uaaaugcacuaucugguacgaca	gcgugucagaagugcauuuaca	gcgugucagaagugcauuuacauagguauuucccguuuagcaguauuuguaaaugcacuaucugguacgaca	1:302603812..302603884:-
2_144	5	0 +/- 0%	-	58	58	0	0	yes	aae-miR-184	dme-miR-184-3p	-	-	uggacggagaacugauaagggc	ccuuaucauucuugcgccccgu	ccuuaucauucuugcgccccguguuauauuguuggcgacuggacggagaacugauaagggc	2:417599380..417599441:-
2_140	4.6	0 +/- 0%	-	205	205	0	0	yes	aae-miR-1	dme-miR-1-3p	-	-	uggaauguaaagaaguauggag	ccaugcuuccuugcauucaaua	ccaugcuuccuugcauucaauagugauucugaaagcauauggaauguaaagaaguauggag	2:399501023..399501084:-
3_215	4.2	0 +/- 0%	-	17	17	0	0	yes	aae-miR-8-3p	dme-miR-8-3p	-	-	uaauacugucagguaaag	uaccgggcagcauuaga	uaccgggcagcauuagauauuuuugaaauacuucuaauacugucagguaaag	3:328527960..328528012:+
3_189	3.5	0 +/- 0%	-	14	14	0	0	yes	aae-bantam-5p	dme-bantam-3p	-	-	ugagaucauuuugaaagcugauu	ccgguuuucauuuucgaucugacu	ccgguuuucauuuucgaucugacuuauuugauuuaacaagagugagaucauuuugaaagcugauu	3:178082830..178082895:+
2_91	3	0 +/- 0%	-	8	8	0	0	yes	aae-miR-281-5p	dme-miR-281-1-5p	-	-	aaagagagcuauccgucgacag	gucauggaauugcucucuuuau	aaagagagcuauccgucgacaguagggauaugauucacugucauggaauugcucucuuuau	2:96469360..96469421:-
2_63	1.9	0 +/- 0%	-	6	6	0	0	yes	aae-miR-124	dme-miR-124-3p	-	-	uaaggcacgcggugaaugccaag	ugguauccacugccggccuauaug	ugguauccacugccggccuauauguccuauuucgguacucauaaggcacgcggugaaugccaag	2:369307278..369307342:+
3_292	1.4	0 +/- 0%	-	110	110	0	0	yes	aae-miR-308-5p	-	-	-	aaaucacaggaguauacugugag	cgcgguauauucuuguggcuuga	cgcgguauauucuuguggcuugaugcauuugaaaaaucucaaaucacaggaguauacugugag	3:403338483..403338546:-
1_375	-3.5	0 +/- 1%	-	11	11	0	0	no	aae-miR-252-5p	-	-	-	acuaaguacuagugccgcag	gcugcccaagugcuuaucga	acuaaguacuagugccgcaggagagauuugaaccccugcugcccaagugcuuaucga	1:175818156..175818213:-
2_92	-4.7	0 +/- 2%	-	8	8	0	0	no	aae-miR-281-5p	dme-miR-281-1-5p	-	-	aaagagagcuauccgucgacag	guugacgugggauuuuuuugu	guugacgugggauuuuuuuguucauuuuguucuuucgcugguuucgaauaugaaaauaaagagagcuauccgucgacag	2:96469399..96469478:-
1_376	-4.9	0 +/- 2%	-	11	11	0	0	no	aae-miR-252-5p	-	-	-	acuaaguacuagugccgcag	gcggcuuauugcuucugguga	gcggcuuauugcuucuggugauugauaagaauucuuuacuaaguacuagugccgcag	1:175818193..175818250:-

#miRBase miRNAs not detected by miRDeep2
miRBase precursor id	total read count	mature read count(s)	star read count	remaining reads	UCSC browser	NCBI blastn	miRBase mature sequence(s)	miRBase star sequence(s)	miRBase precursor sequence
77	77	0	0	-	-	caguacuuauguuaugcucucu	ugaguauuacaucagguacuggu	-	uucggacugaguauuacaucagguacuggugucgauauucgaaucaccaacgaaucggguuccuuugauuaacuuaccaguacuuauguuaugcucucuccg	
40	40	0	0	-	-	cacguuacagauugggguuucc	uaaucucaaauuguaacagugg	-	gagguaaucucaaauuguaacaguggguugauuuuccuggugaaucccggccuuguccuccgucacaagugugacaagugucucgaaaacguguucgcuauacccacguuacagauugggguuucccc	
15	15	0	0	-	-	ugguuuaucuuaucugucgaggc	gucgacagggagauaaaucacu	-	cauugguuuaucuuaucugucgaggcaaguuauuuuaccggauaguguuucuuuucgugagcaaucaccacuauccagcucuucuugucgacagggagauaaaucacug	
12	12	0	0	-	-	ucguaaaaaugguugugcugug	uaucacagccauuuugacgaguu	-	gucgugaucggaucguaaaaaugguugugcuguguuguuacgcucgaaauucauaucacagccauuuugacgaguucgauccug	




















































































































