miRDeep2 score	novel miRNAs reported by miRDeep2	novel miRNAs, estimated false positives	novel miRNAs, estimated true positives	known miRNAs in species	known miRNAs in data	known miRNAs detected by miRDeep2	estimated signal-to-noise	excision gearing
10	0	0 +/- 0	0 +/- 0 (0 +/- 0%)	164	16	0 (0%)	0	1
9	0	0 +/- 0	0 +/- 0 (0 +/- 0%)	164	16	0 (0%)	0	1
8	0	0 +/- 0	0 +/- 0 (0 +/- 0%)	164	16	0 (0%)	0	1
7	0	0 +/- 0	0 +/- 0 (0 +/- 0%)	164	16	0 (0%)	0	1
6	0	0 +/- 0	0 +/- 0 (0 +/- 0%)	164	16	0 (0%)	0	1
5	0	0 +/- 0	0 +/- 0 (0 +/- 0%)	164	16	8 (50%)	19.2	1
4	0	0 +/- 0	0 +/- 0 (0 +/- 0%)	164	16	9 (56%)	21.4	1
3	0	0 +/- 0	0 +/- 0 (0 +/- 0%)	164	16	9 (56%)	3.3	1
2	0	0 +/- 0	0 +/- 0 (0 +/- 0%)	164	16	9 (56%)	2.8	1
1	0	0 +/- 0	0 +/- 0 (0 +/- 0%)	164	16	13 (81%)	3.4	1
0	0	0 +/- 0	0 +/- 0 (0 +/- 0%)	164	16	15 (94%)	2.2	1
-1	0	0 +/- 0	0 +/- 0 (0 +/- 0%)	164	16	15 (94%)	1.1	1
-2	0	0 +/- 0	0 +/- 0 (0 +/- 0%)	164	16	15 (94%)	0.8	1
-3	2	13 +/- 3	0 +/- 0 (0 +/- 0%)	164	16	15 (94%)	0.8	1
-4	2	14 +/- 3	0 +/- 0 (0 +/- 0%)	164	16	15 (94%)	0.7	1
-5	4	15 +/- 3	0 +/- 0 (0 +/- 0%)	164	16	15 (94%)	0.8	1
-6	5	16 +/- 3	0 +/- 0 (0 +/- 0%)	164	16	15 (94%)	0.8	1
-7	6	17 +/- 3	0 +/- 0 (0 +/- 0%)	164	16	15 (94%)	0.8	1
-8	7	18 +/- 3	0 +/- 0 (0 +/- 0%)	164	16	15 (94%)	0.8	1
-9	9	18 +/- 3	0 +/- 0 (0 +/- 1%)	164	16	15 (94%)	0.9	1
-10	9	20 +/- 4	0 +/- 0 (0 +/- 1%)	164	16	15 (94%)	0.8	1



novel miRNAs predicted by miRDeep2
provisional id	miRDeep2 score	estimated probability that the miRNA candidate is a true positive	rfam alert	total read count	mature read count	loop read count	star read count	significant randfold p-value	miRBase miRNA	example miRBase miRNA with the same seed	UCSC browser	NCBI blastn	consensus mature sequence	consensus star sequence	consensus precursor sequence	precursor coordinate



mature miRBase miRNAs detected by miRDeep2
tag id	miRDeep2 score	estimated probability that the miRNA is a true positive	rfam alert	total read count	mature read count	loop read count	star read count	significant randfold p-value	mature miRBase miRNA	example miRBase miRNA with the same seed	UCSC browser	NCBI blastn	consensus mature sequence	consensus star sequence	consensus precursor sequence	precursor coordinate
2_54	5.2	0 +/- 0%	-	22	22	0	0	yes	aae-miR-2a-5p	dme-miR-2a-3p	-	-	uaucacagccagcuuugaag	ucaaagugguugugaaaug	ucaaagugguugugaaaugaguuacucuugaacgaucucauaucacagccagcuuugaag	2:107237505..107237565:-
1_464	5.2	0 +/- 0%	-	538	538	0	0	yes	aae-miR-277-5p	dme-miR-277-3p	-	-	uaaaugcacuaucugguacgaca	gcgugucagaagugcauuuaca	gcgugucagaagugcauuuacauagguauuucccguuuagcaguauuuguaaaugcacuaucugguacgaca	1:302603812..302603884:-
1_467	5.1	0 +/- 0%	-	77	77	0	0	yes	aae-miR-283	dme-miR-283-5p	-	-	caauaucagcugguaauucuggg	cggaauuccaacugauauccac	caauaucagcugguaauucugggcuuaccccaccguuauacgcuucccggaauuccaacugauauccac	1:305625600..305625669:-
2_56	5	0 +/- 0%	-	62	62	0	0	yes	aae-miR-13-5p	dme-miR-2a-3p	-	-	uaucacagccauuuugacgaguu	aucguaaaaaugguugugcugug	aucguaaaaaugguugugcuguguuguuacgcucgaaauucauaucacagccauuuugacgaguu	2:107237649..107237714:-
2_106	5	0 +/- 0%	-	139	139	0	0	yes	aae-miR-184	dme-miR-184-3p	-	-	uggacggagaacugauaaggg	cuuaucauucuugcgccccgu	cuuaucauucuugcgccccguguuauauuguuggcgacuggacggagaacugauaaggg	2:417599381..417599440:-
2_104	4.6	0 +/- 0%	-	276	276	0	0	yes	aae-miR-1	dme-miR-1-3p	-	-	uggaauguaaagaaguauggag	ccaugcuuccuugcauucaaua	ccaugcuuccuugcauucaauagugauucugaaagcauauggaauguaaagaaguauggag	2:399501023..399501084:-
3_212	1.4	0 +/- 0%	-	93	93	0	0	yes	aae-miR-308-5p	-	-	-	aaaucacaggaguauacugugag	cgcgguauauucuuguggcuuga	cgcgguauauucuuguggcuugaugcauuugaaaaaucucaaaucacaggaguauacugugag	3:403338483..403338546:-
1_465	1	0 +/- 0%	-	50	50	0	0	yes	aae-miR-12-5p	-	-	-	gaguauuacaucagguacuggu	caguacuuauguuaugcucuc	gaguauuacaucagguacuggugucgauauucgaaucaccaacgaaucggguuccuuugauuaacuuaccaguacuuauguuaugcucuc	1:305613549..305613639:-
3_167	0.6	0 +/- 0%	-	222	222	0	0	no	aae-miR-8-5p	dme-miR-8-3p	-	-	uaauacugucagguaaagaugucg	acaucuuaccgggcagcauuaga	acaucuuaccgggcagcauuagauauuuuugaaauacuucuaauacugucagguaaagaugucg	3:328527954..328528018:+

#miRBase miRNAs not detected by miRDeep2
miRBase precursor id	total read count	mature read count(s)	star read count	remaining reads	UCSC browser	NCBI blastn	miRBase mature sequence(s)	miRBase star sequence(s)	miRBase precursor sequence
86	86	0	0	-	-	ugaacacagcuggugguaucu	-	ggaauuucggcuaccgggauacacccugugcucgcuuugcauucgaaacuagugaacacagcuggugguaucucaguggcccuaaucc	
79	79	0	0	-	-	auugacucuaguagggagucc	-	ugccuacgacugguccaaauugacucuaguagggaguccuuguguacgagugacucccuaacggagucagauugaacccgguaggaugg	
46	46	0	0	-	-	ugguuuaucuuaucugucgaggc	gucgacagggagauaaaucacu	-	cauugguuuaucuuaucugucgaggcaaguuauuuuaccggauaguguuucuuuucgugagcaaucaccacuauccagcucuucuugucgacagggagauaaaucacug	
27	27	0	0	-	-	cacguuacagauugggguuucc	uaaucucaaauuguaacagugg	-	gagguaaucucaaauuguaacaguggguugauuuuccuggugaaucccggccuuguccuccgucacaagugugacaagugucucgaaaacguguucgcuauacccacguuacagauugggguuucccc	




















































































































