miRDeep2 score	novel miRNAs reported by miRDeep2	novel miRNAs, estimated false positives	novel miRNAs, estimated true positives	known miRNAs in species	known miRNAs in data	known miRNAs detected by miRDeep2	estimated signal-to-noise	excision gearing
10	3	0 +/- 0	3 +/- 0 (95 +/- 13%)	164	55	14 (25%)	54.5	2
9	3	0 +/- 0	3 +/- 0 (95 +/- 14%)	164	55	14 (25%)	52.2	2
8	3	0 +/- 0	3 +/- 0 (95 +/- 14%)	164	55	14 (25%)	50	2
7	3	0 +/- 0	3 +/- 0 (95 +/- 14%)	164	55	14 (25%)	50	2
6	3	0 +/- 0	3 +/- 0 (94 +/- 14%)	164	55	14 (25%)	48	2
5	3	0 +/- 0	3 +/- 0 (94 +/- 15%)	164	55	28 (51%)	75	2
4	3	0 +/- 0	3 +/- 0 (93 +/- 16%)	164	55	37 (67%)	84.4	2
3	3	0 +/- 1	3 +/- 1 (88 +/- 21%)	164	55	41 (75%)	64.6	2
2	3	1 +/- 1	2 +/- 1 (83 +/- 23%)	164	55	42 (76%)	55.4	2
1	3	1 +/- 1	2 +/- 1 (75 +/- 28%)	164	55	48 (87%)	42	2
0	5	2 +/- 1	3 +/- 1 (61 +/- 28%)	164	55	48 (87%)	17.7	2
-1	6	5 +/- 3	2 +/- 2 (29 +/- 28%)	164	55	50 (91%)	8.1	2
-2	7	13 +/- 3	0 +/- 0 (1 +/- 4%)	164	55	52 (95%)	3.3	2
-3	19	19 +/- 4	2 +/- 2 (8 +/- 12%)	164	55	52 (95%)	2.9	2
-4	40	28 +/- 5	12 +/- 5 (30 +/- 12%)	164	55	52 (95%)	2.7	2
-5	59	68 +/- 7	0 +/- 1 (1 +/- 2%)	164	55	52 (95%)	1.4	2
-6	78	143 +/- 10	0 +/- 0 (0 +/- 0%)	164	55	52 (95%)	0.8	2
-7	98	221 +/- 13	0 +/- 0 (0 +/- 0%)	164	55	52 (95%)	0.6	2
-8	142	301 +/- 14	0 +/- 0 (0 +/- 0%)	164	55	52 (95%)	0.6	2
-9	194	371 +/- 15	0 +/- 0 (0 +/- 0%)	164	55	52 (95%)	0.6	2
-10	256	428 +/- 16	0 +/- 0 (0 +/- 0%)	164	55	52 (95%)	0.7	2



novel miRNAs predicted by miRDeep2
provisional id	miRDeep2 score	estimated probability that the miRNA candidate is a true positive	rfam alert	total read count	mature read count	loop read count	star read count	significant randfold p-value	miRBase miRNA	example miRBase miRNA with the same seed	UCSC browser	NCBI blastn	consensus mature sequence	consensus star sequence	consensus precursor sequence	precursor coordinate
1_22716	4752.6	95 +/- 13%	-	9330	7431	1896	3	no	-	-	-	-	auaggucgucggugaucau	aguucgaccggacuuugguauaac	aguucgaccggacuuugguauaacgcuacguucguuggauuaugccugaacgccucuaaggucguaaccaaaccgagcugauaguguccccuuauaggucgucggugaucau	1:205640340..205640452:-
3_16296	220.9	95 +/- 13%	-	438	253	1	184	yes	-	-	-	-	augaccaaaggucgcaugag	auaugaccaaaggucgcaugag	augaccaaaggucgcaugagugcggaaauuaccaugaaaaaaucuucucaaagaagucgucaucauaugaccaaaggucgcaugag	3:311635068..311635154:-
3_11409	200.5	95 +/- 13%	-	408	274	0	134	no	-	-	-	-	augaccaaaggucgcaugag	auaugaccaaaggucgcaugag	augaccaaaggucgcaugagugcgaaaguuuuauauaaaaguucuucaaucaagucgucaucauaugaccaaaggucgcaugag	3:233125184..233125268:+
2_1138	0.7	61 +/- 28%	-	9	9	0	0	yes	-	-	-	-	uagaggcagcaacagccgcu	cggcucuugcugccucaagg	uagaggcagcaacagccgcucaaaauuuccuugcgcggcucuugcugccucaagg	2:126243801..126243856:+
2_6221	0.2	61 +/- 28%	-	132	132	0	0	yes	-	-	-	-	aucccacuucugacacca	uugucguguaugugggaauuucc	aucccacuucugacaccaaauugucguguaugugggaauuucc	2:224862812..224862855:-



mature miRBase miRNAs detected by miRDeep2
tag id	miRDeep2 score	estimated probability that the miRNA is a true positive	rfam alert	total read count	mature read count	loop read count	star read count	significant randfold p-value	mature miRBase miRNA	example miRBase miRNA with the same seed	UCSC browser	NCBI blastn	consensus mature sequence	consensus star sequence	consensus precursor sequence	precursor coordinate
2_2682	217.8	95 +/- 13%	-	421	419	0	2	yes	aae-miR-305-5p	dme-miR-305-5p	-	-	auuguacuucaucaggugcucugg	ccggcacauguuggaguacacuua	auuguacuucaucaggugcucugguuguuuucgauacccggcacauguuggaguacacuua	2:307145445..307145506:+
2_4968	212.9	95 +/- 13%	-	416	413	0	3	yes	aae-miR-2a-5p	-	-	-	aucacagccagcuuugaagagcg	acucucaaagugguugugaaauga	acucucaaagugguugugaaaugaguuacucuugaacgaucucauaucacagccagcuuugaagagcg	2:107237501..107237569:-
2_4970	162.8	95 +/- 13%	-	318	317	0	1	yes	aae-miR-13-5p	-	-	-	aucacagccauuuugacgaguu	ucguaaaaaugguugugcugu	ucguaaaaaugguugugcuguguuguuacgcucgaaauucauaucacagccauuuugacgaguu	2:107237649..107237713:-
2_4975	136.1	95 +/- 13%	-	265	262	0	3	yes	aae-miR-71-5p	-	-	-	agaaagacauggguagugagau	ucucacuaccuugucuuucaug	agaaagacauggguagugagauaguuucacccuauugcacugggaucucacuaccuugucuuucaug	2:107238287..107238354:-
2_4966	79.5	95 +/- 13%	-	154	151	0	3	yes	aae-miR-2c	-	-	-	aucacagccagcuuugaugagcu	acucucaaaguggcugugaaaug	acucucaaaguggcugugaaaugguuugauuuugcucauaucacagccagcuuugaugagcu	2:107235884..107235946:-
2_4714	36.9	95 +/- 13%	-	64	49	0	15	yes	aae-miR-276-5p	dme-miR-276a-3p	-	-	uaggaacuucauaccgugcucu	agcgagguauagaguuccuacg	agcgagguauagaguuccuacguugcgugugcgaaauugguaggaacuucauaccgugcucu	2:73120452..73120514:-
2_4742	31	95 +/- 13%	-	52	49	0	3	yes	aae-miR-276-3p	dme-miR-276a-3p	-	-	uaggaacuucauaccgugcucu	agcgagguauagaguuccua	agcgagguauagaguuccuaugcguucggauaaaauauuccauaggaacuucauaccgugcucu	2:73509399..73509463:-
2_4505	14.7	95 +/- 13%	-	21	16	0	5	yes	aae-miR-190	dme-miR-190-5p	-	-	agauauguuugauauucuugguug	cccaggaaucaaacauauuauua	agauauguuugauauucuugguuguuaaauuuuauauuaucacccaggaaucaaacauauuauua	2:48811877..48811942:-
3_11522	12.2	95 +/- 13%	-	15	4	0	11	yes	aae-miR-307	dme-miR-307a-5p	-	-	acucacucaaccugggugugau	ucacaaccuccuugagugagcg	acucacucaaccugggugugaugcuuauuugaaucaucacaaccuccuugagugagcg	3:244794376..244794434:+
3_13834	5.4	94 +/- 15%	-	60	60	0	0	yes	aae-miR-998	dme-miR-285-3p	-	-	uagcaccaugagauucagcuc	acugaacucucgugggucugca	acugaacucucgugggucugcaguugauauuucgaaagcuuguagcaccaugagauucagcuc	3:75489589..75489652:-
3_13836	5.4	94 +/- 15%	-	30	30	0	0	yes	aae-miR-11-5p	dme-miR-9382-5p	-	-	aucacagucugaguucuugcu	cgagaacuccggcugugaccugu	cgagaacuccggcugugaccuguguacacuuuauccaaaucacaucacagucugaguucuugcu	3:75489864..75489928:-
2_2679	5.2	94 +/- 15%	-	68	68	0	0	yes	aae-miR-275-5p	dme-miR-275-3p	-	-	ucagguaccugaaguagcgcgcg	cgcgcuaagcaggaaccgagacu	cgcgcuaagcaggaaccgagacuuugucauuugcuagcagucagguaccugaaguagcgcgcg	2:307135668..307135731:+
1_24318	5.2	94 +/- 15%	-	91	91	0	0	yes	aae-miR-277-5p	dme-miR-277-3p	-	-	uaaaugcacuaucugguacgaca	gcgugucagaagugcauuuaca	gcgugucagaagugcauuuacauagguauuucccguuuagcaguauuuguaaaugcacuaucugguacgaca	1:302603812..302603884:-
1_24369	5.1	94 +/- 15%	-	2868	2868	0	0	yes	aae-miR-283	dme-miR-283-5p	-	-	caauaucagcugguaauucuggg	cggaauuccaacugauauccac	caauaucagcugguaauucugggcuuaccccaccguuauacgcuucccggaauuccaacugauauccac	1:305625600..305625669:-
2_8254	5	94 +/- 15%	-	2513	2513	0	0	yes	aae-miR-184	dme-miR-184-3p	-	-	uggacggagaacugauaaggg	cuuaucauucuugcgccccgu	cuuaucauucuugcgccccguguuauauuguuggcgacuggacggagaacugauaaggg	2:417599381..417599440:-
2_7596	5	94 +/- 15%	-	78	78	0	0	yes	aae-miR-79-5p	dme-miR-9a-3p	-	-	uaaagcuagauuaccaaagcau	gcuuuggcgcuuuagcuguaug	gcuuuggcgcuuuagcuguaugauagaauuuaauauuucauaaagcuagauuaccaaagcau	2:335780884..335780946:-
3_17172	5	94 +/- 15%	-	2064	2064	0	0	yes	aae-miR-308-5p	dme-miR-2a-3p	-	-	aaucacaggaguauacugugag	cgcgguauauucuuguggcuug	cgcgguauauucuuguggcuugaugcauuugaaaaaucucaaaucacaggaguauacugugag	3:403338483..403338546:-
1_19181	5	94 +/- 15%	-	24	24	0	0	yes	aae-miR-996	dme-miR-279-3p	-	-	ugacuagauuacaugcucgucua	ggcgugcaugaaucuggugcacg	ggcgugcaugaaucuggugcacgguuuuccaguuguaauaucgcuucgugacuagauuacaugcucgucua	1:207012535..207012606:+
NIGP01000533_25088	4.9	93 +/- 16%	-	25	25	0	0	yes	aae-miR-970	dme-miR-970-3p	-	-	ucauaagacacacgcggcuau	agcuugcguuugucuuagcuggua	agcuugcguuugucuuagcugguauugaaugugauagguaucauaagacacacgcggcuau	NIGP01000533:10107..10168:-
2_4873	4.9	93 +/- 16%	-	35	35	0	0	yes	aae-miR-281-5p	dme-miR-281-2-5p	-	-	aagagagcuauccgucgacagu	ugucauggaauugcucucuuua	aagagagcuauccgucgacaguagggauaugauucacugucauggaauugcucucuuua	2:96469361..96469420:-
1_18697	4.9	93 +/- 16%	-	25	25	0	0	yes	aae-miR-970	dme-miR-970-3p	-	-	ucauaagacacacgcggcuau	agcuugcguuugucuuagcuggua	agcuugcguuugucuuagcugguauugaaugugauagguaucauaagacacacgcggcuau	1:157238423..157238484:+
1_24365	4.6	93 +/- 16%	-	1636	1636	0	0	yes	aae-miR-12-5p	dme-miR-12-5p	-	-	ugaguauuacaucagguacuggu	caguacuuauguuaugcucucu	ugaguauuacaucagguacuggugucgauauucgaaucaccaacgaaucggguuccuuugauuaacuuaccaguacuuauguuaugcucucu	1:305613548..305613640:-
3_12489	4.4	93 +/- 16%	-	49	49	0	0	yes	aae-miR-8-5p	dme-miR-8-3p	-	-	uaauacugucagguaaagauguc	caucuuaccgggcagcauuaga	caucuuaccgggcagcauuagauauuuuugaaauacuucuaauacugucagguaaagauguc	3:328527955..328528017:+
1_21821	4.3	93 +/- 16%	-	135	135	0	0	yes	aae-miR-252-5p	dme-miR-252-5p	-	-	cuaaguacuagugccgcaggag	ccugcugcccaagugcuuaucg	cuaaguacuagugccgcaggagagauuugaaccccugcugcccaagugcuuaucg	1:175818157..175818212:-
2_1896	3.7	88 +/- 21%	-	22	22	0	0	yes	aae-miR-7	dme-miR-7-5p	-	-	uggaagacuagugauuuuguuguu	uaacaauaaaucucaagucuuucuac	uggaagacuagugauuuuguuguuuugcuuacgauaauaacaauaaaucucaagucuuucuac	2:222802544..222802607:+
2_3471	3.5	88 +/- 21%	-	9	9	0	0	yes	aae-miR-965	dme-miR-965-3p	-	-	uaagcguauagcuuuucccauuc	agggggaaauccuguacgcuguaug	agggggaaauccuguacgcuguauguuguauuugaauaauccauaagcguauagcuuuucccauuc	2:429778748..429778814:+
2_4878	3.2	88 +/- 21%	-	8	8	0	0	yes	aae-miR-282-5p	dme-miR-282-3p	-	-	acauagccugacagagguuagg	uagccucuccuaggcuuugucu	uagccucuccuaggcuuugucuguuaccuuccuugggaauuccacuagccagacauagccugacagagguuagg	2:96911966..96912040:-
2_2680	3.2	88 +/- 21%	-	68	68	0	0	yes	aae-miR-275-3p	dme-miR-275-3p	-	-	ucagguaccugaaguagcgcgcg	ucaucaagcgacaacagaggcgugaaa	ucagguaccugaaguagcgcgcgugaucaaacaggaagcgucaucaagcgacaacagaggcgugaaa	2:307135708..307135775:+
2_4596	2	83 +/- 23%	-	54	54	0	0	yes	aae-miR-11894a	-	-	-	uuuaccauuucaagaugaccua	ggucgucuugaaaugguaaaga	ggucgucuugaaaugguaaagagugucaaucaucaucuuuaccauuucaagaugaccua	2:58787426..58787485:-
2_4594	2	83 +/- 23%	-	54	54	0	0	yes	aae-miR-11894a	-	-	-	uuuaccauuucaagaugaccua	ggucgucuugaaaugguaaaga	ggucgucuugaaaugguaaagagugucaaucaucaucuuuaccauuucaagaugaccua	2:58786284..58786343:-
2_4592	2	83 +/- 23%	-	54	54	0	0	yes	aae-miR-11894a	-	-	-	uuuaccauuucaagaugaccua	ggucgucuugaaaugguaaaga	ggucgucuugaaaugguaaagagugucaaucaucaucuuuaccauuucaagaugaccua	2:58785850..58785909:-
2_4598	2	83 +/- 23%	-	54	54	0	0	yes	aae-miR-11894a	-	-	-	uuuaccauuucaagaugaccua	ggucgucuugaaaugguaaaga	ggucgucuugaaaugguaaagagugucaaucaucaucuuuaccauuucaagaugaccua	2:58787948..58788007:-
2_4588	2	83 +/- 23%	-	54	54	0	0	yes	aae-miR-11894a	-	-	-	uuuaccauuucaagaugaccua	gguugucuugaaaugguaaaga	gguugucuugaaaugguaaagagugucaaccaucaucuuuaccauuucaagaugaccua	2:58783350..58783409:-
2_4590	1.9	75 +/- 28%	-	13	13	0	0	yes	aae-miR-11894b	-	-	-	uuuaccauuucaauaugaccua	ggucguauugaaaugguaaaga	ggucguauugaaaugguaaagagugucaaucaucaucuuuaccauuucaauaugaccua	2:58784590..58784649:-
2_4974	1.5	75 +/- 28%	-	208	208	0	0	yes	aae-miR-2c	-	-	-	ucacagccagcuuugaugagca	ggcaucaaauuugguuguuuua	ggcaucaaauuugguuguuuuaguacgaccucuuugaaaccccuaucacagccagcuuugaugagca	2:107237995..107238062:-
2_3101	1.5	75 +/- 28%	-	49	49	0	0	yes	aae-miR-2945-5p	-	-	-	augacuagaggcagacucguuua	agcggguccguuucuagugucaugu	agcggguccguuucuagugucaugugcuguauucgaauaucaugacuagaggcagacucguuua	2:374947142..374947206:+
1_24324	1.4	75 +/- 28%	-	281	281	0	0	no	aae-miR-317	dme-miR-317-3p	-	-	ugaacacagcuggugguaucuca	ggauacacccugugcucgcu	ggauacacccugugcucgcuuugcauucgaaacuagugaacacagcuggugguaucuca	1:302667131..302667190:-
3_13924	1.2	75 +/- 28%	-	4	4	0	0	yes	aae-miR-92b-3p	dme-miR-92a-3p	-	-	aauugcacuugucccggccugc	aggucgugacuugugcccauuug	aggucgugacuugugcccauuugcugaauuuuaauggucaaauugcacuugucccggccugc	3:93418515..93418577:-
1_19179	1.1	75 +/- 28%	-	90	90	0	0	yes	aae-miR-279	-	-	-	gugacuagauccacacucauuaa	gaugggugugaaucuaguguuucacau	gaugggugugaaucuaguguuucacaugauuuucgauagccugugacuagauccacacucauuaa	1:207007788..207007853:+
3_10753	-0.2	29 +/- 28%	-	249	249	0	0	no	aae-bantam-5p	dme-bantam-3p	-	-	ugagaucauuuugaaagcugauu	ccgguuuucauuuucgaucugacu	ccgguuuucauuuucgaucugacuuauuugauuuaacaagagugagaucauuuugaaagcugauu	3:178082830..178082895:+
3_13938	-1.6	1 +/- 4%	-	6	6	0	0	yes	aae-miR-92a-5p	-	-	-	auugcacuugucccggccua	gguacggacaggggcaacau	gguacggacaggggcaacauugugacauuugaaagcuaauauugcacuugucccggccua	3:93477597..93477657:-
2_4874	-2.3	8 +/- 12%	-	35	35	0	0	no	aae-miR-281-5p	dme-miR-281-2-5p	-	-	aagagagcuauccgucgacagu	cguugacgugggauuuuuuug	cguugacgugggauuuuuuuguucauuuuguucuuucgcugguuucgaauaugaaaauaaagagagcuauccgucgacagu	2:96469398..96469479:-

#miRBase miRNAs not detected by miRDeep2
miRBase precursor id	total read count	mature read count(s)	star read count	remaining reads	UCSC browser	NCBI blastn	miRBase mature sequence(s)	miRBase star sequence(s)	miRBase precursor sequence
827	827	0	0	-	-	cacguuacagauugggguuucc	uaaucucaaauuguaacagugg	-	gagguaaucucaaauuguaacaguggguugauuuuccuggugaaucccggccuuguccuccgucacaagugugacaagugucucgaaaacguguucgcuauacccacguuacagauugggguuucccc	
727	727	0	0	-	-	ugguuuaucuuaucugucgaggc	gucgacagggagauaaaucacu	-	cauugguuuaucuuaucugucgaggcaaguuauuuuaccggauaguguuucuuuucgugagcaaucaccacuauccagcucuucuugucgacagggagauaaaucacug	
201	201	0	0	-	-	ucagguacugagugacucucag	gagagcaccucgguaucuaagc	-	cauucgcaauuucaccgguucagguacugagugacucucagaugugcauuucucaagcaaucucguccucaggaccugagguugaaaaacccugagagcaccucgguaucuaagccaguguugcgaaaa	
5	5	0	0	-	-	ucuuugguauucuagcuguaga	uaaagcuuuaguaccagagguc	-	cugaaucuuugguauucuagcuguagaauguugagcuuugugauaugguaucuucuaaagcuuuaguaccagagguccaacug	
3	3	0	0	-	-	uagcugccuagugaagggc	cggccguucauugggucaucuagc	-	acuacaauucggccguucauugggucaucuagcucguguuggaaacaguuagcugccuagugaagggcaauauugu	
3	3	0	0	-	-	auuagaauguggaaucuguuuu	-	gaccauuagaauguggaaucuguuuuuguacaucaaguguuacgaaacgaagcaaaaaaguuuucauauucuugcgguc	
5	2	0	3	-	-	gugcauuguaguugcauugca	-	ccacccgggugcauuguaguugcauugcacuuuugcguucgauaacacggugcaauacuucugcaaugcaagccaggugg	
2	2	0	0	-	-	auuuuuuugacuguaauuuuauag	-	augguaaaauuacguugaaaaaucgucucccucaaaaaaugaaaccugagacuaacaggagauuuuuuugacuguaauuuuauagu	
1	1	0	0	-	-	ugaaaucuuugauuaggucugg	-	aucgacauacggcuagagcuaauuggagaguucuugaauaguguugugaaccuucaugaaaucuuugauuaggucuggucguggug	
3	1	0	2	-	-	ucuuuggugauuuuagcuguaugc	-	ucacguuuauuggaucuuuggugauuuuagcuguaugcugauacguuucugauugcauauagcuuuaucaccaaaaaccuaaugaaugguga	
1	1	0	0	-	-	ucuuugguuaucuagcuguauga	-	gucaaaguucucuuugguuaucuagcuguaugagugaauuuagaacaucauaaagcuagcauaccgaaguuaauaguugac	
1	1	0	0	-	-	aacccguagauccgaacuugug	-	gcguagugguuguaguuacccauuugcaggaacccguagauccgaacuugugcugccguuucacauguuacaagaacggauguaugggauucugccgauguauggcuaaagcaucgaucgauuugu	
1	1	0	0	-	-	uggaauguaaagaaguauggag	-	cgaaaguuccaugcuuccuugcauucaauagugauucugaaagcauauggaauguaaagaaguauggagcgcucgg	












1	0	0	1	-	-	cgagauacggagagauugcgaca	-	cagucgccucuucacaucucgauaucgaagggaccaucgagauacggagagauugcgacaa	













































1	0	0	1	-	-	caucacagaauuguuuuuacug	-	aaacaucacagaauuguuuuuacugauaaggaacuauguguaaaaauaauucuguaaaguuu	









1	0	0	1	-	-	cugaaaacuuaaucgauugguc	-	uaaccugaaaacuuaaucgauuggucacuagcugcgcggugaccaaucgauuaaguuuucagcuua	











2	0	0	2	-	-	uuggacuggcaugcguuuaugg	-	cccauaaacgcauaauugucccaugugaauagaaaauccagccacauuggacuggcaugcguuuauggg	
