miRDeep2 score	novel miRNAs reported by miRDeep2	novel miRNAs, estimated false positives	novel miRNAs, estimated true positives	known miRNAs in species	known miRNAs in data	known miRNAs detected by miRDeep2	estimated signal-to-noise	excision gearing
10	1	0 +/- 1	1 +/- 0 (70 +/- 46%)	164	105	23 (22%)	41.5	1
9	1	0 +/- 1	1 +/- 0 (70 +/- 46%)	164	105	23 (22%)	40.5	1
8	1	0 +/- 1	1 +/- 0 (70 +/- 46%)	164	105	23 (22%)	39.5	1
7	1	0 +/- 1	1 +/- 0 (70 +/- 46%)	164	105	23 (22%)	39.5	1
6	1	0 +/- 1	1 +/- 0 (69 +/- 46%)	164	105	23 (22%)	38.6	1
5	2	0 +/- 1	2 +/- 1 (81 +/- 29%)	164	105	48 (46%)	55.1	1
4	4	1 +/- 1	3 +/- 1 (87 +/- 18%)	164	105	73 (70%)	64.1	1
3	4	7 +/- 3	0 +/- 1 (4 +/- 13%)	164	105	77 (73%)	7.9	1
2	4	9 +/- 3	0 +/- 0 (1 +/- 4%)	164	105	80 (76%)	6.3	1
1	15	11 +/- 3	4 +/- 3 (26 +/- 18%)	164	105	90 (86%)	6.3	1
0	17	25 +/- 4	0 +/- 0 (0 +/- 0%)	164	105	93 (89%)	3.1	1
-1	23	49 +/- 6	0 +/- 0 (0 +/- 0%)	164	105	93 (89%)	1.8	1
-2	25	72 +/- 7	0 +/- 0 (0 +/- 0%)	164	105	95 (90%)	1.3	1
-3	36	92 +/- 8	0 +/- 0 (0 +/- 0%)	164	105	95 (90%)	1.1	1
-4	53	107 +/- 9	0 +/- 0 (0 +/- 0%)	164	105	96 (91%)	1.1	1
-5	74	124 +/- 9	0 +/- 0 (0 +/- 0%)	164	105	96 (91%)	1.1	1
-6	85	152 +/- 10	0 +/- 0 (0 +/- 0%)	164	105	96 (91%)	1	1
-7	96	172 +/- 11	0 +/- 0 (0 +/- 0%)	164	105	96 (91%)	1	1
-8	105	190 +/- 11	0 +/- 0 (0 +/- 0%)	164	105	96 (91%)	0.9	1
-9	125	207 +/- 11	0 +/- 0 (0 +/- 0%)	164	105	96 (91%)	0.9	1
-10	139	221 +/- 11	0 +/- 0 (0 +/- 0%)	164	105	97 (92%)	0.9	1



novel miRNAs predicted by miRDeep2
provisional id	miRDeep2 score	estimated probability that the miRNA candidate is a true positive	rfam alert	total read count	mature read count	loop read count	star read count	significant randfold p-value	miRBase miRNA	example miRBase miRNA with the same seed	UCSC browser	NCBI blastn	consensus mature sequence	consensus star sequence	consensus precursor sequence	precursor coordinate
3_2288	583.5	70 +/- 46%	-	1143	1079	0	64	yes	-	-	-	-	guaggccggcggaaacuacuugc	agggguuucuuucggccuccag	agggguuucuuucggccuccagcggcauuagauaguuguaggccggcggaaacuacuugc	3:6069685..6069745:-
3_1717	5.3	81 +/- 29%	-	514	514	0	0	yes	-	dme-miR-971-3p	-	-	uugguguuauaucuuacagugag	ggcuguaaguauuacagcaagc	ggcuguaaguauuacagcaagcuugcuauucgaaaggcgcuugguguuauaucuuacagugag	3:82678953..82679016:+
2_906	4.8	87 +/- 18%	-	875	875	0	0	yes	-	dme-miR-2a-3p	-	-	uaucacagccauuuuaaugagcu	cucaucaauugguuguggcuaug	cucaucaauugguuguggcuaugugucuugcguagcguuucgcaccguuucgaagcgugucccccaucauaucacagccauuuuaaugagcu	2:107237801..107237893:-
1_3386	4.2	87 +/- 18%	-	399	399	0	0	yes	-	dme-miR-iab-8-5p	-	-	uuacguauacugaagguauacc	gauacauucaguauacguucau	uuacguauacugaagguauaccggauagauagcacucaggauacauucaguauacguucau	1:308965424..308965485:+
2_1054	1.7	26 +/- 18%	-	90	90	0	0	yes	-	-	-	-	ggauuggauuuggauuggau	uggauuuggauuggauuugg	uggauuuggauuggauuuggauuggauuuggauuggauuuggauuggauuuggauuggauuuggauuggauuuggauuggauuuggauuggau	2:188813595..188813688:-
2_1053	1.6	26 +/- 18%	-	90	90	0	0	yes	-	-	-	-	ggauuggauuuggauuggau	uggauuuggauuggauuugg	uggauuuggauuggauuuggauuggauuuggauuggauuuggauuggauuuggauuggauuuggauuggauuuggauuggauuuggauuggauuuggauuggau	2:188813540..188813644:-
1_2865	1.6	26 +/- 18%	-	90	90	0	0	yes	-	-	-	-	ggauuggauuuggauuggau	uggauuuggauuggauuugg	uggauuuggauuggauuuggauuggauuuggauuggauuuggauuggauuuggauuggauuuggauugaauuuggauuggauuuggauuggau	1:7019820..7019913:+
2_1312	1.6	26 +/- 18%	-	73	73	0	0	yes	-	-	-	-	cguuaacggcguuucguugaua	ucaacgauuaacgccguuaacguu	ucaacgauuaacgccguuaacguuaguuuuucucgagaucaacguuaacggcguuucguugaua	2:327167077..327167141:-
2_179	1.6	26 +/- 18%	-	90	90	0	0	yes	-	-	-	-	ggauuggauuuggauuggau	uggauuuggauuggauuugg	uggauuuggauuggauuuggauuggauuuggauuggauuuggauuggauuuggauuggauuuggauuggauuuggauuggauuuggauuggau	2:115104749..115104842:+
1_2866	1.6	26 +/- 18%	-	91	90	1	0	yes	-	-	-	-	ggauuggauuuggauuggau	uggauuuggauuggauuugg	uggauuuggauuggauuuggauugaauuuggauuggauuuggauuggauuuggauuggauuuggauuggauuuggauuggauuuggauuggauuuggauuggau	1:7019864..7019968:+
1_3406	1.5	26 +/- 18%	-	51	51	0	0	yes	-	-	-	-	agaagcuuccaagcuucc	aagcuuccaagcuuccug	aagcuuccaagcuuccuggaagaagcuuccaagcuuccuggaaagaagcuuccaagcuucc	1:9972370..9972431:-
3_2101	1.4	26 +/- 18%	-	57	57	0	0	yes	-	-	-	-	uggggcaucguggauuccca	gaaguccauggugucguugua	gaaguccauggugucguuguagguggauauuugcuuguggggcaucguggauuccca	3:314180242..314180299:+
2_180	1.4	26 +/- 18%	-	89	89	0	0	yes	-	-	-	-	ggauuggauuuggauuggau	uggauuuggauuggauuggg	ggauuggauuuggauuggauuuggauuggauuuggauuggauuuggauuggauuuggauuggauuuggauuggauuuggauuggauuggg	2:115104800..115104890:+
1_3113	1.3	26 +/- 18%	rRNA	40	40	0	0	yes	-	-	-	-	aaaaaaaaaaaaaaaaaaaaaaaaa	uuuuuuuuuuuuuuuuuuuuuuuua	uuuuuuuuuuuuuuuuuuuuuuuuaauuagguggugaaaauugagcaagccaccuaauuaaaaaaaaaaaaaaaaaaaaaaaaaa	1:148107178..148107263:+
2_1314	1.2	26 +/- 18%	-	67	67	0	0	yes	-	-	-	-	ugagaagcuccagucugaugga	caucaucuggagcagcucaga	caucaucuggagcagcucagauaucaauuugagaagcuccagucugaugga	2:328116648..328116699:-
3_2485	0.8	0 +/- 0%	-	17	17	0	0	yes	-	-	-	-	augucugacgccauuuuggaa	ccaagauggcgacuucc	augucugacgccauuuuggaauccaagauggcgacuucc	3:127646843..127646882:-
2_227	0	0 +/- 0%	-	17	17	0	0	yes	-	-	-	-	aaaauugacgcugacacugu	augggcagucgugaggguguc	augggcagucgugagggugucgccgcuaaaauugacgcugacacugu	2:149960816..149960863:+



mature miRBase miRNAs detected by miRDeep2
tag id	miRDeep2 score	estimated probability that the miRNA is a true positive	rfam alert	total read count	mature read count	loop read count	star read count	significant randfold p-value	mature miRBase miRNA	example miRBase miRNA with the same seed	UCSC browser	NCBI blastn	consensus mature sequence	consensus star sequence	consensus precursor sequence	precursor coordinate
1_4680	65198.3	70 +/- 46%	-	127875	127856	0	19	yes	aae-miR-277-5p	dme-miR-277-3p	-	-	uaaaugcacuaucugguacgaca	cgugucagaagugcauuuaca	cgugucagaagugcauuuacauagguauuucccguuuagcaguauuuguaaaugcacuaucugguacgaca	1:302603812..302603883:-
3_2141	5198.4	70 +/- 46%	-	10197	10026	0	171	no	aae-miR-8-5p	dme-miR-8-3p	-	-	uaauacugucagguaaagauguc	caucuuaccgggcagcauuag	caucuuaccgggcagcauuagauauuuuugaaauacuucuaauacugucagguaaagauguc	3:328527955..328528017:+
1_3741	3935.9	70 +/- 46%	-	7713	7446	0	267	yes	aae-miR-252-5p	dme-miR-252-5p	-	-	cuaaguacuagugccgcaggag	cugcugcccaagugcuuaucg	cuaaguacuagugccgcaggagagauuugaaccccugcugcccaagugcuuaucg	1:175818157..175818212:-
2_858	2415.3	70 +/- 46%	-	4729	4330	0	399	yes	aae-miR-276-5p	dme-miR-276a-3p	-	-	uaggaacuucauaccgugcucu	agcgagguauagaguuccuac	agcgagguauagaguuccuacguugcgugugcgaaauugguaggaacuucauaccgugcucu	2:73120452..73120514:-
2_860	2242.4	70 +/- 46%	-	4390	4326	0	64	yes	aae-miR-276-3p	dme-miR-276a-3p	-	-	uaggaacuucauaccgugcucu	agcgagguauagaguuccua	agcgagguauagaguuccuaugcguucggauaaaauauuccauaggaacuucauaccgugcucu	2:73509399..73509463:-
1_4698	2039.7	70 +/- 46%	-	3993	3781	0	212	yes	aae-miR-1175-5p	dme-miR-958-3p	-	-	ugagauucuacuucuccgacuuaa	aaguggaguaguggucucaucgcu	aaguggaguaguggucucaucgcuuaguauuagaaaagugagauucuacuucuccgacuuaa	1:307010044..307010106:-
2_1391	1494	70 +/- 46%	-	2930	2924	0	6	yes	aae-miR-1891	-	-	-	ugaggaguuaauuugcguguuu	aacacguccauuaacucuggua	ugaggaguuaauuugcguguuuuuguauuugauuaaacacguccauuaacucuggua	2:360084868..360084925:-
2_162	1156.4	70 +/- 46%	-	2261	2182	0	79	yes	aae-miR-9a	dme-miR-9a-5p	-	-	ucuuugguuaucuagcuguaug	uaaagcuagcauaccgaaguua	ucuuugguuaucuagcuguaugagugaauuuagaacaucauaaagcuagcauaccgaaguua	2:108461947..108462009:+
2_533	708.9	70 +/- 46%	-	1383	1382	0	1	yes	aae-miR-14	dme-miR-14-3p	-	-	ucagucuuuuucucucuccuau	gggagcgagauuaaggcuugcu	gggagcgagauuaaggcuugcuggucauuuauuacacucgaagucagucuuuuucucucuccuau	2:344767572..344767637:+
2_909	463.4	70 +/- 46%	-	907	587	0	320	yes	aae-miR-71-5p	-	-	-	agaaagacauggguagugagau	ucucacuaccuugucuuucaug	agaaagacauggguagugagauaguuucacccuauugcacugggaucucacuaccuugucuuucaug	2:107238287..107238354:-
2_827	391	70 +/- 46%	-	759	758	0	1	yes	aae-miR-190	dme-miR-190-5p	-	-	agauauguuugauauucuugguug	cccaggaaucaaacauauuauua	agauauguuugauauucuugguuguuaaauuuuauauuaucacccaggaaucaaacauauuauua	2:48811877..48811942:-
3_1982	338.9	70 +/- 46%	-	656	496	0	160	yes	aae-miR-307	dme-miR-307a-5p	-	-	acucacucaaccugggugugau	ucacaaccuccuugagugagcg	acucacucaaccugggugugaugcuuauuugaaucaucacaaccuccuugagugagcg	3:244794376..244794434:+
2_904	250.5	70 +/- 46%	-	483	481	0	2	yes	aae-miR-13-5p	dme-miR-2a-3p	-	-	uaucacagccauuuugacgaguu	ucguaaaaaugguugugcugug	ucguaaaaaugguugugcuguguuguuacgcucgaaauucauaucacagccauuuugacgaguu	2:107237649..107237713:-
2_1357	192.2	70 +/- 46%	-	369	363	0	6	yes	aae-miR-9c-5p	dme-miR-9a-5p	-	-	ucuuugguauucuagcuguaga	uaaagcuuuaguaccagaggu	ucuuugguauucuagcuguagaauguugagcuuugugauaugguaucuucuaaagcuuuaguaccagaggu	2:335810365..335810436:-
1_3054	73.2	70 +/- 46%	-	137	135	0	2	yes	aae-miR-927	dme-miR-927-5p	-	-	uuuagaauuccuacgcuuuacc	caaagcguuuggguucugaaa	uuuagaauuccuacgcuuuaccgugauuuguugaaaguuuggcaaagcguuuggguucugaaa	1:115022929..115022992:+
3_2196	54.8	70 +/- 46%	-	109	88	0	21	yes	aae-miR-193	-	-	-	ugggauuuuguggaccagaag	uacuggccuacuaaguccca	ugggauuuuguggaccagaagauuuccuccauucgauaauagcuacuggccuacuaaguccca	3:360501795..360501858:+
NIGP01001012_4858	5.5	81 +/- 29%	-	94	94	0	0	yes	aae-miR-957	dme-miR-957-3p	-	-	ugaaaccguccaaaacugaggc	guuaguuuugggcggguuuuagu	guuaguuuugggcggguuuuaguguauuucgauuagaguaucaauugaaaccguccaaaacugaggc	NIGP01001012:27490..27557:-
3_2384	5.4	81 +/- 29%	-	552	552	0	0	yes	aae-miR-11-5p	dme-miR-2a-3p	-	-	caucacagucugaguucuugcu	cgagaacuccggcugugaccugug	cgagaacuccggcugugaccuguguacacuuuauccaaaucacaucacagucugaguucuugcu	3:75489864..75489928:-
1_3303	5.4	81 +/- 29%	-	1128	1128	0	0	yes	aae-miR-999	dme-miR-999-3p	-	-	uguuaacuguaagacugugucu	acgcggucgugcaggaaauuauu	acgcggucgugcaggaaauuauuuggcauuagauucaaauguuaacuguaagacugugucu	1:252222293..252222354:+
1_3192	5.4	81 +/- 29%	-	866	866	0	0	yes	aae-miR-929	dme-miR-929-5p	-	-	aaauugacucuaguagggagucc	acucccuaacggagucagauuga	aaauugacucuaguagggaguccuuguguacgagugacucccuaacggagucagauuga	1:198495526..198495585:+
2_900	5.4	81 +/- 29%	-	2949	2949	0	0	yes	aae-miR-2c	dme-miR-2a-3p	-	-	uaucacagccagcuuugaugagcu	cucucaaaguggcugugaaaug	cucucaaaguggcugugaaaugguuugauuuugcucauaucacagccagcuuugaugagcu	2:107235884..107235945:-
3_2243	5.3	81 +/- 29%	-	94	94	0	0	yes	aae-miR-957	dme-miR-957-3p	-	-	ugaaaccguccaaaacugaggc	guuaguuuugggcggguuuuagu	guuaguuuugggcggguuuuaguguauuucgauuagaguaucaauugaaaccguccaaaacugaggc	3:398466624..398466691:+
3_2270	5.2	81 +/- 29%	-	465	465	0	0	yes	aae-miR-980-5p	dme-miR-980-3p	-	-	uagcugccuagugaagggcaaua	cggccguucauugggucaucuagc	cggccguucauugggucaucuagcucguguuggaaacaguuagcugccuagugaagggcaaua	3:1054522..1054585:-
2_493	5.2	81 +/- 29%	-	3215	3215	0	0	yes	aae-miR-275-5p	dme-miR-275-3p	-	-	ucagguaccugaaguagcgcg	cgcuaagcaggaaccgagacu	cgcuaagcaggaaccgagacuuugucauuugcuagcagucagguaccugaaguagcgcg	2:307135670..307135729:+
2_902	5.2	81 +/- 29%	-	7189	7189	0	0	yes	aae-miR-2a-5p	dme-miR-2a-3p	-	-	uaucacagccagcuuugaagag	cucaaagugguugugaaaug	cucaaagugguugugaaaugaguuacucuugaacgaucucauaucacagccagcuuugaagag	2:107237503..107237566:-
1_4682	5.1	81 +/- 29%	-	23325	23325	0	0	yes	aae-miR-317	dme-miR-317-3p	-	-	ugaacacagcuggugguaucuc	gauacacccugugcucgcu	gauacacccugugcucgcuuugcauucgaaacuagugaacacagcuggugguaucuc	1:302667132..302667189:-
3_2416	5.1	81 +/- 29%	-	548	548	0	0	yes	aae-miR-92b-3p	dme-miR-92a-3p	-	-	aauugcacuugucccggccugc	aggucgugacuugugcccauuug	aggucgugacuugugcccauuugcugaauuuuaauggucaaauugcacuugucccggccugc	3:93418515..93418577:-
1_4693	5.1	81 +/- 29%	-	22307	22307	0	0	yes	aae-miR-283	dme-miR-283-5p	-	-	caauaucagcugguaauucuggg	cggaauuccaacugauauccac	caauaucagcugguaauucugggcuuaccccaccguuauacgcuucccggaauuccaacugauauccac	1:305625600..305625669:-
2_596	5.1	81 +/- 29%	-	322	322	0	0	yes	aae-miR-100	dme-miR-100-5p	-	-	aacccguagauccgaacuugug	caagaacggauguaugggauuc	aacccguagauccgaacuugugcugccguuucacauguuacaagaacggauguaugggauuc	2:375117351..375117413:+
2_908	5.1	81 +/- 29%	-	1956	1956	0	0	yes	aae-miR-2c	dme-miR-2a-3p	-	-	uaucacagccagcuuugaugag	caucaaauuugguuguuuuagu	caucaaauuugguuguuuuaguacgaccucuuugaaaccccuaucacagccagcuuugaugag	2:107237997..107238060:-
2_887	5.1	81 +/- 29%	-	310	241	0	69	yes	aae-miR-282-5p	dme-miR-282-5p	-	-	uagccucuccuaggcuuugucu	auagccugacagagguuag	uagccucuccuaggcuuugucuguuaccuuccuugggaauuccacuagccagacauagccugacagagguuag	2:96911967..96912040:-
1_3257	5	81 +/- 29%	-	2521	2521	0	0	yes	aae-miR-996	dme-miR-279-3p	-	-	ugacuagauuacaugcucgucu	gcgugcaugaaucuggugcacg	gcgugcaugaaucuggugcacgguuuuccaguuguaauaucgcuucgugacuagauuacaugcucgucu	1:207012536..207012605:+
1_3388	5	81 +/- 29%	-	168	168	0	0	yes	aae-miR-10	dme-miR-10-5p	-	-	acccuguagauccgaauuuguu	caaauucgguucuagagagguuu	acccuguagauccgaauuuguuugaauauuuaacaagcgacaaauucgguucuagagagguuu	1:310530475..310530538:+
3_2846	5	81 +/- 29%	-	14995	14995	0	0	yes	aae-miR-308-5p	dme-miR-2a-3p	-	-	aaucacaggaguauacugugag	cgcgguauauucuuguggcuug	cgcgguauauucuuguggcuugaugcauuugaaaaaucucaaaucacaggaguauacugugag	3:403338483..403338546:-
3_2382	5	81 +/- 29%	-	11	11	0	0	yes	aae-miR-998	dme-miR-285-3p	-	-	uagcaccaugagauucagcuc	acugaacucucgugggucugca	acugaacucucgugggucugcaguugauauuucgaaagcuuguagcaccaugagauucagcuc	3:75489589..75489652:-
2_1456	5	81 +/- 29%	-	6760	6760	0	0	yes	aae-miR-184	dme-miR-184-3p	-	-	uggacggagaacugauaagggc	ccuuaucauucuugcgccccgu	ccuuaucauucuugcgccccguguuauauuguuggcgacuggacggagaacugauaagggc	2:417599380..417599441:-
2_885	4.9	87 +/- 18%	-	15452	13975	0	1477	yes	aae-miR-281-5p	dme-miR-281-2-5p	-	-	aagagagcuauccgucgacagu	ugucauggaauugcucucuuua	aagagagcuauccgucgacaguagggauaugauucacugucauggaauugcucucuuua	2:96469361..96469420:-
2_1351	4.9	87 +/- 18%	-	739	739	0	0	yes	aae-miR-9b	dme-miR-9a-5p	-	-	ucuuuggugauuuuagcuguaug	uauagcuuuaucaccaaaaacc	ucuuuggugauuuuagcuguaugcugauacguuucugauugcauauagcuuuaucaccaaaaacc	2:335780574..335780639:-
2_685	4.9	87 +/- 18%	-	85	85	0	0	yes	aae-miR-965	dme-miR-965-3p	-	-	uaagcguauagcuuuucccauuc	agggggaaauccuguacgcuguaug	agggggaaauccuguacgcuguauguuguauuugaauaauccauaagcguauagcuuuucccauuc	2:429778748..429778814:+
NIGP01000533_4836	4.9	87 +/- 18%	-	289	289	0	0	yes	aae-miR-970	dme-miR-970-3p	-	-	ucauaagacacacgcggcuau	agcuugcguuugucuuagcuggua	agcuugcguuugucuuagcugguauugaaugugauagguaucauaagacacacgcggcuau	NIGP01000533:10107..10168:-
1_3117	4.9	87 +/- 18%	-	289	289	0	0	yes	aae-miR-970	dme-miR-970-3p	-	-	ucauaagacacacgcggcuau	agcuugcguuugucuuagcuggua	agcuugcguuugucuuagcugguauugaaugugauagguaucauaagacacacgcggcuau	1:157238423..157238484:+
2_579	4.8	87 +/- 18%	-	656	656	0	0	yes	aae-miR-124	dme-miR-124-3p	-	-	uaaggcacgcggugaaugccaa	gguauccacugccggccuauaug	gguauccacugccggccuauauguccuauuucgguacucauaaggcacgcggugaaugccaa	2:369307279..369307341:+
1_3532	4.8	87 +/- 18%	-	14	14	0	0	yes	aae-miR-87	dme-miR-87-3p	-	-	gugagcaaauuuucaggugugu	cagccugaaauuugcuaaaccu	cagccugaaauuugcuaaaccuguguguauuugauucaaacaaucaaggugagcaaauuuucaggugugu	1:80682401..80682471:-
3_2418	4.8	87 +/- 18%	-	142	142	0	0	yes	aae-miR-92a-5p	dme-miR-92a-3p	-	-	uauugcacuugucccggccu	guacggacaggggcaacauu	guacggacaggggcaacauugugacauuugaaagcuaauauugcacuugucccggccu	3:93477598..93477656:-
2_598	4.8	87 +/- 18%	-	1076	1076	0	0	yes	aae-let-7	dme-let-7-5p	-	-	ugagguaguugguuguauagu	uaugcaaucugcuagcuuguc	ugagguaguugguuguauaguagugacugauuaaauaucugcuaugcaaucugcuagcuuguc	2:375131497..375131560:+
2_519	4.7	87 +/- 18%	-	1482	1482	0	0	yes	aae-miR-133	dme-miR-133-3p	-	-	uugguccccuucaaccagcugu	agcugguugacuucgggucaaau	agcugguugacuucgggucaaaucgucaaauauuugcaaagauauuuccucagugaaauuauuugguccccuucaaccagcugu	2:330417065..330417149:+
2_346	4.7	87 +/- 18%	-	182	182	0	0	yes	aae-miR-932-5p	dme-miR-932-5p	-	-	ucaauuccguagugcauugcagu	ugcaagcaauguggaagugaag	ucaauuccguagugcauugcagugugcuuuagacgaacugcaagcaauguggaagugaag	2:231381156..231381216:+
1_3255	4.7	87 +/- 18%	-	240	240	0	0	yes	aae-miR-279	dme-miR-279-3p	-	-	ugacuagauccacacucauuaa	gaugggugugaaucuaguguuucaca	gaugggugugaaucuaguguuucacaugauuuucgauagccugugacuagauccacacucauuaa	1:207007788..207007853:+
2_600	4.6	87 +/- 18%	-	1095	1095	0	0	yes	aae-miR-125-5p	dme-miR-125-5p	-	-	ucccugagacccuaacuuguga	acaaguuuugaucuccgguauu	ucccugagacccuaacuugugacuauaguugaaguuucacaaguuuugaucuccgguauu	2:375131781..375131841:+
1_4689	4.6	87 +/- 18%	-	37588	37588	0	0	yes	aae-miR-12-5p	dme-miR-12-5p	-	-	ugaguauuacaucagguacuggu	caguacuuauguuaugcucucu	ugaguauuacaucagguacuggugucgauauucgaaucaccaacgaaucggguuccuuugauuaacuuaccaguacuuauguuaugcucucu	1:305613548..305613640:-
2_1440	4.6	87 +/- 18%	-	46529	46529	0	0	yes	aae-miR-1	dme-miR-1-3p	-	-	uggaauguaaagaaguauggag	ccaugcuuccuugcauucaaua	ccaugcuuccuugcauucaauagugauucugaaagcauauggaauguaaagaaguauggag	2:399501023..399501084:-
2_20	4.5	87 +/- 18%	-	412	412	0	0	yes	aae-miR-219	dme-miR-219-5p	-	-	ugauuguccaaacgcaauucuug	agaguugugacuggacauccgug	ugauuguccaaacgcaauucuuguuuuauucgaauaugauauccaagaguugugacuggacauccgug	2:3715261..3715329:+
2_991	4.5	87 +/- 18%	-	1794	1794	0	0	yes	aae-miR-263b-5p	dme-miR-263b-5p	-	-	cuuggcacugggagaauucacag	guggaucuuuucgugccaucgu	cuuggcacugggagaauucacaggcgcuauuugcuaucauucuguggaucuuuucgugccaucgu	2:153371131..153371196:-
1_4701	4.5	87 +/- 18%	-	75	75	0	0	yes	aae-miR-iab-4-5p	dme-miR-iab-4-5p	-	-	acguauacugaauguauccuga	gguauaccuucaguauacguaa	acguauacugaauguauccugagugcuaucuauccgguauaccuucaguauacguaa	1:308965424..308965481:-
2_496	4	87 +/- 18%	-	9123	9123	0	0	yes	aae-miR-305-5p	dme-miR-305-5p	-	-	auuguacuucaucaggugcucugg	ccggcacauguuggaguacacuua	auuguacuucaucaggugcucugguuguuuucgauacccggcacauguuggaguacacuua	2:307145445..307145506:+
3_1806	3.8	4 +/- 13%	-	15023	15023	0	0	yes	aae-miR-31	dme-miR-31b-5p	-	-	uggcaagauguuggcauagcug	gcuauucaacuucuugucuau	uggcaagauguuggcauagcugaaaguuuugaguuuagcuauucaacuucuugucuau	3:136174150..136174208:+
2_328	3.7	4 +/- 13%	-	1878	1878	0	0	yes	aae-miR-7	dme-miR-7-5p	-	-	uggaagacuagugauuuuguuguu	uaacaauaaaucucaagucuuucuac	uggaagacuagugauuuuguuguuuugcuuacgauaauaacaauaaaucucaagucuuucuac	2:222802544..222802607:+
3_1869	3.5	4 +/- 13%	-	8539	8539	0	0	yes	aae-bantam-5p	dme-bantam-3p	-	-	ugagaucauuuugaaagcugauu	ccgguuuucauuuucgaucugacu	ccgguuuucauuuucgaucugacuuauuugauuuaacaagagugagaucauuuugaaagcugauu	3:178082830..178082895:+
2_1354	2.6	1 +/- 4%	-	7	7	0	0	yes	aae-miR-79-5p	dme-miR-4-3p	-	-	auaaagcuagauuaccaaagcau	gcuuuggcgcuuuagcuguauga	gcuuuggcgcuuuagcuguaugauagaauuuaauauuucauaaagcuagauuaccaaagcau	2:335780884..335780946:-
2_838	2	1 +/- 4%	-	189	189	0	0	yes	aae-miR-11894a	-	-	-	uuuaccauuucaagaugaccua	ggucgucuugaaaugguaaaga	ggucgucuugaaaugguaaagagugucaaucaucaucuuuaccauuucaagaugaccua	2:58786284..58786343:-
2_840	1.9	26 +/- 18%	-	189	189	0	0	yes	aae-miR-11894a	-	-	-	uuuaccauuucaagaugaccua	ggucgucuugaaaugguaaaga	ggucgucuugaaaugguaaagagugucaaucaucaucuuuaccauuucaagaugaccua	2:58787948..58788007:-
2_141	1.9	26 +/- 18%	-	5	5	0	0	yes	aae-miR-988-5p	dme-miR-988-3p	-	-	ccccuuguugcaaaccucacgc	gugugcuuugugacaaugag	gugugcuuugugacaaugagauucgguucgauaucauccccuuguugcaaaccucacgc	2:93351380..93351439:+
3_2668	1.7	26 +/- 18%	-	1009	1009	0	0	yes	aae-miR-278-5p	-	-	-	ggugggacuuucguccguuu	acggacgauagucuucagcgg	acggacgauagucuucagcggccgugcauuugauagaaguggucggugggacuuucguccguuu	3:243123888..243123952:-
1_3487	1.7	26 +/- 18%	-	279	279	0	0	yes	aae-miR-33	-	-	-	ggugcauuguaguugcauugc	aauacuucugcaaugcaagcca	ggugcauuguaguugcauugcacuuuugcguucgauaacacggugcaauacuucugcaaugcaagcca	1:50888879..50888947:-
3_2437	1.4	26 +/- 18%	-	84	84	0	0	yes	aae-miR-2765	-	-	-	ugguaacuccaccaccguug	augggagcuggaguucccgcg	ugguaacuccaccaccguuggcgauauuugacagccaaugggagcuggaguucccgcg	3:101895454..101895512:-
2_1452	1.4	26 +/- 18%	-	1659	1659	0	0	yes	aae-miR-1890	-	-	-	ugaaaucuuugauuaggucugg	agagcuaauuggagaguucuug	agagcuaauuggagaguucuugaauaguguugugaaccuucaugaaaucuuugauuaggucugg	2:413654961..413655025:-
1_3055	1.1	26 +/- 18%	-	74	74	0	0	yes	aae-miR-981	-	-	-	guugucgacgaaaccugca	cggguuucgcggcgaacgg	cggguuucgcggcgaacgggcuuccaccaugaugaauagcaguucguugucgacgaaaccugca	1:118556348..118556412:+
2_1369	1	26 +/- 18%	-	1636	1636	0	0	no	aae-miR-263a-5p	dme-miR-263a-5p	-	-	aauggcacuggaagaauucacggg	cguguucuggcaguggcauccc	aauggcacuggaagaauucacggguauauuuugaaauccccguguucuggcaguggcauccc	2:348784448..348784510:-
NIGP01001634_4845	0.6	0 +/- 0%	-	3	3	0	0	yes	aae-miR-10365	dme-miR-927-5p	-	-	auuagaauguggaaucuguuu	aaguuuucauauucuugcgg	auuagaauguggaaucuguuuuuguacaucaaguguuacgaaacgaagcaaaaaaguuuucauauucuugcgg	NIGP01001634:30709..30782:-
1_2931	0.2	0 +/- 0%	-	3658	3658	0	0	no	aae-miR-210	dme-miR-210-3p	-	-	cuugugcgugugacaacggcuau	agcugcugaccacugcacaagau	agcugcugaccacugcacaagauuagauuaugacucuugugcgugugacaacggcuau	1:54892617..54892675:+
3_2854	0.1	0 +/- 0%	-	899	899	0	0	no	aae-miR-285	dme-miR-285-3p	-	-	uagcaccauucgaaaucaguac	acuggcuuccaaaggugaguaga	acuggcuuccaaaggugaguagauggcauucgauacacucuagcaccauucgaaaucaguac	3:406875046..406875108:-
2_494	-0.5	0 +/- 0%	-	3215	3215	0	0	no	aae-miR-275-3p	dme-miR-275-3p	-	-	ucagguaccugaaguagcgcg	agcgacaacagaggcgugaaa	ucagguaccugaaguagcgcgcgugaucaaacaggaagcgucaucaagcgacaacagaggcgugaaa	2:307135708..307135775:+
3_1580	-1.4	0 +/- 0%	-	1	1	0	0	yes	aae-miR-315-5p	dme-miR-315-5p	-	-	uuuugauuguugcucaga	cgagcaguaaucaaaguc	uuuugauuguugcucagaaagccgugcauuugaaacgggucgcuuucgagcaguaaucaaaguc	3:3444767..3444831:+
2_142	-2.3	0 +/- 0%	-	5	5	0	0	no	aae-miR-988-3p	dme-miR-988-3p	-	-	ccccuuguugcaaaccucacgc	ggcagguaggggcaaugggggc	ccccuuguugcaaaccucacgcuugcgguagguuccacaacugcugagagguggcagguaggggcaaugggggc	2:93351417..93351491:+
2_886	-2.3	0 +/- 0%	-	13975	13975	0	0	no	aae-miR-281-5p	dme-miR-281-2-5p	-	-	aagagagcuauccgucgacagu	cguugacgugggauuuuuuug	cguugacgugggauuuuuuuguucauuuuguucuuucgcugguuucgaauaugaaaauaaagagagcuauccgucgacagu	2:96469398..96469479:-
2_1198	-3.9	0 +/- 0%	-	1	1	0	0	yes	aae-miR-2946	-	-	-	uaguacggaaaagauaugggg	ccauauuuuuaccgcuacugca	ccauauuuuuaccgcuacugcauuucauuguaauaauuguaguacggaaaagauaugggg	2:268456442..268456502:-
2_597	-7.7	0 +/- 0%	-	1076	1076	0	0	no	aae-let-7	dme-let-7-5p	-	-	ugagguaguugguuguauagu	auuacaguacugcuucuuc	auuacaguacugcuucuuccacguugagguaguugguuguauagu	2:375131473..375131518:+
2_415	-9.7	0 +/- 0%	-	2	2	0	0	no	aae-miR-11893	-	-	-	uuccugacuuauacgcuuaccu	guaaguagauaaaucagaaaga	guaaguagauaaaucagaaagacguuuauaucguuucuuccugacuuauacgcuuaccu	2:257889040..257889099:+

#miRBase miRNAs not detected by miRDeep2
miRBase precursor id	total read count	mature read count(s)	star read count	remaining reads	UCSC browser	NCBI blastn	miRBase mature sequence(s)	miRBase star sequence(s)	miRBase precursor sequence
44600	44600	0	0	-	-	caaccacuauccgcccugccgcc	uggcagugugguuagcugguug	-	caaggcaauacgcuauggcagugugguuagcugguuguguagaacuuuggggggcuuccguggcguucgcgcgcacacgggggcucagauucacaaccacuauccgcccugccgccgcgaggugccagg	
5310	5310	0	0	-	-	cacguuacagauugggguuucc	uaaucucaaauuguaacagugg	-	gagguaaucucaaauuguaacaguggguugauuuuccuggugaaucccggccuuguccuccgucacaagugugacaagugucucgaaaacguguucgcuauacccacguuacagauugggguuucccc	
3953	3953	0	0	-	-	ugucuuuuuccgcuuacugccg	-	ccaacauuuugauugauuugucuuuuuccgcuuacugccgguggcauuugaaauucucgacagcaaaccgaaaaaggcgccucaaucaauu	
2702	2702	0	0	-	-	ugguuuaucuuaucugucgaggc	gucgacagggagauaaaucacu	-	cauugguuuaucuuaucugucgaggcaaguuauuuuaccggauaguguuucuuuucgugagcaaucaccacuauccagcucuucuugucgacagggagauaaaucacug	
2055	2055	0	0	-	-	ucagguacugagugacucucag	gagagcaccucgguaucuaagc	-	cauucgcaauuucaccgguucagguacugagugacucucagaugugcauuucucaagcaaucucguccucaggaccugagguugaaaaacccugagagcaccucgguaucuaagccaguguugcgaaaa	
1651	1651	0	0	-	-	ugugaugugacguagugguac	-	uucaucauacggucaugggggaccgccgcuaccucgcuuucacuugguaccgauuucccauaauccaugugaugugacguagugguaccuucccuuggcuauuacaacacuuccu	
1218	1218	0	0	-	-	agcggguccguuucuagugucaug	ugacuagaggcagacucguuua	-	ucugaucugagcggguccguuucuagugucaugugcuguauucgaauaucaugacuagaggcagacucguuuaggucuggga	
99	99	0	0	-	-	auauuguccugucacagcagu	-	cgauuuuugcuagaaaccgauuauauuguccugucacagcaguacuguuacaaauuuacuguuguuucgggacauuuacauugauucuagccgucac	


















































