miRDeep2 score	novel miRNAs reported by miRDeep2	novel miRNAs, estimated false positives	novel miRNAs, estimated true positives	known miRNAs in species	known miRNAs in data	known miRNAs detected by miRDeep2	estimated signal-to-noise	excision gearing
10	0	0 +/- 0	0 +/- 0 (0 +/- 0%)	164	57	6 (11%)	40	2
9	0	0 +/- 0	0 +/- 0 (0 +/- 0%)	164	57	6 (11%)	34.8	2
8	0	0 +/- 0	0 +/- 0 (0 +/- 0%)	164	57	12 (21%)	44	2
7	0	0 +/- 0	0 +/- 0 (0 +/- 0%)	164	57	12 (21%)	35.5	2
6	0	0 +/- 0	0 +/- 0 (0 +/- 0%)	164	57	12 (21%)	32.4	2
5	0	0 +/- 0	0 +/- 0 (0 +/- 0%)	164	57	19 (33%)	32.7	2
4	0	0 +/- 0	0 +/- 0 (0 +/- 0%)	164	57	23 (40%)	28.6	2
3	0	0 +/- 0	0 +/- 0 (0 +/- 0%)	164	57	26 (46%)	20.4	2
2	1	1 +/- 1	0 +/- 0 (38 +/- 49%)	164	57	27 (47%)	17	2
1	3	2 +/- 1	1 +/- 1 (49 +/- 32%)	164	57	34 (60%)	11.8	2
0	4	4 +/- 2	1 +/- 1 (24 +/- 27%)	164	57	41 (72%)	6.9	2
-1	6	6 +/- 2	1 +/- 1 (13 +/- 18%)	164	57	43 (75%)	4.6	2
-2	7	10 +/- 3	0 +/- 0 (2 +/- 5%)	164	57	43 (75%)	3.2	2
-3	9	13 +/- 3	0 +/- 0 (1 +/- 3%)	164	57	46 (81%)	2.8	2
-4	12	18 +/- 4	0 +/- 0 (1 +/- 3%)	164	57	47 (82%)	2.3	2
-5	16	28 +/- 5	0 +/- 0 (0 +/- 0%)	164	57	47 (82%)	1.6	2
-6	17	39 +/- 6	0 +/- 0 (0 +/- 0%)	164	57	47 (82%)	1.2	2
-7	17	46 +/- 6	0 +/- 0 (0 +/- 0%)	164	57	47 (82%)	1.1	2
-8	21	52 +/- 7	0 +/- 0 (0 +/- 0%)	164	57	47 (82%)	1	2
-9	26	57 +/- 7	0 +/- 0 (0 +/- 0%)	164	57	47 (82%)	1	2
-10	27	60 +/- 7	0 +/- 0 (0 +/- 0%)	164	57	47 (82%)	1	2



novel miRNAs predicted by miRDeep2
provisional id	miRDeep2 score	estimated probability that the miRNA candidate is a true positive	rfam alert	total read count	mature read count	loop read count	star read count	significant randfold p-value	miRBase miRNA	example miRBase miRNA with the same seed	UCSC browser	NCBI blastn	consensus mature sequence	consensus star sequence	consensus precursor sequence	precursor coordinate
3_1394	2	38 +/- 49%	-	36	36	0	0	yes	-	-	-	-	cuagaggcagcaacagccgcu	cggcuauuacugccucaaggc	cuagaggcagcaacagccgcucaaaauuuacuugcgcggcuauuacugccucaaggc	3:342618401..342618458:+
2_69	1.6	49 +/- 32%	-	14	14	0	0	yes	-	-	-	-	uuuaccauuucaagacgaccc	gucaucuugaaaugguaaaga	gucaucuugaaaugguaaagaugaugauugacacucuuuaccauuucaagacgaccc	2:58786287..58786344:+
3_1190	1	49 +/- 32%	-	3	3	0	0	yes	-	dme-miR-967-5p	-	-	cgagauacccaacuucggaag	uccgaugcaggguaucuugca	cgagauacccaacuucggaaguggugcauucgauucgcauucggauauacaauaaugcacccuacuuccgaugcaggguaucuugca	3:202179536..202179623:+
1_2403	0.9	24 +/- 27%	-	4	3	0	1	yes	-	-	-	-	accaaaauuucagucgcauu	augcgauuuaaauuuuggcaau	augcgauuuaaauuuuggcaauauaccaaaauuucagucgcauu	1:285825891..285825935:+



mature miRBase miRNAs detected by miRDeep2
tag id	miRDeep2 score	estimated probability that the miRNA is a true positive	rfam alert	total read count	mature read count	loop read count	star read count	significant randfold p-value	mature miRBase miRNA	example miRBase miRNA with the same seed	UCSC browser	NCBI blastn	consensus mature sequence	consensus star sequence	consensus precursor sequence	precursor coordinate
2_536	2391.9	0 +/- 0%	-	4689	4684	0	5	yes	aae-miR-11894a	-	-	-	uuuaccauuucaagaugaccua	ggucgucuugaaaugguaaaga	ggucgucuugaaaugguaaagagugucaaucaucaucuuuaccauuucaagaugaccua	2:58785158..58785217:-
2_540	2391.8	0 +/- 0%	-	4689	4684	0	5	yes	aae-miR-11894a	-	-	-	uuuaccauuucaagaugaccua	ggucgucuugaaaugguaaaga	ggucgucuugaaaugguaaagagugucaaucaucaucuuuaccauuucaagaugaccua	2:58786284..58786343:-
2_544	2391.8	0 +/- 0%	-	4689	4684	0	5	yes	aae-miR-11894a	-	-	-	uuuaccauuucaagaugaccua	ggucgucuugaaaugguaaaga	ggucgucuugaaaugguaaagagugucaaucaucaucuuuaccauuucaagaugaccua	2:58787948..58788007:-
2_538	2391.8	0 +/- 0%	-	4689	4684	0	5	yes	aae-miR-11894a	-	-	-	uuuaccauuucaagaugaccua	ggucgucuugaaaugguaaaga	ggucgucuugaaaugguaaagagugucaaucaucaucuuuaccauuucaagaugaccua	2:58785850..58785909:-
2_542	2391.7	0 +/- 0%	-	4689	4684	0	5	yes	aae-miR-11894a	-	-	-	uuuaccauuucaagaugaccua	ggucgucuugaaaugguaaaga	ggucgucuugaaaugguaaagagugucaaucaucaucuuuaccauuucaagaugaccua	2:58787426..58787485:-
1_3475	72.6	0 +/- 0%	-	134	132	0	2	yes	aae-miR-283	dme-miR-283-5p	-	-	caauaucagcugguaauucuggg	cggaauuccaacugauauccac	caauaucagcugguaauucugggcuuaccccaccguuauacgcuucccggaauuccaacugauauccac	1:305625600..305625669:-
3_1866	25.6	0 +/- 0%	-	42	23	0	19	yes	aae-miR-308-5p	dme-miR-2a-3p	-	-	aaucacaggaguauacugugag	cgcgguauauucuuguggcuug	cgcgguauauucuuguggcuugaugcauuugaaaaaucucaaaucacaggaguauacugugag	3:403338483..403338546:-
3_1524	11.7	0 +/- 0%	-	14	12	0	2	yes	aae-miR-11-5p	dme-miR-2a-3p	-	-	caucacagucugaguucuugcu	cgagaacuccggcugugaccugug	cgagaacuccggcugugaccuguguacacuuuauccaaaucacaucacagucugaguucuugcu	3:75489864..75489928:-
2_560	8.4	0 +/- 0%	-	8	7	0	1	yes	aae-miR-276-5p	dme-miR-276a-3p	-	-	uaggaacuucauaccgugcucu	gcgagguauagaguuccu	gcgagguauagaguuccuacguugcgugugcgaaauugguaggaacuucauaccgugcucu	2:73120452..73120513:-
2_606	8.3	0 +/- 0%	-	8	5	0	3	yes	aae-miR-13-5p	dme-miR-2a-3p	-	-	uaucacagccauuuugacgaguu	ucguaaaaaugguugugcuguguuguu	ucguaaaaaugguugugcuguguuguuacgcucgaaauucauaucacagccauuuugacgaguu	2:107237649..107237713:-
2_591	8.1	0 +/- 0%	-	15	11	0	4	yes	aae-miR-281-5p	-	-	-	agagagcuauccgucgacagu	gucauggaauugcucucuuua	agagagcuauccgucgacaguagggauaugauucacugucauggaauugcucucuuua	2:96469361..96469419:-
2_602	5.4	0 +/- 0%	-	24	24	0	0	yes	aae-miR-2c	dme-miR-2a-3p	-	-	uaucacagccagcuuugaugagcu	cucucaaaguggcugugaaaug	cucucaaaguggcugugaaaugguuugauuuugcucauaucacagccagcuuugaugagcu	2:107235884..107235945:-
2_604	5.2	0 +/- 0%	-	63	63	0	0	yes	aae-miR-2a-5p	dme-miR-2a-3p	-	-	uaucacagccagcuuugaagagcg	cucucaaagugguugugaaaug	cucucaaagugguugugaaaugaguuacucuugaacgaucucauaucacagccagcuuugaagagcg	2:107237501..107237568:-
2_325	5.2	0 +/- 0%	-	21	21	0	0	yes	aae-miR-275-5p	dme-miR-275-3p	-	-	ucagguaccugaaguagcgcgcg	cgcgcuaagcaggaaccgagacu	cgcgcuaagcaggaaccgagacuuugucauuugcuagcagucagguaccugaaguagcgcgcg	2:307135668..307135731:+
2_610	5.1	0 +/- 0%	-	17	17	0	0	yes	aae-miR-2c	dme-miR-2a-3p	-	-	uaucacagccagcuuugauga	aucaaauuugguuguuuuagu	aucaaauuugguuguuuuaguacgaccucuuugaaaccccuaucacagccagcuuugauga	2:107237998..107238059:-
2_946	5	0 +/- 0%	-	76	76	0	0	yes	aae-miR-184	dme-miR-184-3p	-	-	uggacggagaacugauaagggc	ccuuaucauucuugcgccccgu	ccuuaucauucuugcgccccguguuauauuguuggcgacuggacggagaacugauaagggc	2:417599380..417599441:-
1_3471	4.6	0 +/- 0%	-	81	81	0	0	yes	aae-miR-12-5p	dme-miR-12-5p	-	-	ugaguauuacaucagguacuggu	caguacuuauguuaugcucucu	ugaguauuacaucagguacuggugucgauauucgaaucaccaacgaaucggguuccuuugauuaacuuaccaguacuuauguuaugcucucu	1:305613548..305613640:-
2_328	4	0 +/- 0%	-	19	19	0	0	yes	aae-miR-305-5p	dme-miR-305-5p	-	-	auuguacuucaucaggugcucugg	ccggcacauguuggaguacacuua	auuguacuucaucaggugcucugguuguuuucgauacccggcacauguuggaguacacuua	2:307145445..307145506:+
1_2447	3.9	0 +/- 0%	-	9	9	0	0	yes	aae-miR-33	dme-miR-33-5p	-	-	gugcauuguaguugcauugc	aauacuucugcaaugcaagc	gugcauuguaguugcauugcacuuuugcguucgauaacacggugcaauacuucugcaaugcaagc	1:50888881..50888946:-
2_612	3.5	0 +/- 0%	-	5	3	0	2	yes	aae-miR-71-5p	-	-	-	ucucacuaccuugucuuucaug	agaaagacauggguagugagaua	agaaagacauggguagugagauaguuucacccuauugcacugggaucucacuaccuugucuuucaug	2:107238287..107238354:-
1_2287	2.1	38 +/- 49%	-	6	6	0	0	yes	aae-miR-996	dme-miR-279-3p	-	-	ugacuagauuacaugcucgucua	ggcgugcaugaaucuggugcacg	ggcgugcaugaaucuggugcacgguuuuccaguuguaauaucgcuucgugacuagauuacaugcucgucua	1:207012535..207012606:+
2_532	2	38 +/- 49%	-	4684	4684	0	0	yes	aae-miR-11894a	-	-	-	uuuaccauuucaagaugaccua	gguugucuugaaaugguaaaga	gguugucuugaaaugguaaagagugucaaccaucaucuuuaccauuucaagaugaccua	2:58783350..58783409:-
2_534	1.9	49 +/- 32%	-	661	661	0	0	yes	aae-miR-11894b	-	-	-	uuuaccauuucaauaugaccua	ggucguauugaaaugguaaaga	ggucguauugaaaugguaaagagugucaaucaucaucuuuaccauuucaauaugaccua	2:58784590..58784649:-
2_866	1.7	49 +/- 32%	-	6715	6715	0	0	yes	aae-miR-11895	-	-	-	uucaugcauucacuucugcuga	agcaggagugaaugcaugaguu	agcaggagugaaugcaugaguuugacaucugaaacuaauucaugcauucacuucugcuga	2:324949494..324949554:-
1_3468	1.6	49 +/- 32%	-	52	52	0	0	yes	aae-miR-277-5p	-	-	-	aaaugcacuaucugguacgaca	gcgugucagaagugcauuuac	gcgugucagaagugcauuuacauagguauuucccguuuagcaguauuuguaaaugcacuaucugguacgaca	1:302603812..302603884:-
3_1546	1.2	49 +/- 32%	-	4	4	0	0	yes	aae-miR-92b-3p	dme-miR-92a-3p	-	-	aauugcacuugucccggccugc	aggucgugacuugugcccauuug	aggucgugacuugugcccauuugcugaauuuuaauggucaaauugcacuugucccggccugc	3:93418515..93418577:-
2_383	1.1	49 +/- 32%	-	4	4	0	0	yes	aae-miR-2945-5p	dme-miR-279-3p	-	-	ugacuagaggcagacucguuua	agcggguccguuucuagugucaug	agcggguccguuucuagugucaugugcuguauucgaauaucaugacuagaggcagacucguuua	2:374947142..374947206:+
3_1522	0.9	24 +/- 27%	-	3	3	0	0	yes	aae-miR-998	dme-miR-285-3p	-	-	uagcaccaugagauucagcuc	acugaacucucgugggucugca	acugaacucucgugggucugcaguugauauuucgaaagcuuguagcaccaugagauucagcuc	3:75489589..75489652:-
3_1363	0.6	24 +/- 27%	-	16	16	0	0	yes	aae-miR-8-5p	-	-	-	aauacugucagguaaagauguc	caucuuaccgggcagcauuag	caucuuaccgggcagcauuagauauuuuugaaauacuucuaauacugucagguaaagauguc	3:328527955..328528017:+
1_2589	0.5	24 +/- 27%	-	34	34	0	0	no	aae-miR-252-5p	dme-miR-252-5p	-	-	cuaaguacuagugccgcagga	cugcugcccaagugcuuaucg	cuaaguacuagugccgcaggagagauuugaaccccugcugcccaagugcuuaucg	1:175818157..175818212:-
2_924	0.1	24 +/- 27%	-	10	10	0	0	yes	aae-miR-1	-	-	-	ggaauguaaagaaguauggag	ccaugcuuccuugcauucaau	ccaugcuuccuugcauucaauagugauucugaaagcauauggaauguaaagaaguauggag	2:399501023..399501084:-
2_877	0	24 +/- 27%	-	2	2	0	0	yes	aae-miR-9b	dme-miR-9a-5p	-	-	ucuuuggugauuuuagcugu	agcuuuaucaccaaaaacc	ucuuuggugauuuuagcuguaugcugauacguuucugauugcauauagcuuuaucaccaaaaacc	2:335780574..335780639:-
3_1175	-0.2	13 +/- 18%	-	23	23	0	0	no	aae-bantam-5p	dme-bantam-3p	-	-	ugagaucauuuugaaagcugauu	ccgguuuucauuuucgaucugacu	ccgguuuucauuuucgaucugacuuauuugauuuaacaagagugagaucauuuugaaagcugauu	3:178082830..178082895:+
2_326	-0.5	13 +/- 18%	-	21	21	0	0	no	aae-miR-275-3p	dme-miR-275-3p	-	-	ucagguaccugaaguagcgcgcg	ucaucaagcgacaacagaggcgugaaa	ucagguaccugaaguagcgcgcgugaucaaacaggaagcgucaucaagcgacaacagaggcgugaaa	2:307135708..307135775:+
1_3470	-2.2	1 +/- 3%	-	16	16	0	0	no	aae-miR-317	-	-	-	gaacacagcuggugguaucuc	gauacacccugugcucgc	gauacacccugugcucgcuuugcauucgaaacuagugaacacagcuggugguaucuc	1:302667132..302667189:-
3_1124	-2.6	1 +/- 3%	-	6	6	0	0	yes	aae-miR-31	-	-	-	ggcaagauguuggcauagcug	gcuauucaacuucuugucua	ggcaagauguuggcauagcugaaaguuuugaguuuagcuauucaacuucuugucua	3:136174151..136174207:+
3_1559	-2.9	1 +/- 3%	-	3	3	0	0	yes	aae-miR-2765	-	-	-	ugguaacuccaccaccguuggc	caaugggagcuggaguucccgcg	ugguaacuccaccaccguuggcgauauuugacagccaaugggagcuggaguucccgcg	3:101895454..101895512:-
2_120	-3.5	1 +/- 3%	-	3	3	0	0	yes	aae-miR-9a	-	-	-	cuuugguuaucuagcuguauga	auaaagcuagcauaccgaaguu	cuuugguuaucuagcuguaugagugaauuuagaacaucauaaagcuagcauaccgaaguu	2:108461948..108462008:+
2_592	-6.3	0 +/- 0%	-	11	11	0	0	no	aae-miR-281-5p	-	-	-	agagagcuauccgucgacagu	cguugacgugggauuuuuuu	cguugacgugggauuuuuuuguucauuuuguucuuucgcugguuucgaauaugaaaauaaagagagcuauccgucgacagu	2:96469398..96469479:-

#miRBase miRNAs not detected by miRDeep2
miRBase precursor id	total read count	mature read count(s)	star read count	remaining reads	UCSC browser	NCBI blastn	miRBase mature sequence(s)	miRBase star sequence(s)	miRBase precursor sequence
49	49	0	0	-	-	ucagguacugagugacucucag	gagagcaccucgguaucuaagc	-	cauucgcaauuucaccgguucagguacugagugacucucagaugugcauuucucaagcaaucucguccucaggaccugagguugaaaaacccugagagcaccucgguaucuaagccaguguugcgaaaa	
64	62	0	2	-	-	ugguuuaucuuaucugucgaggc	gucgacagggagauaaaucacu	-	cauugguuuaucuuaucugucgaggcaaguuauuuuaccggauaguguuucuuuucgugagcaaucaccacuauccagcucuucuugucgacagggagauaaaucacug	
20	20	0	0	-	-	cacguuacagauugggguuucc	uaaucucaaauuguaacagugg	-	gagguaaucucaaauuguaacaguggguugauuuuccuggugaaucccggccuuguccuccgucacaagugugacaagugucucgaaaacguguucgcuauacccacguuacagauugggguuucccc	
10	10	0	0	-	-	caaccacuauccgcccugccgcc	uggcagugugguuagcugguug	-	caaggcaauacgcuauggcagugugguuagcugguuguguagaacuuuggggggcuuccguggcguucgcgcgcacacgggggcucagauucacaaccacuauccgcccugccgccgcgaggugccagg	
9	8	0	1	-	-	agauauguuugauauucuugguug	-	gggugauuccggugagauauguuugauauucuugguuguuaaauuuuauauuaucacccaggaaucaaacauauuauuacuguggucaucaugagacuucg	
8	7	0	1	-	-	cgguacggacaggggcaacauu	uauugcacuugucccggccua	-	aaucuacgcaucgguacggacaggggcaacauugugacauuugaaagcuaauauugcacuugucccggccuaugcguggagu	
12	5	0	7	-	-	ugacuagauccacacucauuaa	-	acaucccaacgguugucgaugggugugaaucuaguguuucacaugauuuucgauagccugugacuagauccacacucauuaacaaaaguugccgg	
5	5	0	0	-	-	gcuuuggcgcuuuagcuguauga	uaaagcuagauuaccaaagcau	-	gaacccaucguccaugcuuuggcgcuuuagcuguaugauagaauuuaauauuucauaaagcuagauuaccaaagcauggaaggcuugggcgguguc	
4	4	0	0	-	-	ugucuuuuuccgcuuacugccg	-	ccaacauuuugauugauuugucuuuuuccgcuuacugccgguggcauuugaaauucucgacagcaaaccgaaaaaggcgccucaaucaauu	
2	2	0	0	-	-	uggaagacuagugauuuuguugu	-	ucgcaauauuuuguauggaagacuagugauuuuguuguuuugcuuacgauaauaacaauaaaucucaagucuuucuacaaaguuugcug	
2	2	0	0	-	-	cacaaccuccuugagugagcga	-	cuaguuucccggcagucgaucacucacucaaccugggugugaugcuuauuugaaucaucacaaccuccuugagugagcgaccgauugaugg	
2	2	0	0	-	-	ucggugggacuuucguccguuu	acggacgauagucuucagcggcc	-	uggugcgaacggacgauagucuucagcggccgugcauuugauagaauuggucggugggacuuucguccguuuguaaccgcc	
2	2	0	0	-	-	aaucuagccucuccuaggcuuugucug	acauagccugacagagguuagg	-	aucgucaucgucaucgucgcacagguguaaucuagccucuccuaggcuuugucuguuaccuuccuugggaauuccacuagccagacauagccugacagagguuaggugaaaucugaaaagucaacggccaacggu	
2	2	0	0	-	-	ucagucuuuuucucucuccuau	-	guggaauuacaccucaacgaauuugaacucugcucuacccgauaagccugugggagcgagauuaaggcuugcuggucauuuauuacacucgaagucagucuuuuucucucuccuauugguauaacgguguuucaacgaguccgaguucccgcaccguagucauccacaucauc	
4	2	0	2	-	-	gugugugaaccguuggcggc	-	agcagugugugaaccguuggcggcgcaacgccugaugguauugaugcugcu	
2	2	0	0	-	-	uuuuaggaggucaaaaucgcgu	-	gaacgcgguuuuggccuccuaaaaccgugcccauggagguuuuaggaggucaaaaucgcguuc	
2	2	0	0	-	-	uaagcguauagcuuuucccauu	-	gauucugaagggggaaauccuguacgcuguauguuguauuugaauaauccauaagcguauagcuuuucccauucggcgu	
1	1	0	0	-	-	ugagauucuacuucuccgacuuaa	aaguggaguaguggucucaucg	-	acgauaugaaauaaguggaguaguggucucaucgcuuaguauuagaaaagugagauucuacuucuccgacuuaauucauaucua	
1	1	0	0	-	-	ucauaagacacacgcggcuau	-	aacgguauugcggcuuucauagguagcuugcguuugucuuagcugguauugaaugugauagguaucauaagacacacgcggcuauuuuugagaguaucaagcaucuug	
1	1	0	0	-	-	ugugaugugacguagugguac	-	uucaucauacggucaugggggaccgccgcuaccucgcuuucacuugguaccgauuucccauaauccaugugaugugacguagugguaccuucccuuggcuauuacaacacuuccu	
1	1	0	0	-	-	uauugcuugagaauacacguag	-	uauucaucgagcaacuugguuggccacgcguauucuuggguuauuaacacacuguuuauguuguuauugcuugagaauacacguaguugacaaguguuucaca	
1	1	0	0	-	-	ucacuuuuuagugacuugguc	-	caagucacuuuuuagugacuuggucacuuuuuucaaucuggucacuaaaaagucacuau	
1	1	0	0	-	-	aaaugggacugauaugcgaguau	-	ccauucucgcauaacaguaccauauucuugggauuucucauauaaaugggacugauaugcgaguaugg	
1	1	0	0	-	-	ucccugagacccuaacuuguga	-	uuaguuuuguuucugcugauucccugagacccuaacuugugacuauaguugaaguuucacaaguuuugaucuccgguauuagcggucgagauuca	
1	1	0	0	-	-	auugacucuaguagggagucc	-	ugccuacgacugguccaaauugacucuaguagggaguccuuguguacgagugacucccuaacggagucagauugaacccgguaggaugg	
1	1	0	0	-	-	cuugugcgugugacaacgg	-	cucauugcagcugcugaccacugcacaagauuagauuaugacucuugugcgugugacaacggcuauug	
1	1	0	0	-	-	caucacagaauuguuuuuacug	-	aaacaucacagaauuguuuuuacugauaaggaacuauguguaaaaauaauucuguaaaguuu	












1	0	0	1	-	-	cgagauacggagagauugcgaca	-	cagucgccucuucacaucucgauaucgaagggaccaucgagauacggagagauugcgacaa	





































1	0	0	1	-	-	uuccgaaguugggugucucgc	-	ugcaagauacccuacuucggaaguagggcgcauuagagcgcauccggaugcgaaucgaaugcaccacuuccgaaguugggugucucgca	




2	0	0	2	-	-	cugaaaacuuaaucgauugguc	-	uaaccugaaaacuuaaucgauuggucacuagcugcgcggugaccaaucgauuaaguuuucagcuua	



2	0	0	2	-	-	auuuuuuugacuguaauuuuauag	-	augguaaaauuacguugaaaaaucgucucccucaaaaaaugaaaccugagacuaacaggagauuuuuuugacuguaauuuuauagu	









