miRDeep2 score	novel miRNAs reported by miRDeep2	novel miRNAs, estimated false positives	novel miRNAs, estimated true positives	known miRNAs in species	known miRNAs in data	known miRNAs detected by miRDeep2	estimated signal-to-noise	excision gearing
10	24	1 +/- 1	23 +/- 1 (94 +/- 5%)	164	100	59 (59%)	37.1	2
9	25	1 +/- 1	24 +/- 1 (94 +/- 5%)	164	100	59 (59%)	35.9	2
8	25	1 +/- 1	24 +/- 1 (94 +/- 5%)	164	100	60 (60%)	35.6	2
7	26	2 +/- 1	24 +/- 1 (94 +/- 5%)	164	100	60 (60%)	34	2
6	27	2 +/- 1	25 +/- 1 (94 +/- 5%)	164	100	60 (60%)	33.2	2
5	27	2 +/- 1	25 +/- 1 (93 +/- 5%)	164	100	63 (63%)	31.5	2
4	28	2 +/- 1	26 +/- 1 (92 +/- 5%)	164	100	72 (72%)	29.6	2
3	28	3 +/- 2	25 +/- 2 (90 +/- 6%)	164	100	76 (76%)	23.2	2
2	46	4 +/- 2	42 +/- 2 (92 +/- 4%)	164	100	77 (77%)	22.4	2
1	84	6 +/- 2	78 +/- 2 (93 +/- 3%)	164	100	81 (81%)	18.8	2
0	97	15 +/- 3	82 +/- 3 (84 +/- 3%)	164	100	86 (86%)	9	2
-1	111	27 +/- 4	84 +/- 4 (75 +/- 4%)	164	100	89 (89%)	5.7	2
-2	120	48 +/- 6	72 +/- 6 (60 +/- 5%)	164	100	89 (89%)	3.6	2
-3	150	65 +/- 7	85 +/- 7 (57 +/- 5%)	164	100	91 (91%)	3.1	2
-4	206	104 +/- 9	102 +/- 9 (50 +/- 4%)	164	100	92 (92%)	2.5	2
-5	236	227 +/- 13	11 +/- 10 (5 +/- 4%)	164	100	93 (93%)	1.3	2
-6	259	350 +/- 15	0 +/- 0 (0 +/- 0%)	164	100	93 (93%)	0.9	2
-7	296	457 +/- 17	0 +/- 0 (0 +/- 0%)	164	100	93 (93%)	0.8	2
-8	366	543 +/- 18	0 +/- 0 (0 +/- 0%)	164	100	94 (94%)	0.8	2
-9	437	614 +/- 21	0 +/- 0 (0 +/- 0%)	164	100	94 (94%)	0.8	2
-10	507	673 +/- 22	0 +/- 0 (0 +/- 0%)	164	100	94 (94%)	0.9	2



novel miRNAs predicted by miRDeep2
provisional id	miRDeep2 score	estimated probability that the miRNA candidate is a true positive	rfam alert	total read count	mature read count	loop read count	star read count	significant randfold p-value	miRBase miRNA	example miRBase miRNA with the same seed	UCSC browser	NCBI blastn	consensus mature sequence	consensus star sequence	consensus precursor sequence	precursor coordinate
3_8084	29.8	94 +/- 5%	-	56	54	0	2	yes	-	-	-	-	cuagaggcagcaacagccgcu	uggcuguugcugccucaaggc	cuagaggcagcaacagccgcucaaauuuccuugcguggcuguugcugccucaaggc	3:87522478..87522534:+
1_16749	28.9	94 +/- 5%	-	53	48	0	5	yes	-	-	-	-	ucuuaugcagcgcaaauaguga	acuauuugcgcugcauaagaac	ucuuaugcagcgcaaauagugacgucacuauuugcgcugcauaagaac	1:24530156..24530204:-
NIGP01000165_21477	27.6	94 +/- 5%	-	52	43	2	7	yes	-	-	-	-	ugaggcgucuucugguggcugg	agucaccaucugauacugacgg	agucaccaucugauacugacggaggauggaugugcuccccaaagcacgguccuccgugaggcgucuucugguggcugg	NIGP01000165:399..477:+
2_4196	27.5	94 +/- 5%	-	52	43	2	7	yes	-	-	-	-	ugaggcgucuucugguggcugg	agucaccaucugauacugacgg	agucaccaucugauacugacggaggauggaugugcuccccaaagcacgguccuccgugaggcgucuucugguggcugg	2:109621912..109621990:-
1_16564	27.2	94 +/- 5%	-	50	46	0	4	yes	-	-	-	-	cuagaggcagcaacagccgcu	cggcuguugcugccuuaaggc	cuagaggcagcaacagccgcucaaaauuuucuugcgcggcuguugcugccuuaaggc	1:6517469..6517526:-
3_8653	27.1	94 +/- 5%	-	51	43	1	7	yes	-	-	-	-	ugaggcgucuucugguggcugg	agucaccaucugauacugacgg	agucaccaucugauacugacggaggauggaugugcuccccaaagcacgauccuccgugaggcgucuucugguggcugg	3:154759778..154759856:+
1_14647	27	94 +/- 5%	-	51	43	1	7	yes	-	-	-	-	ugaggcgucuucugguggcugg	agucaccaucugauacugacgg	agucaccaucugauacugacggaggauggaugcccaaagcacgguccuccgugaggcgucuucugguggcugg	1:83023196..83023269:+
2_3088	23.8	94 +/- 5%	-	44	40	0	4	yes	-	-	-	-	cuagaggcagcaacagccgcu	cggcuguugcugccuuaaggc	cuagaggcagcaacagccgcucaaaauuuccuugcgcggcuguugcugccuuaaggc	2:443101072..443101129:+
2_4608	21.4	94 +/- 5%	-	40	38	1	1	yes	-	-	-	-	cugauacagccauaccgugga	cacgcuaugccugaaucaguaa	cacgcuaugccugaaucaguaaaauuugaaaaucgaaugugcauucgauuuuuaaaauccacugauacagccauaccgugga	2:154129245..154129327:-
1_15213	20.6	94 +/- 5%	-	46	37	2	7	no	-	-	-	-	ugaggcgucuucugguggcugg	agucaccaucugauacugacgg	agucaccaucugauacugacggaggauggaugugcuccccaaagcacgguccuccgugaggcgucuucugguggcugg	1:172283104..172283182:+
2_6876	19.1	94 +/- 5%	-	38	33	0	5	yes	-	-	-	-	aagucucucaauuucuugggaa	uccgaauuauugaggguccgca	aagucucucaauuucuugggaaguacccgcauucuuuccgaauuauugaggguccgca	2:415649743..415649801:-
3_7692	16.3	94 +/- 5%	-	32	13	0	19	yes	-	-	-	-	aacagaauuuuccaucugaacg	uuccaggugggaguuaucugauau	uuccaggugggaguuaucugauaugugaauaugguaccauaacagaauuuuccaucugaacg	3:30821571..30821633:+
3_9848	16.3	94 +/- 5%	-	32	13	0	19	yes	-	-	-	-	aacagaauuuuccaucugaacg	uuccaggugggaguuaucugauau	uuccaggugggaguuaucugauaugugaauaugguaccauaacagaauuuuccaucugaacg	3:284480701..284480763:+
2_3591	16.3	94 +/- 5%	-	32	13	0	19	yes	-	-	-	-	aacagaauuuuccaucugaacg	uuccaggugggaguuaucugauau	uuccaggugggaguuaucugauaugugaauaugguaccauaacagaauuuuccaucugaacg	2:28729768..28729830:-
2_6791	16.3	94 +/- 5%	-	32	13	0	19	yes	-	-	-	-	aacagaauuuuccaucugaacg	uuccaggugggaguuaucugauau	uuccaggugggaguuaucugauaugugaauaugguaccauaacagaauuuuccaucugaacg	2:402424794..402424856:-
3_11966	16.1	94 +/- 5%	-	32	13	0	19	yes	-	-	-	-	aacagaauuuuccaucugaacg	uuccaggugggaguuaucugauau	uuccaggugggaguuaucugauaugugaauaugguaccauaacagaauuuuccaucugaacg	3:148461683..148461745:-
2_2411	14.9	94 +/- 5%	-	28	21	0	7	yes	-	-	-	-	ugaggcgucuucugguggcug	agucaccaucugauacugacgg	agucaccaucugauacugacggaggauggaugugaagcacggucuucugugaggcgucuucugguggcug	2:327701617..327701687:+
1_14852	14.8	94 +/- 5%	-	38	33	0	5	no	-	-	-	-	aagucucucaauuucuugggaa	uccgaauuauugaggguccgca	aagucucucaauuucuugggaaguacccgcauucuuuccgaauuauugaggguccgca	1:122217856..122217914:+
2_1672	14.8	94 +/- 5%	-	38	33	0	5	no	-	-	-	-	aagucucucaauuucuugggaa	uccgaauuauugaggguccgca	aagucucucaauuucuugggaaguacccgcauucuuuccgaauuauugaggguccgca	2:232626273..232626331:+
1_20164	14.1	94 +/- 5%	-	25	21	0	4	yes	-	-	-	-	ugggacugacaugcguuuaugg	cauaaacgcauaauugucccaug	cauaaacgcauaauugucccaugugaauaggaaauccagcaaacaugggacugacaugcguuuaugg	1:267982239..267982306:-
1_16166	12.9	94 +/- 5%	-	23	12	1	10	yes	-	-	-	-	caugggacaauuaugcguuuau	uaaacgcaugucagucccaugu	uaaacgcaugucagucccauguuugcuggauuuccuauucacaugggacaauuaugcguuuau	1:267327190..267327253:+
3_13209	12.8	94 +/- 5%	-	22	12	1	9	yes	-	-	-	-	caugggacaauuaugcguuuau	uaaaugcaugucagucccaugu	uaaaugcaugucagucccauguuugcuggauuuccuauucacaugggacaauuaugcguuuau	3:299783898..299783961:-
2_5402	12	94 +/- 5%	-	21	20	0	1	yes	-	-	-	-	uaaacaugggacuguuauacga	cauaaccgucccauguuguaugg	cauaaccgucccauguuguaugggauuuccuauaaacaugggacuguuauacga	2:240454736..240454790:-
3_10070	11.9	94 +/- 5%	-	21	12	0	9	yes	-	-	-	-	caugggacaauuaugcguuuau	uaaaugcaugucagucccaugu	uaaaugcaugucagucccauguuugcuggauuuccuauguacaugggacaauuaugcguuuau	3:313662476..313662539:+
3_12900	9.9	94 +/- 5%	-	18	9	0	9	yes	-	-	-	-	caugggacaauuaugcguuuau	uaaaugcaugucagucccaugu	uaaaugcaugucagucccauguuugcuggguuuccuaugcacaugggacaauuaugcguuuau	3:267329346..267329409:-
3_10771	7.1	94 +/- 5%	-	14	7	0	7	yes	-	-	-	-	ucuguucuaguuguuauaaccu	auugucgcaacaagaauaggag	ucuguucuaguuguuauaaccuguuguugcggaauaagauugucgcaacaagaauaggag	3:404471513..404471573:+
2_1770	6.8	94 +/- 5%	-	11	6	3	2	yes	-	-	-	-	accaaacauccguuuaagcug	agcucaaacggguguuugguu	accaaacauccguuuaagcugaaaacuaaaucgauuggucacuagauggugaaaaccaaucgauuagauuuucagcucaaacggguguuugguu	2:243855628..243855722:+
2_5793	4.5	92 +/- 5%	-	9	7	0	2	yes	-	-	-	-	ucugguauuuugauguucgaugg	ucggaacucaagauaccagauc	ucugguauuuugauguucgauggauuugauauuacucggaacucaagauaccagauc	2:289697991..289698048:-
1_16194	2.7	92 +/- 4%	-	7	7	0	0	yes	-	dme-miR-4968-3p	-	-	cagcaacaggagcgacuau	cucugcugcugcugcugcu	cagcaacaggagcgacuauaauugacgucauuucucugcugcugcugcugcu	1:270684740..270684792:+
1_17678	2.7	92 +/- 4%	-	55	48	0	7	yes	-	-	-	-	ucuuaugcagcgcaaauaguga	acuauuugcgcuguauaagaac	ucuuaugcagcgcaaauagugacgucacuauuugcgcuguauaagaac	1:146152861..146152909:-
3_13376	2.6	92 +/- 4%	-	16	16	0	0	yes	-	-	-	-	auaaaugggacuguuaugcgag	cgcauaacagucccauauuauau	cgcauaacagucccauauuauaugggauuuccuauauaaaugggacuguuaugcgag	3:320093525..320093582:-
2_6514	2.4	92 +/- 4%	-	32	32	0	0	yes	-	-	-	-	aguggcucgguagcuuaguugg	aacuaagcuaccaagccacccc	aacuaagcuaccaagccaccccgccaaaguggcucgguagcuuaguugg	2:360181912..360181961:-
3_12889	2.3	92 +/- 4%	-	18	16	0	2	yes	-	-	-	-	uuuucagcucaaacggauguuugg	ccgaauacccgcuugagcugaa	ccgaauacccgcuugagcugaaaacucagcuagugagcaaucgauuaaguuuucagcucaaacggauguuugg	3:265716502..265716575:-
NIGP01001486_21873	2.2	92 +/- 4%	-	23	23	0	0	yes	-	-	-	-	auaauucugugauguuuugugac	cacaaaacaucacagaauuacuuu	cacaaaacaucacagaauuacuuuuacacuuaguuucuuaucaguaaaauaauucugugauguuuugugac	NIGP01001486:4504..4575:+
2_2413	2.1	92 +/- 4%	-	14	14	0	0	yes	-	-	-	-	aaaaucgaggauaauacgcgau	cgcguauuaucaucgauuuuac	cgcguauuaucaucgauuuuacuauagaaaaaucgaggauaauacgcgau	2:328551962..328552012:+
1_18825	2.1	92 +/- 4%	-	43	34	0	9	yes	-	-	-	-	cgagagagaagucccccauggug	uaccguggugcguggacuucu	cgagagagaagucccccaugguggcguugcuaccguggugcguggacuucu	1:205639905..205639956:-
1_18641	2.1	92 +/- 4%	-	43	34	0	9	yes	-	-	-	-	cgagagagaagucccccauggug	uaccguggugcguggacuucu	cgagagagaagucccccaugguggcguugcuaccguggugcguggacuucu	1:205615982..205616033:-
3_10643	2.1	92 +/- 4%	-	16	16	0	0	yes	-	-	-	-	auaaaugggacuguuaugcgag	cgcauaacagucccauauuau	cgcauaacagucccauauuauaugggauuucauauauaaaugggacuguuaugcgag	3:383886945..383887002:+
3_11207	2.1	92 +/- 4%	-	46	46	0	0	yes	-	-	-	-	cuagaggcagcaacagccgcu	cggcucuugcugccuaaggc	cuagaggcagcaacagccgcucaaaauuugcgcggcucuugcugccuaaggc	3:60190159..60190211:-
1_16098	2.1	92 +/- 4%	-	46	46	0	0	yes	-	-	-	-	cuagaggcagcaacagccgcu	cggcuguugcugccucaaggc	cuagaggcagcaacagccgcucaaaauuuccuugcucggcuguugcugccucaaggc	1:253196882..253196939:+
1_17351	2	92 +/- 4%	-	46	46	0	0	yes	-	-	-	-	cuagaggcagcaacagccgcu	cggcuguugcugccucaagcc	cuagaggcagcaacagccgcucaaaauuuccuugcgcggcuguugcugccucaagcc	1:98125176..98125233:-
1_18733	2	92 +/- 4%	-	43	34	0	9	yes	-	-	-	-	cgagagagaagucccccauggug	uaccguggugcguggacuucu	cgagagagaagucccccaugguggcguugcuaccguggugcguggacuucu	1:205631319..205631370:-
3_12282	2	92 +/- 4%	-	11	11	0	0	yes	-	-	-	-	uuuaaggccuaagcggggguga	accuucgcuuaagccguaaacc	accuucgcuuaagccguaaaccacguuuacccauaugauuaaacuagguuuaaggccuaagcggggguga	3:185352163..185352233:-
1_18469	2	92 +/- 4%	-	43	34	0	9	yes	-	-	-	-	cgagagagaagucccccauggug	uaccguggugcguggacuucu	cgagagagaagucccccaugguggcguugcuaccguggugcguggacuucu	1:205592059..205592110:-
1_17354	2	92 +/- 4%	-	50	50	0	0	yes	-	-	-	-	gaucuggacccgcucuaguguc	cacuugagcggggcacgcuccc	cacuugagcggggcacgcucccguaugaucccuacgugaucuggacccgcucuaguguc	1:98683800..98683859:-
NIGP01001771_20690	2	92 +/- 4%	-	43	34	0	9	yes	-	-	-	-	cgagagagaagucccccauggug	uaccguggugcguggacuucu	cgagagagaagucccccaugguggcguugcuaccguggugcguggacuucu	NIGP01001771:11238..11289:+
2_2407	1.9	93 +/- 3%	-	24	24	0	0	yes	-	-	-	-	uacgguaagggcugauugcugc	agcauuucaggccuuaucauagu	agcauuucaggccuuaucauaguuugauaguagucuaaaguacuagacugcaaaacuacgguaagggcugauugcugc	2:327209818..327209896:+
1_18375	1.9	93 +/- 3%	-	43	34	0	9	yes	-	-	-	-	cgagagagaagucccccauggug	uaccguggugcguggacuucu	cgagagagaagucccccaugguggcguugcuaccguggugcguggacuucu	1:205583476..205583527:-
2_1687	1.8	93 +/- 3%	-	24	24	0	0	yes	-	-	-	-	uacgguaagggcugauugcugc	agcauuucaggccuuaucauagu	agcauuucaggccuuaucauaguuugauaguagccugaacuacuagauugcaaaacuacgguaagggcugauugcugc	2:233859493..233859571:+
1_17230	1.8	93 +/- 3%	-	24	24	0	0	yes	-	-	-	-	uacgguaagggcugauugcugc	agcauuucaggccuuaucauagu	agcauuucaggccuuaucauaguuugauaguagucuaaacuacuagauugcauaacuacgguaagggcugauugcugc	1:81000808..81000886:-
1_14936	1.8	93 +/- 3%	-	33	33	0	0	yes	-	-	-	-	cugaaaaccuuaucgauugguc	ccaaucgaucaaguuuucagcc	cugaaaaccuuaucgauuggucaccacgagccagugaccaaucgaucaaguuuucagcc	1:137823129..137823188:+
3_12416	1.8	93 +/- 3%	-	21	21	0	0	yes	-	-	-	-	ugggacugacaugcguuuaugg	auaaacgcauaauuaucccaug	auaaacgcauaauuaucccaugugaauaggaaaucgagcaaacaugggacugacaugcguuuaugg	3:197892774..197892840:-
2_2595	1.8	93 +/- 3%	-	11	9	0	2	yes	-	-	-	-	uuggcguauuaacuucgaugg	aaguuaauacgccaaucgcgua	aaguuaauacgccaaucgcguauuauccucgauuuuacuauacgcgauacuauacgcgauuggcguauuaacuucgaugg	2:363179200..363179280:+
1_15819	1.8	93 +/- 3%	-	15	15	0	0	yes	-	-	-	-	uaagugcucugaagacaccaac	aggugucuucgggggacuuauu	aggugucuucgggggacuuauucuucguaaaucaaagaauaagugcucugaagacaccaac	1:221361230..221361291:+
3_11209	1.8	93 +/- 3%	-	187	186	1	0	yes	-	-	-	-	augucugacgccauuuuggaa	ucaaaaugguggcagacauug	augucugacgccauuuuggaauccaagacuugugaaaaucacuuuaaaccggauuucgccaucucggauuucaaaaugguggcagacauug	3:60374651..60374742:-
1_16526	1.7	93 +/- 3%	-	205	205	0	0	yes	-	-	-	-	uacggcaagggcugauugcugc	agcaguucaggccuuaucauagu	agcaguucaggccuuaucauaguuugauaguagucugaacuauuagacugcaaaacuacggcaagggcugauugcugc	1:3391333..3391411:-
3_12448	1.7	93 +/- 3%	-	206	205	1	0	yes	-	-	-	-	uacggcaagggcugauugcugc	agcauuucaggccuuaucauagu	agcauuucaggccuuaucauaguuugauaguagucugaacuacuagacugcaaaacuacggcaagggcugauugcugc	3:201923178..201923256:-
2_3406	1.7	93 +/- 3%	-	24	24	0	0	yes	-	-	-	-	uacgguaagggcugauugcugc	agcauuucaggccuuaucauagu	agcauuucaggccuuaucauaguuugauaguagguagucugaauuacuagacugcaaaacuacgguaagggcugauugcugc	2:2652561..2652643:-
3_11144	1.7	93 +/- 3%	-	206	205	1	0	yes	-	-	-	-	uacggcaagggcugauugcugc	agcauuucaggccuuaucauagu	agcauuucaggccuuaucauaguuugauaguagucugaacuacuagacugcaaaacuacggcaagggcugauugcugc	3:47842412..47842490:-
3_9667	1.7	93 +/- 3%	-	206	205	1	0	yes	-	-	-	-	uacggcaagggcugauugcugc	agcauuucaggccuuaucauagu	agcauuucaggccuuaucauaguuugauaguagucugaacuacuagacugcaaaacuacggcaagggcugauugcugc	3:263500771..263500849:+
1_14769	1.7	93 +/- 3%	-	23	22	1	0	yes	-	-	-	-	ugaggcgucuucugguggcug	gucaccaucugaugcugacg	gucaccaucugaugcugacgguauggaugugcuccccaaagcacgguccuccgugaggcgucuucugguggcug	1:99741676..99741750:+
2_427	1.7	93 +/- 3%	-	24	24	0	0	yes	-	-	-	-	uacgguaagggcugauugcugc	agcauuucaggcauuaucauagu	agcauuucaggcauuaucauaguuugauaguagucuaaaguacuagacugcaaaacuacgguaagggcugauugcugc	2:62480427..62480505:+
3_7579	1.6	93 +/- 3%	-	35	22	0	13	yes	-	-	-	-	uguuucgagcgacucggaguugg	acaaacccgagcgacucgaa	uguuucgagcgacucggaguugguuggacucggcucaaugaacacaaacccgagcgacucgaa	3:22685812..22685875:+
3_9261	1.6	93 +/- 3%	-	87	86	0	1	yes	-	-	-	-	caccuguccagcgaauugggag	uucccaauucgauagacaugcggcug	uucccaauucgauagacaugcggcugcgguaguugguaacgcaccuguccagcgaauugggag	3:218717122..218717185:+
1_17454	1.6	93 +/- 3%	-	205	205	0	0	yes	-	-	-	-	uacggcaagggcugauugcugc	agcauuucaggccuuauccuagu	agcauuucaggccuuauccuaguuugauaguagucucaacuacuagacugcaaaacuacggcaagggcugauugcugc	1:111803414..111803492:-
3_10980	1.6	93 +/- 3%	-	205	205	0	0	yes	-	-	-	-	uacggcaagggcugauugcugc	agcauuucaggccuuaucauagu	agcauuucaggccuuaucauaguuugauaguagucugaacuaguagacugcaaaacuacggcaagggcugauugcugc	3:25430964..25431042:-
2_3236	1.6	93 +/- 3%	-	35	22	0	13	yes	-	-	-	-	uguuucgagcgacucggaguugg	acaaacccgagcgacucgaa	uguuucgagcgacucggaguugguuggacucggcucaaugaacacaaacccgagcgacucgaa	2:459334884..459334947:+
2_6168	1.6	93 +/- 3%	-	20	20	0	0	yes	-	-	-	-	uaaacaugggacuguuauacga	gcauacaugucccauauuccaug	gcauacaugucccauauuccauggaauuucccauaaacaugggacuguuauacga	2:320107277..320107332:-
3_12968	1.6	93 +/- 3%	-	205	205	0	0	yes	-	-	-	-	uacggcaagggcugauugcugc	agcauuucaggccuuaucauagu	agcauuucaggccuuaucauaguuugauaguagucugaacuaguagacugcaaaacuacggcaagggcugauugcugc	3:275944074..275944152:-
1_17475	1.6	93 +/- 3%	-	31	31	0	0	yes	-	-	-	-	ccaaacacucguuuaagcuga	agcuuaaacggauguuugcuu	ccaaacacucguuuaagcugaaaaccaaucgauaaaguuuccagcuuaaacggauguuugcuu	1:113736371..113736434:-
1_16182	1.6	93 +/- 3%	-	13	13	0	0	yes	-	-	-	-	uauuugacguuucagcggugcc	caccgcucaaaagucaaauuau	uauuugacguuucagcggugccguguuauuuacgugaccacggcaacuaaugaauucggcaccgcucaaaagucaaauuau	1:268365119..268365200:+
3_8802	1.6	93 +/- 3%	-	35	22	0	13	yes	-	-	-	-	uguuucgagcgacucggaguugg	acaaacccgagcgacucgaa	uguuucgagcgacucggaguugguuggacucggcucaaugaacacaaacccgagcgacucgaa	3:164200648..164200711:+
2_5789	1.6	93 +/- 3%	-	35	22	0	13	yes	-	-	-	-	uguuucgagcgacucggaguugg	acaaacccgagcgacucgaa	uguuucgagcgacucggaguugguuggacucggcucaaugaacacaaacccgagcgacucgaa	2:289170994..289171057:-
2_225	1.5	93 +/- 3%	-	35	22	0	13	yes	-	-	-	-	uguuucgagcgacucggaguugg	acaaacccgagcgacucgaa	uguuucgagcgacucggaguugguuggacucggcucaaugaacacaaacccgagcgacucgaa	2:29232240..29232303:+
3_8825	1.4	93 +/- 3%	-	25	22	0	3	yes	-	-	-	-	uguuucgagcgacucggaguugg	caaacccgagcgacuugaaguag	uguuucgagcgacucggaguugguuggacucggcucaaugaacacaaacccgagcgacuugaaguag	3:170437275..170437342:+
1_17484	1.4	93 +/- 3%	-	205	205	0	0	yes	-	-	-	-	uacggcaagggcugauugcugc	agcauuucaggucuuaucauagu	agcauuucaggucuuaucauaguuugauaguaguccgaacuacuagacugcaaaacuacggcaagggcugauugcugc	1:115827347..115827425:-
3_7683	1.4	93 +/- 3%	-	13	13	0	0	yes	-	-	-	-	aaucauucccaacuucugcugu	agcaguaguugugaaugauuga	agcaguaguugugaaugauugauuuuagauuuauacucaaucauucccaacuucugcugu	3:30232281..30232341:+
2_1461	1.4	93 +/- 3%	-	18	18	0	0	yes	-	-	-	-	aauuuaccucuuguauggaaac	uugcauacaagaggcaaacucu	uugcauacaagaggcaaacucuauaaugcagaugaauuuaccucuuguauggaaac	2:204949628..204949684:+
3_13879	1.3	93 +/- 3%	-	11	10	0	1	yes	-	-	-	-	uucacuaauaccacuaucagga	auagugguguuaguuugcgugg	uucacuaauaccacuaucaggauacgcuaacauugaucguucugauagugguguuaguuugcgugg	3:390185742..390185808:-
3_9585	1.3	93 +/- 3%	-	18	18	0	0	yes	-	-	-	-	aauuuaccucuuguauggaaac	uugcauacaagaggcaaacuca	uugcauacaagaggcaaacucaaugaugcagaugaauuuaccucuuguauggaaac	3:255224279..255224335:+
3_8055	1.3	93 +/- 3%	-	4	4	0	0	yes	-	dme-miR-971-3p	-	-	uugguguuauaucuuacagugag	ggcuguaaguauuacagcaagc	ggcuguaaguauuacagcaagcuugcuauucgaaaggcgcuugguguuauaucuuacagugag	3:82678953..82679016:+
3_10515	1.2	93 +/- 3%	-	10	5	0	5	yes	-	-	-	-	cagcuguugcugccucaaggcgg	cuagagacagcaacagccgcu	cuagagacagcaacagccgcucaaaauuuccuugcgcagcuguugcugccucaaggcgg	3:359743235..359743294:+
3_8331	1.1	93 +/- 3%	-	205	205	0	0	yes	-	-	-	-	uacggcaagggcugauugcugc	agcauuucaggccuuaucauagu	agcauuucaggccuuaucauaguuugauaguauuuugaacuacuagacugcaaaacuacggcaagggcugauugcugc	3:111393777..111393855:+
3_11923	1.1	93 +/- 3%	-	11	8	0	3	yes	-	-	-	-	gacuugaagcaacaacaaccgcu	acggcuguugcugccucuaggc	gacuugaagcaacaacaaccgcucaaaauuuccuugcacggcuguugcugccucuaggc	3:142210979..142211038:-
1_17955	0.9	84 +/- 3%	-	50	50	0	0	yes	-	-	-	-	gaucuggacccgcucuaguguc	ccgagcugguuuaguacaucag	gaucuggacccgcucuagugucaaaauucuucgaccgagcugguuuaguacaucag	1:168140954..168141010:-
2_2345	0.9	84 +/- 3%	-	2	2	0	0	yes	-	dme-miR-2499-5p	-	-	ugugcguauaucgccuccacauu	uguggaggcgauauacguacaug	uguggaggcgauauacguacaugcaccauaaggcugcaugcaagaugugcguauaucgccuccacauu	2:316052768..316052836:+
2_3276	0.9	84 +/- 3%	-	15	14	0	1	no	-	-	-	-	uuuguaguccguugaaaaucguugg	auggauucgguagauuauaca	uuuguaguccguugaaaaucguuggugcaguucucaauucuaccauggauucgguagauuauaca	2:463623975..463624040:+
3_11137	0.9	84 +/- 3%	-	9	9	0	0	yes	-	-	-	-	cgauuugacguuuggcuugggu	ccaagcuaaacgucaaaucauu	cgauuugacguuuggcuugggucguuuucuauugaacggacccaagcuaaacgucaaaucauu	3:46101444..46101507:-
3_11909	0.8	84 +/- 3%	-	50	50	0	0	yes	-	-	-	-	gaucuggacccgcucuaguguc	ccgaguugguuuaguacac	gaucuggacccgcucuagugucaaaauucuuugaccgaguugguuuaguacac	3:140161329..140161382:-
2_3506	0.8	84 +/- 3%	-	18	15	3	0	yes	-	-	-	-	uuagcgugcacgcaucgcugu	aguugcuuuuaugcacc	aguugcuuuuaugcaccaaauuaaccacuccauucgucaaguuggugugguggcaugguuagcgugcacgcaucgcugu	2:19063190..19063269:-
1_16032	0.8	84 +/- 3%	-	9	9	0	0	yes	-	-	-	-	cgauuugacguuuggcuugggu	ccaagccaaacgucaaaucgua	cgauuugacguuuggcuugggucguuuucuauugaacggacccaagccaaacgucaaaucgua	1:248472182..248472245:+
3_13711	0.8	84 +/- 3%	-	9	4	0	5	yes	-	-	-	-	cggcuguugcugccuuaaggc	accuagaggcagcaacagccguu	accuagaggcagcaacagccguucaaaauuuccuugcgcggcuguugcugccuuaaggc	3:369827454..369827513:-
3_13020	0.7	84 +/- 3%	-	173	173	0	0	yes	-	-	-	-	aauuuaucucuuguauggaaac	uuucauacaagaggcaaacuca	uuucauacaagaggcaaacucaaugaugcagaugaauuuaucucuuguauggaaac	3:281642892..281642948:-
3_7988	0.6	84 +/- 3%	-	9	9	0	0	yes	-	-	-	-	gagguguucuaugccuucugga	cagagggucucuaacauuucgc	gagguguucuaugccuucuggaaaaaaugaaggccuucuuccagagggucucuaacauuucgc	3:70829606..70829669:+
1_14000	0.5	84 +/- 3%	-	2	2	0	0	yes	-	dme-miR-184-3p	-	-	aggacggaaagagaaagugu	acuucuucgucgucugcu	aggacggaaagagaaagugugucgucguccucggacacuucuucgucgucugcu	1:3249311..3249365:+
1_17269	0.4	84 +/- 3%	-	16	16	0	0	yes	-	-	-	-	uauagggcuauuauauagcug	cuuguauaauagcacuauauu	uauagggcuauuauauagcugaaauggagcuugucacuuguauaauagcacuauauu	1:86928448..86928505:-
3_12163	0.2	84 +/- 3%	-	10	10	0	0	yes	-	-	-	-	uucgucuugccuuacaugccgc	ggcgugaggugagaauuguc	uucgucuugccuuacaugccgcacagaaaaagcacaauugcaucugauucuugaguuuguucuaugucuggcgugaggugagaauuguc	3:172393920..172394009:-



mature miRBase miRNAs detected by miRDeep2
tag id	miRDeep2 score	estimated probability that the miRNA is a true positive	rfam alert	total read count	mature read count	loop read count	star read count	significant randfold p-value	mature miRBase miRNA	example miRBase miRNA with the same seed	UCSC browser	NCBI blastn	consensus mature sequence	consensus star sequence	consensus precursor sequence	precursor coordinate
1_20449	178021.5	94 +/- 5%	-	349173	349104	1	68	yes	aae-miR-283	dme-miR-283-5p	-	-	caauaucagcugguaauucuggg	cggaauuccaacugauauccac	caauaucagcugguaauucugggcuuaccccaccguuauacgcuucccggaauuccaacugauauccac	1:305625600..305625669:-
1_20445	54063.6	94 +/- 5%	-	106036	106011	0	25	yes	aae-miR-12-5p	dme-miR-12-5p	-	-	ugaguauuacaucagguacuggu	caguacuuauguuaugcucucu	ugaguauuacaucagguacuggugucgauauucgaaucaccaacgaaucggguuccuuugauuaacuuaccaguacuuauguuaugcucucu	1:305613548..305613640:-
2_6886	42857.6	94 +/- 5%	-	84055	84054	0	1	yes	aae-miR-184	dme-miR-184-3p	-	-	uggacggagaacugauaagggc	ccuuaucauucuugcgccccgug	ccuuaucauucuugcgccccguguuauauuguuggcgacuggacggagaacugauaagggc	2:417599380..417599441:-
2_4170	40888.8	94 +/- 5%	-	80193	80128	0	65	yes	aae-miR-2a-5p	dme-miR-2a-3p	-	-	uaucacagccagcuuugaagagcg	acucucaaagugguugugaaaug	acucucaaagugguugugaaaugaguuacucuugaacgaucucauaucacagccagcuuugaagagcg	2:107237501..107237569:-
2_2280	24212.2	94 +/- 5%	-	47485	47449	0	36	yes	aae-miR-305-5p	dme-miR-305-5p	-	-	auuguacuucaucaggugcucugg	cggcacauguuggaguacacuu	auuguacuucaucaggugcucugguuguuuucgauacccggcacauguuggaguacacuu	2:307145445..307145505:+
3_13936	20006.2	94 +/- 5%	-	39233	39212	0	21	yes	aae-miR-308-5p	dme-miR-2a-3p	-	-	aaucacaggaguauacugugag	cgcgguauauucuuguggcuug	cgcgguauauucuuguggcuugaugcauuugaaaaaucucaaaucacaggaguauacugugag	3:403338483..403338546:-
2_4168	14287.4	94 +/- 5%	-	28015	27955	0	60	yes	aae-miR-2c	dme-miR-2a-3p	-	-	uaucacagccagcuuugaugagcu	acucucaaaguggcugugaaaug	acucucaaaguggcugugaaaugguuugauuuugcucauaucacagccagcuuugaugagcu	2:107235884..107235946:-
2_2277	6409.9	94 +/- 5%	-	12564	12550	0	14	yes	aae-miR-275-5p	dme-miR-275-3p	-	-	ucagguaccugaaguagcgcgcg	cgcgcuaagcaggaaccgagacu	cgcgcuaagcaggaaccgagacuuugucauuugcuagcagucagguaccugaaguagcgcgcg	2:307135668..307135731:+
3_8911	6040	94 +/- 5%	-	11842	11786	1	55	yes	aae-bantam-5p	dme-bantam-3p	-	-	ugagaucauuuugaaagcugauu	ccgguuuucauuuucgaucugacu	ccgguuuucauuuucgaucugacuuauuugauuuaacaagagugagaucauuuugaaagcugauu	3:178082830..178082895:+
2_3767	3930.2	94 +/- 5%	-	7701	7685	0	16	yes	aae-miR-190	dme-miR-190-5p	-	-	agauauguuugauauucuugguug	cccaggaaucaaacauauuauu	agauauguuugauauucuugguuguuaaauuuuauauuaucacccaggaaucaaacauauuauu	2:48811878..48811942:-
2_4172	3529.2	94 +/- 5%	-	6914	6395	0	519	yes	aae-miR-13-5p	dme-miR-2a-3p	-	-	uaucacagccauuuugacgaguu	ucguaaaaaugguugugcugu	ucguaaaaaugguugugcuguguuguuacgcucgaaauucauaucacagccauuuugacgaguu	2:107237649..107237713:-
3_12764	3390.8	94 +/- 5%	-	6642	6628	0	14	yes	aae-miR-278-5p	dme-miR-278-3p	-	-	ucggugggacuuucguccguuu	acggacgauagucuucagcggc	acggacgauagucuucagcggccgugcauuugauagaaguggucggugggacuuucguccguuu	3:243123888..243123952:-
3_11422	3167.8	94 +/- 5%	-	6205	6196	0	9	yes	aae-miR-92b-3p	dme-miR-92a-3p	-	-	aauugcacuugucccggccugc	aggucgugacuugugcccauuug	aggucgugacuugugcccauuugcugaauuuuaauggucaaauugcacuugucccggccugc	3:93418515..93418577:-
1_15665	3160.1	94 +/- 5%	-	6190	6187	0	3	yes	aae-miR-996	dme-miR-279-3p	-	-	ugacuagauuacaugcucgucu	gcgugcaugaaucuggugcacg	gcgugcaugaaucuggugcacgguuuuccaguuguaauaucgcuucgugacuagauuacaugcucgucu	1:207012536..207012605:+
3_11326	3037	94 +/- 5%	-	5948	5880	0	68	yes	aae-miR-11-5p	dme-miR-2a-3p	-	-	caucacagucugaguucuugcu	cgagaacuccggcugugaccug	cgagaacuccggcugugaccuguguacacuuuauccaaaucacaucacagucugaguucuugcu	3:75489864..75489928:-
1_18011	2821.2	94 +/- 5%	-	5534	5313	0	221	no	aae-miR-252-5p	dme-miR-252-5p	-	-	cuaaguacuagugccgcaggag	ccugcugcccaagugcuuaucg	cuaaguacuagugccgcaggagagauuugaaccccugcugcccaagugcuuaucg	1:175818157..175818212:-
2_4177	2643.4	94 +/- 5%	-	5183	4253	0	930	yes	aae-miR-71-5p	-	-	-	agaaagacauggguagugagau	ucucacuaccuugucuuucaug	agaaagacauggguagugagauaguuucacccuauugcacugggaucucacuaccuugucuuucaug	2:107238287..107238354:-
2_4095	2164	94 +/- 5%	-	4236	4185	0	51	yes	aae-miR-282-5p	dme-miR-282-5p	-	-	uagccucuccuaggcuuugucu	acauagccugacagagguuagg	uagccucuccuaggcuuugucuguuaccuuccuugggaauuccacuagccagacauagccugacagagguuagg	2:96911966..96912040:-
3_11324	1062	94 +/- 5%	-	2074	2063	0	11	yes	aae-miR-998	dme-miR-285-3p	-	-	uagcaccaugagauucagcuc	acugaacucucgugggucugc	acugaacucucgugggucugcaguugauauuucgaaagcuuguagcaccaugagauucagcuc	3:75489589..75489652:-
1_16983	1031.3	94 +/- 5%	-	2014	1936	0	78	yes	aae-miR-33	dme-miR-33-5p	-	-	gugcauuguaguugcauugca	caauacuucugcaaugcaagc	gugcauuguaguugcauugcacuuuugcguucgauaacacggugcaauacuucugcaaugcaagc	1:50888881..50888946:-
1_15663	1013.4	94 +/- 5%	-	1980	1972	0	8	yes	aae-miR-279	dme-miR-279-3p	-	-	ugacuagauccacacucauuaa	gaugggugugaaucuaguguuuca	gaugggugugaaucuaguguuucacaugauuuucgauagccugugacuagauccacacucauuaa	1:207007788..207007853:+
1_20422	992.4	94 +/- 5%	-	1938	1929	0	9	yes	aae-miR-277-5p	dme-miR-277-3p	-	-	uaaaugcacuaucugguacgaca	cgugucagaagugcauuuaca	cgugucagaagugcauuuacauagguauuucccguuuagcaguauuuguaaaugcacuaucugguacgaca	1:302603812..302603883:-
2_4091	909.5	94 +/- 5%	-	1776	1595	0	181	yes	aae-miR-281-5p	dme-miR-281-2-5p	-	-	aagagagcuauccgucgacagu	ugucauggaauugcucucuuua	aagagagcuauccgucgacaguagggauaugauucacugucauggaauugcucucuuua	2:96469361..96469420:-
2_2515	854.2	94 +/- 5%	-	1668	1659	1	8	yes	aae-miR-14	dme-miR-14-3p	-	-	ucagucuuuuucucucuccuau	gggagcgagauuaaggcuugcu	gggagcgagauuaaggcuugcuggucauuuauuacacucgaagucagucuuuuucucucuccuau	2:344767572..344767637:+
2_6319	708.2	94 +/- 5%	-	1381	1370	0	11	yes	aae-miR-9b	dme-miR-9a-5p	-	-	ucuuuggugauuuuagcuguaug	uauagcuuuaucaccaaaaacc	ucuuuggugauuuuagcuguaugcugauacguuucugauugcauauagcuuuaucaccaaaaacc	2:335780574..335780639:-
2_2673	588.5	94 +/- 5%	-	1146	1145	0	1	yes	aae-miR-2945-5p	dme-miR-279-3p	-	-	ugacuagaggcagacucguuua	agcggguccguuucuagugucaug	agcggguccguuucuagugucaugugcuguauucgaauaucaugacuagaggcagacucguuua	2:374947142..374947206:+
3_10271	528.1	94 +/- 5%	-	1029	1027	0	2	yes	aae-miR-8-5p	dme-miR-8-3p	-	-	uaauacugucagguaaagauguc	caucuuaccgggcagcauuaga	caucuuaccgggcagcauuagauauuuuugaaauacuucuaauacugucagguaaagauguc	3:328527955..328528017:+
2_3932	474.4	94 +/- 5%	-	922	817	0	105	yes	aae-miR-276-5p	dme-miR-276a-3p	-	-	uaggaacuucauaccgugcucu	agcgagguauagaguuccuacg	agcgagguauagaguuccuacguugcgugugcgaaauugguaggaacuucauaccgugcucu	2:73120452..73120514:-
2_3944	425.6	94 +/- 5%	-	826	820	0	6	yes	aae-miR-276-3p	dme-miR-276a-3p	-	-	uaggaacuucauaccgugcucu	agcgagguauagaguuccua	agcgagguauagaguuccuaugcguucggauaaaauauuccauaggaacuucauaccgugcucu	2:73509399..73509463:-
2_6325	389.5	94 +/- 5%	-	756	489	0	267	yes	aae-miR-9c-5p	dme-miR-9a-5p	-	-	ucuuugguauucuagcuguaga	uaaagcuuuaguaccagagguc	ucuuugguauucuagcuguagaauguugagcuuugugauaugguaucuucuaaagcuuuaguaccagagguc	2:335810364..335810436:-
3_9531	185.5	94 +/- 5%	-	355	221	0	134	yes	aae-miR-307	dme-miR-307a-3p	-	-	ucacaaccuccuugagugagcga	acucacucaaccugggugugaug	acucacucaaccugggugugaugcuuauuugaaucaucacaaccuccuugagugagcga	3:244794376..244794435:+
2_663	181.9	94 +/- 5%	-	348	327	0	21	yes	aae-miR-988-5p	dme-miR-988-3p	-	-	ccccuuguugcaaaccucacgc	gugugcuuugugacaaugagau	gugugcuuugugacaaugagauucgguucgauaucauccccuuguugcaaaccucacgc	2:93351380..93351439:+
NIGP01000533_21116	174.9	94 +/- 5%	-	335	332	0	3	yes	aae-miR-970	dme-miR-970-3p	-	-	ucauaagacacacgcggcuau	agcuugcguuugucuuagcugg	agcuugcguuugucuuagcugguauugaaugugauagguaucauaagacacacgcggcuau	NIGP01000533:10107..10168:-
1_15115	174.8	94 +/- 5%	-	335	332	0	3	yes	aae-miR-970	dme-miR-970-3p	-	-	ucauaagacacacgcggcuau	agcuugcguuugucuuagcugg	agcuugcguuugucuuagcugguauugaaugugauagguaucauaagacacacgcggcuau	1:157238423..157238484:+
2_6322	156.7	94 +/- 5%	-	299	286	0	13	yes	aae-miR-79-5p	dme-miR-4-3p	-	-	auaaagcuagauuaccaaagcau	cuuuggcgcuuuagcuguauga	cuuuggcgcuuuagcuguaugauagaauuuaauauuucauaaagcuagauuaccaaagcau	2:335780884..335780945:-
1_17222	94.3	94 +/- 5%	-	177	156	0	21	yes	aae-miR-87	dme-miR-87-3p	-	-	gugagcaaauuuucaggugugu	cagccugaaauuugcuaaaccu	cagccugaaauuugcuaaaccuguguguauuugauucaaacaaucaaggugagcaaauuuucaggugugu	1:80682401..80682471:-
3_8490	30.6	94 +/- 5%	-	54	51	0	3	yes	aae-miR-31	dme-miR-31b-5p	-	-	uggcaagauguuggcauagcuga	agcuauucaacuucuugucuau	uggcaagauguuggcauagcugaaaguuuugaguuuagcuauucaacuucuugucuau	3:136174150..136174208:+
NIGP01001634_21143	30.3	94 +/- 5%	-	51	38	0	13	yes	aae-miR-10365	dme-miR-927-5p	-	-	auuagaauguggaaucuguuuuu	aaaaguuuucauauucuugcgg	auuagaauguggaaucuguuuuuguacaucaaguguuacgaaacgaagcaaaaaaguuuucauauucuugcgg	NIGP01001634:30709..30782:-
3_13381	30.3	94 +/- 5%	-	51	38	0	13	yes	aae-miR-10365	dme-miR-927-5p	-	-	auuagaauguggaaucuguuuuu	aaaaguuuucauauucuugcgg	auuagaauguggaaucuguuuuuguacaucaaguguuacgaaacgaagcaaaaaaguuuucauauucuugcgg	3:320775621..320775694:-
1_15835	17.8	94 +/- 5%	-	36	35	0	1	yes	aae-miR-11900	-	-	-	auuuuuuugacuguaauuuuauag	uaaaauuacguugaaaaaucgucuc	uaaaauuacguugaaaaaucgucucccucaaaaaaugaaaccugagacuaacaggagauuuuuuugacuguaauuuuauag	1:223944071..223944152:+
2_3584	11.3	94 +/- 5%	-	20	15	0	5	yes	aae-miR-11917	-	-	-	cugaaaacuuaaucgauugguc	accaaucgauuagguuuucagcu	cugaaaacuuaaucgauuggucaccaccagcuacugaccaaucgauuagguuuucagcu	2:26876449..26876508:-
3_13680	8.1	94 +/- 5%	-	8	6	0	2	yes	aae-miR-989	dme-miR-989-3p	-	-	ugugaugugacguagugguacc	cgccgcuaccucgcuuucacuug	cgccgcuaccucgcuuucacuugguaccgauuucccauaauccaugugaugugacguagugguacc	3:366439081..366439147:-
2_5658	5.8	93 +/- 5%	-	10	9	0	1	yes	aae-miR-2946	-	-	-	uaguacggaaaagauaugggga	gccauauuuuuaccgcuacugc	gccauauuuuuaccgcuacugcauuucauuguaauaauuguaguacggaaaagauaugggga	2:268456441..268456503:-
1_15394	5.4	93 +/- 5%	-	17	17	0	0	yes	aae-miR-929	dme-miR-929-5p	-	-	aaauugacucuaguagggaguc	cucccuaacggagucagauuga	aaauugacucuaguagggaguccuuguguacgagugacucccuaacggagucagauuga	1:198495526..198495585:+
1_20424	5.2	93 +/- 5%	-	23390	23384	0	6	yes	aae-miR-317	dme-miR-317-3p	-	-	ugaacacagcuggugguaucuca	cgggauacacccugugcucgcu	cgggauacacccugugcucgcuuugcauucgaaacuagugaacacagcuggugguaucuca	1:302667131..302667192:-
2_4176	5.1	93 +/- 5%	-	14977	14976	0	1	yes	aae-miR-2c	dme-miR-2a-3p	-	-	uaucacagccagcuuugauga	gcaucaaauuugguuguuuua	gcaucaaauuugguuguuuuaguacgaccucuuugaaaccccuaucacagccagcuuugauga	2:107237998..107238061:-
2_2997	4.9	92 +/- 5%	-	2240	2218	0	22	yes	aae-miR-965	dme-miR-965-3p	-	-	uaagcguauagcuuuucccau	gggggaaauccuguacgcuguaug	gggggaaauccuguacgcuguauguuguauuugaauaauccauaagcguauagcuuuucccau	2:429778749..429778812:+
2_6423	4.8	92 +/- 5%	-	38	38	0	0	yes	aae-miR-263a-5p	dme-miR-263a-5p	-	-	aauggcacuggaagaauucacggg	cguguucuggcaguggcauccc	aauggcacuggaagaauucacggguauauuuugaaauccccguguucuggcaguggcauccc	2:348784448..348784510:-
3_11430	4.8	92 +/- 5%	-	741	741	0	0	yes	aae-miR-92a-5p	dme-miR-92a-3p	-	-	uauugcacuugucccggccuau	cgguacggacaggggcaacauu	cgguacggacaggggcaacauugugacauuugaaagcuaauauugcacuugucccggccuau	3:93477596..93477658:-
2_2421	4.7	92 +/- 5%	-	14	14	0	0	yes	aae-miR-133	dme-miR-133-3p	-	-	uugguccccuucaaccagcugu	agcugguugacuucgggucaaau	agcugguugacuucgggucaaaucgucaaauauuugcaaagauauuuccucagugaaauuauuugguccccuucaaccagcugu	2:330417065..330417149:+
1_20490	4.7	92 +/- 5%	-	341	302	0	39	yes	aae-miR-1175-5p	dme-miR-958-3p	-	-	ugagauucuacuucuccgacuu	aaguggaguaguggucucaucgcu	aaguggaguaguggucucaucgcuuaguauuagaaaagugagauucuacuucuccgacuu	1:307010046..307010106:-
1_14446	4.2	92 +/- 5%	-	10	10	0	0	yes	aae-miR-11901	dme-miR-2a-3p	-	-	caucacagaauuguuuuuacuga	uguaaaaauaauucuguaaaguu	caucacagaauuguuuuuacugauaaggaacuauguguaaaaauaauucuguaaaguu	1:68805977..68806035:+
2_26	3.9	90 +/- 6%	-	10	10	0	0	yes	aae-miR-219	dme-miR-219-5p	-	-	ugauuguccaaacgcaauucuug	agaguugugacuggacauccgug	ugauuguccaaacgcaauucuuguuuuauucgaauaugauauccaagaguugugacuggacauccgug	2:3715261..3715329:+
3_10816	3.8	90 +/- 6%	-	9	9	0	0	yes	aae-miR-980-5p	dme-miR-980-3p	-	-	uagcugccuagugaagggcaau	ggccguucauugggucaucuagc	ggccguucauugggucaucuagcucguguuggaaacaguuagcugccuagugaagggcaau	3:1054523..1054584:-
2_1568	3.7	90 +/- 6%	-	4177	4176	0	1	yes	aae-miR-7	dme-miR-7-5p	-	-	uggaagacuagugauuuuguuguu	caauaaaucucaagucuuucu	uggaagacuagugauuuuguuguuuugcuuacgauaauaacaauaaaucucaagucuuucu	2:222802544..222802605:+
1_17459	2.1	92 +/- 4%	-	30	30	0	0	yes	aae-miR-11917	-	-	-	uaagcugaaaacuuaaucgauug	aucgauuaaguuuucggcuuaaa	uaagcugaaaacuuaaucgauuggucacaugcuggcggugaucaaucgauuaaguuuucggcuuaaa	1:111885673..111885740:-
2_3830	2.1	92 +/- 4%	-	894	890	0	4	yes	aae-miR-11894a	-	-	-	uuuaccauuucaagaugaccua	ucgucuugaaaugguaaaga	ucgucuugaaaugguaaagagugucaaucaucaucuuuaccauuucaagaugaccua	2:58785158..58785215:-
2_3836	2	92 +/- 4%	-	894	890	0	4	yes	aae-miR-11894a	-	-	-	uuuaccauuucaagaugaccua	ucgucuugaaaugguaaaga	ucgucuugaaaugguaaagagugucaaucaucaucuuuaccauuucaagaugaccua	2:58787426..58787483:-
2_3832	2	92 +/- 4%	-	894	890	0	4	yes	aae-miR-11894a	-	-	-	uuuaccauuucaagaugaccua	ucgucuugaaaugguaaaga	ucgucuugaaaugguaaagagugucaaucaucaucuuuaccauuucaagaugaccua	2:58785850..58785907:-
2_3834	2	92 +/- 4%	-	894	890	0	4	yes	aae-miR-11894a	-	-	-	uuuaccauuucaagaugaccua	ucgucuugaaaugguaaaga	ucgucuugaaaugguaaagagugucaaucaucaucuuuaccauuucaagaugaccua	2:58786284..58786341:-
2_3838	2	92 +/- 4%	-	894	890	0	4	yes	aae-miR-11894a	-	-	-	uuuaccauuucaagaugaccua	ucgucuugaaaugguaaaga	ucgucuugaaaugguaaagagugucaaucaucaucuuuaccauuucaagaugaccua	2:58787948..58788005:-
2_3828	1.9	93 +/- 3%	-	108	108	0	0	yes	aae-miR-11894b	-	-	-	uuuaccauuucaauaugaccua	ggucguauugaaaugguaaaga	ggucguauugaaaugguaaagagugucaaucaucaucuuuaccauuucaauaugaccua	2:58784590..58784649:-
2_6216	1.7	93 +/- 3%	-	148	148	0	0	yes	aae-miR-11895	-	-	-	uucaugcauucacuucugcuga	agcaggagugaaugcaugaguu	agcaggagugaaugcaugaguuugacaucugaaacuaauucaugcauucacuucugcuga	2:324949494..324949554:-
2_6860	1.4	93 +/- 3%	-	678	678	0	0	yes	aae-miR-1890	-	-	-	ugaaaucuuugauuaggucugg	agagcuaauuggagaguucuug	agagcuaauuggagaguucuugaauaguguugugaaccuucaugaaaucuuugauuaggucugg	2:413654961..413655025:-
3_11503	1.4	93 +/- 3%	-	447	447	0	0	yes	aae-miR-2765	-	-	-	ugguaacuccaccaccguuggc	caaugggagcuggaguucccgcg	ugguaacuccaccaccguuggcgauauuugacagccaaugggagcuggaguucccgcg	3:101895454..101895512:-
2_664	1	93 +/- 3%	-	327	327	0	0	no	aae-miR-988-3p	dme-miR-988-3p	-	-	ccccuuguugcaaaccucacgc	ggcagguaggggcaaugggggc	ccccuuguugcaaaccucacgcuugcgguagguuccacaacugcugagagguggcagguaggggcaaugggggc	2:93351417..93351491:+
2_5656	0.9	84 +/- 3%	-	14	14	0	0	yes	aae-miR-2941	-	-	-	uaguacggcuagaacuccacgga	cgugaagcucagcugcauuaca	cgugaagcucagcugcauuacacgauauggaauacgguuuguaguacggcuagaacuccacgga	2:268456314..268456378:-
2_5654	0.9	84 +/- 3%	-	15	15	0	0	yes	aae-miR-2941	-	-	-	uaguacggcuagaacuccacgga	cgugguguuuagacguauuaca	cgugguguuuagacguauuacaugauuuuuugaacauaacuguaguacggcuagaacuccacgga	2:268456010..268456075:-
2_2931	0.7	84 +/- 3%	-	11	11	0	0	yes	aae-miR-11920	-	-	-	agcauuucagacauugguggac	ccaucaacugcugaacuguuuu	ccaucaacugcugaacuguuuuaggcuucguacgaaagcauuucagacauugguggac	2:417927549..417927607:+
3_11340	0.7	84 +/- 3%	-	11	11	0	0	yes	aae-miR-11920	-	-	-	agcauuucagacauugguggac	ccaucaacugcugaacuguuuu	ccaucaacugcugaacuguuuuaggcuucguacgaaagcauuucagacauugguggac	3:77430380..77430438:-
2_1652	0.2	84 +/- 3%	-	3	3	0	0	yes	aae-miR-932-5p	dme-miR-932-5p	-	-	ucaauuccguagugcauugcagu	ugcaagcaauguggaagugaag	ucaauuccguagugcauugcagugugcuuuagacgaacugcaagcaauguggaagugaag	2:231381156..231381216:+
2_1357	0.1	84 +/- 3%	-	3	3	0	0	yes	aae-miR-137	dme-miR-137-3p	-	-	uauugcuugagaauacacguag	acgcguauucuuggguuauuaac	acgcguauucuuggguuauuaacacacuguuuauguuguuauugcuugagaauacacguag	2:189612067..189612128:+
2_2676	-0.1	75 +/- 4%	-	2	2	0	0	yes	aae-let-7	dme-let-7-5p	-	-	ugagguaguugguuguauagu	uaugcaaucugcuagcuuguc	ugagguaguugguuguauaguagugacugauuaaauaucugcuaugcaaucugcuagcuuguc	2:375131497..375131560:+
3_11317	-0.4	75 +/- 4%	-	2	2	0	0	yes	aae-miR-1000	dme-miR-1000-5p	-	-	auauuguccugucacagcagua	cuguuguuucgggacauuuaca	auauuguccugucacagcaguacuguuacaaauuuacuguuguuucgggacauuuaca	3:74204061..74204119:-
2_327	-0.9	75 +/- 4%	-	7	7	0	0	yes	aae-miR-11897a	-	-	-	uaguaaaccuugauuuuguagc	uacagaaucgaggcucacgaug	uacagaaucgaggcucacgaugauuuccaaucauaguaaaccuugauuuuguagc	2:46313963..46314018:+
2_2278	-1	75 +/- 4%	-	12550	12550	0	0	no	aae-miR-275-3p	dme-miR-275-3p	-	-	ucagguaccugaaguagcgcgcg	ucaucaagcgacaacagaggcgugaaa	ucagguaccugaaguagcgcgcgugaucaaacaggaagcgucaucaagcgacaacagaggcgugaaa	2:307135708..307135775:+
2_4368	-2.2	57 +/- 5%	-	13	13	0	0	no	aae-miR-11919	-	-	-	uagcuagguugcggugcacugc	aguguacucugccuggccggc	aguguacucugccuggccggcgcugcugcgagucuagcuagguugcggugcacugc	2:129145074..129145130:-
2_4092	-2.3	57 +/- 5%	-	1595	1595	0	0	no	aae-miR-281-5p	dme-miR-281-2-5p	-	-	aagagagcuauccgucgacagu	cguugacgugggauuuuuuug	cguugacgugggauuuuuuuguucauuuuguucuuucgcugguuucgaauaugaaaauaaagagagcuauccgucgacagu	2:96469398..96469479:-
2_6388	-2.5	57 +/- 5%	-	11	11	0	0	no	aae-miR-11916	-	-	-	gaugccucguaaagcaacugga	caguugcuuuccgagcguagcac	caguugcuuuccgagcguagcacaguuuggaugcgggcccgugcaucguccacggugaugccucguaaagcaacugga	2:344991982..344992060:-
1_14309	-3.3	50 +/- 4%	-	54	53	0	1	no	aae-miR-210	-	-	-	uugugcgugugacaacggcuau	cugcugaccacugcacaagau	cugcugaccacugcacaagauuagauuaugacucuugugcgugugacaacggcuau	1:54892619..54892675:+
NIGP01000443_21085	-4.8	5 +/- 4%	-	31	31	0	0	no	aae-miR-11893	-	-	-	uuccugacuuauacgcuuaccu	guaaguagauaaaucagaaaga	guaaguagauaaaucagaaagacguuuauaucguuucuuccugacuuauacgcuuaccu	NIGP01000443:52102..52161:+
2_1907	-4.8	5 +/- 4%	-	31	31	0	0	no	aae-miR-11893	-	-	-	uuccugacuuauacgcuuaccu	guaaguagauaaaucagaaaga	guaaguagauaaaucagaaagacguuuauaucguuucuuccugacuuauacgcuuaccu	2:257889040..257889099:+
2_1180	-7.1	0 +/- 0%	-	2	2	0	0	no	aae-miR-2943	dme-miR-1002-5p	-	-	uuaaguaggcacuugcaggcaaa	ugacugcuuuuuccuacuuuaca	uuaaguaggcacuugcaggcaaauuuguagcuuuaauaugauugacugcuuuuuccuacuuuaca	2:158469002..158469067:+

#miRBase miRNAs not detected by miRDeep2
miRBase precursor id	total read count	mature read count(s)	star read count	remaining reads	UCSC browser	NCBI blastn	miRBase mature sequence(s)	miRBase star sequence(s)	miRBase precursor sequence
21878	21871	0	7	-	-	cacguuacagauugggguuucc	uaaucucaaauuguaacagugg	-	gagguaaucucaaauuguaacaguggguugauuuuccuggugaaucccggccuuguccuccgucacaagugugacaagugucucgaaaacguguucgcuauacccacguuacagauugggguuucccc	
18916	18916	0	0	-	-	ucagguacugagugacucucag	gagagcaccucgguaucuaagc	-	cauucgcaauuucaccgguucagguacugagugacucucagaugugcauuucucaagcaaucucguccucaggaccugagguugaaaaacccugagagcaccucgguaucuaagccaguguugcgaaaa	
13981	13974	0	7	-	-	ugguuuaucuuaucugucgaggc	gucgacagggagauaaaucacu	-	cauugguuuaucuuaucugucgaggcaaguuauuuuaccggauaguguuucuuuucgugagcaaucaccacuauccagcucuucuugucgacagggagauaaaucacug	
6653	6653	0	0	-	-	caaccacuauccgcccugccgcc	uggcagugugguuagcugguug	-	caaggcaauacgcuauggcagugugguuagcugguuguguagaacuuuggggggcuuccguggcguucgcgcgcacacgggggcucagauucacaaccacuauccgcccugccgccgcgaggugccagg	
15	11	0	4	-	-	aaaugggacugauaugcgaguau	-	ccauucucgcauaacaguaccauauucuugggauuucucauauaaaugggacugauaugcgaguaugg	
8	3	0	5	-	-	ucagaucuacuuaauacccau	-	acuccaauucuggguauuuuagauccuuggcauaguuacgugauugaaugcacuguucuucuuugguuuacccaguaucgaacacgcgucaaucugucagaucuacuuaauacccaua	
4	3	0	1	-	-	ucuuugguuaucuagcuguauga	-	gucaaaguucucuuugguuaucuagcuguaugagugaauuuagaacaucauaaagcuagcauaccgaaguuaauaguugac	
3	3	0	0	-	-	ugucuuuuuccgcuuacugccg	-	ccaacauuuugauugauuugucuuuuuccgcuuacugccgguggcauuugaaauucucgacagcaaaccgaaaaaggcgccucaaucaauu	
3	3	0	0	-	-	ucccugagacccuaacuuguga	-	uuaguuuuguuucugcugauucccugagacccuaacuugugacuauaguugaaguuucacaaguuuugaucuccgguauuagcggucgagauuca	
2	2	0	0	-	-	caugaacgacgacgugacgccg	-	uauaagucccgucgucgccuucaugugcgguggucacaugccacacaugaacgacgacgugacgccgc	
2	2	0	0	-	-	uuuguucguuuggcucgaguua	-	uggaagaauccgaguuacuuaagcccaacguacagaaacuugaaucugaaugccguucuagauuggcuugcuagaaguuuguucguuuggcucgaguuaugcggauucuucugauc	
2	2	0	0	-	-	uggaucuuuucgugccaucgu	cuuggcacugggagaauucacag	-	gaccaauuacgaaccuuggcacugggagaauucacaggcgcuauuugcuaucauucuguggaucuuuucgugccaucguuuaaauucgguc	
2	2	0	0	-	-	uaugaccgauuuaauauauggcu	-	uguuccauguaugauuucggucauguaugcaguugaaaauaauuauaugaccgauuuaauauauggcuca	
1	1	0	0	-	-	ugaggaguuaauuugcguguuu	-	aucuuuuuccgucauguugaggaguuaauuugcguguuuuuguauuugauuaaacacguccauuaacucugguacaugaugauaaaagccaa	
1	1	0	0	-	-	agcauuuuuacaccucaggac	-	ucagcauuuuuacaccucaggacguaagauugcaucgcugccuggagucuugaaguaaaacaaugcuaa	
3	1	0	2	-	-	cacaaggccggauugaucaaga	-	accucggucaauccggaacuguuggcucggcacaaaagcgaccacaaggccggauugaucaagagu	
1	1	0	0	-	-	caaaagaucuggcuacacuga	-	uucagugaugucagaucuuuugucggaauagaagcagauuccuccuucuauucagacaaaagaucuggcuacacugaa	
1	1	0	0	-	-	uaucacaguaguuguacuuuaa	gaaggaacuucugcugugaucuga	-	cguugaaggaacuucugcugugaucugaguuagauacauaucacaguaguuguacuuuaaug	
1	1	0	0	-	-	cuuucgagcaguaaucaaaguc	uuuugauuguugcucagaaagc	-	aguguuucuauaaaauuuugauuguugcucagaaagccgugcauuugaaacgggucgcuuucgagcaguaaucaaagucaaauaaaacacca	
1	1	0	0	-	-	auaaguggggcaaagacaccaa	-	auuuaguguuaucaccgcacuuauucagcauaagaugacgaauaaguggggcaaagacaccaaa	
1	1	0	0	-	-	acguauacugaauguauccuga	cgguauaccuucaguauacguaac	-	gcuucaugaacguauacugaauguauccugagugcuaucuauccgguauaccuucaguauacguaacaggaggc	
1	1	0	0	-	-	uggaauguaaagaaguauggag	-	cgaaaguuccaugcuuccuugcauucaauagugauucugaaagcauauggaauguaaagaaguauggagcgcucgg	
2	1	0	1	-	-	ugaacaagaaugcugagaggau	-	gauucugaacaagaaugcugagaggauucugaacgaaaaucuucucaguauuuuugucagaaucc	
1	1	0	0	-	-	acaacggcagccggaacgaucu	-	uaucucguuccgucguccguaggucgguuuagccaaugcgacaacggcagccggaacgaucug	















1	0	0	1	-	-	ucacuuuuuagugacuugguc	-	caagucacuuuuuagugacuuggucacuuuuuucaaucuggucacuaaaaagucacuau	


















4	0	0	4	-	-	uuggacuggcaugcguuuaugg	-	cccauaaacgcauaauugucccaugugaauagaaaauccagccacauuggacuggcaugcguuuauggg	
