miRDeep2 score	novel miRNAs reported by miRDeep2	novel miRNAs, estimated false positives	novel miRNAs, estimated true positives	known miRNAs in species	known miRNAs in data	known miRNAs detected by miRDeep2	estimated signal-to-noise	excision gearing
10	0	0 +/- 0	0 +/- 0 (0 +/- 0%)	164	3	0 (0%)	0	2
9	0	0 +/- 0	0 +/- 0 (0 +/- 0%)	164	3	0 (0%)	0	2
8	0	0 +/- 0	0 +/- 0 (0 +/- 0%)	164	3	0 (0%)	0	2
7	0	0 +/- 0	0 +/- 0 (0 +/- 0%)	164	3	0 (0%)	0	2
6	0	0 +/- 0	0 +/- 0 (0 +/- 0%)	164	3	0 (0%)	0	2
5	0	0 +/- 0	0 +/- 0 (0 +/- 0%)	164	3	0 (0%)	0	2
4	0	0 +/- 0	0 +/- 0 (0 +/- 0%)	164	3	0 (0%)	0	2
3	0	0 +/- 0	0 +/- 0 (0 +/- 0%)	164	3	0 (0%)	0	2
2	0	0 +/- 0	0 +/- 0 (0 +/- 0%)	164	3	1 (33%)	28.6	2
1	0	0 +/- 0	0 +/- 0 (0 +/- 0%)	164	3	1 (33%)	17.4	2
0	1	1 +/- 1	0 +/- 1 (46 +/- 50%)	164	3	1 (33%)	6.3	2
-1	1	1 +/- 1	0 +/- 0 (23 +/- 42%)	164	3	1 (33%)	3.4	2
-2	1	2 +/- 1	0 +/- 0 (10 +/- 30%)	164	3	1 (33%)	2.1	2
-3	1	3 +/- 2	0 +/- 0 (2 +/- 14%)	164	3	1 (33%)	1.5	2
-4	5	6 +/- 2	1 +/- 1 (10 +/- 18%)	164	3	1 (33%)	1.5	2
-5	8	18 +/- 4	0 +/- 0 (0 +/- 0%)	164	3	1 (33%)	0.6	2
-6	10	27 +/- 4	0 +/- 0 (0 +/- 0%)	164	3	1 (33%)	0.5	2
-7	15	38 +/- 5	0 +/- 0 (0 +/- 0%)	164	3	1 (33%)	0.5	2
-8	19	48 +/- 6	0 +/- 0 (0 +/- 0%)	164	3	1 (33%)	0.5	2
-9	26	59 +/- 7	0 +/- 0 (0 +/- 0%)	164	3	1 (33%)	0.5	2
-10	32	70 +/- 7	0 +/- 0 (0 +/- 0%)	164	3	1 (33%)	0.5	2



novel miRNAs predicted by miRDeep2
provisional id	miRDeep2 score	estimated probability that the miRNA candidate is a true positive	rfam alert	total read count	mature read count	loop read count	star read count	significant randfold p-value	miRBase miRNA	example miRBase miRNA with the same seed	UCSC browser	NCBI blastn	consensus mature sequence	consensus star sequence	consensus precursor sequence	precursor coordinate
2_1281	0.2	46 +/- 50%	-	23	23	0	0	yes	-	-	-	-	aucccacuucugacacca	uugucguguaugugggaauuucc	aucccacuucugacaccaaauugucguguaugugggaauuucc	2:224862812..224862855:-



mature miRBase miRNAs detected by miRDeep2
tag id	miRDeep2 score	estimated probability that the miRNA is a true positive	rfam alert	total read count	mature read count	loop read count	star read count	significant randfold p-value	mature miRBase miRNA	example miRBase miRNA with the same seed	UCSC browser	NCBI blastn	consensus mature sequence	consensus star sequence	consensus precursor sequence	precursor coordinate
2_986	2	0 +/- 0%	-	179	179	0	0	yes	aae-miR-11894a	-	-	-	uuuaccauuucaagaugaccua	ggucgucuugaaaugguaaaga	ggucgucuugaaaugguaaagagugucaaucaucaucuuuaccauuucaagaugaccua	2:58787426..58787485:-
2_980	2	0 +/- 0%	-	179	179	0	0	yes	aae-miR-11894a	-	-	-	uuuaccauuucaagaugaccua	gguugucuugaaaugguaaaga	gguugucuugaaaugguaaagagugucaaccaucaucuuuaccauuucaagaugaccua	2:58783350..58783409:-
2_988	2	0 +/- 0%	-	179	179	0	0	yes	aae-miR-11894a	-	-	-	uuuaccauuucaagaugaccua	ggucgucuugaaaugguaaaga	ggucgucuugaaaugguaaagagugucaaucaucaucuuuaccauuucaagaugaccua	2:58787948..58788007:-
2_984	2	0 +/- 0%	-	179	179	0	0	yes	aae-miR-11894a	-	-	-	uuuaccauuucaagaugaccua	ggucgucuugaaaugguaaaga	ggucgucuugaaaugguaaagagugucaaucaucaucuuuaccauuucaagaugaccua	2:58785850..58785909:-

#miRBase miRNAs not detected by miRDeep2
miRBase precursor id	total read count	mature read count(s)	star read count	remaining reads	UCSC browser	NCBI blastn	miRBase mature sequence(s)	miRBase star sequence(s)	miRBase precursor sequence
15	15	0	0	-	-	uuuaccauuucaauaugaccua	-	gaugggucguauugaaaugguaaagagugucaaucaucaucuuuaccauuucaauaugaccuauu	
5	5	0	0	-	-	uucaugcauucacuucugcuga	-	gauaagcaggagugaaugcaugaguuuggcauuugaaacuaauucaugcauucacuucugcugauc	
3	3	0	0	-	-	caauaucagcugguaauucugggc	-	guucgacugaaaggucaauaucagcugguaauucugggcuuaccccaccguuauacgcuucccggaauuccaacugauauccacuuuuuagucgagaugguca	
2	2	0	0	-	-	uggacggagaacugauaagggc	-	ccgguguauucguacccuuaucauucuugcgccccguguuauauuguuggcgacuggacggagaacugauaagggcccgggucaccuu	
1	1	0	0	-	-	uaucacagccagcuuugaugagc	-	ugcguuggcaucaaauuugguuguuuuaguacgaccucuuugaaaccccuaucacagccagcuuugaugagcaacgca	
2	2	0	0	-	-	uaucacagccagcuuugaugagcu	uaucacagccagcuuugaugagc	-	gggcguauucuagacucucaaaguggcugugaaaugguuuuauuuugcucauaucacagccagcuuugaugagcuggacugcgcacc	
1	1	0	0	-	-	ugacuagauccacacucauuaa	-	acaucccaacgguugucgaugggugugaaucuaguguuucacaugauuuucgauagccugugacuagauccacacucauuaacaaaaguugccgg	
1	1	0	0	-	-	acucucaaagugguugugaaa	uaucacagccagcuuugaagagc	-	ugggaacuguuuccacucucaaagugguugugaaaugaguuacucuugaacgaucucauaucacagccagcuuugaagagcgaaacgguuucucgca	
1	1	0	0	-	-	ugguuuaucuuaucugucgaggc	gucgacagggagauaaaucacu	-	cauugguuuaucuuaucugucgaggcaaguuauuuuaccggauaguguuucuuuucgugagcaaucaccacuauccagcucuucuugucgacagggagauaaaucacug	
1	1	0	0	-	-	caguacuuauguuaugcucucu	ugaguauuacaucagguacuggu	-	uucggacugaguauuacaucagguacuggugucgauauucgaaucaccaacgaaucggguuccuuugauuaacuuaccaguacuuauguuaugcucucuccg	





1	0	0	1	-	-	ucagaucuacuuaauacccau	-	acuccaauucuggguauuuuagauccuuggcauaguuacgugauugaaugcacuguucuucuuugguuuacccaguaucgaacacgcgucaaucugucagaucuacuuaauacccaua	

1	0	0	1	-	-	ugacuagauuacaugcucguc	-	aacucaauuuucgucggcgugcaugaaucuggugcacgguuuuccaguuguaauaucgcuucgugacuagauuacaugcucgucuaugaaguugagau	













3	0	0	3	-	-	cgagauacggagagauugcgaca	-	cagucgccucuucacaucucgauaucgaagggaccaucgagauacggagagauugcgacaa	
























1	0	0	1	-	-	cgguacggacaggggcaacauu	uauugcacuugucccggccua	-	aaucuacgcaucgguacggacaggggcaacauugugacauuugaaagcuaauauugcacuugucccggccuaugcguggagu	




















1	0	0	1	-	-	ucacuuuuuagugacuugguc	-	caagucacuuuuuagugacuuggucacuuuuuucaaucuggucacuaaaaagucacuau	








































1	0	0	1	-	-	auuuuuuugacuguaauuuuauag	-	augguaaaauuacguugaaaaaucgucucccucaaaaaaugaaaccugagacuaacaggagauuuuuuugacuguaauuuuauagu	









