miRDeep2 score	novel miRNAs reported by miRDeep2	novel miRNAs, estimated false positives	novel miRNAs, estimated true positives	known miRNAs in species	known miRNAs in data	known miRNAs detected by miRDeep2	estimated signal-to-noise	excision gearing
10	0	0 +/- 0	0 +/- 0 (0 +/- 0%)	164	65	0 (0%)	0	1
9	0	0 +/- 0	0 +/- 0 (0 +/- 0%)	164	65	0 (0%)	0	1
8	0	0 +/- 0	0 +/- 0 (0 +/- 0%)	164	65	0 (0%)	0	1
7	0	0 +/- 0	0 +/- 0 (0 +/- 0%)	164	65	0 (0%)	0	1
6	0	0 +/- 0	0 +/- 0 (0 +/- 0%)	164	65	0 (0%)	0	1
5	0	0 +/- 0	0 +/- 0 (0 +/- 0%)	164	65	21 (32%)	15.1	1
4	0	0 +/- 0	0 +/- 0 (0 +/- 0%)	164	65	29 (45%)	18.9	1
3	0	0 +/- 0	0 +/- 0 (0 +/- 0%)	164	65	29 (45%)	5.3	1
2	0	0 +/- 0	0 +/- 0 (0 +/- 0%)	164	65	32 (49%)	5.1	1
1	8	5 +/- 2	3 +/- 2 (35 +/- 23%)	164	65	37 (57%)	6.6	1
0	17	16 +/- 4	2 +/- 2 (10 +/- 13%)	164	65	44 (68%)	2.9	1
-1	21	37 +/- 6	0 +/- 0 (0 +/- 0%)	164	65	52 (80%)	1.6	1
-2	24	57 +/- 7	0 +/- 0 (0 +/- 0%)	164	65	53 (82%)	1.1	1
-3	39	75 +/- 7	0 +/- 0 (0 +/- 0%)	164	65	53 (82%)	1	1
-4	47	92 +/- 8	0 +/- 0 (0 +/- 0%)	164	65	56 (86%)	1	1
-5	64	115 +/- 8	0 +/- 0 (0 +/- 0%)	164	65	60 (92%)	1	1
-6	89	144 +/- 8	0 +/- 0 (0 +/- 0%)	164	65	61 (94%)	0.9	1
-7	111	174 +/- 9	0 +/- 0 (0 +/- 0%)	164	65	61 (94%)	0.9	1
-8	131	200 +/- 10	0 +/- 0 (0 +/- 0%)	164	65	61 (94%)	0.9	1
-9	162	224 +/- 10	0 +/- 0 (0 +/- 0%)	164	65	61 (94%)	0.9	1
-10	178	246 +/- 11	0 +/- 0 (0 +/- 0%)	164	65	61 (94%)	0.9	1



novel miRNAs predicted by miRDeep2
provisional id	miRDeep2 score	estimated probability that the miRNA candidate is a true positive	rfam alert	total read count	mature read count	loop read count	star read count	significant randfold p-value	miRBase miRNA	example miRBase miRNA with the same seed	UCSC browser	NCBI blastn	consensus mature sequence	consensus star sequence	consensus precursor sequence	precursor coordinate
3_2242	1.7	35 +/- 23%	-	1081	1081	0	0	yes	-	-	-	-	ucacaugaguuccagguacuggucc	guaacgugccaugggaagucgguuugcau	ucacaugaguuccagguacuggucccgcaaucaucuugaucgggguaacgugccaugggaagucgguuugcau	3:191332510..191332583:+
3_2238	1.7	35 +/- 23%	-	1081	1081	0	0	yes	-	-	-	-	ucacaugaguuccagguacuggucc	guaacgugccaugggaagucgguuugcau	ucacaugaguuccagguacuggucccgcaaucaucuugaucgggguaacgugccaugggaagucgguuugcau	3:191321955..191322028:+
2_1020	1.6	35 +/- 23%	-	27	27	0	0	yes	-	-	-	-	aguggcgaauucaggaaccg	guuccugaauucgccacccu	guuccugaauucgccacccuccauaagaaaucaacgugaguggcgaauucaggaaccg	2:70690752..70690810:-
2_560	1.4	35 +/- 23%	-	236	236	0	0	yes	-	-	-	-	agauauccguucaagcugg	agcgugaucgguugucugg	agauauccguucaagcuggagauuggucacucacugguggagaccaaccgaucagcgugaucgguugucugg	2:303071554..303071626:+
3_2882	1.4	35 +/- 23%	-	1564	1564	0	0	yes	-	-	-	-	aaguggcgaauucaggaaccg	guuccugauucgccacccuc	guuccugauucgccacccuccuuaagaaaugaauguaaguggcgaauucaggaaccg	3:109356417..109356474:-
1_3754	1.4	35 +/- 23%	-	245	245	0	0	yes	-	-	-	-	agugaggucuuugaaggugaacau	gaaucgcugaaguugaccgaacuug	agugaggucuuugaaggugaacauuugcuagucccucgggauuacauuugaaucgcugaaguugaccgaacuug	1:205707984..205708058:+
2_1192	1.3	35 +/- 23%	-	588	588	0	0	yes	-	-	-	-	ggcuuccgagacuuaguuaa	agcugggucuaggagauucc	agcugggucuaggagauuccuaacugcauccuggagauuccuuuugggauccuagguuuuuuuagugggcuuccgagacuuaguuaa	2:145408937..145409024:-
2_1213	1.3	35 +/- 23%	-	1175	1175	0	0	yes	-	-	-	-	acugcauuggccacacgu	gacgcuggguagugg	acugcauuggccacacguacguauacaccuccuaauguacgacgcuggguagugg	2:155613448..155613503:-
1_4025	0.9	10 +/- 13%	-	76	76	0	0	yes	-	-	-	-	ggcaucauccguacuacu	uggcuacgugcugauggcugc	ggcaucauccguacuacuauggcuacgugcugauggcugc	1:15835076..15835116:-
1_4746	0.8	10 +/- 13%	-	2417	2417	0	0	yes	-	-	-	-	auuucuaaguagaagaauaucuc	gauaugauucuauucaaauuaa	gauaugauucuauucaaauuaauagagaucaauuuauuauuucuaaguagaagaauaucuc	1:247554020..247554081:-
3_3070	0.7	10 +/- 13%	-	832	832	0	0	yes	-	-	-	-	gacaccgauaauucucacc	cgagaauugucaccu	cgagaauugucaccucgccauaggacaccgauaauucucacc	3:221931772..221931814:-
1_3707	0.4	10 +/- 13%	-	832	832	0	0	yes	-	-	-	-	gacaccgauaauucucacc	cgagaauugucaccu	cgagaauugucaccucgcuauaggacaccgauaauucucacc	1:184875043..184875085:+
3_2161	0.4	10 +/- 13%	-	984	984	0	0	no	-	dme-miR-137-3p	-	-	gauugcuuaccgauuacgguugguu	aagaucuucauaaacaggggggcgacgg	aagaucuucauaaacaggggggcgacgguguguuaucaagauaagcuuguagugugcugauugcuuaccgauuacgguugguu	3:157231426..157231509:+
3_2729	0.3	10 +/- 13%	-	1156	1156	0	0	yes	-	-	-	-	cuagaagugccucuccacauu	acggguaaaagcgguuucuguca	cuagaagugccucuccacauuuaaagaguaaacacgguuuacucuuuaacggguaaaagcgguuucuguca	3:23516980..23517051:-
3_2922	0.2	10 +/- 13%	-	1564	1564	0	0	yes	-	-	-	-	aaguggcgaauucaggaaccg	guuccugauucgccacccuc	guuccugauucgccacccuccauaagaaaucaaaguaaguggcgaauucaggaaccg	3:137510747..137510804:-
1_4124	0.2	10 +/- 13%	-	513	513	0	0	yes	-	-	-	-	agcacucggcguucgaaaaccc	guuuuccugcacgccgccaaa	guuuuccugcacgccgccaaagaucguccuuagcacucggcguucgaaaaccc	1:82318379..82318432:-
1_3651	0	10 +/- 13%	-	134	134	0	0	yes	-	-	-	-	agccguuuaagcuguuuu	aacuucuuaagccguuuu	aacuucuuaagccguuuucagcuguuuuaagccguuuuuagcuguuuuaagccguuuaagcuguuuu	1:158543295..158543362:+



mature miRBase miRNAs detected by miRDeep2
tag id	miRDeep2 score	estimated probability that the miRNA is a true positive	rfam alert	total read count	mature read count	loop read count	star read count	significant randfold p-value	mature miRBase miRNA	example miRBase miRNA with the same seed	UCSC browser	NCBI blastn	consensus mature sequence	consensus star sequence	consensus precursor sequence	precursor coordinate
3_2812	5.4	0 +/- 0%	-	2349	2349	0	0	yes	aae-miR-998	dme-miR-285-3p	-	-	uagcaccaugagauucagcuc	acugaacucucgugggucugca	acugaacucucgugggucugcaguugauauuucgaaagcuuguagcaccaugagauucagcuc	3:75489589..75489652:-
2_179	5.4	0 +/- 0%	-	1494	1494	0	0	yes	aae-miR-988-5p	dme-miR-988-3p	-	-	ccccuuguugcaaaccucacgcuu	gugugugcuuugugacaaugag	gugugugcuuugugacaaugagauucgguucgauaucauccccuuguugcaaaccucacgcuu	2:93351378..93351441:+
2_1096	5.4	0 +/- 0%	-	7783	7783	0	0	yes	aae-miR-2c	dme-miR-2a-3p	-	-	uaucacagccagcuuugaugagcu	cucucaaaguggcugugaaaug	cucucaaaguggcugugaaaugguuugauuuugcucauaucacagccagcuuugaugagcu	2:107235884..107235945:-
1_4079	5.3	0 +/- 0%	-	2607	2607	0	0	yes	aae-miR-33	dme-miR-33-5p	-	-	gugcauuguaguugcauugca	caauacuucugcaaugcaagc	gugcauuguaguugcauugcacuuuugcguucgauaacacggugcaauacuucugcaaugcaagc	1:50888881..50888946:-
2_1098	5.2	0 +/- 0%	-	12163	12163	0	0	yes	aae-miR-2a-5p	dme-miR-2a-3p	-	-	uaucacagccagcuuugaagagcg	cucucaaagugguugugaaaug	cucucaaagugguugugaaaugaguuacucuugaacgaucucauaucacagccagcuuugaagagcg	2:107237501..107237568:-
1_4854	5.2	0 +/- 0%	-	17	17	0	0	yes	aae-miR-277-5p	dme-miR-277-3p	-	-	uaaaugcacuaucugguacgaca	gcgugucagaagugcauuuaca	gcgugucagaagugcauuuacauagguauuucccguuuagcaguauuuguaaaugcacuaucugguacgaca	1:302603812..302603884:-
2_1075	5.1	0 +/- 0%	-	1636	1636	0	0	yes	aae-miR-282-5p	dme-miR-282-5p	-	-	uagccucuccuaggcuuugucu	acauagccugacagagguuagg	uagccucuccuaggcuuugucuguuaccuuccuugggaauuccacuagccagacauagccugacagagguuagg	2:96911966..96912040:-
1_4863	5.1	0 +/- 0%	-	61216	61216	0	0	yes	aae-miR-283	dme-miR-283-5p	-	-	caauaucagcugguaauucuggg	cggaauuccaacugauauccac	caauaucagcugguaauucugggcuuaccccaccguuauacgcuucccggaauuccaacugauauccac	1:305625600..305625669:-
2_685	5.1	0 +/- 0%	-	4893	4893	0	0	yes	aae-miR-2945-5p	dme-miR-279-3p	-	-	ugacuagaggcagacucguuua	agcggguccguuucuagugucaug	agcggguccguuucuagugucaugugcuguauucgaauaucaugacuagaggcagacucguuua	2:374947142..374947206:+
2_1100	5	0 +/- 0%	-	2810	2810	0	0	yes	aae-miR-13-5p	dme-miR-2a-3p	-	-	uaucacagccauuuugacga	guaaaaaugguugugcugug	guaaaaaugguugugcuguguuguuacgcucgaaauucauaucacagccauuuugacga	2:107237652..107237711:-
2_1722	5	0 +/- 0%	-	3150	3150	0	0	yes	aae-miR-184	dme-miR-184-3p	-	-	uggacggagaacugauaagggc	ccuuaucauucuugcgccccgu	ccuuaucauucuugcgccccguguuauauuguuggcgacuggacggagaacugauaagggc	2:417599380..417599441:-
1_3785	5	0 +/- 0%	-	3752	3752	0	0	yes	aae-miR-996	dme-miR-279-3p	-	-	ugacuagauuacaugcucgucu	gcgugcaugaaucuggugcacg	gcgugcaugaaucuggugcacgguuuuccaguuguaauaucgcuucgugacuagauuacaugcucgucu	1:207012536..207012605:+
3_3372	5	0 +/- 0%	-	6770	6770	0	0	yes	aae-miR-308-5p	dme-miR-2a-3p	-	-	aaucacaggaguauacugugag	cgcgguauauucuuguggcuug	cgcgguauauucuuguggcuugaugcauuugaaaaaucucaaaucacaggaguauacugugag	3:403338483..403338546:-
2_1583	4.9	0 +/- 0%	-	2422	2422	0	0	yes	aae-miR-9b	dme-miR-9a-5p	-	-	ucuuuggugauuuuagcuguaug	uauagcuuuaucaccaaaaacc	ucuuuggugauuuuagcuguaugcugauacguuucugauugcauauagcuuuaucaccaaaaacc	2:335780574..335780639:-
1_3783	4.7	0 +/- 0%	-	953	953	0	0	yes	aae-miR-279	dme-miR-279-3p	-	-	ugacuagauccacacucauua	augggugugaaucuaguguuucaca	augggugugaaucuaguguuucacaugauuuucgauagccugugacuagauccacacucauua	1:207007789..207007852:+
1_4859	4.6	0 +/- 0%	-	22511	22511	0	0	yes	aae-miR-12-5p	dme-miR-12-5p	-	-	ugaguauuacaucagguacuggu	caguacuuauguuaugcucucu	ugaguauuacaucagguacuggugucgauauucgaaucaccaacgaaucggguuccuuugauuaacuuaccaguacuuauguuaugcucucu	1:305613548..305613640:-
3_2571	4.2	0 +/- 0%	-	930	930	0	0	yes	aae-miR-8-5p	dme-miR-8-3p	-	-	uaauacugucagguaaag	uaccgggcagcauuaga	uaccgggcagcauuagauauuuuugaaauacuucuaauacugucagguaaag	3:328527960..328528012:+
2_576	4	0 +/- 0%	-	5868	5868	0	0	yes	aae-miR-305-5p	dme-miR-305-5p	-	-	auuguacuucaucaggugcucugg	ccggcacauguuggaguacacuua	auuguacuucaucaggugcucugguuguuuucgauacccggcacauguuggaguacacuua	2:307145445..307145506:+
2_1106	2.5	0 +/- 0%	-	3	2	0	1	yes	aae-miR-71-5p	-	-	-	agaaagacauggguagugagau	ucucacuaccuugucuuucaug	agaaagacauggguagugagauaguuucacccuauugcacugggaucucacuaccuugucuuucaug	2:107238287..107238354:-
2_998	2.1	0 +/- 0%	-	2085	2085	0	0	yes	aae-miR-11894a	-	-	-	uuuaccauuucaagaugacc	ucgucuugaaaugguaaaga	ucgucuugaaaugguaaagagugucaaucaucaucuuuaccauuucaagaugacc	2:58785160..58785215:-
2_996	2	0 +/- 0%	-	2085	2085	0	0	yes	aae-miR-11894a	-	-	-	uuuaccauuucaagaugacc	uugucuugaaaugguaaaga	uugucuugaaaugguaaagagugucaaccaucaucuuuaccauuucaagaugacc	2:58783352..58783407:-
2_1004	2	0 +/- 0%	-	2085	2085	0	0	yes	aae-miR-11894a	-	-	-	uuuaccauuucaagaugacc	ucgucuugaaaugguaaaga	ucgucuugaaaugguaaagagugucaaucaucaucuuuaccauuucaagaugacc	2:58787950..58788005:-
2_1000	1.9	35 +/- 23%	-	2085	2085	0	0	yes	aae-miR-11894a	-	-	-	uuuaccauuucaagaugacc	ucgucuugaaaugguaaaga	ucgucuugaaaugguaaagagugucaaucaucaucuuuaccauuucaagaugacc	2:58786286..58786341:-
3_3110	1.9	35 +/- 23%	-	5	5	0	0	yes	aae-miR-278-5p	dme-miR-278-3p	-	-	ucggugggacuuucguccguuu	acggacgauagucuucagcggcc	acggacgauagucuucagcggccgugcauuugauagaaguggucggugggacuuucguccguuu	3:243123888..243123952:-
2_1002	1.9	35 +/- 23%	-	2085	2085	0	0	yes	aae-miR-11894a	-	-	-	uuuaccauuucaagaugacc	ucgucuugaaaugguaaaga	ucgucuugaaaugguaaagagugucaaucaucaucuuuaccauuucaagaugacc	2:58787428..58787483:-
2_1104	1.5	35 +/- 23%	-	1684	1684	0	0	yes	aae-miR-2c	-	-	-	ucacagccagcuuugaugagc	gcaucaaauuugguuguuuua	gcaucaaauuugguuguuuuaguacgaccucuuugaaaccccuaucacagccagcuuugaugagc	2:107237996..107238061:-
3_2838	1.2	35 +/- 23%	-	4	4	0	0	yes	aae-miR-92b-3p	dme-miR-92a-3p	-	-	aauugcacuugucccggccugc	aggucgugacuugugcccauuug	aggucgugacuugugcccauuugcugaauuuuaauggucaaauugcacuugucccggccugc	3:93418515..93418577:-
1_4856	1.2	35 +/- 23%	-	8479	8479	0	0	no	aae-miR-317	dme-miR-317-3p	-	-	ugaacacagcuggugguaucu	auacacccugugcucgcu	auacacccugugcucgcuuugcauucgaaacuagugaacacagcuggugguaucu	1:302667133..302667188:-
2_983	1.2	35 +/- 23%	-	895	895	0	0	yes	aae-miR-190	-	-	-	gagauauguuugauauucuugguug	cccaggaaucaaacauauuauuac	gagauauguuugauauucuugguuguuaaauuuuauauuaucacccaggaaucaaacauauuauuac	2:48811876..48811943:-
2_180	1	35 +/- 23%	-	1494	1494	0	0	no	aae-miR-988-3p	dme-miR-988-3p	-	-	ccccuuguugcaaaccucacgcuu	guggcagguaggggcaaugggggc	ccccuuguugcaaaccucacgcuugcgguagguuccacaacugcugagagguggcagguaggggcaaugggggc	2:93351417..93351491:+
3_2814	0.9	10 +/- 13%	-	3	3	0	0	yes	aae-miR-11-5p	dme-miR-2a-3p	-	-	caucacagucugaguucuugcu	cgagaacuccggcugugaccugug	cgagaacuccggcugugaccuguguacacuuuauccaaaucacaucacagucugaguucuugcu	3:75489864..75489928:-
2_573	0.8	10 +/- 13%	-	3	3	0	0	yes	aae-miR-275-5p	dme-miR-4958-3p	-	-	cagguaccugaaguagcgcgcgu	gcgcgcuaagcaggaaccgagac	gcgcgcuaagcaggaaccgagacuuugucauuugcuagcagucagguaccugaaguagcgcgcgu	2:307135667..307135732:+
2_1688	0.7	10 +/- 13%	-	4	4	0	0	yes	aae-miR-1	dme-miR-1-3p	-	-	uggaauguaaagaaguauggag	ccaugcuuccuugcauucaaua	ccaugcuuccuugcauucaauagugauucugaaagcauauggaauguaaagaaguauggag	2:399501023..399501084:-
1_4297	0.7	10 +/- 13%	-	3060	3060	0	0	yes	aae-miR-252-5p	-	-	-	uuacuaaguacuagugccgcagg	ugcugcccaagugcuuaucgaag	uuacuaaguacuagugccgcaggagagauuugaaccccugcugcccaagugcuuaucgaag	1:175818154..175818215:-
2_1032	-0.1	0 +/- 0%	-	1	1	0	0	yes	aae-miR-276-3p	dme-miR-276a-3p	-	-	uaggaacuucauaccgugcucu	agcgagguauagaguuccuaug	agcgagguauagaguuccuaugcguucggauaaaauauuccauaggaacuucauaccgugcucu	2:73509399..73509463:-
1_4870	-0.1	0 +/- 0%	-	2	2	0	0	yes	aae-miR-1175-5p	dme-miR-958-3p	-	-	ugagauucuacuucuccgacuuaa	aaguggaguaguggucucaucgcu	aaguggaguaguggucucaucgcuuaguauuagaaaagugagauucuacuucuccgacuuaa	1:307010044..307010106:-
3_2219	-0.2	0 +/- 0%	-	2295	2295	0	0	no	aae-bantam-5p	dme-bantam-3p	-	-	ugagaucauuuugaaagcugauu	ccgguuuucauuuucgaucugacu	ccgguuuucauuuucgaucugacuuauuugauuuaacaagagugagaucauuuugaaagcugauu	3:178082830..178082895:+
2_1074	-0.5	0 +/- 0%	-	1	1	0	0	yes	aae-miR-281-5p	dme-miR-281-3p	-	-	ugucauggaauugcucucuuuau	aaagagagcuauccgucgacagu	aaagagagcuauccgucgacaguagggauaugauucacugucauggaauugcucucuuuau	2:96469360..96469421:-
2_688	-0.8	0 +/- 0%	-	1	1	0	0	yes	aae-miR-125-5p	dme-miR-125-5p	-	-	ucccugagacccuaacuugugacu	ucacaaguuuugaucuccgguauu	ucccugagacccuaacuugugacuauaguugaaguuucacaaguuuugaucuccgguauu	2:375131781..375131841:+
2_574	-1.2	0 +/- 0%	-	3	3	0	0	yes	aae-miR-275-3p	dme-miR-4958-3p	-	-	cagguaccugaaguagcgcgcgu	gucaucaagcgacaacagaggcgugaa	cagguaccugaaguagcgcgcgugaucaaacaggaagcgucaucaagcgacaacagaggcgugaa	2:307135709..307135774:+
3_2116	-1.6	0 +/- 0%	-	1	1	0	0	yes	aae-miR-31	dme-miR-31b-5p	-	-	uggcaagauguuggcauagcug	gcuauucaacuucuugucuau	uggcaagauguuggcauagcugaaaguuuugaguuuagcuauucaacuucuugucuau	3:136174150..136174208:+
2_1712	-3.5	0 +/- 0%	-	2	2	0	0	yes	aae-miR-1890	-	-	-	ugaaaucuuugauuaggucugg	agagcuaauuggagaguucuug	agagcuaauuggagaguucuugaauaguguugugaaccuucaugaaaucuuugauuaggucugg	2:413654961..413655025:-
2_1570	-3.7	0 +/- 0%	-	1	1	0	0	yes	aae-miR-11895	-	-	-	uucaugcauucacuucugcuga	agcaggagugaaugcaugaguu	agcaggagugaaugcaugaguuugacaucugaaacuaauucaugcauucacuucugcuga	2:324949494..324949554:-
3_2853	-3.9	0 +/- 0%	-	1	1	0	0	yes	aae-miR-2765	-	-	-	ugguaacuccaccaccguuggc	caaugggagcuggaguucccgcg	ugguaacuccaccaccguuggcgauauuugacagccaaugggagcuggaguucccgcg	3:101895454..101895512:-
3_2840	-4.2	0 +/- 0%	-	1	1	0	0	yes	aae-miR-92a-5p	-	-	-	auugcacuugucccggccua	gguacggacaggggcaacau	gguacggacaggggcaacauugugacauuugaaagcuaauauugcacuugucccggccua	3:93477597..93477657:-
2_1615	-4.4	0 +/- 0%	-	1	1	0	0	yes	aae-miR-1891	-	-	-	ugaggaguuaauuugcguguuu	acacguccauuaacucugguac	ugaggaguuaauuugcguguuuuuguauuugauuaaacacguccauuaacucugguac	2:360084867..360084925:-
1_4298	-4.6	0 +/- 0%	-	3060	3060	0	0	no	aae-miR-252-5p	-	-	-	uuacuaaguacuagugccgcagg	cgcggcuuauugcuucuggugauu	cgcggcuuauugcuucuggugauugauaagaauucuuuacuaaguacuagugccgcagg	1:175818192..175818251:-
1_3477	-4.7	0 +/- 0%	-	2	2	0	0	no	aae-miR-210	dme-miR-210-3p	-	-	cuugugcgugugacaacggcuau	agcugcugaccacugcacaagau	agcugcugaccacugcacaagauuagauuaugacucuugugcgugugacaacggcuau	1:54892617..54892675:+
2_999	-4.9	0 +/- 0%	-	2085	2085	0	0	no	aae-miR-11894a	-	-	-	uuuaccauuucaagaugacc	ucaucgcugcauuguaagga	uuuaccauuucaagaugaccuauucuggagagucaucgcugcauuguaagga	2:58786254..58786306:-
1_3817	-5.5	0 +/- 0%	-	1	1	0	0	yes	aae-miR-11900	-	-	-	auuuuuuugacuguaauuuua	aaauuacguugaaaaaucgucu	aaauuacguugaaaaaucgucucccucaaaaaaugaaaccugagacuaacaggagauuuuuuugacuguaauuuua	1:223944073..223944149:+

#miRBase miRNAs not detected by miRDeep2
miRBase precursor id	total read count	mature read count(s)	star read count	remaining reads	UCSC browser	NCBI blastn	miRBase mature sequence(s)	miRBase star sequence(s)	miRBase precursor sequence
2449	2449	0	0	-	-	ucagguacugagugacucucag	gagagcaccucgguaucuaagc	-	cauucgcaauuucaccgguucagguacugagugacucucagaugugcauuucucaagcaaucucguccucaggaccugagguugaaaaacccugagagcaccucgguaucuaagccaguguugcgaaaa	
2186	2186	0	0	-	-	cacguuacagauugggguuucc	uaaucucaaauuguaacagugg	-	gagguaaucucaaauuguaacaguggguugauuuuccuggugaaucccggccuuguccuccgucacaagugugacaagugucucgaaaacguguucgcuauacccacguuacagauugggguuucccc	
255	255	0	0	-	-	caaccacuauccgcccugccgcc	uggcagugugguuagcugguug	-	caaggcaauacgcuauggcagugugguuagcugguuguguagaacuuuggggggcuuccguggcguucgcgcgcacacgggggcucagauucacaaccacuauccgcccugccgccgcgaggugccagg	
126	126	0	0	-	-	ugguuuaucuuaucugucgaggc	gucgacagggagauaaaucacu	-	cauugguuuaucuuaucugucgaggcaaguuauuuuaccggauaguguuucuuuucgugagcaaucaccacuauccagcucuucuugucgacagggagauaaaucacug	
2	2	0	0	-	-	uugguccccuucaaccagcugu	-	cucggaaucgcugaauauagcugguugacuucgggucaaaucgucaaauauuugcaaagauauuuccucagugaaaucauuugguccccuucaaccagcuguagcagugaugcauuaca	
1	1	0	0	-	-	uuuaccauuucaauaugaccua	-	gaugggucguauugaaaugguaaagagugucaaucaucaucuuuaccauuucaauaugaccuauu	

























































1	1	0	0	-	-	uaggaacuucauaccgugcuc	agcgagguauagaguuccuac	-	acuggugauugccaucagcgagguauagaguuccuacguugcgugugcgaaauugguaggaacuucauaccgugcucuuggcuagccguga	























