miRDeep2 score	novel miRNAs reported by miRDeep2	novel miRNAs, estimated false positives	novel miRNAs, estimated true positives	known miRNAs in species	known miRNAs in data	known miRNAs detected by miRDeep2	estimated signal-to-noise	excision gearing
10	0	0 +/- 0	0 +/- 0 (0 +/- 0%)	164	3	0 (0%)	0	2
9	0	0 +/- 0	0 +/- 0 (0 +/- 0%)	164	3	0 (0%)	0	2
8	0	0 +/- 0	0 +/- 0 (0 +/- 0%)	164	3	0 (0%)	0	2
7	0	0 +/- 0	0 +/- 0 (0 +/- 0%)	164	3	0 (0%)	0	2
6	0	0 +/- 0	0 +/- 0 (0 +/- 0%)	164	3	0 (0%)	0	2
5	0	0 +/- 0	0 +/- 0 (0 +/- 0%)	164	3	0 (0%)	0	2
4	0	0 +/- 0	0 +/- 0 (0 +/- 0%)	164	3	0 (0%)	0	2
3	0	0 +/- 0	0 +/- 0 (0 +/- 0%)	164	3	0 (0%)	0	2
2	0	0 +/- 0	0 +/- 0 (0 +/- 0%)	164	3	1 (33%)	14.3	2
1	0	0 +/- 0	0 +/- 0 (0 +/- 0%)	164	3	2 (67%)	12.5	2
0	1	0 +/- 1	1 +/- 0 (65 +/- 48%)	164	3	2 (67%)	7.5	2
-1	1	1 +/- 1	0 +/- 0 (40 +/- 49%)	164	3	3 (100%)	5.1	2
-2	1	1 +/- 1	0 +/- 0 (30 +/- 46%)	164	3	3 (100%)	3.8	2
-3	4	2 +/- 1	2 +/- 1 (49 +/- 27%)	164	3	3 (100%)	3.5	2
-4	8	3 +/- 1	5 +/- 1 (59 +/- 18%)	164	3	3 (100%)	3.4	2
-5	10	9 +/- 2	1 +/- 2 (13 +/- 16%)	164	3	3 (100%)	1.4	2
-6	12	16 +/- 3	0 +/- 1 (1 +/- 5%)	164	3	3 (100%)	1	2
-7	16	22 +/- 4	0 +/- 0 (1 +/- 3%)	164	3	3 (100%)	0.9	2
-8	18	30 +/- 4	0 +/- 0 (0 +/- 0%)	164	3	3 (100%)	0.7	2
-9	22	36 +/- 5	0 +/- 0 (0 +/- 0%)	164	3	3 (100%)	0.7	2
-10	26	43 +/- 5	0 +/- 0 (0 +/- 0%)	164	3	3 (100%)	0.7	2



novel miRNAs predicted by miRDeep2
provisional id	miRDeep2 score	estimated probability that the miRNA candidate is a true positive	rfam alert	total read count	mature read count	loop read count	star read count	significant randfold p-value	miRBase miRNA	example miRBase miRNA with the same seed	UCSC browser	NCBI blastn	consensus mature sequence	consensus star sequence	consensus precursor sequence	precursor coordinate
3_908	0	65 +/- 48%	-	3	2	0	1	yes	-	-	-	-	ucggggugaaauugaucac	uuuucaaaacaacuccac	ucggggugaaauugaucacuugucaaugucauuauuguuaguuuucaaaacaacuccac	3:105244947..105245006:+



mature miRBase miRNAs detected by miRDeep2
tag id	miRDeep2 score	estimated probability that the miRNA is a true positive	rfam alert	total read count	mature read count	loop read count	star read count	significant randfold p-value	mature miRBase miRNA	example miRBase miRNA with the same seed	UCSC browser	NCBI blastn	consensus mature sequence	consensus star sequence	consensus precursor sequence	precursor coordinate
2_414	2	0 +/- 0%	-	74	74	0	0	yes	aae-miR-11894a	-	-	-	uuuaccauuucaagaugaccua	ggucgucuugaaaugguaaaga	ggucgucuugaaaugguaaagagugucaaucaucaucuuuaccauuucaagaugaccua	2:58787948..58788007:-
2_412	2	0 +/- 0%	-	74	74	0	0	yes	aae-miR-11894a	-	-	-	uuuaccauuucaagaugaccua	ggucgucuugaaaugguaaaga	ggucgucuugaaaugguaaagagugucaaucaucaucuuuaccauuucaagaugaccua	2:58785850..58785909:-
2_664	1.7	0 +/- 0%	-	12	12	0	0	yes	aae-miR-11895	-	-	-	uucaugcauucacuucugcuga	agcaggagugaaugcaugaguu	agcaggagugaaugcaugaguuugacaucugaaacuaauucaugcauucacuucugcuga	2:324949494..324949554:-
2_410	-0.4	40 +/- 49%	-	7	7	0	0	yes	aae-miR-11894b	-	-	-	uuuaccauuucaauaugaccua	ggucguauugaaaugguaaaga	ggucguauugaaaugguaaagagugucaaucaucaucuuuaccauuucaauaugaccua	2:58784590..58784649:-

#miRBase miRNAs not detected by miRDeep2
miRBase precursor id	total read count	mature read count(s)	star read count	remaining reads	UCSC browser	NCBI blastn	miRBase mature sequence(s)	miRBase star sequence(s)	miRBase precursor sequence
3	2	0	1	-	-	ugguuuaucuuaucugucgaggc	gucgacagggagauaaaucacu	-	cauugguuuaucuuaucugucgaggcaaguuauuuuaccggauaguguuucuuuucgugagcaaucaccacuauccagcucuucuugucgacagggagauaaaucacug	
1	1	0	0	-	-	uaaguacuagugccgcaggag	cugcugcccaagugcuuaucg	-	gaauucuuuacuaaguacuagugccgcaggagagauuugaaccccugcugcccaagugcuuaucgaagagu	
1	1	0	0	-	-	gcuuuggcgcuuuagcuguauga	uaaagcuagauuaccaaagcau	-	gaacccaucguccaugcuuuggcgcuuuagcuguaugauagaauuuaauauuucauaaagcuagauuaccaaagcauggaaggcuugggcgguguc	
1	1	0	0	-	-	aaucacaggaguauacug	cgcgguauauucuuguggcuug	-	agcgcuguuucgcgguauauucuuguggcuugaugcauuugaaaaaucucaaaucacaggaguauacugugagaga	




















1	0	0	1	-	-	cgagauacggagagauugcgaca	-	cagucgccucuucacaucucgauaucgaagggaccaucgagauacggagagauugcgacaa	



























































































1	0	0	1	-	-	auuuuuuugacuguaauuuuauag	-	augguaaaauuacguugaaaaaucgucucccucaaaaaaugaaaccugagacuaacaggagauuuuuuugacuguaauuuuauagu	








1	0	0	1	-	-	uuggacuggcaugcguuuaugg	-	cccauaaacgcauaauugucccaugugaauagaaaauccagccacauuggacuggcaugcguuuauggg	
