miRDeep2 score	novel miRNAs reported by miRDeep2	novel miRNAs, estimated false positives	novel miRNAs, estimated true positives	known miRNAs in species	known miRNAs in data	known miRNAs detected by miRDeep2	estimated signal-to-noise	excision gearing
10	1	0 +/- 0	1 +/- 0 (90 +/- 30%)	164	128	58 (45%)	90.2	1
9	1	0 +/- 0	1 +/- 0 (90 +/- 30%)	164	128	58 (45%)	90.2	1
8	1	0 +/- 0	1 +/- 0 (90 +/- 30%)	164	128	59 (46%)	92.2	1
7	1	0 +/- 0	1 +/- 0 (89 +/- 31%)	164	128	60 (47%)	90.6	1
6	1	0 +/- 0	1 +/- 0 (89 +/- 31%)	164	128	60 (47%)	90.6	1
5	2	0 +/- 0	2 +/- 0 (93 +/- 19%)	164	128	75 (59%)	91	1
4	3	0 +/- 0	3 +/- 0 (95 +/- 13%)	164	128	97 (76%)	100	1
3	4	0 +/- 1	4 +/- 1 (91 +/- 16%)	164	128	99 (77%)	67.8	1
2	7	0 +/- 1	7 +/- 1 (93 +/- 10%)	164	128	100 (78%)	51.7	1
1	12	1 +/- 1	11 +/- 1 (94 +/- 6%)	164	128	108 (84%)	37.1	1
0	14	2 +/- 1	12 +/- 1 (89 +/- 9%)	164	128	111 (87%)	19.5	1
-1	19	4 +/- 2	15 +/- 2 (81 +/- 10%)	164	128	115 (90%)	12.9	1
-2	23	20 +/- 3	3 +/- 3 (14 +/- 12%)	164	128	117 (91%)	4.5	1
-3	47	38 +/- 5	9 +/- 5 (20 +/- 10%)	164	128	119 (93%)	3.3	1
-4	109	47 +/- 6	62 +/- 6 (57 +/- 5%)	164	128	121 (95%)	3.8	1
-5	154	96 +/- 8	58 +/- 8 (37 +/- 5%)	164	128	121 (95%)	2.4	1
-6	178	229 +/- 10	0 +/- 0 (0 +/- 0%)	164	128	121 (95%)	1.2	1
-7	194	350 +/- 11	0 +/- 0 (0 +/- 0%)	164	128	122 (95%)	0.8	1
-8	229	444 +/- 13	0 +/- 0 (0 +/- 0%)	164	128	122 (95%)	0.7	1
-9	331	516 +/- 15	0 +/- 0 (0 +/- 0%)	164	128	122 (95%)	0.8	1
-10	435	581 +/- 16	0 +/- 0 (0 +/- 0%)	164	128	122 (95%)	0.9	1



novel miRNAs predicted by miRDeep2
provisional id	miRDeep2 score	estimated probability that the miRNA candidate is a true positive	rfam alert	total read count	mature read count	loop read count	star read count	significant randfold p-value	miRBase miRNA	example miRBase miRNA with the same seed	UCSC browser	NCBI blastn	consensus mature sequence	consensus star sequence	consensus precursor sequence	precursor coordinate
3_8146	345.4	90 +/- 30%	-	676	672	0	4	yes	-	-	-	-	guaggccggcggaaacuacuugc	agggguuucuuucggccucca	agggguuucuuucggccuccagcggcauuagauaguuguaggccggcggaaacuacuugc	3:6069685..6069745:-
3_6073	5.2	93 +/- 19%	-	580	580	0	0	yes	-	dme-miR-971-3p	-	-	uugguguuauaucuuacagugag	ggcuguaaguauuacagcaagc	ggcuguaaguauuacagcaagcuugcuauucgaaaggcgcuugguguuauaucuuacagugag	3:82678953..82679016:+
1_12004	4.2	95 +/- 13%	-	115	115	0	0	yes	-	dme-miR-iab-8-5p	-	-	uuacguauacugaagguauacc	gauacauucaguauacguucau	uuacguauacugaagguauaccggauagauagcacucaggauacauucaguauacguucau	1:308965424..308965485:+
2_2559	3	91 +/- 16%	-	6	4	0	2	yes	-	-	-	-	uuccaggugggaguuaucugaua	aacagaacuuuccaucugaacg	uuccaggugggaguuaucugauaugugaauaugguaccauaacagaacuuuccaucugaacg	2:468829080..468829142:+
2_4528	2.1	93 +/- 10%	-	5	4	0	1	yes	-	-	-	-	uuccaggugggaguuaucugaua	aacagaauuuuucaucugaacg	uuccaggugggaguuaucugauaugugaauaugguaccauaacagaauuuuucaucugaacg	2:294830807..294830869:-
3_8784	2	93 +/- 10%	-	12	12	0	0	yes	-	-	-	-	ugaggcgucuucugguggcug	gucaccaucugauacugacg	gucaccaucugauacugacggaggauggacgugcuccccaaagcacgguccuccgugaggcgucuucugguggcug	3:131468003..131468079:-
NIGP01002251_14665	2	93 +/- 10%	-	2	1	0	1	yes	-	-	-	-	uauuugacguuuuagcggugcc	uaccgcucuaaagucaaauuagu	uauuugacguuuuagcggugccguguuauucaugugaccaugguaacgagugaauuugguaccgcucuaaagucaaauuagu	NIGP01002251:27439..27521:+
2_713	1.8	94 +/- 6%	-	12	12	0	0	yes	-	-	-	-	ugaggcgucuucugguggcug	gucaccaucugauacugacg	gucaccaucugauacugacggaggaugaaugugcuccccaaagcacgguccuccgugaggcgucuucugguggcug	2:131028171..131028247:+
3_8272	1.7	94 +/- 6%	-	12	12	0	0	yes	-	-	-	-	ugaggcgucuucugguggcug	gucaccaucugauacugacg	gucaccaucugauacugacggaggauggaugugcuccccgaggcacgguacuccgugaggcgucuucugguggcug	3:28360472..28360548:-
2_2956	1.6	94 +/- 6%	-	12	12	0	0	yes	-	-	-	-	ugaggcgucuucugguggcug	gucaccaucugauacugaca	gucaccaucugauacugacagaggauggaugugcuccccacagcacgguccuccgugaggcgucuucugguggcug	2:62187352..62187428:-
2_1516	1.4	94 +/- 6%	-	4	2	0	2	yes	-	-	-	-	cauggaucgauccugguugaug	aacaagcagguuuagugcugugg	aacaagcagguuuagugcugugguauaguauuugguucucacgcuuaugaccauggaucgauccugguugaug	2:253833822..253833895:+
3_8786	1	94 +/- 6%	-	2	1	0	1	yes	-	-	-	-	gguccauaugaaccuggaa	gggaucauggauugaaau	gggaucauggauugaaaugguccauaugaaccuggaa	3:131610107..131610144:-
3_8041	0.3	89 +/- 9%	-	1	1	0	0	yes	-	dme-miR-9372-5p	-	-	gaaaagcagccgccaaaagaca	uguuuugggggcugcuuuuucu	uguuuugggggcugcuuuuucugaguucauugagcuuugaagaagcacuugagaaaagcagccgccaaaagaca	3:403338067..403338141:+
2_1586	0.1	89 +/- 9%	-	2	2	0	0	yes	-	dme-miR-277-3p	-	-	uaaaugcaugucagucccaugu	augggacaauuaugcguauaug	uaaaugcaugucagucccauguuugcuggguuuccuauucacaugggacaauuaugcguauaug	2:265468552..265468616:+



mature miRBase miRNAs detected by miRDeep2
tag id	miRDeep2 score	estimated probability that the miRNA is a true positive	rfam alert	total read count	mature read count	loop read count	star read count	significant randfold p-value	mature miRBase miRNA	example miRBase miRNA with the same seed	UCSC browser	NCBI blastn	consensus mature sequence	consensus star sequence	consensus precursor sequence	precursor coordinate
1_14396	45280.9	90 +/- 30%	-	88808	88726	1	81	yes	aae-miR-277-5p	dme-miR-277-3p	-	-	uaaaugcacuaucugguacgaca	cgugucagaagugcauuuaca	cgugucagaagugcauuuacauagguauuucccguuuagcaguauuuguaaaugcacuaucugguacgaca	1:302603812..302603883:-
3_7655	10909.6	90 +/- 30%	-	21392	21257	0	135	yes	aae-miR-8-5p	dme-miR-8-3p	-	-	uaauacugucagguaaagauguc	caucuuaccgggcagcauuaga	caucuuaccgggcagcauuagauauuuuugaaauacuucuaauacugucagguaaagauguc	3:328527955..328528017:+
2_3115	8465.1	90 +/- 30%	-	16596	14439	0	2157	yes	aae-miR-281-5p	dme-miR-281-2-5p	-	-	aagagagcuauccgucgacagu	ugucauggaauugcucucuuua	aagagagcuauccgucgacaguagggauaugauucacugucauggaauugcucucuuua	2:96469361..96469420:-
2_5130	6629.5	90 +/- 30%	-	12996	12980	0	16	yes	aae-miR-1	dme-miR-1-3p	-	-	uggaauguaaagaaguauggag	ccaugcuuccuugcauucaau	ccaugcuuccuugcauucaauagugauucugaaagcauauggaauguaaagaaguauggag	2:399501023..399501084:-
1_14421	6036.1	90 +/- 30%	-	11832	11829	0	3	yes	aae-miR-12-5p	dme-miR-12-5p	-	-	ugaguauuacaucagguacuggu	ccaguacuuauguuaugcucuc	ugaguauuacaucagguacuggugucgauauucgaaucaccaacgaaucggguuccuuugauuaacuuaccaguacuuauguuaugcucuc	1:305613549..305613640:-
2_5236	5011.2	90 +/- 30%	-	9821	9814	0	7	yes	aae-miR-184	dme-miR-184-3p	-	-	uggacggagaacugauaagggc	ccuuaucauucuugcgccccgu	ccuuaucauucuugcgccccguguuauauuguuggcgacuggacggagaacugauaagggc	2:417599380..417599441:-
3_6653	4846.5	90 +/- 30%	-	9501	9469	2	30	yes	aae-bantam-5p	dme-bantam-3p	-	-	ugagaucauuuugaaagcugauu	ccgguuuucauuuucgaucugacu	ccgguuuucauuuucgaucugacuuauuugauuuaacaagagugagaucauuuugaaagcugauu	3:178082830..178082895:+
3_10402	4128.7	90 +/- 30%	-	8090	8071	0	19	yes	aae-miR-308-5p	dme-miR-2a-3p	-	-	aaucacaggaguauacugugag	cgcgguauauucuuguggcuug	cgcgguauauucuuguggcuugaugcauuugaaaaaucucaaaucacaggaguauacugugag	3:403338483..403338546:-
3_6366	3339.8	90 +/- 30%	-	6545	6483	0	62	yes	aae-miR-31	dme-miR-31b-5p	-	-	uggcaagauguuggcauagcug	agcuauucaacuucuugucuau	uggcaagauguuggcauagcugaaaguuuugaguuuagcuauucaacuucuugucuau	3:136174150..136174208:+
2_1824	2149.5	90 +/- 30%	-	4210	4205	0	5	yes	aae-miR-305-5p	dme-miR-305-5p	-	-	auuguacuucaucaggugcucugg	cggcacauguuggaguacacuu	auuguacuucaucaggugcucugguuguuuucgauacccggcacauguuggaguacacuu	2:307145445..307145505:+
2_3036	1645.9	90 +/- 30%	-	3220	2753	0	467	yes	aae-miR-276-5p	dme-miR-276a-3p	-	-	uaggaacuucauaccgugcucu	agcgagguauagaguuccuacg	agcgagguauagaguuccuacguugcgugugcgaaauugguaggaacuucauaccgugcucu	2:73120452..73120514:-
2_3038	1435.1	90 +/- 30%	-	2806	2763	0	43	yes	aae-miR-276-3p	dme-miR-276a-3p	-	-	uaggaacuucauaccgugcucu	agcgagguauagaguuccua	agcgagguauagaguuccuaugcguucggauaaaauauuccauaggaacuucauaccgugcucu	2:73509399..73509463:-
2_566	1162	90 +/- 30%	-	2272	2235	0	37	yes	aae-miR-9a	dme-miR-9a-5p	-	-	ucuuugguuaucuagcuguauga	uaaagcuagcauaccgaaguua	ucuuugguuaucuagcuguaugagugaauuuagaacaucauaaagcuagcauaccgaaguua	2:108461947..108462009:+
3_8498	1013.5	90 +/- 30%	-	1979	1970	0	9	yes	aae-miR-11-5p	dme-miR-2a-3p	-	-	caucacagucugaguucuugcu	cgagaacuccggcugugaccug	cgagaacuccggcugugaccuguguacacuuuauccaaaucacaucacagucugaguucuugcu	3:75489864..75489928:-
1_12951	847.6	90 +/- 30%	-	1663	1492	0	171	no	aae-miR-252-5p	dme-miR-252-5p	-	-	cuaaguacuagugccgcaggag	ccugcugcccaagugcuuaucg	cuaaguacuagugccgcaggagagauuugaaccccugcugcccaagugcuuaucg	1:175818157..175818212:-
3_10220	818.8	90 +/- 30%	-	1598	1554	0	44	yes	aae-miR-989	dme-miR-989-3p	-	-	ugugaugugacguagugguac	cgccgcuaccucgcuuucac	cgccgcuaccucgcuuucacuugguaccgauuucccauaauccaugugaugugacguagugguac	3:366439082..366439147:-
2_2160	759.6	90 +/- 30%	-	1482	1480	0	2	yes	aae-let-7	dme-let-7-5p	-	-	ugagguaguugguuguauagu	cuaugcaaucugcuagcuugucg	ugagguaguugguuguauaguagugacugauuaaauaucugcuaugcaaucugcuagcuugucg	2:375131497..375131561:+
2_3170	715.5	90 +/- 30%	-	1395	1372	0	23	yes	aae-miR-13-5p	dme-miR-2a-3p	-	-	uaucacagccauuuugacgaguu	ucguaaaaaugguugugcugu	ucguaaaaaugguugugcuguguuguuacgcucgaaauucauaucacagccauuuugacgaguu	2:107237649..107237713:-
2_4811	708.2	90 +/- 30%	-	1381	1380	0	1	yes	aae-miR-9b	dme-miR-9a-5p	-	-	ucuuuggugauuuuagcuguaug	uauagcuuuaucaccaaaaac	ucuuuggugauuuuagcuguaugcugauacguuucugauugcauauagcuuuaucaccaaaaac	2:335780575..335780639:-
2_4817	677.6	90 +/- 30%	-	1321	1229	0	92	yes	aae-miR-9c-5p	dme-miR-9a-5p	-	-	ucuuugguauucuagcuguaga	uaaagcuuuaguaccagagguc	ucuuugguauucuagcuguagaauguugagcuuugugauaugguaucuucuaaagcuuuaguaccagagguc	2:335810364..335810436:-
1_11388	576.6	90 +/- 30%	-	1122	1121	0	1	yes	aae-miR-929	dme-miR-929-5p	-	-	aaauugacucuaguagggaguc	cucccuaacggagucagauuga	aaauugacucuaguagggaguccuuguguacgagugacucccuaacggagucagauuga	1:198495526..198495585:+
2_1995	533	90 +/- 30%	-	1038	1029	0	9	yes	aae-miR-14	dme-miR-14-3p	-	-	ucagucuuuuucucucuccuau	gggagcgagauuaaggcuugcu	gggagcgagauuaaggcuugcuggucauuuauuacacucgaagucagucuuuuucucucuccuau	2:344767572..344767637:+
3_9516	491.4	90 +/- 30%	-	955	954	0	1	yes	aae-miR-278-5p	dme-miR-278-3p	-	-	ucggugggacuuucguccguuu	acggacgauagucuucagcggcc	acggacgauagucuucagcggccgugcauuugauagaaguggucggugggacuuucguccguuu	3:243123888..243123952:-
2_2373	469	90 +/- 30%	-	912	911	0	1	yes	aae-miR-965	dme-miR-965-3p	-	-	uaagcguauagcuuuucccauu	gggggaaauccuguacgcuguau	gggggaaauccuguacgcuguauguuguauuugaauaauccauaagcguauagcuuuucccauu	2:429778749..429778813:+
3_8112	407.7	90 +/- 30%	-	791	790	0	1	yes	aae-miR-980-5p	dme-miR-980-3p	-	-	uagcugccuagugaagggcaau	cggccguucauugggucaucuagc	cggccguucauugggucaucuagcucguguuggaaacaguuagcugccuagugaagggcaau	3:1054523..1054585:-
3_7101	350.7	90 +/- 30%	-	679	533	0	146	yes	aae-miR-307	dme-miR-307a-3p	-	-	ucacaaccuccuugagugagcga	acucacucaaccugggugugau	acucacucaaccugggugugaugcuuauuugaaucaucacaaccuccuugagugagcga	3:244794376..244794435:+
3_8496	258.5	90 +/- 30%	-	498	497	0	1	yes	aae-miR-998	dme-miR-285-3p	-	-	uagcaccaugagauucagcuc	acugaacucucgugggucugca	acugaacucucgugggucugcaguugauauuucgaaagcuuguagcaccaugagauucagcuc	3:75489589..75489652:-
2_2889	240.6	90 +/- 30%	-	464	459	0	5	yes	aae-miR-190	dme-miR-190-5p	-	-	agauauguuugauauucuugguug	cccaggaaucaaacauauuauu	agauauguuugauauucuugguuguuaaauuuuauauuaucacccaggaaucaaacauauuauu	2:48811878..48811942:-
2_4939	213.8	90 +/- 30%	-	419	322	0	97	yes	aae-miR-1891	-	-	-	ugaggaguuaauuugcguguuu	acacguccauuaacucuggua	ugaggaguuaauuugcguguuuuuguauuugauuaaacacguccauuaacucuggua	2:360084868..360084925:-
NIGP01000533_14770	213.6	90 +/- 30%	-	411	409	0	2	yes	aae-miR-970	dme-miR-970-3p	-	-	ucauaagacacacgcggcuau	agcuugcguuugucuuagcuggu	agcuugcguuugucuuagcugguauugaaugugauagguaucauaagacacacgcggcuau	NIGP01000533:10107..10168:-
1_11197	213.6	90 +/- 30%	-	411	409	0	2	yes	aae-miR-970	dme-miR-970-3p	-	-	ucauaagacacacgcggcuau	agcuugcguuugucuuagcuggu	agcuugcguuugucuuagcugguauugaaugugauagguaucauaagacacacgcggcuau	1:157238423..157238484:+
3_10424	159.7	90 +/- 30%	-	307	303	0	4	yes	aae-miR-285	dme-miR-285-3p	-	-	uagcaccauucgaaaucaguac	acuggcuuccaaaggugaguaga	acuggcuuccaaaggugaguagauggcauucgauacacucuagcaccauucgaaaucaguac	3:406875046..406875108:-
2_2158	121.6	90 +/- 30%	-	230	222	0	8	yes	aae-miR-100	dme-miR-100-5p	-	-	aacccguagauccgaacuugug	caagaacggauguaugggauuc	aacccguagauccgaacuugugcugccguuucacauguuacaagaacggauguaugggauuc	2:375117351..375117413:+
2_4290	105.7	90 +/- 30%	-	207	206	0	1	yes	aae-miR-2941	-	-	-	uaguacggcuagaacuccacgga	cgugguguuuagacguauuacau	cgugguguuuagacguauuacaugauuuuuugaacauaacuguaguacggcuagaacuccacgga	2:268456010..268456075:-
1_12315	94.2	90 +/- 30%	-	176	174	0	2	yes	aae-miR-33	dme-miR-33-5p	-	-	gugcauuguaguugcauugc	caauacuucugcaaugcaagcc	gugcauuguaguugcauugcacuuuugcguucgauaacacggugcaauacuucugcaaugcaagcc	1:50888880..50888946:-
1_10978	85.5	90 +/- 30%	-	161	98	0	63	yes	aae-miR-927	dme-miR-927-5p	-	-	uuuagaauuccuacgcuuuacc	caaagcguuuggguucugaaac	uuuagaauuccuacgcuuuaccgugauuuguugaaaguuuggcaaagcguuuggguucugaaac	1:115022929..115022993:+
2_3117	79.3	90 +/- 30%	-	147	146	0	1	yes	aae-miR-282-5p	dme-miR-282-5p	-	-	uagccucuccuaggcuuugucu	acauagccugacagagguuaggu	uagccucuccuaggcuuugucuguuaccuuccuugggaauuccacuagccagacauagccugacagagguuaggu	2:96911965..96912040:-
1_12470	59.6	90 +/- 30%	-	109	104	0	5	yes	aae-miR-87	dme-miR-87-3p	-	-	gugagcaaauuuucaggugugu	cagccugaaauuugcuaaaccu	cagccugaaauuugcuaaaccuguguguauuugauucaaacaaucaaggugagcaaauuuucaggugugu	1:80682401..80682471:-
2_1041	52.2	90 +/- 30%	-	95	93	0	2	yes	aae-miR-137	dme-miR-137-3p	-	-	uauugcuugagaauacacguag	acgcguauucuuggguuauuaac	acgcguauucuuggguuauuaacacacuguuuauguuguuauugcuugagaauacacguag	2:189612067..189612128:+
2_4294	46.6	90 +/- 30%	-	90	86	0	4	yes	aae-miR-2946	-	-	-	uaguacggaaaagauaugggga	gccauauuuuuaccgcuacugca	gccauauuuuuaccgcuacugcauuucauuguaauaauuguaguacggaaaagauaugggga	2:268456441..268456503:-
2_489	33	90 +/- 30%	-	56	53	0	3	yes	aae-miR-988-5p	dme-miR-988-3p	-	-	ccccuuguugcaaaccucacgc	gugugcuuugugacaaugagau	gugugcuuugugacaaugagauucgguucgauaucauccccuuguugcaaaccucacgc	2:93351380..93351439:+
2_1971	24.8	90 +/- 30%	-	42	39	0	3	yes	aae-miR-375	dme-miR-375-3p	-	-	uuuguucguuuggcucgaguua	acuuaagcccaacguacagaaa	acuuaagcccaacguacagaaacuugaaucugaaugccguucuagauuggcuugcuagaaguuuguucguuuggcucgaguua	2:337876532..337876615:+
1_12016	24.1	90 +/- 30%	-	39	36	0	3	yes	aae-miR-10	dme-miR-10-5p	-	-	acccuguagauccgaauuuguu	caaauucgguucuagagagguuu	acccuguagauccgaauuuguuugaauauuuaacaagcgacaaauucgguucuagagagguuu	1:310530475..310530538:+
3_9933	22.6	90 +/- 30%	-	43	23	0	20	yes	aae-miR-10365	-	-	-	aaaaguuuucauauucuugcgg	auuagaauguggaaucuguuuu	auuagaauguggaaucuguuuuuguacaucaaguguuacgaaacgaagcaaaaaaguuuucauauucuugcgg	3:320775621..320775694:-
NIGP01001634_14788	22.6	90 +/- 30%	-	43	23	0	20	yes	aae-miR-10365	-	-	-	aaaaguuuucauauucuugcgg	auuagaauguggaaucuguuuu	auuagaauguggaaucuguuuuuguacaucaaguguuacgaaacgaagcaaaaaaguuuucauauucuugcgg	NIGP01001634:30709..30782:-
3_7831	8.8	90 +/- 30%	-	12	10	0	2	yes	aae-miR-193	dme-miR-193-3p	-	-	uacuggccuacuaagucccaac	ugggauuuuguggaccagaag	ugggauuuuguggaccagaagauuuccuccauucgauaauagcuacuggccuacuaagucccaac	3:360501795..360501860:+
NIGP01000443_14752	7.6	89 +/- 31%	-	15	14	0	1	yes	aae-miR-11893	-	-	-	uuccugacuuauacgcuuaccu	guaaguagauaaaucagaaaga	guaaguagauaaaucagaaagacguuuauaucguuucuuccugacuuauacgcuuaccu	NIGP01000443:52102..52161:+
NIGP01001012_14864	5.5	93 +/- 19%	-	205	205	0	0	yes	aae-miR-957	dme-miR-957-3p	-	-	ugaaaccguccaaaacugaggc	guuaguuuugggcggguuuuagu	guuaguuuugggcggguuuuaguguauuucgauuagaguaucaauugaaaccguccaaaacugaggc	NIGP01001012:27490..27557:-
2_3166	5.4	93 +/- 19%	-	2507	2507	0	0	yes	aae-miR-2c	dme-miR-2a-3p	-	-	uaucacagccagcuuugauga	cucaaaguggcugugaaaug	cucaaaguggcugugaaaugguuugauuuugcucauaucacagccagcuuugauga	2:107235887..107235943:-
1_11717	5.3	93 +/- 19%	-	382	382	0	0	yes	aae-miR-999	dme-miR-999-3p	-	-	uguuaacuguaagacugugucu	acgcggucgugcaggaaauuauu	acgcggucgugcaggaaauuauuuggcauuagauucaaauguuaacuguaagacugugucu	1:252222293..252222354:+
3_8015	5.3	93 +/- 19%	-	205	205	0	0	yes	aae-miR-957	dme-miR-957-3p	-	-	ugaaaccguccaaaacugaggc	guuaguuuugggcggguuuuagu	guuaguuuugggcggguuuuaguguauuucgauuagaguaucaauugaaaccguccaaaacugaggc	3:398466624..398466691:+
2_3168	5.2	93 +/- 19%	-	9957	9957	0	0	yes	aae-miR-2a-5p	dme-miR-2a-3p	-	-	uaucacagccagcuuugaaga	ucaaagugguugugaaaug	ucaaagugguugugaaaugaguuacucuugaacgaucucauaucacagccagcuuugaaga	2:107237504..107237565:-
2_1821	5.2	93 +/- 19%	-	2865	2860	0	5	yes	aae-miR-275-5p	dme-miR-275-3p	-	-	ucagguaccugaaguagcgcg	cgcgcuaagcaggaaccgagacu	cgcgcuaagcaggaaccgagacuuugucauuugcuagcagucagguaccugaaguagcgcg	2:307135668..307135729:+
2_2153	5.1	93 +/- 19%	-	650	650	0	0	yes	aae-miR-2945-5p	dme-miR-279-3p	-	-	ugacuagaggcagacucguuua	agcggguccguuucuagugucaug	agcggguccguuucuagugucaugugcuguauucgaauaucaugacuagaggcagacucguuua	2:374947142..374947206:+
3_8568	5.1	93 +/- 19%	-	221	221	0	0	yes	aae-miR-92b-3p	dme-miR-92a-3p	-	-	aauugcacuugucccggccugc	aggucgugacuugugcccauuug	aggucgugacuugugcccauuugcugaauuuuaauggucaaauugcacuugucccggccugc	3:93418515..93418577:-
1_14425	5.1	93 +/- 19%	-	7331	7331	0	0	yes	aae-miR-283	dme-miR-283-5p	-	-	caauaucagcugguaauucugg	ggaauuccaacugauauccac	caauaucagcugguaauucugggcuuaccccaccguuauacgcuucccggaauuccaacugauauccac	1:305625600..305625669:-
2_3174	5.1	93 +/- 19%	-	2331	2331	0	0	yes	aae-miR-2c	dme-miR-2a-3p	-	-	uaucacagccagcuuugauga	aucaaauuugguuguuuuagu	aucaaauuugguuguuuuaguacgaccucuuugaaaccccuaucacagccagcuuugauga	2:107237998..107238059:-
2_4814	5	93 +/- 19%	-	114	112	0	2	yes	aae-miR-79-5p	dme-miR-9a-3p	-	-	uaaagcuagauuaccaaagcau	cuuuggcgcuuuagcuguauga	cuuuggcgcuuuagcuguaugauagaauuuaauauuucauaaagcuagauuaccaaagcau	2:335780884..335780945:-
1_11497	5	93 +/- 19%	-	849	849	0	0	yes	aae-miR-996	dme-miR-279-3p	-	-	ugacuagauuacaugcucgucu	gcgugcaugaaucuggugcacg	gcgugcaugaaucuggugcacgguuuuccaguuguaauaucgcuucgugacuagauuacaugcucgucu	1:207012536..207012605:+
1_14456	4.8	95 +/- 13%	-	17	17	0	0	yes	aae-miR-993	dme-miR-993-3p	-	-	gaagcucguuucuauagagguau	acccuguaguuccgggcuuuug	acccuguaguuccgggcuuuugugguuucuuuuauuguuaauuaucagaagcucguuucuauagagguau	1:310672022..310672092:-
2_2117	4.8	95 +/- 13%	-	1900	1899	0	1	yes	aae-miR-124	dme-miR-124-3p	-	-	uaaggcacgcggugaaugccaa	uauccacugccggccuauaugu	uauccacugccggccuauauguccuauuucgguacucauaaggcacgcggugaaugccaa	2:369307281..369307341:+
3_8570	4.8	95 +/- 13%	-	26	26	0	0	yes	aae-miR-92a-5p	dme-miR-92a-3p	-	-	uauugcacuugucccggccuau	cgguacggacaggggcaacauu	cgguacggacaggggcaacauugugacauuugaaagcuaauauugcacuugucccggccuau	3:93477596..93477658:-
1_14436	4.7	95 +/- 13%	-	9116	9047	0	69	yes	aae-miR-1175-5p	dme-miR-958-3p	-	-	ugagauucuacuucuccgacuu	aaguggaguaguggucucaucgc	aaguggaguaguggucucaucgcuuaguauuagaaaagugagauucuacuucuccgacuu	1:307010046..307010106:-
1_10985	4.7	95 +/- 13%	-	133	133	0	0	yes	aae-miR-981	dme-miR-981-3p	-	-	uucguugucgacgaaaccugc	ggguuucgcggcgaacgggcu	ggguuucgcggcgaacgggcuuccaccaugaugaauagcaguucguugucgacgaaaccugc	1:118556349..118556411:+
2_1318	4.7	95 +/- 13%	-	664	664	0	0	yes	aae-miR-932-5p	dme-miR-932-5p	-	-	ucaauuccguagugcauugcagu	ugcaagcaauguggaagugaag	ucaauuccguagugcauugcagugugcuuuagacgaacugcaagcaauguggaagugaag	2:231381156..231381216:+
1_11495	4.7	95 +/- 13%	-	461	461	0	0	yes	aae-miR-279	dme-miR-279-3p	-	-	ugacuagauccacacucauuaa	gaugggugugaaucuaguguuucaca	gaugggugugaaucuaguguuucacaugauuuucgauagccugugacuagauccacacucauuaa	1:207007788..207007853:+
2_1933	4.6	95 +/- 13%	-	1893	1893	0	0	yes	aae-miR-133	dme-miR-133-3p	-	-	uugguccccuucaaccagcugu	agcugguugacuucgggucaaau	agcugguugacuucgggucaaaucgucaaauauuugcaaagauauuuccucagugaaauuauuugguccccuucaaccagcugu	2:330417065..330417149:+
2_3483	4.5	95 +/- 13%	-	475	474	0	1	yes	aae-miR-263b-5p	dme-miR-263b-5p	-	-	cuuggcacugggagaauucacag	ggaucuuuucgugccaucguu	cuuggcacugggagaauucacaggcgcuauuugcuaucauucuguggaucuuuucgugccaucguu	2:153371130..153371196:-
3_8489	4.5	95 +/- 13%	-	84	84	0	0	yes	aae-miR-1000	dme-miR-1000-5p	-	-	auauuguccugucacagcagu	uguuguuucgggacauuuaca	auauuguccugucacagcaguacuguuacaaauuuacuguuguuucgggacauuuaca	3:74204061..74204119:-
2_4873	4.5	95 +/- 13%	-	446	446	0	0	yes	aae-miR-263a-5p	dme-miR-263a-5p	-	-	aauggcacuggaagaauucac	guucuggcaguggcauccc	aauggcacuggaagaauucacggguauauuuugaaauccccguguucuggcaguggcauccc	2:348784448..348784510:-
2_54	4.5	95 +/- 13%	-	176	176	0	0	yes	aae-miR-219	dme-miR-219-5p	-	-	ugauuguccaaacgcaauucuu	gaguugugacuggacauccgug	ugauuguccaaacgcaauucuuguuuuauucgaauaugauauccaagaguugugacuggacauccgug	2:3715261..3715329:+
2_2162	4.4	95 +/- 13%	-	1241	1241	0	0	yes	aae-miR-125-5p	dme-miR-125-5p	-	-	ucccugagacccuaacuuguga	acaaguuuugaucuccgguauu	ucccugagacccuaacuugugacuauaguugaaguuucacaaguuuugaucuccgguauu	2:375131781..375131841:+
1_14449	4.1	95 +/- 13%	-	123	123	0	0	yes	aae-miR-iab-4-5p	dme-miR-iab-4-5p	-	-	acguauacugaauguauccuga	gguauaccuucaguauacguaa	acguauacugaauguauccugagugcuaucuauccgguauaccuucaguauacguaa	1:308965424..308965481:-
3_5652	4	95 +/- 13%	-	54	54	0	0	yes	aae-miR-315-5p	dme-miR-315-5p	-	-	uuuugauuguugcucagaaagcc	cuuucgagcaguaaucaaaguc	uuuugauuguugcucagaaagccgugcauuugaaacgggucgcuuucgagcaguaaucaaaguc	3:3444767..3444831:+
3_9840	3.8	91 +/- 16%	-	57	57	0	0	yes	aae-miR-309a	dme-miR-3-3p	-	-	ucacugggcaaaguuugucgc	gacuaacuucguucaguuuggug	gacuaacuucguucaguuuggugucauacgaagguuuccaguuucaucacugggcaaaguuugucgc	3:309335452..309335519:-
2_1222	3.7	91 +/- 16%	-	955	955	0	0	yes	aae-miR-7	dme-miR-7-5p	-	-	uggaagacuagugauuuuguuguu	uaacaauaaaucucaagucuuucuac	uggaagacuagugauuuuguuguuuugcuuacgauaauaacaauaaaucucaagucuuucuac	2:222802544..222802607:+
2_2942	2.1	93 +/- 10%	-	167	167	0	0	yes	aae-miR-11894a	-	-	-	uuuaccauuucaagaugaccua	ggucgucuugaaaugguaaaga	ggucgucuugaaaugguaaagagugucaaucaucaucuuuaccauuucaagaugaccua	2:58785158..58785217:-
2_1533	2	93 +/- 10%	-	15	14	0	1	no	aae-miR-11893	-	-	-	uuccugacuuauacgcuuaccu	guaaguagauaaaucagaaaga	guaaguagauaaaucagaaagacguuuauaucguuucuuccugacuuauacgcuuaccu	2:257889040..257889099:+
2_2948	2	93 +/- 10%	-	167	167	0	0	yes	aae-miR-11894a	-	-	-	uuuaccauuucaagaugaccua	ggucgucuugaaaugguaaaga	ggucgucuugaaaugguaaagagugucaaucaucaucuuuaccauuucaagaugaccua	2:58787948..58788007:-
2_2946	2	93 +/- 10%	-	167	167	0	0	yes	aae-miR-11894a	-	-	-	uuuaccauuucaagaugaccua	ggucgucuugaaaugguaaaga	ggucgucuugaaaugguaaagagugucaaucaucaucuuuaccauuucaagaugaccua	2:58786284..58786343:-
2_2944	2	93 +/- 10%	-	167	167	0	0	yes	aae-miR-11894a	-	-	-	uuuaccauuucaagaugaccua	ggucgucuugaaaugguaaaga	ggucgucuugaaaugguaaagagugucaaucaucaucuuuaccauuucaagaugaccua	2:58785850..58785909:-
2_2938	2	93 +/- 10%	-	167	167	0	0	yes	aae-miR-11894a	-	-	-	uuuaccauuucaagaugaccua	gguugucuugaaaugguaaaga	gguugucuugaaaugguaaagagugucaaccaucaucuuuaccauuucaagaugaccua	2:58783350..58783409:-
2_2940	1.9	94 +/- 6%	-	16	16	0	0	yes	aae-miR-11894b	-	-	-	uuuaccauuucaauaugaccua	ggucguauugaaaugguaaaga	ggucguauugaaaugguaaagagugucaaucaucaucuuuaccauuucaauaugaccua	2:58784590..58784649:-
2_4720	1.7	94 +/- 6%	-	136	136	0	0	yes	aae-miR-11895	-	-	-	uucaugcauucacuucugcuga	agcaggagugaaugcaugaguu	agcaggagugaaugcaugaguuugacaucugaaacuaauucaugcauucacuucugcuga	2:324949494..324949554:-
2_3175	1.7	94 +/- 6%	-	1248	1060	0	188	yes	aae-miR-71-5p	-	-	-	agaaagacauggguagugaga	ucucacuaccuugucuuucaug	agaaagacauggguagugagauaguuucacccuauugcacugggaucucacuaccuugucuuucaug	2:107238287..107238354:-
2_5224	1.4	94 +/- 6%	-	1394	1394	0	0	yes	aae-miR-1890	-	-	-	ugaaaucuuugauuaggucugg	agagcuaauuggagaguucuug	agagcuaauuggagaguucuugaauaguguugugaaccuucaugaaaucuuugauuaggucugg	2:413654961..413655025:-
3_8615	1.4	94 +/- 6%	-	129	129	0	0	yes	aae-miR-2765	-	-	-	ugguaacuccaccaccguugg	aaugggagcuggaguucccgcg	ugguaacuccaccaccguuggcgauauuugacagccaaugggagcuggaguucccgcg	3:101895454..101895512:-
1_14400	1.3	94 +/- 6%	-	10469	10467	0	2	no	aae-miR-317	dme-miR-317-3p	-	-	ugaacacagcuggugguaucuc	gggauacacccugugcucgcu	gggauacacccugugcucgcuuugcauucgaaacuagugaacacagcuggugguaucuc	1:302667132..302667191:-
2_3644	1.1	94 +/- 6%	-	42	42	0	0	yes	aae-miR-11899	-	-	-	augaccgauuuaauauauggcu	ccauguaugauuucggucaugu	ccauguaugauuucggucauguaugcaguugaaaauaauuauaugaccgauuuaauauauggcu	2:182319041..182319105:-
2_490	1	94 +/- 6%	-	53	53	0	0	no	aae-miR-988-3p	dme-miR-988-3p	-	-	ccccuuguugcaaaccucacgc	ggcagguaggggcaaugggggc	ccccuuguugcaaaccucacgcuugcgguagguuccacaacugcugagagguggcagguaggggcaaugggggc	2:93351417..93351491:+
2_4292	0.9	89 +/- 9%	-	218	217	0	1	yes	aae-miR-2941	-	-	-	uaguacggcuagaacuccacgga	ugaagcucagcugcauuaca	ugaagcucagcugcauuacacgauauggaauacgguuuguaguacggcuagaacuccacgga	2:268456314..268456376:-
2_5163	0.5	89 +/- 9%	-	4	4	0	0	yes	aae-miR-2944a-5p	dme-miR-5-5p	-	-	gaaggaacuucugcugugau	cacaguaguuguacuuuaa	gaaggaacuucugcugugaucugaguuagauacauaucacaguaguuguacuuuaa	2:402152658..402152714:-
1_10663	0.2	89 +/- 9%	-	1993	1991	0	2	no	aae-miR-210	dme-miR-210-3p	-	-	cuugugcgugugacaacggcuau	gcugcugaccacugcacaagau	gcugcugaccacugcacaagauuagauuaugacucuugugcgugugacaacggcuau	1:54892618..54892675:+
1_11565	-0.1	81 +/- 10%	-	12	12	0	0	yes	aae-miR-11900	-	-	-	auuuuuuugacuguaauuuuau	aaaauuacguugaaaaaucgucu	aaaauuacguugaaaaaucgucucccucaaaaaaugaaaccugagacuaacaggagauuuuuuugacuguaauuuuau	1:223944072..223944150:+
1_10724	-0.3	81 +/- 10%	-	1	1	0	0	yes	aae-miR-11901	dme-miR-2a-3p	-	-	caucacagaauuguuuuuacug	guaaaaauaauucuguaaaguu	caucacagaauuguuuuuacugauaaggaacuauguguaaaaauaauucuguaaaguu	1:68805977..68806035:+
2_5162	-0.4	81 +/- 10%	-	3	3	0	0	yes	aae-miR-309b-5p	dme-miR-3-3p	-	-	ucacugggcauaguuugucgca	cgucaaacuccguucaguuggu	cgucaaacuccguucaguugguggagucauuuuccaagucaucacugggcauaguuugucgca	2:402152471..402152534:-
2_1822	-1	81 +/- 10%	-	2860	2860	0	0	no	aae-miR-275-3p	dme-miR-275-3p	-	-	ucagguaccugaaguagcgcg	agcgacaacagaggcgugaaa	ucagguaccugaaguagcgcgcgugaucaaacaggaagcgucaucaagcgacaacagaggcgugaaa	2:307135708..307135775:+
3_10348	-1.6	14 +/- 12%	-	2	2	0	0	yes	aae-miR-2942	dme-miR-314-3p	-	-	uauucgagacuucacgaguuaau	caauucgcuguggucucgaacguacc	caauucgcuguggucucgaacguaccuacauuggauauuuuugguauucgagacuucacgaguuaau	3:390116459..390116526:-
2_872	-1.9	14 +/- 12%	-	1	1	0	0	yes	aae-miR-2943	dme-miR-1002-5p	-	-	uuaaguaggcacuugcaggcaaa	ugacugcuuuuuccuaccuuaca	uuaaguaggcacuugcaggcaaaguuucauucacaauuugacugcuuuuuccuaccuuaca	2:158468847..158468908:+
3_8439	-2.2	20 +/- 10%	-	2	2	0	0	yes	aae-miR-11917	-	-	-	aagcugaaaacuuaaucgauugg	aaucgauuaaguuuucagcucaa	aagcugaaaacuuaaucgauuggucacuagcuaguggugaccaaucgauuaaguuuucagcucaa	3:61982292..61982357:-
2_3116	-2.3	20 +/- 10%	-	14439	14439	0	0	no	aae-miR-281-5p	dme-miR-281-2-5p	-	-	aagagagcuauccgucgacagu	cguugacgugggauuuuuuug	cguugacgugggauuuuuuuguucauuuuguucuuucgcugguuucgaauaugaaaauaaagagagcuauccgucgacagu	2:96469398..96469479:-
2_2994	-3	20 +/- 10%	-	3	3	0	0	yes	aae-miR-11918	-	-	-	caugaacgacgacgugacgcc	agucccgucgucgccuucaugug	agucccgucgucgccuucaugugcgguggucacaugccacacaugaacgacgacgugacgcc	2:64328103..64328165:-
2_5166	-3.8	57 +/- 5%	-	2	1	0	1	yes	aae-miR-2944b-5p	-	-	-	aucacagcaguaguuaccuga	gaaggaacucccggugugauau	gaaggaacucccggugugauauaugacucgauuauaucacagcaguaguuaccuga	2:402152796..402152852:-
2_3308	-6.7	0 +/- 0%	-	3	3	0	0	no	aae-miR-11919	-	-	-	uagcuagguugcggugcacugc	aguguacucugccuggccggc	aguguacucugccuggccggcgcugcugcgagucuagcuagguugcggugcacugc	2:129145074..129145130:-
2_2159	-7.7	0 +/- 0%	-	1480	1480	0	0	no	aae-let-7	dme-let-7-5p	-	-	ugagguaguugguuguauagu	auuacaguacugcuucuuc	auuacaguacugcuucuuccacguugagguaguugguuguauagu	2:375131473..375131518:+

#miRBase miRNAs not detected by miRDeep2
miRBase precursor id	total read count	mature read count(s)	star read count	remaining reads	UCSC browser	NCBI blastn	miRBase mature sequence(s)	miRBase star sequence(s)	miRBase precursor sequence
14926	14923	0	3	-	-	caaccacuauccgcccugccgcc	uggcagugugguuagcugguug	-	caaggcaauacgcuauggcagugugguuagcugguuguguagaacuuuggggggcuuccguggcguucgcgcgcacacgggggcucagauucacaaccacuauccgcccugccgccgcgaggugccagg	
4503	4503	0	0	-	-	ucagguacugagugacucucag	gagagcaccucgguaucuaagc	-	cauucgcaauuucaccgguucagguacugagugacucucagaugugcauuucucaagcaaucucguccucaggaccugagguugaaaaacccugagagcaccucgguaucuaagccaguguugcgaaaa	
2753	2753	0	0	-	-	ugucuuuuuccgcuuacugccg	-	ccaacauuuugauugauuugucuuuuuccgcuuacugccgguggcauuugaaauucucgacagcaaaccgaaaaaggcgccucaaucaauu	
1785	1784	0	1	-	-	cacguuacagauugggguuucc	uaaucucaaauuguaacagugg	-	gagguaaucucaaauuguaacaguggguugauuuuccuggugaaucccggccuuguccuccgucacaagugugacaagugucucgaaaacguguucgcuauacccacguuacagauugggguuucccc	
1308	1304	0	4	-	-	ugguuuaucuuaucugucgaggc	gucgacagggagauaaaucacu	-	cauugguuuaucuuaucugucgaggcaaguuauuuuaccggauaguguuucuuuucgugagcaaucaccacuauccagcucuucuugucgacagggagauaaaucacug	
161	131	0	30	-	-	ucagaucuacuuaauacccau	-	acuccaauucuggguauuuuagauccuuggcauaguuacgugauugaaugcacuguucuucuuugguuuacccaguaucgaacacgcgucaaucugucagaucuacuuaauacccaua	
3	3	0	0	-	-	gaugccucguaaagcaacuggac	-	gccucaguugcuuuccgagcguagcacaguuuggaugcgggcccgugcaucguccacggugaugccucguaaagcaacuggacu	
1	1	0	0	-	-	uagaaccugguagaauucggca	-	uuucucggauuuguccucguuucgggugcguuuuuuauuugcguucgacuugcaucguagaaccugguagaauucggcaaa	
2	1	0	1	-	-	aaaugggacugauaugcgaguau	-	ccauucucgcauaacaguaccauauucuugggauuucucauauaaaugggacugauaugcgaguaugg	




1	0	0	1	-	-	cacaaggccggauugaucaaga	-	accucggucaauccggaacuguuggcucggcacaaaagcgaccacaaggccggauugaucaagagu	




1	0	0	1	-	-	uaguaagcauugauuuuguagc	-	augcuacagaaucgaggcuuacuaugauuuccaaucauaguaagcauugauuuuguagcau	

















3	0	0	3	-	-	uuggacuggcaugcguuuaugg	-	cccauaaacgcauaauugucccaugugaauagaaaauccagccacauuggacuggcaugcguuuauggg	
