miRDeep2 score	novel miRNAs reported by miRDeep2	novel miRNAs, estimated false positives	novel miRNAs, estimated true positives	known miRNAs in species	known miRNAs in data	known miRNAs detected by miRDeep2	estimated signal-to-noise	excision gearing
10	0	0 +/- 0	0 +/- 0 (0 +/- 0%)	164	97	22 (23%)	8.6	1
9	0	0 +/- 0	0 +/- 0 (0 +/- 0%)	164	97	24 (25%)	9.3	1
8	0	0 +/- 0	0 +/- 0 (0 +/- 0%)	164	97	24 (25%)	9.2	1
7	0	0 +/- 0	0 +/- 0 (0 +/- 0%)	164	97	24 (25%)	9.2	1
6	0	0 +/- 0	0 +/- 0 (0 +/- 0%)	164	97	24 (25%)	9.2	1
5	0	0 +/- 0	0 +/- 0 (0 +/- 0%)	164	97	47 (48%)	18.8	1
4	0	0 +/- 0	0 +/- 0 (0 +/- 0%)	164	97	68 (70%)	26.1	1
3	0	0 +/- 0	0 +/- 0 (0 +/- 0%)	164	97	73 (75%)	13.2	1
2	2	4 +/- 2	0 +/- 0 (6 +/- 20%)	164	97	74 (76%)	12.2	1
1	9	5 +/- 2	4 +/- 2 (43 +/- 25%)	164	97	79 (81%)	11	1
0	12	15 +/- 4	0 +/- 1 (4 +/- 11%)	164	97	83 (86%)	4.3	1
-1	19	30 +/- 5	0 +/- 0 (0 +/- 2%)	164	97	83 (86%)	2.5	1
-2	25	51 +/- 6	0 +/- 0 (0 +/- 0%)	164	97	84 (87%)	1.6	1
-3	41	68 +/- 7	0 +/- 0 (0 +/- 0%)	164	97	85 (88%)	1.5	1
-4	76	82 +/- 8	1 +/- 2 (1 +/- 3%)	164	97	86 (89%)	1.6	1
-5	103	112 +/- 8	1 +/- 2 (0 +/- 2%)	164	97	87 (90%)	1.5	1
-6	121	182 +/- 10	0 +/- 0 (0 +/- 0%)	164	97	87 (90%)	1	1
-7	141	246 +/- 12	0 +/- 0 (0 +/- 0%)	164	97	87 (90%)	0.8	1
-8	158	304 +/- 13	0 +/- 0 (0 +/- 0%)	164	97	87 (90%)	0.7	1
-9	206	345 +/- 14	0 +/- 0 (0 +/- 0%)	164	97	87 (90%)	0.8	1
-10	240	378 +/- 15	0 +/- 0 (0 +/- 0%)	164	97	87 (90%)	0.8	1



novel miRNAs predicted by miRDeep2
provisional id	miRDeep2 score	estimated probability that the miRNA candidate is a true positive	rfam alert	total read count	mature read count	loop read count	star read count	significant randfold p-value	miRBase miRNA	example miRBase miRNA with the same seed	UCSC browser	NCBI blastn	consensus mature sequence	consensus star sequence	consensus precursor sequence	precursor coordinate
3_2910	2.3	6 +/- 20%	-	339	339	0	0	yes	-	-	-	-	agcugaaaacuuaaucgauuggc	caaucgauuagguuuucaacuca	agcugaaaacuuaaucgauuggcuacuaacuggugguggccaaucgauuagguuuucaacuca	3:109054498..109054561:+
3_3844	2.1	6 +/- 20%	-	339	339	0	0	yes	-	-	-	-	agcugaaaacuuaaucgauuggc	caaucgauuaaguuuucagcuca	agcugaaaacuuaaucgauuggccacuagcugguggugaucaaucgauuaaguuuucagcuca	3:395005836..395005899:+
2_2044	1.9	43 +/- 25%	-	172	172	0	0	yes	-	-	-	-	uaagugcggugaagauacc	ugucuucgucgcacuuauu	ugucuucgucgcacuuauucgucaucucaugcugaauaagugcggugaagauacc	2:269466559..269466614:-
3_2835	1.8	43 +/- 25%	-	5	5	0	0	yes	-	dme-miR-971-3p	-	-	uugguguuauaucuuacagugag	ggcuguaaguauuacagcaagc	ggcuguaaguauuacagcaagcuugcuauucgaaaggcgcuugguguuauaucuuacagugag	3:82678953..82679016:+
2_1207	1.7	43 +/- 25%	-	339	339	0	0	yes	-	-	-	-	agcugaaaacuuaaucgauuggc	caaucgauuaaguuuucagcuua	agcugaaaacuuaaucgauuggcgaccaaucgauuaaguuuucagcuua	2:9700240..9700289:-
3_3904	1.5	43 +/- 25%	-	620	620	0	0	yes	-	-	-	-	guaggccggcggaaacuacuugc	aagggguuucuuucggccuccag	aagggguuucuuucggccuccagcggcauuagauaguuguaggccggcggaaacuacuugc	3:6069685..6069746:-
1_6467	1.2	43 +/- 25%	-	407	407	0	0	yes	-	-	-	-	uugggaugguuugcauacaagag	cuuguauggaaaccauccgaauu	uugggaugguuugcauacaagaggcauauucaaugaugcagaugacuuaaccucuuguauggaaaccauccgaauu	1:154850156..154850232:-
1_6593	1.1	43 +/- 25%	-	149	149	0	0	yes	-	-	-	-	gaggugguaugcuacagccc	gcugcgugugcauuacgg	gaggugguaugcuacagcccauuucgcugcgugugcauuacgg	1:173683125..173683168:-
NIGP01001267_8325	1	43 +/- 25%	-	149	149	0	0	yes	-	-	-	-	gaggugguaugcuacagccc	gcugcgugugcauuacgg	gaggugguaugcuacagcccauuucgcugcgugugcauuacgg	NIGP01001267:3728..3771:-
1_7507	0.8	4 +/- 11%	-	3	3	0	0	yes	-	dme-miR-989-3p	-	-	agugauguuuucccgccuuc	ugcgcgguaaaacauugaaga	agugauguuuucccgccuucagugcgcgguaaaacauugaaga	1:205685367..205685410:-
3_4717	0.3	4 +/- 11%	-	266	266	0	0	yes	-	-	-	-	agaaaauugagcagaaguu	cuucugcacagugagugg	agaaaauugagcagaaguuacccauuacauauucuccuucugcacagugagugg	3:288818758..288818812:-
3_4251	0.2	4 +/- 11%	-	1	1	0	0	yes	-	dme-miR-4982-3p	-	-	agcuggaaacuuaaucgauuggc	caauugauuaaguuuucagcuua	agcuggaaacuuaaucgauuggcuggaaacuuaaucgaccaccagcuagugaucaauugauuaaguuuucagcuua	3:124533335..124533411:-



mature miRBase miRNAs detected by miRDeep2
tag id	miRDeep2 score	estimated probability that the miRNA is a true positive	rfam alert	total read count	mature read count	loop read count	star read count	significant randfold p-value	mature miRBase miRNA	example miRBase miRNA with the same seed	UCSC browser	NCBI blastn	consensus mature sequence	consensus star sequence	consensus precursor sequence	precursor coordinate
2_1530	18446.9	0 +/- 0%	-	36174	36170	0	4	yes	aae-miR-2a-5p	dme-miR-2a-3p	-	-	uaucacagccagcuuugaagagcg	acucucaaagugguugugaaaug	acucucaaagugguugugaaaugaguuacucuugaacgaucucauaucacagccagcuuugaagagcg	2:107237501..107237569:-
2_1528	6425.9	0 +/- 0%	-	12595	12594	0	1	yes	aae-miR-2c	dme-miR-2a-3p	-	-	uaucacagccagcuuugaugagcu	acucucaaaguggcugugaaau	acucucaaaguggcugugaaaugguuugauuuugcucauaucacagccagcuuugaugagcu	2:107235884..107235946:-
1_6597	3671.8	0 +/- 0%	-	7195	6551	0	644	yes	aae-miR-252-5p	dme-miR-252-5p	-	-	cuaaguacuagugccgcaggag	ccugcugcccaagugcuuaucg	cuaaguacuagugccgcaggagagauuugaaccccugcugcccaagugcuuaucg	1:175818157..175818212:-
3_3647	2124.9	0 +/- 0%	-	4161	3877	0	284	yes	aae-miR-8-5p	dme-miR-8-3p	-	-	uaauacugucagguaaagauguc	caucuuaccgggcagcauuaga	caucuuaccgggcagcauuagauauuuuugaaauacuucuaauacugucagguaaagauguc	3:328527955..328528017:+
3_4088	2015.8	0 +/- 0%	-	3945	3804	0	141	yes	aae-miR-11-5p	dme-miR-2a-3p	-	-	caucacagucugaguucuugcu	cgagaacuccggcugugaccugu	cgagaacuccggcugugaccuguguacacuuuauccaaaucacaucacagucugaguucuugcu	3:75489864..75489928:-
2_807	1738.9	0 +/- 0%	-	3402	3401	0	1	yes	aae-miR-275-5p	dme-miR-275-3p	-	-	ucagguaccugaaguagcgcgcg	cgcgcuaagcaggaaccgagacu	cgcgcuaagcaggaaccgagacuuugucauuugcuagcagucagguaccugaaguagcgcgcg	2:307135668..307135731:+
2_1538	1535	0 +/- 0%	-	3009	1127	0	1882	yes	aae-miR-71-5p	-	-	-	ucucacuaccuugucuuucaug	agaaagacauggguagugagau	agaaagacauggguagugagauaguuucacccuauugcacugggaucucacuaccuugucuuucaug	2:107238287..107238354:-
2_2309	1082.6	0 +/- 0%	-	2123	2122	0	1	yes	aae-miR-1891	-	-	-	ugaggaguuaauuugcguguuu	acacguccauuaacucugguac	ugaggaguuaauuugcguguuuuuguauuugauuaaacacguccauuaacucugguac	2:360084867..360084925:-
2_1497	1050	0 +/- 0%	-	2051	2046	0	5	yes	aae-miR-282-5p	dme-miR-282-5p	-	-	uagccucuccuaggcuuugucu	acauagccugacagagguuagg	uagccucuccuaggcuuugucuguuaccuuccuugggaauuccacuagccagacauagccugacagagguuagg	2:96911966..96912040:-
2_2253	834.6	0 +/- 0%	-	1629	1434	0	195	yes	aae-miR-9c-5p	dme-miR-9a-5p	-	-	ucuuugguauucuagcuguag	uaaagcuuuaguaccagaggu	ucuuugguauucuagcuguagaauguugagcuuugugauaugguaucuucuaaagcuuuaguaccagaggu	2:335810365..335810436:-
3_3403	398.6	0 +/- 0%	-	773	503	0	270	yes	aae-miR-307	dme-miR-307a-3p	-	-	ucacaaccuccuugagugagcga	acucacucaaccugggugug	acucacucaaccugggugugaugcuuauuugaaucaucacaaccuccuugagugagcga	3:244794376..244794435:+
2_2247	240.6	0 +/- 0%	-	464	463	0	1	yes	aae-miR-9b	dme-miR-9a-5p	-	-	ucuuuggugauuuuagcuguaugc	uauagcuuuaucaccaaaaacc	ucuuuggugauuuuagcuguaugcugauacguuucugauugcauauagcuuuaucaccaaaaacc	2:335780574..335780639:-
1_6258	108	0 +/- 0%	-	204	203	0	1	yes	aae-miR-87	dme-miR-87-3p	-	-	gugagcaaauuuucaggugugu	agccugaaauuugcuaaaccu	agccugaaauuugcuaaaccuguguguauuugauucaaacaaucaaggugagcaaauuuucaggugugu	1:80682401..80682470:-
2_2250	9.4	0 +/- 0%	-	10	9	0	1	yes	aae-miR-79-5p	dme-miR-4-3p	-	-	auaaagcuagauuaccaaagcau	cuuuggcgcuuuagcuguauga	cuuuggcgcuuuagcuguaugauagaauuuaauauuucauaaagcuagauuaccaaagcau	2:335780884..335780945:-
3_4086	5.4	0 +/- 0%	-	506	506	0	0	yes	aae-miR-998	dme-miR-285-3p	-	-	uagcaccaugagauucagcuc	acugaacucucgugggucugca	acugaacucucgugggucugcaguugauauuucgaaagcuuguagcaccaugagauucagcuc	3:75489589..75489652:-
1_5640	5.4	0 +/- 0%	-	354	354	0	0	yes	aae-miR-929	dme-miR-929-5p	-	-	aaauugacucuaguagggaguc	cucccuaacggagucagauuga	aaauugacucuaguagggaguccuuguguacgagugacucccuaacggagucagauuga	1:198495526..198495585:+
1_5887	5.4	0 +/- 0%	-	509	509	0	0	yes	aae-miR-999	dme-miR-999-3p	-	-	uguuaacuguaagacugugucu	acgcggucgugcaggaaauuauu	acgcggucgugcaggaaauuauuuggcauuagauucaaauguuaacuguaagacugugucu	1:252222293..252222354:+
1_6189	5.3	0 +/- 0%	-	1001	1001	0	0	yes	aae-miR-33	dme-miR-33-5p	-	-	gugcauuguaguugcauugc	aauacuucugcaaugcaagc	gugcauuguaguugcauugcacuuuugcguucgauaacacggugcaauacuucugcaaugcaagc	1:50888881..50888946:-
2_257	5.3	0 +/- 0%	-	321	321	0	0	yes	aae-miR-988-5p	dme-miR-988-3p	-	-	ccccuuguugcaaaccucacgc	gugugcuuugugacaaugag	gugugcuuugugacaaugagauucgguucgauaucauccccuuguugcaaaccucacgc	2:93351380..93351439:+
2_1446	5.3	0 +/- 0%	-	2270	2270	0	0	yes	aae-miR-276-3p	dme-miR-276a-3p	-	-	uaggaacuucauaccgugcucu	agcgagguauagaguuccuaug	agcgagguauagaguuccuaugcguucggauaaaauauuccauaggaacuucauaccgugcucu	2:73509399..73509463:-
3_4606	5.3	0 +/- 0%	-	637	637	0	0	yes	aae-miR-278-5p	dme-miR-278-3p	-	-	ucggugggacuuucguccguuug	aacggacgauagucuucagcggcc	aacggacgauagucuucagcggccgugcauuugauagaaguggucggugggacuuucguccguuug	3:243123887..243123953:-
1_7956	5.2	0 +/- 0%	-	61984	61984	0	0	yes	aae-miR-277-5p	dme-miR-277-3p	-	-	uaaaugcacuaucugguacgaca	gcgugucagaagugcauuuaca	gcgugucagaagugcauuuacauagguauuucccguuuagcaguauuuguaaaugcacuaucugguacgaca	1:302603812..302603884:-
2_1536	5.1	0 +/- 0%	-	6291	6291	0	0	yes	aae-miR-2c	dme-miR-2a-3p	-	-	uaucacagccagcuuugaugag	caucaaauuugguuguuuuagu	caucaaauuugguuguuuuaguacgaccucuuugaaaccccuaucacagccagcuuugaugag	2:107237997..107238060:-
3_4122	5.1	0 +/- 0%	-	1342	1342	0	0	yes	aae-miR-92b-3p	dme-miR-92a-3p	-	-	aauugcacuugucccggccugc	aggucgugacuugugcccauuug	aggucgugacuugugcccauuugcugaauuuuaauggucaaauugcacuugucccggccugc	3:93418515..93418577:-
2_1440	5.1	0 +/- 0%	-	2270	2270	0	0	yes	aae-miR-276-5p	dme-miR-276a-3p	-	-	uaggaacuucauaccgugcucu	agcgagguauagaguuccuacg	agcgagguauagaguuccuacguugcgugugcgaaauugguaggaacuucauaccgugcucu	2:73120452..73120514:-
1_7958	5.1	0 +/- 0%	-	21757	21757	0	0	yes	aae-miR-317	dme-miR-317-3p	-	-	ugaacacagcuggugguaucuc	gauacacccugugcucgcu	gauacacccugugcucgcuuugcauucgaaacuagugaacacagcuggugguaucuc	1:302667132..302667189:-
3_3898	5.1	0 +/- 0%	-	204	204	0	0	yes	aae-miR-980-5p	dme-miR-980-3p	-	-	uagcugccuagugaaggg	guucauugggucaucuagc	guucauugggucaucuagcucguguuggaaacaguuagcugccuagugaaggg	3:1054527..1054580:-
1_7973	5.1	0 +/- 0%	-	158636	158636	0	0	yes	aae-miR-283	dme-miR-283-5p	-	-	caauaucagcugguaauucuggg	cggaauuccaacugauauccac	caauaucagcugguaauucugggcuuaccccaccguuauacgcuucccggaauuccaacugauauccac	1:305625600..305625669:-
2_1532	5	0 +/- 0%	-	2797	2797	0	0	yes	aae-miR-13-5p	dme-miR-2a-3p	-	-	uaucacagccauuuugacgaguu	aucguaaaaaugguugugcugug	aucguaaaaaugguugugcuguguuguuacgcucgaaauucauaucacagccauuuugacgaguu	2:107237649..107237714:-
3_5060	5	0 +/- 0%	-	26618	26618	0	0	yes	aae-miR-308-5p	dme-miR-2a-3p	-	-	aaucacaggaguauacugugag	cgcgguauauucuuguggcuug	cgcgguauauucuuguggcuugaugcauuugaaaaaucucaaaucacaggaguauacugugag	3:403338483..403338546:-
2_2436	5	0 +/- 0%	-	20098	20098	0	0	yes	aae-miR-184	dme-miR-184-3p	-	-	uggacggagaacugauaagggc	ccuuaucauucuugcgccccgu	ccuuaucauucuugcgccccguguuauauuguuggcgacuggacggagaacugauaagggc	2:417599380..417599441:-
1_5737	5	0 +/- 0%	-	3354	3354	0	0	yes	aae-miR-996	dme-miR-279-3p	-	-	ugacuagauuacaugcucgucu	gcgugcaugaaucuggugcacg	gcgugcaugaaucuggugcacgguuuuccaguuguaauaucgcuucgugacuagauuacaugcucgucu	1:207012536..207012605:+
2_1069	4.9	0 +/- 0%	-	107	107	0	0	yes	aae-miR-965	dme-miR-965-3p	-	-	uaagcguauagcuuuuccca	ggaaauccuguacgcuguaug	ggaaauccuguacgcuguauguuguauuugaauaauccauaagcguauagcuuuuccca	2:429778752..429778811:+
2_1493	4.9	0 +/- 0%	-	8484	8335	0	149	yes	aae-miR-281-5p	dme-miR-281-2-5p	-	-	aagagagcuauccgucgacagu	cauggaauugcucucuuu	aagagagcuauccgucgacaguagggauaugauucacugucauggaauugcucucuuu	2:96469362..96469420:-
2_944	4.8	0 +/- 0%	-	507	507	0	0	yes	aae-let-7	dme-let-7-5p	-	-	ugagguaguugguuguauagu	uaugcaaucugcuagcuuguc	ugagguaguugguuguauaguagugacugauuaaauaucugcuaugcaaucugcuagcuuguc	2:375131497..375131560:+
2_1361	4.8	0 +/- 0%	-	1485	1485	0	0	yes	aae-miR-190	dme-miR-190-5p	-	-	agauauguuugauauucuugguug	cccaggaaucaaacauauuauua	agauauguuugauauucuugguuguuaaauuuuauauuaucacccaggaaucaaacauauuauua	2:48811877..48811942:-
3_4126	4.8	0 +/- 0%	-	24	24	0	0	yes	aae-miR-92a-5p	dme-miR-92a-3p	-	-	uauugcacuugucccggccuau	cgguacggacaggggcaacauu	cgguacggacaggggcaacauugugacauuugaaagcuaauauugcacuugucccggccuau	3:93477596..93477658:-
2_927	4.8	0 +/- 0%	-	673	673	0	0	yes	aae-miR-124	dme-miR-124-3p	-	-	uaaggcacgcggugaaugcca	guauccacugccggccuauaug	guauccacugccggccuauauguccuauuucgguacucauaaggcacgcggugaaugcca	2:369307280..369307340:+
2_847	4.7	0 +/- 0%	-	1367	1367	0	0	yes	aae-miR-133	dme-miR-133-3p	-	-	uugguccccuucaaccagcug	gcugguugacuucgggucaaau	gcugguugacuucgggucaaaucgucaaauauuugcaaagauauuuccucagugaaauuauuugguccccuucaaccagcug	2:330417066..330417148:+
1_5735	4.7	0 +/- 0%	-	445	445	0	0	yes	aae-miR-279	dme-miR-279-3p	-	-	ugacuagauccacacucauuaa	gaugggugugaaucuaguguuucaca	gaugggugugaaucuaguguuucacaugauuuucgauagccugugacuagauccacacucauuaa	1:207007788..207007853:+
2_879	4.6	0 +/- 0%	-	2164	2164	0	0	yes	aae-miR-14	dme-miR-14-3p	-	-	ucagucuuuuucucucuccuau	gggagcgagauuaaggcuugcu	gggagcgagauuaaggcuugcuggucauuuauuacacucgaagucagucuuuuucucucuccuau	2:344767572..344767637:+
1_7969	4.6	0 +/- 0%	-	58897	58897	0	0	yes	aae-miR-12-5p	dme-miR-12-5p	-	-	ugaguauuacaucagguacuggu	caguacuuauguuaugcucucu	ugaguauuacaucagguacuggugucgauauucgaaucaccaacgaaucggguuccuuugauuaacuuaccaguacuuauguuaugcucucu	1:305613548..305613640:-
2_2410	4.6	0 +/- 0%	-	27554	27554	0	0	yes	aae-miR-1	dme-miR-1-3p	-	-	uggaauguaaagaaguauggag	ccaugcuuccuugcauucaaua	ccaugcuuccuugcauucaauagugauucugaaagcauauggaauguaaagaaguauggag	2:399501023..399501084:-
1_7982	4.6	0 +/- 0%	-	1885	1885	0	0	yes	aae-miR-1175-5p	dme-miR-958-3p	-	-	ugagauucuacuucuccgacuuaa	aaguggaguaguggucucaucgcu	aaguggaguaguggucucaucgcuuaguauuagaaaagugagauucuacuucuccgacuuaa	1:307010044..307010106:-
2_1707	4.5	0 +/- 0%	-	1160	1160	0	0	yes	aae-miR-263b-5p	dme-miR-263b-5p	-	-	cuuggcacugggagaauucaca	uggaucuuuucgugccaucgu	cuuggcacugggagaauucacaggcgcuauuugcuaucauucuguggaucuuuucgugccaucgu	2:153371131..153371196:-
2_292	4.5	0 +/- 0%	-	954	954	0	0	yes	aae-miR-9a	dme-miR-9a-5p	-	-	ucuuugguuaucuagcuguauga	auaaagcuagcauaccgaaguua	ucuuugguuaucuagcuguaugagugaauuuagaacaucauaaagcuagcauaccgaaguua	2:108461947..108462009:+
2_810	4	0 +/- 0%	-	17742	17742	0	0	yes	aae-miR-305-5p	dme-miR-305-5p	-	-	auuguacuucaucaggugcucugg	ccggcacauguuggaguacacuua	auuguacuucaucaggugcucugguuguuuucgauacccggcacauguuggaguacacuua	2:307145445..307145506:+
3_5068	3.9	0 +/- 0%	-	1261	1261	0	0	yes	aae-miR-285	dme-miR-285-3p	-	-	uagcaccauucgaaaucaguacuga	aguacuggcuuccaaaggugaguaga	aguacuggcuuccaaaggugaguagauggcauucgauacacucuagcaccauucgaaaucaguacuga	3:406875043..406875111:-
3_2988	3.8	0 +/- 0%	-	5253	5253	0	0	yes	aae-miR-31	dme-miR-31b-5p	-	-	uggcaagauguuggcauagcug	gcuauucaacuucuugucuau	uggcaagauguuggcauagcugaaaguuuugaguuuagcuauucaacuucuugucuau	3:136174150..136174208:+
2_572	3.7	0 +/- 0%	-	2064	2064	0	0	yes	aae-miR-7	dme-miR-7-5p	-	-	uggaagacuagugauuuuguuguu	uaacaauaaaucucaagucuuucuac	uggaagacuagugauuuuguuguuuugcuuacgauaauaacaauaaaucucaagucuuucuac	2:222802544..222802607:+
3_3171	3.5	0 +/- 0%	-	8506	8506	0	0	yes	aae-bantam-5p	dme-bantam-3p	-	-	ugagaucauuuugaaagcugauu	ccgguuuucauuuucgaucugacu	ccgguuuucauuuucgaucugacuuauuugauuuaacaagagugagaucauuuugaaagcugauu	3:178082830..178082895:+
2_808	3.2	0 +/- 0%	-	3401	3401	0	0	yes	aae-miR-275-3p	dme-miR-275-3p	-	-	ucagguaccugaaguagcgcgcg	ucaucaagcgacaacagaggcgugaaa	ucagguaccugaaguagcgcgcgugaucaaacaggaagcgucaucaagcgacaacagaggcgugaaa	2:307135708..307135775:+
2_1390	2.1	6 +/- 20%	-	412	412	0	0	yes	aae-miR-11894a	-	-	-	uuuaccauuucaagaugaccua	ggucgucuugaaaugguaaaga	ggucgucuugaaaugguaaagagugucaaucaucaucuuuaccauuucaagaugaccua	2:58785158..58785217:-
2_1394	2	6 +/- 20%	-	412	412	0	0	yes	aae-miR-11894a	-	-	-	uuuaccauuucaagaugaccua	ggucgucuugaaaugguaaaga	ggucgucuugaaaugguaaagagugucaaucaucaucuuuaccauuucaagaugaccua	2:58787948..58788007:-
2_1386	2	6 +/- 20%	-	412	412	0	0	yes	aae-miR-11894a	-	-	-	uuuaccauuucaagaugaccua	gguugucuugaaaugguaaaga	gguugucuugaaaugguaaagagugucaaccaucaucuuuaccauuucaagaugaccua	2:58783350..58783409:-
2_1392	2	6 +/- 20%	-	412	412	0	0	yes	aae-miR-11894a	-	-	-	uuuaccauuucaagaugaccua	ggucgucuugaaaugguaaaga	ggucgucuugaaaugguaaagagugucaaucaucaucuuuaccauuucaagaugaccua	2:58787426..58787485:-
2_946	1.7	43 +/- 25%	-	6	6	0	0	yes	aae-miR-125-5p	dme-miR-125-5p	-	-	ucccugagacccuaacuugugac	cacaaguuuugaucuccgguauu	ucccugagacccuaacuugugacuauaguugaaguuucacaaguuuugaucuccgguauu	2:375131781..375131841:+
3_4843	1.6	43 +/- 25%	-	5	5	0	0	yes	aae-miR-10365	dme-miR-927-5p	-	-	auuagaauguggaaucuguuuuu	aaaaguuuucauauucuugcgg	auuagaauguggaaucuguuuuuguacaucaaguguuacgaaacgaagcaaaaaaguuuucauauucuugcgg	3:320775621..320775694:-
2_2434	1.4	43 +/- 25%	-	1878	1878	0	0	yes	aae-miR-1890	-	-	-	ugaaaucuuugauuaggucugg	agagcuaauuggagaguucuug	agagcuaauuggagaguucuugaauaguguugugaaccuucaugaaaucuuugauuaggucugg	2:413654961..413655025:-
3_4159	1.4	43 +/- 25%	-	523	523	0	0	yes	aae-miR-2765	-	-	-	ugguaacuccaccaccguugg	aaugggagcuggaguucccgcg	ugguaacuccaccaccguuggcgauauuugacagccaaugggagcuggaguucccgcg	3:101895454..101895512:-
1_5549	1.3	43 +/- 25%	-	290	290	0	0	yes	aae-miR-970	-	-	-	cauaagacacacgcggcua	gcuugcguuugucuuagcuggu	gcuugcguuugucuuagcugguauugaaugugauagguaucauaagacacacgcggcua	1:157238424..157238483:+
NIGP01000533_8236	1.3	43 +/- 25%	-	290	290	0	0	yes	aae-miR-970	-	-	-	cauaagacacacgcggcua	gcuugcguuugucuuagcuggu	gcuugcguuugucuuagcugguauugaaugugauagguaucauaagacacacgcggcua	NIGP01000533:10108..10167:-
2_258	1	43 +/- 25%	-	321	321	0	0	no	aae-miR-988-3p	dme-miR-988-3p	-	-	ccccuuguugcaaaccucacgc	ggcagguaggggcaaugggggc	ccccuuguugcaaaccucacgcuugcgguagguuccacaacugcugagagguggcagguaggggcaaugggggc	2:93351417..93351491:+
2_2279	0.8	4 +/- 11%	-	1113	1113	0	0	no	aae-miR-263a-5p	dme-miR-263a-5p	-	-	aauggcacuggaagaauucacggg	cguguucuggcaguggcauccc	aauggcacuggaagaauucacggguauauuuugaaauccccguguucuggcaguggcauccc	2:348784448..348784510:-
1_5801	0.3	4 +/- 11%	-	473	473	0	0	yes	aae-miR-11900	-	-	-	auuuuuuugacuguaauuuuauag	guaaaauuacguugaaaaaucgucu	guaaaauuacguugaaaaaucgucucccucaaaaaaugaaaccugagacuaacaggagauuuuuuugacuguaauuuuauag	1:223944070..223944152:+
1_5197	0.2	4 +/- 11%	-	1519	1519	0	0	no	aae-miR-210	dme-miR-2496-5p	-	-	gugcgugugacaacggcuau	agcugcugaccacugcacaa	agcugcugaccacugcacaagauuagauuaugacucuugugcgugugacaacggcuau	1:54892617..54892675:+
2_2218	-1.7	0 +/- 0%	-	5	5	0	0	yes	aae-miR-11895	-	-	-	uucaugcauucacuucugcuga	agcaggagugaaugcaugaguu	agcaggagugaaugcaugaguuugacaucugaaacuaauucaugcauucacuucugcuga	2:324949494..324949554:-
2_1494	-2.3	0 +/- 0%	-	8335	8335	0	0	no	aae-miR-281-5p	dme-miR-281-2-5p	-	-	aagagagcuauccgucgacagu	cguugacgugggauuuuuuug	cguugacgugggauuuuuuuguucauuuuguucuuucgcugguuucgaauaugaaaauaaagagagcuauccgucgacagu	2:96469398..96469479:-
NIGP01000501_8302	-2.7	0 +/- 0%	-	1	1	0	0	yes	aae-miR-11917	-	-	-	agcugaaaacuuaaucgauuggu	caaucgauuagguuuacagcuca	agcugaaaacuuaaucgauuggucacuagcugguggugaccaaucgauuagguuuacagcuca	NIGP01000501:4260..4323:+
2_1388	-3.4	1 +/- 3%	-	1	1	0	0	yes	aae-miR-11894b	-	-	-	uuaccauuucaauaugaccua	ggucguauugaaaugguaaag	ggucguauugaaaugguaaagagugucaaucaucaucuuuaccauuucaauaugaccua	2:58784590..58784649:-
2_2042	-4.5	0 +/- 2%	-	1	1	0	0	yes	aae-miR-2941	-	-	-	aguacggcuagaacuccacgga	cgugguguuuagacguauuac	cgugguguuuagacguauuacaugauuuuuugaacauaacuguaguacggcuagaacuccacgga	2:268456010..268456075:-
NIGP01000443_8217	-10.3	0.00 +/- 0.02	-	1	1	0	0	no	aae-miR-11893	-	-	-	uuccugacuuauacgcuuaccu	guaaguagauaaaucagaaaga	guaaguagauaaaucagaaagacguuuauaucguuucuuccugacuuauacgcuuaccu	NIGP01000443:52102..52161:+

#miRBase miRNAs not detected by miRDeep2
miRBase precursor id	total read count	mature read count(s)	star read count	remaining reads	UCSC browser	NCBI blastn	miRBase mature sequence(s)	miRBase star sequence(s)	miRBase precursor sequence
31992	31992	0	0	-	-	caaccacuauccgcccugccgcc	uggcagugugguuagcugguug	-	caaggcaauacgcuauggcagugugguuagcugguuguguagaacuuuggggggcuuccguggcguucgcgcgcacacgggggcucagauucacaaccacuauccgcccugccgccgcgaggugccagg	
15118	15118	0	0	-	-	cacguuacagauugggguuucc	uaaucucaaauuguaacagugg	-	gagguaaucucaaauuguaacaguggguugauuuuccuggugaaucccggccuuguccuccgucacaagugugacaagugucucgaaaacguguucgcuauacccacguuacagauugggguuucccc	
6037	6037	0	0	-	-	ucagguacugagugacucucag	gagagcaccucgguaucuaagc	-	cauucgcaauuucaccgguucagguacugagugacucucagaugugcauuucucaagcaaucucguccucaggaccugagguugaaaaacccugagagcaccucgguaucuaagccaguguugcgaaaa	
2896	2896	0	0	-	-	ugguuuaucuuaucugucgaggc	gucgacagggagauaaaucacu	-	cauugguuuaucuuaucugucgaggcaaguuauuuuaccggauaguguuucuuuucgugagcaaucaccacuauccagcucuucuugucgacagggagauaaaucacug	
2016	2016	0	0	-	-	ugugaugugacguagugguac	-	uucaucauacggucaugggggaccgccgcuaccucgcuuucacuugguaccgauuucccauaauccaugugaugugacguagugguaccuucccuuggcuauuacaacacuuccu	
1825	1825	0	0	-	-	ugucuuuuuccgcuuacugccg	-	ccaacauuuugauugauuugucuuuuuccgcuuacugccgguggcauuugaaauucucgacagcaaaccgaaaaaggcgccucaaucaauu	
233	233	0	0	-	-	agcggguccguuucuagugucaug	ugacuagaggcagacucguuua	-	ucugaucugagcggguccguuucuagugucaugugcuguauucgaauaucaugacuagaggcagacucguuuaggucuggga	
114	114	0	0	-	-	ugaaaccguccaaaacugaggc	-	uccggcguuaguuuugggcggguuuuaguguauuucgauuagaguaucaauugaaaccguccaaaacugaggccggcg	
20	20	0	0	-	-	aacccguagauccgaacuugug	-	gcguagugguuguaguuacccauuugcaggaacccguagauccgaacuugugcugccguuucacauguuacaagaacggauguaugggauucugccgauguauggcuaaagcaucgaucgauuugu	



1	0	0	1	-	-	ucagaucuacuuaauacccau	-	acuccaauucuggguauuuuagauccuuggcauaguuacgugauugaaugcacuguucuucuuugguuuacccaguaucgaacacgcgucaaucugucagaucuacuuaauacccaua	



















































