miRDeep2 score	novel miRNAs reported by miRDeep2	novel miRNAs, estimated false positives	novel miRNAs, estimated true positives	known miRNAs in species	known miRNAs in data	known miRNAs detected by miRDeep2	estimated signal-to-noise	excision gearing
10	43	1 +/- 1	42 +/- 1 (97 +/- 3%)	164	107	62 (58%)	45.8	2
9	43	2 +/- 1	41 +/- 1 (96 +/- 3%)	164	107	62 (58%)	44.2	2
8	43	2 +/- 1	41 +/- 1 (96 +/- 3%)	164	107	62 (58%)	43.4	2
7	44	2 +/- 1	42 +/- 1 (96 +/- 3%)	164	107	62 (58%)	40.6	2
6	47	2 +/- 1	45 +/- 1 (96 +/- 3%)	164	107	62 (58%)	39.5	2
5	47	2 +/- 1	45 +/- 1 (96 +/- 3%)	164	107	67 (63%)	38.3	2
4	49	2 +/- 1	47 +/- 1 (95 +/- 3%)	164	107	74 (69%)	35.2	2
3	50	3 +/- 2	47 +/- 2 (94 +/- 4%)	164	107	79 (74%)	29.5	2
2	59	4 +/- 2	55 +/- 2 (93 +/- 4%)	164	107	82 (77%)	24.5	2
1	96	7 +/- 2	89 +/- 2 (92 +/- 2%)	164	107	89 (83%)	18.4	2
0	106	16 +/- 3	90 +/- 3 (84 +/- 3%)	164	107	94 (88%)	9.3	2
-1	124	30 +/- 5	94 +/- 5 (76 +/- 4%)	164	107	95 (89%)	5.9	2
-2	141	51 +/- 6	90 +/- 6 (64 +/- 5%)	164	107	95 (89%)	3.9	2
-3	184	72 +/- 7	112 +/- 7 (61 +/- 4%)	164	107	95 (89%)	3.3	2
-4	259	124 +/- 9	135 +/- 9 (52 +/- 3%)	164	107	96 (90%)	2.6	2
-5	303	273 +/- 12	30 +/- 12 (10 +/- 4%)	164	107	97 (91%)	1.4	2
-6	337	411 +/- 16	0 +/- 0 (0 +/- 0%)	164	107	97 (91%)	1	2
-7	373	545 +/- 17	0 +/- 0 (0 +/- 0%)	164	107	97 (91%)	0.8	2
-8	452	655 +/- 19	0 +/- 0 (0 +/- 0%)	164	107	97 (91%)	0.8	2
-9	531	750 +/- 20	0 +/- 0 (0 +/- 0%)	164	107	98 (92%)	0.8	2
-10	642	820 +/- 19	0 +/- 0 (0 +/- 0%)	164	107	98 (92%)	0.9	2



novel miRNAs predicted by miRDeep2
provisional id	miRDeep2 score	estimated probability that the miRNA candidate is a true positive	rfam alert	total read count	mature read count	loop read count	star read count	significant randfold p-value	miRBase miRNA	example miRBase miRNA with the same seed	UCSC browser	NCBI blastn	consensus mature sequence	consensus star sequence	consensus precursor sequence	precursor coordinate
1_22856	44.1	97 +/- 3%	-	84	66	1	17	yes	-	-	-	-	caugggacaauuaugcguuuau	uaaacgcaugucagucccaugu	uaaacgcaugucagucccauguuugcuggauuuccuauucacaugggacaauuaugcguuuau	1:108184511..108184574:-
2_8182	44.1	97 +/- 3%	-	84	66	1	17	yes	-	-	-	-	caugggacaauuaugcguuuau	uaaacgcaugucagucccaugu	uaaacgcaugucagucccauguuugcuggauuuccuauucacaugggacaauuaugcguuuau	2:327015470..327015533:-
2_677	44	97 +/- 3%	-	84	66	1	17	yes	-	-	-	-	caugggacaauuaugcguuuau	uaaacgcaugucagucccaugu	uaaacgcaugucagucccauguuugcuggauuuccuauucacaugggacaauuaugcguuuau	2:70234678..70234741:+
2_1428	44	97 +/- 3%	-	84	66	1	17	yes	-	-	-	-	caugggacaauuaugcguuuau	uaaacgcaugucagucccaugu	uaaacgcaugucagucccauguuugcuggauuuccuauucacaugggacaauuaugcguuuau	2:140726403..140726466:+
NIGP01000120_27596	42.9	97 +/- 3%	-	82	65	0	17	yes	-	-	-	-	caugggacaauuaugcguuuau	uaaacgcaugucagucccaugu	uaaacgcaugucagucccauguuugcuggauucccuauguacaugggacaauuaugcguuuau	NIGP01000120:7234..7297:-
1_23690	37.5	97 +/- 3%	-	71	66	1	4	yes	-	-	-	-	caugggacaauuaugcguuuau	uaaaugcaugucagucccaugu	uaaaugcaugucagucccauguuugcuggauuuccuauucacaugggacaauuaugcguuuau	1:189337907..189337970:-
1_23399	37	97 +/- 3%	-	70	67	0	3	yes	-	-	-	-	cgagagagaagucccccauggu	cguggugcguggacuucucu	cgagagagaagucccccaugguggcguugcuaccguggugcguggacuucucu	1:162389203..162389256:-
1_25062	37	97 +/- 3%	-	70	67	0	3	yes	-	-	-	-	cgagagagaagucccccauggu	cguggugcguggacuucucu	cgagagagaagucccccaugguggcguugcuaccguggugcguggacuucucu	1:205698152..205698205:-
1_24971	37	97 +/- 3%	-	70	67	0	3	yes	-	-	-	-	cgagagagaagucccccauggu	cguggugcguggacuucucu	cgagagagaagucccccaugguggcguugcuaccguggugcguggacuucucu	1:205689562..205689615:-
1_23955	37	97 +/- 3%	-	70	67	0	3	yes	-	-	-	-	cgagagagaagucccccauggu	cguggugcguggacuucucu	cgagagagaagucccccaugguggcguugcuaccguggugcguggacuucucu	1:205569382..205569435:-
1_24805	36.9	97 +/- 3%	-	70	67	0	3	yes	-	-	-	-	cgagagagaagucccccauggu	cguggugcguggacuucucu	cgagagagaagucccccaugguggcguugcuaccguggugcguggacuucucu	1:205672353..205672406:-
1_24469	36.9	97 +/- 3%	-	70	67	0	3	yes	-	-	-	-	cgagagagaagucccccauggu	cguggugcguggacuucucu	cgagagagaagucccccaugguggcguugcuaccguggugcguggacuucucu	1:205639903..205639956:-
1_25177	36.9	97 +/- 3%	-	70	67	0	3	yes	-	-	-	-	cgagagagaagucccccauggu	cguggugcguggacuucucu	cgagagagaagucccccaugguggcguugcuaccguggugcguggacuucucu	1:205740217..205740270:-
1_24125	36.9	97 +/- 3%	-	70	67	0	3	yes	-	-	-	-	cgagagagaagucccccauggu	cguggugcguggacuucucu	cgagagagaagucccccaugguggcguugcuaccguggugcguggacuucucu	1:205592057..205592110:-
3_10311	36.6	97 +/- 3%	-	69	55	0	14	yes	-	-	-	-	ugggacugacaugcguuuaugg	uaaacgcaugucagucccaugu	uaaacgcaugucagucccaugugaauaggaaauccagcaaacaugggacugacaugcguuuaugg	3:60253456..60253521:+
3_17400	35.4	97 +/- 3%	-	68	66	1	1	yes	-	-	-	-	caugggacaauuaugcguuuau	aaacacaugucagucccaugu	aaacacaugucagucccauguuugcuugguuuccuauucacaugggacaauuaugcguuuau	3:295178940..295179002:-
2_780	33.1	97 +/- 3%	-	65	37	0	28	yes	-	-	-	-	uuccaggugggaguuaucugauau	aacagaauuuuccaucugaacg	uuccaggugggaguuaucugauaugugaauaugguaccauaacagaauuuuccaucugaacg	2:77893033..77893095:+
1_20693	33.1	97 +/- 3%	-	65	37	0	28	yes	-	-	-	-	uuccaggugggaguuaucugauau	aacagaauuuuccaucugaacg	uuccaggugggaguuaucugauaugugaauaugguaccauaacagaauuuuccaucugaacg	1:208928812..208928874:+
1_23760	33.1	97 +/- 3%	-	65	37	0	28	yes	-	-	-	-	uuccaggugggaguuaucugauau	aacagaauuuuccaucugaacg	uuccaggugggaguuaucugauaugugaauaugguaccauaacagaauuuuccaucugaacg	1:194193576..194193638:-
1_25629	33.1	97 +/- 3%	-	65	37	0	28	yes	-	-	-	-	uuccaggugggaguuaucugauau	aacagaauuuuccaucugaacg	uuccaggugggaguuaucugauaugugaauaugguaccauaacagaauuuuccaucugaacg	1:235460215..235460277:-
3_14371	33.1	97 +/- 3%	-	65	37	0	28	yes	-	-	-	-	uuccaggugggaguuaucugauau	aacagaauuuuccaucugaacg	uuccaggugggaguuaucugauaugugaauaugguaccauaacagaauuuuccaucugaacg	3:10758711..10758773:-
3_11308	33.1	97 +/- 3%	-	65	37	0	28	yes	-	-	-	-	uuccaggugggaguuaucugauau	aacagaauuuuccaucugaacg	uuccaggugggaguuaucugauaugugaauaugguaccauaacagaauuuuccaucugaacg	3:152502648..152502710:+
1_21688	30.9	97 +/- 3%	-	59	57	0	2	yes	-	-	-	-	caugggacaauuaugcguuuau	aaaugcaugucaguccuauguu	aaaugcaugucaguccuauguuugcuggauuuccuguucacaugggacaauuaugcguuuau	1:305049264..305049326:+
2_2256	30.4	97 +/- 3%	-	58	22	0	36	yes	-	-	-	-	ccaaucgauuaaguuuucagcu	ugaaaaccuuaucgauugguca	ugaaaaccuuaucgauuggucacacgcuggugguacccaaucgauuaaguuuucagcu	2:229795682..229795740:+
2_8021	28.3	97 +/- 3%	-	54	36	0	18	yes	-	-	-	-	ugaggcgucuucugguggcugg	agucaccaucugauacugacgg	agucaccaucugauacugacggagaauggaugugcuccccaaagcacgguccuccgugaggcgucuucugguggcugg	2:310786652..310786730:-
1_21427	28.1	97 +/- 3%	-	53	52	0	1	yes	-	-	-	-	ugugguuuacggcuuaagcgaa	ccgcuuaggccuuaaaccugguu	ccgcuuaggccuuaaaccugguuuaaucguauggguaaaugugguuuacggcuuaagcgaa	1:278614884..278614945:+
2_1255	28.1	97 +/- 3%	-	53	52	0	1	yes	-	-	-	-	ugugguuuacggcuuaagcgaa	ccgcuuaggccuuaaaccugguu	ccgcuuaggccuuaaaccugguuuaaucguauggguaaaugugguuuacggcuuaagcgaa	2:127497672..127497733:+
2_1063	20.8	97 +/- 3%	-	39	18	0	21	yes	-	-	-	-	agucaccaucugauacugacgg	ugaggcgucuucugguggcug	agucaccaucugauacugacggaggauggaugugcuccccaaagcacgauccuccgugaggcgucuucugguggcug	2:109046622..109046699:+
2_791	17.9	97 +/- 3%	-	33	18	1	14	yes	-	-	-	-	agucaccaucugauacugacgg	gugcggcgucuucugguggcu	agucaccaucugauacugacggaggauggaugugcuccccaaagcacgguccuccgugcggcgucuucugguggcu	2:78729488..78729564:+
3_13539	17.8	97 +/- 3%	-	42	18	0	24	no	-	-	-	-	agucaccaucugauacugacgg	ugaggcgucuucugguggcug	agucaccaucugauacugacggacgauggaugagcuccccaaagcacgguccuccgugaggcgucuucugguggcug	3:332799964..332800041:+
2_765	17.8	97 +/- 3%	-	33	18	1	14	yes	-	-	-	-	agucaccaucugauacugacgg	gugcggcgucuucugguggcu	agucaccaucugauacugacggaggguggauguguuccccuaagcacgguccuccgugcggcgucuucugguggcu	2:76688726..76688802:+
3_14185	17.3	97 +/- 3%	-	34	15	0	19	yes	-	-	-	-	ucuguucuaguuguuauaaccu	auugucgcaacaagaauaggag	ucuguucuaguuguuauaaccuguuguugcggaauaagauugucgcaacaagaauaggag	3:404471513..404471573:+
2_7383	16.8	97 +/- 3%	-	42	36	0	6	no	-	-	-	-	aagucucucaauuucuugggaa	uuccgaauuauugaggguccgca	aagucucucaauuucuugggaaguacccgcauucuuuccgaauuauugaggguccgca	2:258193963..258194021:-
2_1178	16.8	97 +/- 3%	-	42	36	0	6	no	-	-	-	-	aagucucucaauuucuugggaa	uuccgaauuauugaggguccgca	aagucucucaauuucuugggaaguacccgcauucuuuccgaauuauugaggguccgca	2:120854349..120854407:+
1_19553	16.6	97 +/- 3%	-	42	36	0	6	no	-	-	-	-	aagucucucaauuucuugggaa	uuccgaauuauugaggguccgca	aagucucucaauuucuugggaaguaccugcaaucuuuccgaauuauugaggguccgca	1:102488453..102488511:+
1_19398	16.6	97 +/- 3%	-	42	36	0	6	no	-	-	-	-	aagucucucaauuucuugggaa	uuccgaauuauugaggguccgca	aagucucucaauuucuugggaaguagccgcauucuuuccgaauuauugaggguccgca	1:84287344..84287402:+
2_7719	15.2	97 +/- 3%	-	30	26	0	4	yes	-	-	-	-	gcucugguauuuugauguucga	gaacucaagauaccagaucaug	gcucugguauuuugauguucgauggauuugauauuacucggaacucaagauaccagaucaug	2:289697988..289698050:-
2_3775	14.1	97 +/- 3%	-	26	25	0	1	yes	-	-	-	-	uucaacccaggcgaaaugacauu	aucaauucgccuggguugaagc	aucaauucgccuggguugaagcaucgcuaagcuucaacccaggcgaaaugacauu	2:404559689..404559744:+
1_19143	13.9	97 +/- 3%	-	29	28	0	1	yes	-	-	-	-	aacagaauuuuccaucugaacg	uuccaggcgggaguuaucug	uuccaggcgggaguuaucugauaugugaauaugguaccauaacagaauuuuccaucugaacg	1:69303710..69303772:+
2_4073	12.2	97 +/- 3%	-	22	18	0	4	yes	-	-	-	-	agucaccaucugauacugacgg	ugcggcgucuucuggugacug	agucaccaucugauacugacggaggauggauguguuuccccaauacacuguccuucgugcggcgucuucuggugacug	2:433272036..433272114:+
2_4014	11.8	97 +/- 3%	-	21	17	1	3	yes	-	-	-	-	uaaacgcaugucagucccaugu	caugggacaacuaugcguuua	uaaacgcaugucagucccauguuugcuggauuuccuauucacaugggacaacuaugcguuua	2:428480034..428480096:+
2_2698	10.8	97 +/- 3%	-	19	17	1	1	yes	-	-	-	-	uaaacgcaugucagucccaugu	ugggauaauuaugcguuuaugg	uaaacgcaugucagucccauguuugcuggauuuccuauucacaugggauaauuaugcguuuaugg	2:273864696..273864761:+
2_6178	10.1	97 +/- 3%	-	18	15	0	3	yes	-	-	-	-	gauacagccauaccguggaag	uccacgcuaugccugaauca	uccacgcuaugccugaaucaguaaaauuugaaaaucgaaugugcauucgauuuuuaaaauccacugauacagccauaccguggaag	2:154129243..154129329:-
2_7628	7	96 +/- 3%	-	12	8	0	4	yes	-	-	-	-	accaauaccacuaucaggaaga	uuucugauagugguuaguuu	accaauaccacuaucaggaagagcuaacacuaaucuuucugauagugguuaguuu	2:278043240..278043295:-
3_15152	6.8	96 +/- 3%	-	12	5	0	7	yes	-	-	-	-	ugggacuggcaugcguuuaug	auaaacgcauaauugucccaugu	auaaacgcauaauugucccaugugaauaggaaauccagcaaacaugggacuggcaugcguuuaug	3:99436794..99436859:-
2_6590	6.7	96 +/- 3%	-	12	5	0	7	yes	-	-	-	-	ugggacugauaugcuuuauggg	auaaacgcauaauugucccaugu	auaaacgcauaauugucccaugugaauaggaaaucaaggagacaugggacugauaugcuuuauggg	2:194674625..194674691:-
1_19909	6.1	96 +/- 3%	-	10	8	1	1	yes	-	-	-	-	caugggacaaucaugcguuuau	uaaauacaugucagucccaugu	uaaauacaugucagucccauguuugcuggauuuccuauucacaugggacaaucaugcguuuau	1:150220904..150220967:+
1_21439	4.4	95 +/- 3%	-	7	6	0	1	yes	-	-	-	-	ccacgaccguuggguuucggga	agaagccgagcgcucguugau	agaagccgagcgcucguugauggcgaaggccgccacgaccguuggguuucggga	1:279056069..279056123:+
NIGP01000128_28122	4.1	95 +/- 3%	-	7	6	0	1	yes	-	-	-	-	cauaaacauccagcguucgagaa	aucgaacgaugaguguuaugcu	aucgaacgaugaguguuaugcuuuguaagcauaaacauccagcguucgagaa	NIGP01000128:2152..2204:-
3_15740	3.5	94 +/- 4%	-	10	5	1	4	yes	-	-	-	-	ugcuuguucgguaauuuuuuaua	uaaaaaauaccgaacuuucag	ugcuuguucgguaauuuuuuauacuggguacgaauuguaaaccauaaaaaauaccgaacuuucag	3:142708642..142708707:-
NIGP01000203_27232	2.5	93 +/- 4%	-	21	16	5	0	yes	-	-	-	-	auuggcguauuaacuucgaugg	aucggaguuaauacgccaaucg	aucggaguuaauacgccaaucgcguauuauccucgauuuuacuauaguaaaaucgaagauaauacgcgauuggcguauuaacuucgaugg	NIGP01000203:8923..9013:-
3_14500	2.5	93 +/- 4%	-	23	23	0	0	yes	-	-	-	-	auaaaugggacuguuaugcgag	cgcauaacagucccauauuguau	cgcauaacagucccauauuguaugggauuuccuauauaaaugggacuguuaugcgag	3:27821277..27821334:-
3_16694	2.4	93 +/- 4%	-	4	4	0	0	yes	-	dme-miR-3641-3p	-	-	acuaaacuaacucggucgaagaa	cuucgaccgaguugauuuaguuc	cuucgaccgaguugauuuaguucaccaguggauaagaccauggucuuauccacugguguacuaaacuaacucggucgaagaa	3:224216319..224216401:-
NIGP01001210_27956	2.3	93 +/- 4%	-	35	35	0	0	yes	-	-	-	-	cuagaggcagcaacagccgcu	cggcuguugcugccuccagcc	cuagaggcagcaacagccgcucaaaauuucuuugcgcggcuguugcugccuccagcc	NIGP01001210:654..711:+
3_18216	2.2	93 +/- 4%	-	23	23	0	0	yes	-	-	-	-	auaaaugggacuguuaugcgag	cgcauaauagucccauauuauau	cgcauaauagucccauauuauaugggauuuucuauauaaaugggacuguuaugcgag	3:371215012..371215069:-
3_15736	2.2	93 +/- 4%	-	33	29	0	4	yes	-	-	-	-	cugaaaaccuaaucgauugguc	aaucgaugaaguuuucagcu	cugaaaaccuaaucgauuggucacuaacuaguggugaccaaucgaugaaguuuucagcu	3:141938568..141938627:-
2_7190	2	93 +/- 4%	-	32	32	0	0	yes	-	-	-	-	uaaacaugggacuguuauacga	gcauaaccgucccauguuguaug	gcauaaccgucccauguuguaugggauuuccuauaaacaugggacuguuauacga	2:240454736..240454791:-
1_23114	2	93 +/- 4%	-	27	25	0	2	yes	-	-	-	-	uucaacccaggcgaaaugacauu	uuugucaauucgccuggguuga	uuugucaauucgccuggguugaagcaucgcuaagcuucaacccaggcgaaaugacauu	1:142351707..142351765:-
3_14201	2	93 +/- 4%	-	210	185	0	25	yes	-	-	-	-	augucugacgccauuuuggaa	auggcgucagacaucgauuuc	augucugacgccauuuuggaauccaaaauggcgucagacaucgauuuc	3:405857589..405857637:+
1_25466	1.9	92 +/- 2%	-	14	14	0	0	yes	-	-	-	-	aagugcucugaagacaccaac	uggugucuucagcgggcuuau	uggugucuucagcgggcuuauucuucgcaauccaaaaaauaagugcucugaagacaccaac	1:216246935..216246996:-
2_3222	1.9	92 +/- 2%	-	28	28	0	0	yes	-	-	-	-	cugaaaaccuaaucgauugguc	ccaaucguuuaaguuuucagcu	cugaaaaccuaaucgauugguccaccagcuagugaccaaucguuuaaguuuucagcu	2:336843992..336844049:+
3_16162	1.8	92 +/- 2%	-	22	21	0	1	yes	-	-	-	-	uacgguaagggcugauugcugc	ucaggccuuaucauaguuugau	ucaggccuuaucauaguuugauaguagucuaaaguaccagacugcaaaauuacgguaagggcugauugcugc	3:178986871..178986943:-
1_23596	1.8	92 +/- 2%	-	36	36	0	0	yes	-	-	-	-	ugaggcgucuucugguggcugg	agucaccaucugauacuaacg	agucaccaucugauacuaacggaggauggaugugcuacccaaagcacgguccuccgugaggcgucuucugguggcugg	1:176382130..176382208:-
2_2321	1.8	92 +/- 2%	-	21	20	0	1	yes	-	-	-	-	uacgguaagggcugauugcugc	ucaggccuuaucauaguuugau	ucaggccuuaucauaguuugauaguagccugaacuacuagauugcaaaacuacgguaagggcugauugcugc	2:233859499..233859571:+
3_13879	1.7	92 +/- 2%	-	14	14	0	0	yes	-	-	-	-	aagugcucugaagacaccaac	aggugucuccgggggacuuau	aggugucuccgggggacuuauucuucguaaaccaaagaauaagugcucugaagacaccaac	3:370261161..370261222:+
1_23510	1.7	92 +/- 2%	-	187	185	1	1	yes	-	-	-	-	uacggcaagggcugauugcugc	ucaggccuuaucauaguuugau	ucaggccuuaucauaguuugauaguagucugaacuacuagacugcaaaacuacggcaagggcugauugcugc	1:167656769..167656841:-
3_16044	1.7	92 +/- 2%	-	57	57	0	0	yes	-	-	-	-	ugggacugacaugcguuuaugg	auaaacgcaaaauugucccaug	auaaacgcaaaauugucccaugugaauaugaaauccaguaaacaugggacugacaugcguuuaugg	3:170873899..170873965:-
2_3145	1.7	92 +/- 2%	-	187	185	1	1	yes	-	-	-	-	uacggcaagggcugauugcugc	ucaggccuuaucauaguuugau	ucaggccuuaucauaguuugauaguagucugaacuacuagacugcaaaacuacggcaagggcugauugcugc	2:326066195..326066267:+
3_18369	1.7	92 +/- 2%	-	35	30	0	5	yes	-	-	-	-	uucacuaauaccacuaucaggau	guucugauagugguguuaguuug	uucacuaauaccacuaucaggauacgcuaacauugaucguucugauagugguguuaguuug	3:390185747..390185808:-
1_22765	1.7	92 +/- 2%	-	26	20	0	6	yes	-	-	-	-	ucaucaauaccacuaucaggaa	uuucugauagugguguuaguuu	ucaucaauaccacuaucaggaagagcuaacaccaaucuuucugauagugguguuaguuu	1:99492788..99492847:-
1_22933	1.6	92 +/- 2%	-	25	23	0	2	yes	-	-	-	-	accaaacacucguuuaagcug	cagcuuaaacggauguuug	accaaacacucguuuaagcugaaaaccaaucgauaaaguuuccagcuuaaacggauguuug	1:113736374..113736435:-
3_12171	1.6	92 +/- 2%	-	90	90	0	0	yes	-	-	-	-	caccuguccagcgaauugggag	cccaauucgauagacaugcg	cccaauucgauagacaugcggcugcgguaguugguaacgcaccuguccagcgaauugggag	3:218717124..218717185:+
3_10382	1.6	92 +/- 2%	-	11	11	0	0	yes	-	-	-	-	gagguguucuaugccuucugga	cagagggucucuaacauuucgc	gagguguucuaugccuucuggaaaaaaugaaggccuucuuccagagggucucuaacauuucgc	3:70829606..70829669:+
3_14022	1.6	92 +/- 2%	-	40	21	0	19	yes	-	-	-	-	uguuucgagcgacucggaguug	aacccgagcgacucgaaguagg	uguuucgagcgacucggaguugguuggacucggcucaaugaacacaaacccgagcgacucgaaguagg	3:389235470..389235538:+
2_7654	1.6	92 +/- 2%	-	40	21	0	19	yes	-	-	-	-	uguuucgagcgacucggaguug	aacccgagcgacucgaaguagg	uguuucgagcgacucggaguugguuggacucggcucaaugaacacaaacccgagcgacucgaaguagg	2:281710678..281710746:-
2_1042	1.6	92 +/- 2%	-	40	21	0	19	yes	-	-	-	-	uguuucgagcgacucggaguug	aacccgagcgacucgaaguagg	uguuucgagcgacucggaguugguuggacucggcucaaugaacacaaacccgagcgacucgaaguagg	2:103717095..103717163:+
3_9832	1.6	92 +/- 2%	-	40	21	0	19	yes	-	-	-	-	uguuucgagcgacucggaguug	aacccgagcgacucgaaguagg	uguuucgagcgacucggaguugguuggacucggcucaaugaacacaaacccgagcgacucgaaguagg	3:10923341..10923409:+
2_7323	1.6	92 +/- 2%	-	3	2	0	1	yes	-	-	-	-	gcagcaaucagcccuuaccguagu	uaugauaaggccugaaauguuacu	gcagcaaucagcccuuaccguaguuuugcagucuaguaguucagacuacuaucaaacuaugauaaggccugaaauguuacu	2:253604511..253604592:-
2_1027	1.5	92 +/- 2%	-	186	185	1	0	yes	-	-	-	-	uacggcaagggcugauugcugc	agcauuucaggccuuauaauagu	agcauuucaggccuuauaauaguuugauaguagucugaacuacuagacugcaaaacuacggcaagggcugauugcugc	2:102057853..102057931:+
3_10451	1.5	92 +/- 2%	-	186	185	0	1	yes	-	-	-	-	uacggcaagggcugauugcugc	ucaggccuuaucauaguuugau	ucaggccuuaucauaguuugauaguagucugaacuaguagacugcaaaacuacggcaagggcugauugcugc	3:80848708..80848780:+
1_20779	1.5	92 +/- 2%	-	91	91	0	0	yes	-	-	-	-	uacggcaagggcugauugcug	gcuuuucaggucuuaucauagu	gcuuuucaggucuuaucauaguuuuauaguagucuggaauacuagacugcaaaacuacggcaagggcugauugcug	1:213366828..213366904:+
2_6952	1.5	92 +/- 2%	-	92	91	1	0	yes	-	-	-	-	uacggcaagggcugauugcug	gcauuuuaggccuuaucauagu	gcauuuuaggccuuaucauaguuugauaguagucugaacuacuagacugcagaacuacggcaagggcugauugcug	2:224337410..224337486:-
2_5756	1.5	92 +/- 2%	-	40	21	0	19	yes	-	-	-	-	uguuucgagcgacucggaguug	aacccgagcgacucgaaguagg	uguuucgagcgacucggaguugguuggacucggcucaaugaacacaaacccgagcgacucgaaguagg	2:118872808..118872876:-
2_1355	1.5	92 +/- 2%	-	186	185	1	0	yes	-	-	-	-	uacggcaagggcugauugcugc	agcauuucagaccuuaucauagu	agcauuucagaccuuaucauaguuugauaguagucugaacuacuagacugcaaaacuacggcaagggcugauugcugc	2:135136538..135136616:+
NIGP01000258_27354	1.5	92 +/- 2%	-	10	10	0	0	yes	-	-	-	-	ucuuaugcagcgcaauaguga	acuauuugcguugcauaagaau	ucuuaugcagcgcaauagugacgucacuauuugcguugcauaagaau	NIGP01000258:31301..31348:+
3_16396	1.5	92 +/- 2%	-	30	30	0	0	yes	-	-	-	-	aauuuaccucuuguauggaaac	uugcaugcaagaggcaaacuca	uugcaugcaagaggcaaacucaaugaugcagaugaauuuaccucuuguauggaaac	3:198161304..198161360:-
2_4330	1.4	92 +/- 2%	-	17	17	0	0	yes	-	-	-	-	uaaacgcaugucagucccaugu	augggacaauuauguauuuccg	uaaacgcaugucagucccauguuugcuggauuuuauauucacaugggacaauuauguauuuccg	2:463775125..463775189:+
2_5560	1.4	92 +/- 2%	-	40	21	0	19	yes	-	-	-	-	uguuucgagcgacucggaguug	aacccgagcgacucgaaguagg	uguuucgagcgacucggaguugguuggacucggcucaaugaacacaaacccgagcgacucgaaguagg	2:103716336..103716404:-
2_8778	1.3	92 +/- 2%	-	10	10	0	0	yes	-	-	-	-	uccugaggugaaaaaaugcuga	agcauuuuuucauuucagaccg	agcauuuuuucauuucagaccgcuuggcagcgaugcaaucuugcguccugaggugaaaaaaugcuga	2:389425486..389425553:-
1_21956	1.3	92 +/- 2%	-	189	187	1	1	yes	-	-	-	-	uacggcaagggcugauugcugc	ucaggccuuaucauaguuugau	ucaggccuuaucauaguuugauaguagucugaacuacuagacuacaaaaauacggcaagggcugauugcugc	1:17519900..17519972:-
3_14288	1.2	92 +/- 2%	-	11	11	0	0	yes	-	-	-	-	guaggccggcggaaacuacuug	agggguuucuuucggccuccag	agggguuucuuucggccuccagcggcauuagauaguuguaggccggcggaaacuacuug	3:6069686..6069745:-
1_23550	1.2	92 +/- 2%	-	11	11	0	0	yes	-	-	-	-	uucaacccaggugaauugacaa	gucauuucgccuggguugaagc	gucauuucgccuggguugaagccuaucgaugcuucaacccaggugaauugacaa	1:172038285..172038339:-
2_8796	1.1	92 +/- 2%	-	25	25	0	0	yes	-	-	-	-	aaacgugguuuacggcuuaagc	uuaggccucaaaccugguuuaa	uuaggccucaaaccugguuuaaccguauggguaaacgugguuuacggcuuaagc	2:389852956..389853010:-
2_1617	1.1	92 +/- 2%	-	209	209	0	0	yes	-	-	-	-	aauuuaucucuuguauggaaac	uugcauacaagaggcaaacuca	uugcauacaagaggcaaacucaaugugcagagaauuuaucucuuguauggaaac	2:163844421..163844475:+
3_12925	1.1	92 +/- 2%	-	186	185	0	1	yes	-	-	-	-	uacggcaagggcugauugcugc	ucaggccuuaucauaguuugau	ucaggccuuaucauaguuugauaguauuuugaacuacuagacugcaaaacuacggcaagggcugauugcugc	3:280276138..280276210:+
2_6290	1	92 +/- 2%	-	9	9	0	0	yes	-	-	-	-	uuuaaggccuaagcggggguga	accuccgcuuaagccguaaacc	accuccgcuuaagccguaaaccacguuuacccauacaauuaaaccugguuuaaggccuaagcggggguga	2:163986473..163986543:-
NIGP01000433_26971	0.9	84 +/- 3%	-	8	7	0	1	no	-	-	-	-	uccuaucggcgcaguucggaau	ucucggcugcggugaucggcc	uccuaucggcgcaguucggaaucugccuucggaacucggucucggcugcggugaucggcc	NIGP01000433:36052..36112:-
3_14199	0.9	84 +/- 3%	-	29	29	0	0	yes	-	-	-	-	aauuuaccucuuguauggaaac	uugcauacaagaggcaaacuca	uugcauacaagaggcaaacucaaugaugcagaugaauuuaccucuuguauggaaac	3:405808597..405808653:+
NIGP01000433_26969	0.9	84 +/- 3%	-	8	7	0	1	no	-	-	-	-	uccuaucggcgcaguucggaau	ucucggcugcggugaucggcc	uccuaucggcgcaguucggaaucugccuucggaacucggucucggcugcggugaucggcc	NIGP01000433:27049..27109:-
1_20688	0.7	84 +/- 3%	-	27	16	0	11	yes	-	-	-	-	agcacuaaaguuaauaccggaau	aaucucggauuaaccuuagugc	aaucucggauuaaccuuagugcuccaaaaucggagcacuaaaguuaauaccggaau	1:208815285..208815341:+
3_13212	0.6	84 +/- 3%	-	185	185	0	0	yes	-	-	-	-	augucugacgccauuuuggaa	ccaagauggcgacaucu	augucugacgccauuuuggaauccaagauggcgacaucu	3:309479830..309479869:+
3_9997	0.5	84 +/- 3%	-	10	10	0	0	yes	-	-	-	-	aaucauucccaacuucugcugu	agcaguaguugugaaugauuga	agcaguaguugugaaugauugauuuuagauuuauacucaaucauucccaacuucugcugu	3:30232281..30232341:+
2_2421	0.3	84 +/- 3%	-	52	52	0	0	yes	-	-	-	-	ugugguuuacggcuuaagcgaa	cgcuuaggccuucaaccugguu	cgcuuaggccuucaaccugguuuaaucguauggguaaaugugguuuacggcuuaagcgaa	2:242965850..242965910:+
2_6326	0.1	84 +/- 3%	-	9	9	0	0	yes	-	-	-	-	uucaacccaggcgaaaugacaa	gccaauucaccuggguugaagc	gccaauucaccuggguugaagcaucgcuaagcuucaacccaggcgaaaugacaa	2:165842111..165842165:-
2_85	0.1	84 +/- 3%	-	9	9	0	0	yes	-	-	-	-	ugggcugcgugaugcuagcug	gcuagcagcaagcagcccaau	gcuagcagcaagcagcccaauugcuuugaugcuguugcuuugggcugcgugaugcuagcug	2:6710141..6710202:+
1_23176	0.1	84 +/- 3%	-	9	9	0	0	yes	-	-	-	-	ugggcugcgugaugcuagcug	gcuagcagcaagcagcccaau	gcuagcagcaagcagcccaauugcuuugaugcucuugcguugggcugcgugaugcuagcug	1:147128504..147128565:-



mature miRBase miRNAs detected by miRDeep2
tag id	miRDeep2 score	estimated probability that the miRNA is a true positive	rfam alert	total read count	mature read count	loop read count	star read count	significant randfold p-value	mature miRBase miRNA	example miRBase miRNA with the same seed	UCSC browser	NCBI blastn	consensus mature sequence	consensus star sequence	consensus precursor sequence	precursor coordinate
1_26303	225431.1	97 +/- 3%	-	442165	441999	0	166	yes	aae-miR-283	dme-miR-283-5p	-	-	caauaucagcugguaauucuggg	cggaauuccaacugauauccac	caauaucagcugguaauucugggcuuaccccaccguuauacgcuucccggaauuccaacugauauccac	1:305625600..305625669:-
1_26299	85963.9	97 +/- 3%	-	168607	168541	1	65	yes	aae-miR-12-5p	dme-miR-12-5p	-	-	ugaguauuacaucagguacuggu	caguacuuauguuaugcucucu	ugaguauuacaucagguacuggugucgauauucgaaucaccaacgaaucggguuccuuugauuaacuuaccaguacuuauguuaugcucucu	1:305613548..305613640:-
2_9044	54972.5	97 +/- 3%	-	107818	107816	0	2	yes	aae-miR-184	dme-miR-184-3p	-	-	uggacggagaacugauaagggc	ccuuaucauucuugcgccccgu	ccuuaucauucuugcgccccguguuauauuguuggcgacuggacggagaacugauaagggc	2:417599380..417599441:-
2_5592	24409.9	97 +/- 3%	-	47870	47779	0	91	yes	aae-miR-2c	dme-miR-2a-3p	-	-	uaucacagccagcuuugaugagcu	acucucaaaguggcugugaaaug	acucucaaaguggcugugaaaugguuugauuuugcucauaucacagccagcuuugaugagcu	2:107235884..107235946:-
3_18454	24250	97 +/- 3%	-	47557	47523	0	34	yes	aae-miR-308-5p	dme-miR-2a-3p	-	-	aaucacaggaguauacugugag	cgcgguauauucuuguggcuug	cgcgguauauucuuguggcuugaugcauuugaaaaaucucaaaucacaggaguauacugugag	3:403338483..403338546:-
2_3012	17229.1	97 +/- 3%	-	33788	33748	0	40	yes	aae-miR-305-5p	dme-miR-305-5p	-	-	auuguacuucaucaggugcucugg	cggcacauguuggaguacacuu	auuguacuucaucaggugcucugguuguuuucgauacccggcacauguuggaguacacuu	2:307145445..307145505:+
1_20665	16129.7	97 +/- 3%	-	31630	31596	0	34	yes	aae-miR-279	dme-miR-279-3p	-	-	ugacuagauccacacucauuaa	gaugggugugaaucuaguguuucac	gaugggugugaaucuaguguuucacaugauuuucgauagccugugacuagauccacacucauuaa	1:207007788..207007853:+
1_20667	14164.6	97 +/- 3%	-	27775	27769	0	6	yes	aae-miR-996	dme-miR-279-3p	-	-	ugacuagauuacaugcucgucu	ggcgugcaugaaucuggugcacg	ggcgugcaugaaucuggugcacgguuuuccaguuguaauaucgcuucgugacuagauuacaugcucgucu	1:207012535..207012605:+
2_3009	10940.2	97 +/- 3%	-	21450	21438	0	12	yes	aae-miR-275-5p	dme-miR-275-3p	-	-	ucagguaccugaaguagcgcgcg	cgcgcuaagcaggaaccgagacu	cgcgcuaagcaggaaccgagacuuugucauuugcuagcagucagguaccugaaguagcgcgcg	2:307135668..307135731:+
3_14940	9764.7	97 +/- 3%	-	19144	19047	0	97	yes	aae-miR-11-5p	dme-miR-2a-3p	-	-	caucacagucugaguucuugcu	cgagaacuccggcugugaccug	cgagaacuccggcugugaccuguguacacuuuauccaaaucacaucacagucugaguucuugcu	3:75489864..75489928:-
2_5079	9502.1	97 +/- 3%	-	18630	18520	0	110	yes	aae-miR-190	dme-miR-190-5p	-	-	agauauguuugauauucuugguug	cccaggaaucaaacauauuauu	agauauguuugauauucuugguuguuaaauuuuauauuaucacccaggaaucaaacauauuauu	2:48811878..48811942:-
3_16892	7492.4	97 +/- 3%	-	14687	14675	0	12	yes	aae-miR-278-5p	dme-miR-278-3p	-	-	ucggugggacuuucguccguuu	acggacgauagucuucagcggc	acggacgauagucuucagcggccgugcauuugauagaaguggucggugggacuuucguccguuu	3:243123888..243123952:-
3_11725	5989.1	97 +/- 3%	-	11742	11666	0	76	yes	aae-bantam-5p	dme-bantam-3p	-	-	ugagaucauuuugaaagcugauu	ccgguuuucauuuucgaucugacu	ccgguuuucauuuucgaucugacuuauuugauuuaacaagagugagaucauuuugaaagcugauu	3:178082830..178082895:+
2_5596	5255.4	97 +/- 3%	-	10300	9773	1	526	yes	aae-miR-13-5p	dme-miR-2a-3p	-	-	uaucacagccauuuugacgaguu	ucguaaaaaugguugugcugu	ucguaaaaaugguugugcuguguuguuacgcucgaaauucauaucacagccauuuugacgaguu	2:107237649..107237713:-
2_5509	5101.6	97 +/- 3%	-	9998	9778	2	218	yes	aae-miR-282-5p	dme-miR-282-5p	-	-	uagccucuccuaggcuuugucu	acauagccugacagagguuagg	uagccucuccuaggcuuugucuguuaccuuccuugggaauuccacuagccagacauagccugacagagguuagg	2:96911966..96912040:-
2_5601	4922.8	97 +/- 3%	-	9654	6072	0	3582	yes	aae-miR-71-5p	-	-	-	agaaagacauggguagugagau	ucucacuaccuugucuuucaug	agaaagacauggguagugagauaguuucacccuauugcacugggaucucacuaccuugucuuucaug	2:107238287..107238354:-
3_15078	4078.8	97 +/- 3%	-	7992	7978	1	13	yes	aae-miR-92b-3p	dme-miR-92a-3p	-	-	aauugcacuugucccggccugc	aggucgugacuugugcccauuu	aggucgugacuugugcccauuugcugaauuuuaauggucaaauugcacuugucccggccugc	3:93418515..93418577:-
2_3517	3749.9	97 +/- 3%	-	7347	7343	0	4	yes	aae-miR-2945-5p	dme-miR-279-3p	-	-	ugacuagaggcagacucguuua	agcggguccguuucuagugucaugu	agcggguccguuucuagugucaugugcuguauucgaauaucaugacuagaggcagacucguuua	2:374947142..374947206:+
1_23585	3171.6	97 +/- 3%	-	6214	5647	0	567	yes	aae-miR-252-5p	dme-miR-252-5p	-	-	cuaaguacuagugccgcaggag	ccugcugcccaagugcuuaucg	cuaaguacuagugccgcaggagagauuugaaccccugcugcccaagugcuuaucg	1:175818157..175818212:-
2_3281	2543.3	97 +/- 3%	-	4981	4958	0	23	yes	aae-miR-14	dme-miR-14-3p	-	-	ucagucuuuuucucucuccuau	gggagcgagauuaaggcuugcu	gggagcgagauuaaggcuugcuggucauuuauuacacucgaagucagucuuuuucucucuccuau	2:344767572..344767637:+
1_22263	2163.6	97 +/- 3%	-	4235	4134	0	101	yes	aae-miR-33	dme-miR-33-5p	-	-	gugcauuguaguugcauugca	caauacuucugcaaugcaagc	gugcauuguaguugcauugcacuuuugcguucgauaacacggugcaauacuucugcaaugcaagc	1:50888881..50888946:-
2_5326	2108.4	97 +/- 3%	-	4127	3629	0	498	yes	aae-miR-276-5p	dme-miR-276a-3p	-	-	uaggaacuucauaccgugcucu	agcgagguauagaguuccuacg	agcgagguauagaguuccuacguugcgugugcgaaauugguaggaacuucauaccgugcucu	2:73120452..73120514:-
3_14938	1916.9	97 +/- 3%	-	3751	3742	0	9	yes	aae-miR-998	dme-miR-285-3p	-	-	uagcaccaugagauucagcuc	acugaacucucgugggucugc	acugaacucucgugggucugcaguugauauuucgaaagcuuguagcaccaugagauucagcuc	3:75489589..75489652:-
2_5342	1865.9	97 +/- 3%	-	3651	3633	0	18	yes	aae-miR-276-3p	dme-miR-276a-3p	-	-	uaggaacuucauaccgugcucu	agcgagguauagaguuccu	agcgagguauagaguuccuaugcguucggauaaaauauuccauaggaacuucauaccgugcucu	2:73509399..73509463:-
2_5505	1822.1	97 +/- 3%	-	3566	2653	0	913	yes	aae-miR-281-5p	dme-miR-281-2-5p	-	-	aagagagcuauccgucgacagu	ugucauggaauugcucucuuua	aagagagcuauccgucgacaguagggauaugauucacugucauggaauugcucucuuua	2:96469361..96469420:-
3_15084	1298	97 +/- 3%	-	2538	2536	0	2	yes	aae-miR-92a-5p	dme-miR-92a-3p	-	-	uauugcacuugucccggccuau	cgguacggacaggggcaacauu	cgguacggacaggggcaacauugugacauuugaaagcuaauauugcacuugucccggccuau	3:93477596..93477658:-
2_5180	1104.6	97 +/- 3%	-	2164	2154	0	10	yes	aae-miR-11894a	-	-	-	uuuaccauuucaagaugaccua	ggucgucuugaaaugguaaag	ggucgucuugaaaugguaaagagugucaaucaucaucuuuaccauuucaagaugaccua	2:58785158..58785217:-
2_5182	1104.5	97 +/- 3%	-	2164	2154	0	10	yes	aae-miR-11894a	-	-	-	uuuaccauuucaagaugaccua	ggucgucuugaaaugguaaag	ggucgucuugaaaugguaaagagugucaaucaucaucuuuaccauuucaagaugaccua	2:58785850..58785909:-
2_5188	1104.5	97 +/- 3%	-	2164	2154	0	10	yes	aae-miR-11894a	-	-	-	uuuaccauuucaagaugaccua	ggucgucuugaaaugguaaag	ggucgucuugaaaugguaaagagugucaaucaucaucuuuaccauuucaagaugaccua	2:58787948..58788007:-
2_5184	1104.4	97 +/- 3%	-	2164	2154	0	10	yes	aae-miR-11894a	-	-	-	uuuaccauuucaagaugaccua	ggucgucuugaaaugguaaag	ggucgucuugaaaugguaaagagugucaaucaucaucuuuaccauuucaagaugaccua	2:58786284..58786343:-
2_5186	1104.4	97 +/- 3%	-	2164	2154	0	10	yes	aae-miR-11894a	-	-	-	uuuaccauuucaagaugaccua	ggucgucuugaaaugguaaag	ggucgucuugaaaugguaaagagugucaaucaucaucuuuaccauuucaagaugaccua	2:58787426..58787485:-
1_26270	992.9	97 +/- 3%	-	1939	1925	1	13	yes	aae-miR-277-5p	dme-miR-277-3p	-	-	uaaaugcacuaucugguacgaca	cgugucagaagugcauuuaca	cgugucagaagugcauuuacauagguauuucccguuuagcaguauuuguaaaugcacuaucugguacgaca	1:302603812..302603883:-
3_13497	778.5	97 +/- 3%	-	1520	1515	0	5	yes	aae-miR-8-5p	dme-miR-8-3p	-	-	uaauacugucagguaaagauguc	caucuuaccgggcagcauuaga	caucuuaccgggcagcauuagauauuuuugaaauacuucuaauacugucagguaaagauguc	3:328527955..328528017:+
2_8284	562	97 +/- 3%	-	1094	1056	0	38	yes	aae-miR-79-5p	dme-miR-9a-3p	-	-	uaaagcuagauuaccaaagcau	cuuuggcgcuuuagcuguauga	cuuuggcgcuuuagcuguaugauagaauuuaauauuucauaaagcuagauuaccaaagcau	2:335780884..335780945:-
2_8281	523.1	97 +/- 3%	-	1018	1011	0	7	yes	aae-miR-9b	dme-miR-9a-5p	-	-	ucuuuggugauuuuagcuguaug	auagcuuuaucaccaaaaacc	ucuuuggugauuuuagcuguaugcugauacguuucugauugcauauagcuuuaucaccaaaaacc	2:335780574..335780639:-
2_8287	465	97 +/- 3%	-	904	435	2	467	yes	aae-miR-9c-5p	dme-miR-9a-5p	-	-	ucuuugguauucuagcuguaga	uaaagcuuuaguaccagagguc	ucuuugguauucuagcuguagaauguugagcuuugugauaugguaucuucuaaagcuuuaguaccagagguc	2:335810364..335810436:-
2_935	346.1	97 +/- 3%	-	670	636	0	34	yes	aae-miR-988-5p	dme-miR-988-3p	-	-	ccccuuguugcaaaccucacgc	gugugcuuugugacaaugagau	gugugcuuugugacaaugagauucgguucgauaucauccccuuguugcaaaccucacgc	2:93351380..93351439:+
1_20003	345.2	97 +/- 3%	-	669	663	0	6	yes	aae-miR-970	dme-miR-970-3p	-	-	ucauaagacacacgcggcuau	agcuugcguuugucuuagcugg	agcuugcguuugucuuagcugguauugaaugugauagguaucauaagacacacgcggcuau	1:157238423..157238484:+
NIGP01000533_27150	345.2	97 +/- 3%	-	669	663	0	6	yes	aae-miR-970	dme-miR-970-3p	-	-	ucauaagacacacgcggcuau	agcuugcguuugucuuagcugg	agcuugcguuugucuuagcugguauugaaugugauagguaucauaagacacacgcggcuau	NIGP01000533:10107..10168:-
1_22550	296.2	97 +/- 3%	-	573	496	0	77	yes	aae-miR-87	dme-miR-87-3p	-	-	gugagcaaauuuucaggugugu	cagccugaaauuugcuaaaccu	cagccugaaauuugcuaaaccuguguguauuugauucaaacaaucaaggugagcaaauuuucaggugugu	1:80682401..80682471:-
3_12495	241.1	97 +/- 3%	-	464	255	0	209	yes	aae-miR-307	dme-miR-307a-3p	-	-	ucacaaccuccuugagugagcga	acucacucaaccugggugugaug	acucacucaaccugggugugaugcuuauuugaaucaucacaaccuccuugagugagcga	3:244794376..244794435:+
2_8148	102.3	97 +/- 3%	-	199	196	0	3	yes	aae-miR-11895	-	-	-	uucaugcauucacuucugcuga	agcaggagugaaugcaugaguu	agcaggagugaaugcaugaguuugacaucugaaacuaauucaugcauucacuucugcuga	2:324949494..324949554:-
3_17699	95	97 +/- 3%	-	178	128	0	50	yes	aae-miR-10365	dme-miR-927-5p	-	-	auuagaauguggaaucuguuuuu	aaaaguuuucauauucuugcgg	auuagaauguggaaucuguuuuuguacaucaaguguuacgaaacgaagcaaaaaaguuuucauauucuugcgg	3:320775621..320775694:-
NIGP01001634_27175	95	97 +/- 3%	-	178	128	0	50	yes	aae-miR-10365	dme-miR-927-5p	-	-	auuagaauguggaaucuguuuuu	aaaaguuuucauauucuugcgg	auuagaauguggaaucuguuuuuguacaucaaguguuacgaaacgaagcaaaaaaguuuucauauucuugcgg	NIGP01001634:30709..30782:-
3_11100	50.5	97 +/- 3%	-	93	91	0	2	yes	aae-miR-31	dme-miR-31b-5p	-	-	uggcaagauguuggcauagcuga	uagcuauucaacuucuugucuau	uggcaagauguuggcauagcugaaaguuuugaguuuagcuauucaacuucuugucuau	3:136174150..136174208:+
1_18969	43.2	97 +/- 3%	-	93	92	0	1	no	aae-miR-210	-	-	-	uugugcgugugacaacggcuau	agcugcugaccacugcacaaga	agcugcugaccacugcacaagauuagauuaugacucuugugcgugugacaacggcuau	1:54892617..54892675:+
NIGP01000443_27119	30.6	97 +/- 3%	-	70	69	0	1	no	aae-miR-11893	-	-	-	uuccugacuuauacgcuuaccu	guaaguagauaaaucagaaag	guaaguagauaaaucagaaagacguuuauaucguuucuuccugacuuauacgcuuaccu	NIGP01000443:52102..52161:+
2_2573	30	97 +/- 3%	-	70	69	0	1	no	aae-miR-11893	-	-	-	uuccugacuuauacgcuuaccu	guaaguagauaaaucagaaag	guaaguagauaaaucagaaagacguuuauaucguuucuuccugacuuauacgcuuaccu	2:257889040..257889099:+
3_18126	23.4	97 +/- 3%	-	38	36	0	2	yes	aae-miR-989	dme-miR-989-3p	-	-	ugugaugugacguagugguac	cgccgcuaccucgcuuucacuug	cgccgcuaccucgcuuucacuugguaccgauuucccauaauccaugugaugugacguagugguac	3:366439082..366439147:-
1_26272	5.2	96 +/- 3%	-	40621	40616	0	5	yes	aae-miR-317	dme-miR-317-3p	-	-	ugaacacagcuggugguaucuca	cgggauacacccugugcucgcu	cgggauacacccugugcucgcuuugcauucgaaacuagugaacacagcuggugguaucuca	1:302667131..302667192:-
3_14254	5.2	96 +/- 3%	-	24	24	0	0	yes	aae-miR-980-5p	dme-miR-980-3p	-	-	uagcugccuagugaagggcaaua	cggccguucauugggucaucuagc	cggccguucauugggucaucuagcucguguuggaaacaguuagcugccuagugaagggcaaua	3:1054522..1054585:-
2_5594	5.2	96 +/- 3%	-	109286	109284	0	2	yes	aae-miR-2a-5p	dme-miR-2a-3p	-	-	uaucacagccagcuuugaaga	aaagugguugugaaauga	aaagugguugugaaaugaguuacucuugaacgaucucauaucacagccagcuuugaaga	2:107237504..107237563:-
2_5600	5.1	96 +/- 3%	-	28452	28451	0	1	yes	aae-miR-2c	dme-miR-2a-3p	-	-	uaucacagccagcuuugauga	gcaucaaauuugguuguuuu	gcaucaaauuugguuguuuuaguacgaccucuuugaaaccccuaucacagccagcuuugauga	2:107237998..107238061:-
2_4033	4.9	95 +/- 3%	-	4994	4964	0	30	yes	aae-miR-965	dme-miR-965-3p	-	-	uaagcguauagcuuuucccau	gggggaaauccuguacgcuguaug	gggggaaauccuguacgcuguauguuguauuugaauaauccauaagcguauagcuuuucccau	2:429778749..429778812:+
2_8423	4.8	95 +/- 3%	-	48	48	0	0	yes	aae-miR-263a-5p	dme-miR-263a-5p	-	-	aauggcacuggaagaauucacggg	cguguucuggcaguggcauccc	aauggcacuggaagaauucacggguauauuuugaaauccccguguucuggcaguggcauccc	2:348784448..348784510:-
1_26332	4.7	95 +/- 3%	-	336	270	0	66	yes	aae-miR-1175-5p	dme-miR-958-3p	-	-	ugagauucuacuucuccgacuu	aaguggaguaguggucucaucg	aaguggaguaguggucucaucgcuuaguauuagaaaagugagauucuacuucuccgacuu	1:307010046..307010106:-
2_40	4.6	95 +/- 3%	-	58	58	0	0	yes	aae-miR-219	dme-miR-219-5p	-	-	ugauuguccaaacgcaauucuug	agaguugugacuggacauccgug	ugauuguccaaacgcaauucuuguuuuauucgaauaugauauccaagaguugugacuggacauccgug	2:3715261..3715329:+
2_1060	4.5	95 +/- 3%	-	14	14	0	0	yes	aae-miR-9a	dme-miR-9a-5p	-	-	ucuuugguuaucuagcuguauga	auaaagcuagcauaccgaaguua	ucuuugguuaucuagcuguaugagugaauuuagaacaucauaaagcuagcauaccgaaguua	2:108461947..108462009:+
2_2152	3.7	94 +/- 4%	-	14699	14699	0	0	yes	aae-miR-7	dme-miR-7-5p	-	-	uggaagacuagugauuuuguuguu	uaacaauaaaucucaagucuuucuac	uggaagacuagugauuuuguuguuuugcuuacgauaauaacaauaaaucucaagucuuucuac	2:222802544..222802607:+
2_2268	3.3	94 +/- 4%	-	9	9	0	0	yes	aae-miR-932-5p	dme-miR-932-5p	-	-	ucaauuccguagugcauugcagu	ugcaagcaauguggaagugaag	ucaauuccguagugcauugcagugugcuuuagacgaacugcaagcaauguggaagugaag	2:231381156..231381216:+
2_8878	3.2	94 +/- 4%	-	9	9	0	0	yes	aae-miR-1	dme-miR-1-3p	-	-	uggaauguaaagaaguauggag	ccaugcuuccuugcauucaaua	ccaugcuuccuugcauucaauagugauucugaaagcauauggaauguaaagaaguauggag	2:399501023..399501084:-
2_7508	3.2	94 +/- 4%	-	5	4	0	1	yes	aae-miR-2946	-	-	-	uaguacggaaaagauaugggga	gccauauuuuuaccgcuacugc	gccauauuuuuaccgcuacugcauuucauuguaauaauuguaguacggaaaagauaugggga	2:268456441..268456503:-
2_4829	2.9	93 +/- 4%	-	4	3	0	1	yes	aae-miR-11896	-	-	-	ucggucaauccggaacuguugg	acaaggccggauugaucaaga	ucggucaauccggaacuguuggcucggcacaaaagcgaccacaaggccggauugaucaaga	2:30841062..30841123:-
2_3524	2.4	93 +/- 4%	-	7	7	0	0	yes	aae-let-7	dme-let-7-5p	-	-	ugagguaguugguuguauagu	uaugcaaucugcuagcuuguc	ugagguaguugguuguauaguagugacugauuaaauaucugcuaugcaaucugcuagcuuguc	2:375131497..375131560:+
1_20328	2	93 +/- 4%	-	5	5	0	0	yes	aae-miR-929	dme-miR-929-5p	-	-	aaauugacucuaguagggagu	ucccuaacggagucagauuga	aaauugacucuaguagggaguccuuguguacgagugacucccuaacggagucagauuga	1:198495526..198495585:+
2_5176	2	93 +/- 4%	-	2154	2154	0	0	yes	aae-miR-11894a	-	-	-	uuuaccauuucaagaugaccua	gguugucuugaaaugguaaaga	gguugucuugaaaugguaaagagugucaaccaucaucuuuaccauuucaagaugaccua	2:58783350..58783409:-
2_5178	1.9	92 +/- 2%	-	158	158	0	0	yes	aae-miR-11894b	-	-	-	uuuaccauuucaauaugaccua	ggucguauugaaaugguaaaga	ggucguauugaaaugguaaagagugucaaucaucaucuuuaccauuucaauaugaccua	2:58784590..58784649:-
2_8366	1.6	92 +/- 2%	-	12	12	0	0	yes	aae-miR-11916	-	-	-	gaugccucguaaagcaacuggac	ucaguugcuuuccgagcguagcac	ucaguugcuuuccgagcguagcacaguuuggaugcgggcccgugcaucguccacggugaugccucguaaagcaacuggac	2:344991981..344992061:-
2_5886	1.6	92 +/- 2%	-	13	13	0	0	yes	aae-miR-11919	-	-	-	uagcuagguugcggugcacugcu	caguguacucugccuggccggc	caguguacucugccuggccggcgcugcugcgagucuagcuagguugcggugcacugcu	2:129145073..129145131:-
3_15187	1.4	92 +/- 2%	-	1755	1755	0	0	yes	aae-miR-2765	-	-	-	ugguaacuccaccaccguugg	aaugggagcuggaguucccgcg	ugguaacuccaccaccguuggcgauauuugacagccaaugggagcuggaguucccgcg	3:101895454..101895512:-
2_9004	1.4	92 +/- 2%	-	561	561	0	0	yes	aae-miR-1890	-	-	-	ugaaaucuuugauuaggucugg	agagcuaauuggagaguucuug	agagcuaauuggagaguucuugaauaguguugugaaccuucaugaaaucuuugauuaggucugg	2:413654961..413655025:-
2_425	1.4	92 +/- 2%	-	15	15	0	0	yes	aae-miR-11897a	-	-	-	uaguaaaccuugauuuuguagc	uacagaaucgaggcucacgaug	uacagaaucgaggcucacgaugauuuccaaucauaguaaaccuugauuuuguagc	2:46313963..46314018:+
2_1811	1	92 +/- 2%	-	14	14	0	0	yes	aae-miR-137	-	-	-	auugcuugagaauacacgua	cgcguauucuuggguuauuaa	cgcguauucuuggguuauuaacacacuguuuauguuguuauugcuugagaauacacgua	2:189612068..189612127:+
2_936	1	92 +/- 2%	-	637	636	0	1	no	aae-miR-988-3p	dme-miR-988-3p	-	-	ccccuuguugcaaaccucacgc	guaggggcaaugggggcaau	ccccuuguugcaaaccucacgcuugcgguagguuccacaacugcugagagguggcagguaggggcaaugggggcaau	2:93351417..93351494:+
2_7504	0.9	84 +/- 3%	-	31	31	0	0	yes	aae-miR-2941	-	-	-	uaguacggcuagaacuccacgga	cgugguguuuagacguauuaca	cgugguguuuagacguauuacaugauuuuuugaacauaacuguaguacggcuagaacuccacgga	2:268456010..268456075:-
2_3522	0.7	84 +/- 3%	-	3	3	0	0	yes	aae-miR-100	dme-miR-100-5p	-	-	aacccguagauccgaacuugug	caagaacggauguaugggauuc	aacccguagauccgaacuugugcugccguuucacauguuacaagaacggauguaugggauuc	2:375117351..375117413:+
2_3526	0.7	84 +/- 3%	-	4	4	0	0	yes	aae-miR-125-5p	dme-miR-125-5p	-	-	ucccugagacccuaacuuguga	acaaguuuugaucuccgguauu	ucccugagacccuaacuugugacuauaguugaaguuucacaaguuuugaucuccgguauu	2:375131781..375131841:+
2_7506	0.7	84 +/- 3%	-	27	27	0	0	yes	aae-miR-2941	-	-	-	uaguacggcuagaacuccacgga	cgugaagcucagcugcauuaca	cgugaagcucagcugcauuacacgauauggaauacgguuuguaguacggcuagaacuccacgga	2:268456314..268456378:-
3_17522	0.4	84 +/- 3%	-	5	5	0	0	yes	aae-miR-309a	dme-miR-3-3p	-	-	ucacugggcaaaguuugucgc	gacuaacuucguucaguuuggug	gacuaacuucguucaguuuggugucauacgaagguuuccaguuucaucacugggcaaaguuugucgc	3:309335452..309335519:-
1_20877	0.3	84 +/- 3%	-	148	148	0	0	yes	aae-miR-11900	-	-	-	auuuuuuugacuguaauuuuauag	guaaaauuacguugaaaaaucgucu	guaaaauuacguugaaaaaucgucucccucaaaaaaugaaaccugagacuaacaggagauuuuuuugacuguaauuuuauag	1:223944070..223944152:+
2_3911	-0.7	76 +/- 4%	-	8	8	0	0	yes	aae-miR-11920	-	-	-	agcauuucagacauugguggac	ccaucaacugcugaacuguuuu	ccaucaacugcugaacuguuuuaggcuucguacgaaagcauuucagacauugguggac	2:417927549..417927607:+
2_3010	-1	76 +/- 4%	-	21438	21438	0	0	no	aae-miR-275-3p	dme-miR-275-3p	-	-	ucagguaccugaaguagcgcgcg	ucaucaagcgacaacagaggcgugaaa	ucagguaccugaaguagcgcgcgugaucaaacaggaagcgucaucaagcgacaacagaggcgugaaa	2:307135708..307135775:+
2_5506	-2.3	61 +/- 4%	-	2653	2653	0	0	no	aae-miR-281-5p	dme-miR-281-2-5p	-	-	aagagagcuauccgucgacagu	cguugacgugggauuuuuuug	cguugacgugggauuuuuuuguucauuuuguucuuucgcugguuucgaauaugaaaauaaagagagcuauccgucgacagu	2:96469398..96469479:-
2_7354	-3.8	52 +/- 3%	-	3	3	0	0	yes	aae-miR-11911	-	-	-	gacgagugcuuggaucaucaa	guugauccaaguagucuugccuu	guugauccaaguagucuugccuuuguaagaagacgagugcuuggaucaucaa	2:256106006..256106058:-
2_3237	-4.5	10 +/- 4%	-	2	2	0	0	no	aae-miR-375	dme-miR-375-3p	-	-	uuuguucguuuggcucgaguua	acuuaagcccaacguacagaaacu	acuuaagcccaacguacagaaacuugaaucugaaugccguucuagauuggcuugcuagaaguuuguucguuuggcucgaguua	2:337876532..337876615:+
3_16882	-8.3	0 +/- 0%	-	3	3	0	0	no	aae-miR-11923	-	-	-	acaacggcagccggaacgaucug	ucucguuccgucguccguaggucg	ucucguuccgucguccguaggucgguuuagccaaugcgacaacggcagccggaacgaucug	3:240286724..240286785:-
2_1812	-14	0.00 +/- 0.00	-	14	14	0	0	no	aae-miR-137	-	-	-	auugcuugagaauacacgua	aguguuucacaucgaaca	auugcuugagaauacacguaguugacaaguguuucacaucgaaca	2:189612107..189612152:+

#miRBase miRNAs not detected by miRDeep2
miRBase precursor id	total read count	mature read count(s)	star read count	remaining reads	UCSC browser	NCBI blastn	miRBase mature sequence(s)	miRBase star sequence(s)	miRBase precursor sequence
29133	29133	0	0	-	-	ucagguacugagugacucucag	gagagcaccucgguaucuaagc	-	cauucgcaauuucaccgguucagguacugagugacucucagaugugcauuucucaagcaaucucguccucaggaccugagguugaaaaacccugagagcaccucgguaucuaagccaguguugcgaaaa	
42849	42840	0	9	-	-	ugguuuaucuuaucugucgaggc	gucgacagggagauaaaucacu	-	cauugguuuaucuuaucugucgaggcaaguuauuuuaccggauaguguuucuuuucgugagcaaucaccacuauccagcucuucuugucgacagggagauaaaucacug	
22289	22283	0	6	-	-	cacguuacagauugggguuucc	uaaucucaaauuguaacagugg	-	gagguaaucucaaauuguaacaguggguugauuuuccuggugaaucccggccuuguccuccgucacaagugugacaagugucucgaaaacguguucgcuauacccacguuacagauugggguuucccc	
7964	7964	0	0	-	-	caaccacuauccgcccugccgcc	uggcagugugguuagcugguug	-	caaggcaauacgcuauggcagugugguuagcugguuguguagaacuuuggggggcuuccguggcguucgcgcgcacacgggggcucagauucacaaccacuauccgcccugccgccgcgaggugccagg	
176	85	0	91	-	-	cugaaaacuuaaucgauugguc	-	uaaccugaaaacuuaaucgauuggucacuagcugcgcggugaccaaucgauuaaguuuucagcuua	
18	14	0	4	-	-	aaaugggacugauaugcgaguau	-	ccauucucgcauaacaguaccauauucuugggauuucucauauaaaugggacugauaugcgaguaugg	
16	13	0	3	-	-	caucacagaauuguuuuuacug	-	aaacaucacagaauuguuuuuacugauaaggaacuauguguaaaaauaauucuguaaaguuu	
13	13	0	0	-	-	uugguccccuucaaccagcugu	-	cucggaaucgcugaauauagcugguugacuucgggucaaaucgucaaauauuugcaaagauauuuccucagugaaaucauuugguccccuucaaccagcuguagcagugaugcauuaca	
12	12	0	0	-	-	gaaggaacucccggugugauaua	uaucacagcaguaguuaccuga	-	aucgaaggaacucccggugugauauaugacucgauuauaucacagcaguaguuaccugauau	
22	10	0	12	-	-	ucagaucuacuuaauacccau	-	acuccaauucuggguauuuuagauccuuggcauaguuacgugauugaaugcacuguucuucuuugguuuacccaguaucgaacacgcgucaaucugucagaucuacuuaauacccaua	
7	6	0	1	-	-	caugaacgacgacgugacgccg	-	uauaagucccgucgucgccuucaugugcgguggucacaugccacacaugaacgacgacgugacgccgc	
6	6	0	0	-	-	ugucuuuuuccgcuuacugccg	-	ccaacauuuugauugauuugucuuuuuccgcuuacugccgguggcauuugaaauucucgacagcaaaccgaaaaaggcgccucaaucaauu	
13	6	0	7	-	-	uuggacuggcaugcguuuaugg	-	cccauaaacgcauaauugucccaugugaauagaaaauccagccacauuggacuggcaugcguuuauggg	
4	4	0	0	-	-	accguuacgcgcauauaauuug	-	gcagaccguuacgcgcauauaauuuggccauuuacggcauaauccaauggaaguggccaaacuauauuauaucgcucagu	
2	2	0	0	-	-	agcauuuuuacaccucaggac	-	ucagcauuuuuacaccucaggacguaagauugcaucgcugccuggagucuugaaguaaaacaaugcuaa	
2	2	0	0	-	-	acguauacugaauguauccuga	cgguauaccuucaguauacguaac	-	gcuucaugaacguauacugaauguauccugagugcuaucuauccgguauaccuucaguauacguaacaggaggc	
2	2	0	0	-	-	uagcaccauucgaaaucaguac	-	guuaaucuuccuaaguacuggcuuccaaaggugaguagauggcauucgauacacucuagcaccauucgaaaucaguacugaaggcgaagauuuguucugcguga	
2	2	0	0	-	-	uaucacaguaguuguacuuuaa	gaaggaacuucugcugugaucuga	-	cguugaaggaacuucugcugugaucugaguuagauacauaucacaguaguuguacuuuaaug	
1	1	0	0	-	-	uaguaagcauugauuuuguagc	-	augcuacagaaucgaggcuuacuaugauuuccaaucauaguaagcauugauuuuguagcau	
1	1	0	0	-	-	uauucgagacuucacgaguuaau	-	aauguuaucaauucgcuguggucucgaacguaccuacauuggauauuuuugguauucgagacuucacgaguuaauucccauu	
2	1	0	1	-	-	uagaaccugguagaauucggca	-	uuucucggauuuguccucguuucgggugcguuuuuuauuugcguucgacuugcaucguagaaccugguagaauucggcaaa	
1	1	0	0	-	-	auauuguccugucacagcagu	-	cgauuuuugcuagaaaccgauuauauuguccugucacagcaguacuguuacaaauuuacuguuguuucgggacauuuacauugauucuagccgucac	
1	1	0	0	-	-	cgccauaugauuuguaacucu	-	acagagucacaauucguaugguaaguuacacaauuuauguaacucgccauaugauuuguaacucugc	
1	1	0	0	-	-	uaugaccgauuuaauauauggcu	-	uguuccauguaugauuucggucauguaugcaguugaaaauaauuauaugaccgauuuaauauauggcuca	
1	1	0	0	-	-	ugaaaccguccaaaacugaggc	-	uccggcguuaguuuugggcggguuuuaguguauuucgauuagaguaucaauugaaaccguccaaaacugaggccggcg	
1	1	0	0	-	-	uuaaguaggcacuugcaggcaaa	-	gauguuaaguaggcacuugcaggcaaauuuguagcuuuaauaugauugacugcuuuuuccuacuuuacauu	
1	1	0	0	-	-	aacguuacaaaucguaaggcgag	-	agcaacguuacaaaucguaaggcgaguuauauguuuuuugaaacucaccauaugauuuguaacugugcu	
1	0	0	1	-	-	ugaggaguuaauuugcguguuu	-	aucuuuuuccgucauguugaggaguuaauuugcguguuuuuguauuugauuaaacacguccauuaacucugguacaugaugauaaaagccaa	


3	0	0	3	-	-	cgagauacggagagauugcgaca	-	cagucgccucuucacaucucgauaucgaagggaccaucgagauacggagagauugcgacaa	



2	0	0	2	-	-	caaaagaucuggcuacacuga	-	uucagugaugucagaucuuuugucggaauagaagcagauuccuccuucuauucagacaaaagaucuggcuacacugaa	






3	0	0	3	-	-	ucacuuuuuagugacuugguc	-	caagucacuuuuuagugacuuggucacuuuuuucaaucuggucacuaaaaagucacuau	





6	0	0	6	-	-	uuccgaaguugggugucucgc	-	ugcaagauacccuacuucggaaguagggcgcauuagagcgcauccggaugcgaaucgaaugcaccacuuccgaaguugggugucucgca	



1	0	0	1	-	-	cugucgagccgguugaaccac	-	ccacugucgagccgguugaaccaccaagccccccauguaaauaaguuccauacaguagcagguaauguuuuucguucccauucguagugc	



