miRDeep2 score	novel miRNAs reported by miRDeep2	novel miRNAs, estimated false positives	novel miRNAs, estimated true positives	known miRNAs in species	known miRNAs in data	known miRNAs detected by miRDeep2	estimated signal-to-noise	excision gearing
10	0	0 +/- 0	0 +/- 0 (0 +/- 0%)	164	108	49 (45%)	102.9	1
9	0	0 +/- 0	0 +/- 0 (0 +/- 0%)	164	108	49 (45%)	97.3	1
8	0	0 +/- 0	0 +/- 0 (0 +/- 0%)	164	108	49 (45%)	97.3	1
7	0	0 +/- 0	0 +/- 0 (0 +/- 0%)	164	108	49 (45%)	92.3	1
6	2	0 +/- 0	2 +/- 0 (94 +/- 16%)	164	108	49 (45%)	97.4	1
5	6	0 +/- 0	6 +/- 0 (98 +/- 6%)	164	108	57 (53%)	108.9	1
4	12	0 +/- 0	12 +/- 0 (98 +/- 4%)	164	108	67 (62%)	114.3	1
3	15	0 +/- 1	15 +/- 1 (98 +/- 4%)	164	108	72 (67%)	85.5	1
2	19	1 +/- 1	18 +/- 1 (97 +/- 4%)	164	108	72 (67%)	58.6	1
1	27	1 +/- 1	26 +/- 1 (96 +/- 3%)	164	108	78 (72%)	35.9	1
0	33	3 +/- 2	30 +/- 2 (91 +/- 5%)	164	108	80 (74%)	17.8	1
-1	43	6 +/- 2	37 +/- 2 (86 +/- 6%)	164	108	88 (81%)	11.8	1
-2	63	24 +/- 4	39 +/- 4 (61 +/- 6%)	164	108	89 (82%)	4.7	1
-3	98	45 +/- 5	53 +/- 5 (55 +/- 5%)	164	108	91 (84%)	3.5	1
-4	196	62 +/- 7	134 +/- 7 (68 +/- 3%)	164	108	95 (88%)	4	1
-5	266	143 +/- 9	123 +/- 9 (46 +/- 3%)	164	108	98 (91%)	2.3	1
-6	304	358 +/- 12	0 +/- 0 (0 +/- 0%)	164	108	98 (91%)	1.1	1
-7	322	544 +/- 16	0 +/- 0 (0 +/- 0%)	164	108	99 (92%)	0.7	1
-8	378	702 +/- 17	0 +/- 0 (0 +/- 0%)	164	108	99 (92%)	0.7	1
-9	514	820 +/- 18	0 +/- 0 (0 +/- 0%)	164	108	99 (92%)	0.7	1
-10	667	925 +/- 18	0 +/- 0 (0 +/- 0%)	164	108	99 (92%)	0.8	1



novel miRNAs predicted by miRDeep2
provisional id	miRDeep2 score	estimated probability that the miRNA candidate is a true positive	rfam alert	total read count	mature read count	loop read count	star read count	significant randfold p-value	miRBase miRNA	example miRBase miRNA with the same seed	UCSC browser	NCBI blastn	consensus mature sequence	consensus star sequence	consensus precursor sequence	precursor coordinate
1_17138	6.5	94 +/- 16%	-	9	8	0	1	yes	-	-	-	-	ucuuaugcagcgcaaauaguga	acuauuugcgcuguauaagaac	ucuuaugcagcgcaaauagugacgucacuauuugcgcuguauaagaac	1:146152861..146152909:-
1_16945	6	94 +/- 16%	-	9	5	0	4	yes	-	-	-	-	ccaaucgauuaaguuuucagcu	ugaaaaccuaaucgauugguca	ugaaaaccuaaucgauuggucacucgaugcuggugaccaaucgauuaaguuuucagcu	1:114507137..114507195:-
2_5286	5.8	98 +/- 6%	-	9	8	0	1	yes	-	-	-	-	uaaacaugggacuguuauacg	cauaaccgucccauguuguaugg	cauaaccgucccauguuguaugggauuuccuauaaacaugggacuguuauacg	2:240454737..240454790:-
3_10685	5.7	98 +/- 6%	-	9	4	0	5	yes	-	-	-	-	ccaaucgauuaaguuuucagcu	cugaaaaccuuaucgauugguca	cugaaaaccuuaucgauuggucaccaccagugagugaccaaucgauuaaguuuucagcu	3:21888962..21889021:-
1_16724	5.7	98 +/- 6%	-	8	6	0	2	yes	-	-	-	-	cuagaggcagcaacagccgcu	cggcuguugcugccucaaggc	cuagaggcagcaacagccgcucaaaauuuccuugcgcggcuguugcugccucaaggc	1:81683329..81683386:-
2_1080	5.1	98 +/- 6%	-	134	134	0	0	yes	-	dme-miR-932-5p	-	-	acaauuccggagccuguugagu	gcaacagaugauccgggugauuguga	acaauuccggagccuguugaguauagcaacagaugauccgggugauuguga	2:149601880..149601931:+
2_6147	4.8	98 +/- 4%	-	6	4	1	1	yes	-	-	-	-	auuggcguauuaacuucgaugg	aucgaaguuacgacgccaauc	aucgaaguuacgacgccaaucgcguauuauccucgauuuuacuauaguaaaaucgaggauaauacgcgauuggcguauuaacuucgaugg	2:343367561..343367651:-
2_6838	4.7	98 +/- 4%	-	7	3	0	4	yes	-	-	-	-	agucaccaucugauacugacgg	ugaggcgucuucugguggcug	agucaccaucugauacugacggaggauggaugugcuccccaaagcacgauccuccgugaggcgucuucugguggcug	2:446625022..446625099:-
3_8695	4.6	98 +/- 4%	-	7	3	0	4	yes	-	-	-	-	agucaccaucugauacugacgg	ugaggcgucuucugguggcug	agucaccaucugauacugacggaggauggaugugcuccccaaagcacgguccuccgugaggcgucuucugguggcug	3:188200728..188200805:+
3_7757	4.6	98 +/- 4%	-	7	3	0	4	yes	-	-	-	-	agucaccaucugauacugacgg	ugaggcgucuucugguggcug	agucaccaucugauacugacggaggauggaugugcuccccaaagcacguuccuccgugaggcgucuucugguggcug	3:76440979..76441056:+
3_8689	4.5	98 +/- 4%	-	7	3	0	4	yes	-	-	-	-	agucaccaucugauacugacgg	ugaggcgucuucugguggcug	agucaccaucugauacugacggaggauggaugugcuccccaaagcacgguccuccgugaggcgucuucugguggcug	3:187207495..187207572:+
2_6743	4	98 +/- 4%	-	5	4	0	1	yes	-	-	-	-	ccaaucgauuaaguuuucagcu	cugaaaaccuaaucguuugguc	cugaaaaccuaaucguuuggucaccgccagcuagugaccaaucgauuaaguuuucagcu	2:431809160..431809219:-
1_17461	3.6	98 +/- 4%	-	5	3	0	2	yes	-	-	-	-	agucaccaucugauacugacgg	gugcggcgucuucugguggcug	agucaccaucugauacugacggaggauggaugugcuccccuaugcacgguccuccgugcggcgucuucugguggcug	1:176353585..176353662:-
3_8781	3.6	98 +/- 4%	-	5	3	0	2	yes	-	-	-	-	agucaccaucugauacugacgg	gugaggcaucuucugguggcugg	agucaccaucugauacugacggaggauggaugugcuccccaaagcacgguccuccgugaggcaucuucugguggcugg	3:195061890..195061968:+
2_1805	3.5	98 +/- 4%	-	5	3	0	2	yes	-	-	-	-	agucaccaucugauacugacgg	gugcggcgucuucugguggcug	agucaccaucugauacugacggaggauggaugugcucccccuaugcacgguccuccgugcggcgucuucugguggcug	2:251293205..251293283:+
1_15661	2.9	97 +/- 4%	-	4	3	0	1	yes	-	-	-	-	agucaccaucugauacugacgg	ugaggugucuucugguggcug	agucaccaucugauacugacggaggauggaugugcugcgugaggugucuucugguggcug	1:246155411..246155471:+
1_16196	2.9	97 +/- 4%	-	4	3	0	1	yes	-	-	-	-	agucaccaucugauacugacgg	ugcagcgucuucugguggcuggaa	agucaccaucugauacugacggaggauggaugugcuccccuaugcacgguccuccgugcagcgucuucugguggcuggaa	1:11941642..11941722:-
3_8864	2.5	97 +/- 4%	-	3	1	0	2	yes	-	-	-	-	agucaccauccgauacugacga	gugcggcgucuucugguggcug	agucaccauccgauacugacgaaggauggauguguuccccuauacacaguccuucgugcggcgucuucugguggcug	3:203283695..203283772:+
3_10761	2	97 +/- 4%	-	2	1	0	1	yes	-	-	-	-	ucaauucgccuggguugaagca	uucaacccaggcgaaaugacauu	ucaauucgccuggguugaagcaucguuaagcuucaacccaggcgaaaugacauu	3:34223890..34223944:-
NIGP01001392_20302	1.7	96 +/- 3%	-	26	26	0	0	yes	-	-	-	-	uacggcaagggcugauugcugc	agcauuucaggccuuaucauagu	agcauuucaggccuuaucauaguuugauaguagucugaacuacuagacugcaaaacuacggcaagggcugauugcugc	NIGP01001392:18701..18779:-
1_16956	1.7	96 +/- 3%	-	26	26	0	0	yes	-	-	-	-	uacggcaagggcugauugcugc	agcauuucaggccuuaucauagu	agcauuucaggccuuaucauaguuugauaguagucugaacuacuagacugcaaaacuacggcaagggcugauugcugc	1:116374205..116374283:-
1_19026	1.5	96 +/- 3%	-	26	26	0	0	yes	-	-	-	-	uacggcaagggcugauugcugc	agcauuucaggcuuuaucauagu	agcauuucaggcuuuaucauaguuugauaguagucugaacuacuagacugcaaaacuacggcaagggcugauugcugc	1:213573128..213573206:-
1_14433	1.4	96 +/- 3%	-	26	26	0	0	yes	-	-	-	-	uacggcaagggcugauugcugc	agcauuucaggccuuaucauagu	agcauuucaggccuuaucauaguuugauaguagucugaacuauuaaacugcaaaacuacggcaagggcugauugcugc	1:98737944..98738022:+
1_19126	1.3	96 +/- 3%	-	26	26	0	0	yes	-	-	-	-	uacggcaagggcugauugcugc	agcauuucaggccuuaucacagu	agcauuucaggccuuaucacaguuugauaguagucugaacuacuagacugcaaaacuacggcaagggcugauugcugc	1:234094613..234094691:-
3_8769	1.2	96 +/- 3%	-	26	26	0	0	yes	-	-	-	-	uacggcaagggcugauugcugc	agcauuucaggccuuaucauagu	agcauuucaggccuuaucauaguuugauaguauuuugaacuacuagacuguaaaacuacggcaagggcugauugcugc	3:193275553..193275631:+
1_16534	1.1	96 +/- 3%	-	26	26	0	0	yes	-	-	-	-	uacggcaagggcugauugcugc	agcauuucaagccuuaucauagu	agcauuucaagccuuaucauaguaugauaguagucugaacuacuagacugcaaaacuacggcaagggcugauugcugc	1:55071525..55071603:-
2_3716	1.1	96 +/- 3%	-	2	2	0	0	yes	-	dme-miR-285-5p	-	-	ccugagaugaaaaaaugcugac	uagcauuuucucacuucagacc	uagcauuuucucacuucagaccgcuuggcagcgaugcaaucuugcguccugagaugaaaaaaugcugac	2:48056626..48056695:-
1_13915	0.8	91 +/- 5%	-	2	2	0	0	yes	-	dme-miR-193-5p	-	-	cugggauucggagagaaucccgu	gggauucggagagaaucccgucu	gggauucggagagaaucccgucugggauucggagagaaucccgucugggauucggagagaaucccgu	1:39889924..39889991:+
3_12730	0.7	91 +/- 5%	-	27	27	0	0	yes	-	-	-	-	aauuuaucucuuguauggaaac	uuucauacaagaggcaaacuca	uuucauacaagaggcaaacucaaugaugcagaugaauuuaucucuuguauggaaac	3:281642892..281642948:-
3_9512	0.2	91 +/- 5%	-	1	1	0	0	yes	-	dme-miR-277-3p	-	-	uaaaugcaugucagucccaugu	augggacaauugugcguuuaug	uaaaugcaugucagucccauguuugcuggauuuccuauucacaugggacaauugugcguuuaug	3:278915712..278915776:+
1_19452	0	91 +/- 5%	-	1	1	0	0	yes	-	dme-miR-303-3p	-	-	guaguuucggcaauggcuggca	ccggcuguugccgguguuucug	ccggcuguugccgguguuucuggaagcaauuguguaguaguuucggcaauggcuggca	1:274969269..274969327:-
3_13534	0	91 +/- 5%	-	1	1	0	0	yes	-	dme-miR-190-3p	-	-	cccaggaagucgccaucuugga	cgagauaaugaguuccgguuugguu	cgagauaaugaguuccgguuugguuuuggaacgggaaaaaucgauuaaaacccaggaagucgccaucuugga	3:385891382..385891454:-
3_7841	0	91 +/- 5%	-	1	1	0	0	yes	-	dme-miR-990-5p	-	-	uuucaccgaaacuugaauugcg	caauucaaguuucggugaaaug	caauucaaguuucggugaaaugaaaugagugagugagugagugcgaaucauuucaccgaaacuugaauugcg	3:88892444..88892516:+



mature miRBase miRNAs detected by miRDeep2
tag id	miRDeep2 score	estimated probability that the miRNA is a true positive	rfam alert	total read count	mature read count	loop read count	star read count	significant randfold p-value	mature miRBase miRNA	example miRBase miRNA with the same seed	UCSC browser	NCBI blastn	consensus mature sequence	consensus star sequence	consensus precursor sequence	precursor coordinate
1_19681	13334.2	0 +/- 0%	-	26146	26132	0	14	yes	aae-miR-283	dme-miR-283-5p	-	-	caauaucagcugguaauucuggg	cggaauuccaacugauauccacu	caauaucagcugguaauucugggcuuaccccaccguuauacgcuucccggaauuccaacugauauccacu	1:305625599..305625669:-
2_4070	9077.8	0 +/- 0%	-	17797	17783	0	14	yes	aae-miR-2a-5p	dme-miR-2a-3p	-	-	uaucacagccagcuuugaagagcg	acucucaaagugguugugaaaug	acucucaaagugguugugaaaugaguuacucuugaacgaucucauaucacagccagcuuugaagagcg	2:107237501..107237569:-
2_6612	6432.1	0 +/- 0%	-	12608	12606	0	2	yes	aae-miR-184	dme-miR-184-3p	-	-	uggacggagaacugauaagggc	ccuuaucauucuugcgccccgu	ccuuaucauucuugcgccccguguuauauuguuggcgacuggacggagaacugauaagggc	2:417599380..417599441:-
1_19677	6219.6	0 +/- 0%	-	12192	12187	0	5	yes	aae-miR-12-5p	dme-miR-12-5p	-	-	ugaguauuacaucagguacuggu	caguacuuauguuaugcucucu	ugaguauuacaucagguacuggugucgauauucgaaucaccaacgaaucggguuccuuugauuaacuuaccaguacuuauguuaugcucucu	1:305613548..305613640:-
3_13612	3177.9	0 +/- 0%	-	6225	6223	0	2	yes	aae-miR-308-5p	dme-miR-2a-3p	-	-	aaucacaggaguauacugugag	cgcgguauauucuuguggcuuga	cgcgguauauucuuguggcuugaugcauuugaaaaaucucaaaucacaggaguauacugugag	3:403338483..403338546:-
2_4068	2716.4	0 +/- 0%	-	5319	5313	0	6	yes	aae-miR-2c	dme-miR-2a-3p	-	-	uaucacagccagcuuugaugagcu	acucucaaaguggcugugaaau	acucucaaaguggcugugaaaugguuugauuuugcucauaucacagccagcuuugaugagcu	2:107235884..107235946:-
2_2250	2223.5	0 +/- 0%	-	4355	4350	0	5	yes	aae-miR-305-5p	dme-miR-305-5p	-	-	auuguacuucaucaggugcucugg	cggcacauguuggaguacacuu	auuguacuucaucaggugcucugguuguuuucgauacccggcacauguuggaguacacuu	2:307145445..307145505:+
2_2247	1096.5	0 +/- 0%	-	2142	2140	0	2	yes	aae-miR-275-5p	dme-miR-275-3p	-	-	ucagguaccugaaguagcgcgcg	cgcgcuaagcaggaaccgagacu	cgcgcuaagcaggaaccgagacuuugucauuugcuagcagucagguaccugaaguagcgcgcg	2:307135668..307135731:+
3_11032	940.1	0 +/- 0%	-	1835	1816	0	19	yes	aae-miR-11-5p	dme-miR-2a-3p	-	-	caucacagucugaguucuugcu	cgagaacuccggcugugaccug	cgagaacuccggcugugaccuguguacacuuuauccaaaucacaucacagucugaguucuugcu	3:75489864..75489928:-
3_8629	936.7	0 +/- 0%	-	1832	1825	0	7	yes	aae-bantam-5p	dme-bantam-3p	-	-	ugagaucauuuugaaagcugauu	ccgguuuucauuuucgaucugacu	ccgguuuucauuuucgaucugacuuauuugauuuaacaagagugagaucauuuugaaagcugauu	3:178082830..178082895:+
2_4072	888.8	0 +/- 0%	-	1735	1673	0	62	yes	aae-miR-13-5p	dme-miR-2a-3p	-	-	uaucacagccauuuugacgaguu	ucguaaaaaugguugugcugu	ucguaaaaaugguugugcuguguuguuacgcucgaaauucauaucacagccauuuugacgaguu	2:107237649..107237713:-
1_17459	774.4	0 +/- 0%	-	1512	1233	0	279	yes	aae-miR-252-5p	dme-miR-252-5p	-	-	cuaaguacuagugccgcaggag	ccugcugcccaagugcuuaucg	cuaaguacuagugccgcaggagagauuugaaccccugcugcccaagugcuuaucg	1:175818157..175818212:-
2_4077	493	0 +/- 0%	-	965	570	0	395	yes	aae-miR-71-5p	-	-	-	agaaagacauggguagugagau	ucucacuaccuugucuuucaug	agaaagacauggguagugagauaguuucacccuauugcacugggaucucacuaccuugucuuucaug	2:107238287..107238354:-
2_4005	412.7	0 +/- 0%	-	801	782	0	19	yes	aae-miR-282-5p	dme-miR-282-5p	-	-	uagccucuccuaggcuuugucu	acauagccugacagagguuagg	uagccucuccuaggcuuugucuguuaccuuccuugggaauuccacuagccagacauagccugacagagguuagg	2:96911966..96912040:-
2_3869	389.7	0 +/- 0%	-	756	642	0	114	yes	aae-miR-276-5p	dme-miR-276a-3p	-	-	uaggaacuucauaccgugcucu	agcgagguauagaguuccuacg	agcgagguauagaguuccuacguugcgugugcgaaauugguaggaacuucauaccgugcucu	2:73120452..73120514:-
2_3721	383.8	0 +/- 0%	-	745	734	0	11	yes	aae-miR-190	dme-miR-190-5p	-	-	agauauguuugauauucuugguug	cccaggaaucaaacauauuauu	agauauguuugauauucuugguuguuaaauuuuauauuaucacccaggaaucaaacauauuauu	2:48811878..48811942:-
1_19650	368.4	0 +/- 0%	-	714	713	0	1	yes	aae-miR-277-5p	dme-miR-277-3p	-	-	uaaaugcacuaucugguacgaca	cgugucagaagugcauuuaca	cgugucagaagugcauuuacauagguauuucccguuuagcaguauuuguaaaugcacuaucugguacgaca	1:302603812..302603883:-
2_3890	335.4	0 +/- 0%	-	649	644	0	5	yes	aae-miR-276-3p	dme-miR-276a-3p	-	-	uaggaacuucauaccgugcucu	agcgagguauagaguuccua	agcgagguauagaguuccuaugcguucggauaaaauauuccauaggaacuucauaccgugcucu	2:73509399..73509463:-
1_16499	322.6	0 +/- 0%	-	624	605	0	19	yes	aae-miR-33	dme-miR-33-5p	-	-	gugcauuguaguugcauugca	caauacuucugcaaugcaagc	gugcauuguaguugcauugcacuuuugcguucgauaacacggugcaauacuucugcaaugcaagc	1:50888881..50888946:-
3_11030	256.4	0 +/- 0%	-	494	492	0	2	yes	aae-miR-998	dme-miR-285-3p	-	-	uagcaccaugagauucagcuc	aacugaacucucgugggucug	aacugaacucucgugggucugcaguugauauuucgaaagcuuguagcaccaugagauucagcuc	3:75489589..75489653:-
2_4003	175.9	0 +/- 0%	-	337	286	0	51	yes	aae-miR-281-5p	dme-miR-281-2-5p	-	-	aagagagcuauccgucgacagu	ugucauggaauugcucucuuua	aagagagcuauccgucgacaguagggauaugauucacugucauggaauugcucucuuua	2:96469361..96469420:-
2_2423	142	0 +/- 0%	-	271	270	0	1	yes	aae-miR-14	dme-miR-14-3p	-	-	ucagucuuuuucucucuccuau	gggagcgagauuaaggcuugcu	gggagcgagauuaaggcuugcuggucauuuauuacacucgaagucagucuuuuucucucuccuau	2:344767572..344767637:+
3_9965	109.5	0 +/- 0%	-	208	203	0	5	yes	aae-miR-8-5p	dme-miR-8-3p	-	-	uaauacugucagguaaagauguc	caucuuaccgggcagcauuaga	caucuuaccgggcagcauuagauauuuuugaaauacuucuaauacugucagguaaagauguc	3:328527955..328528017:+
2_6115	106.6	0 +/- 0%	-	201	194	0	7	yes	aae-miR-9b	dme-miR-9a-5p	-	-	ucuuuggugauuuuagcuguaug	uauagcuuuaucaccaaaaacc	ucuuuggugauuuuagcuguaugcugauacguuucugauugcauauagcuuuaucaccaaaaacc	2:335780574..335780639:-
2_6121	92.3	0 +/- 0%	-	173	99	0	74	yes	aae-miR-9c-5p	dme-miR-9a-5p	-	-	ucuuugguauucuagcuguaga	uaaagcuuuaguaccagagguc	ucuuugguauucuagcuguagaauguugagcuuugugauaugguaucuucuaaagcuuuaguaccagagguc	2:335810364..335810436:-
2_3770	89.5	0 +/- 0%	-	173	170	0	3	yes	aae-miR-11894a	-	-	-	uuuaccauuucaagaugaccua	ggucgucuugaaaugguaaaga	ggucgucuugaaaugguaaagagugucaaucaucaucuuuaccauuucaagaugaccua	2:58785158..58785217:-
2_3778	89.4	0 +/- 0%	-	173	170	0	3	yes	aae-miR-11894a	-	-	-	uuuaccauuucaagaugaccua	ggucgucuugaaaugguaaaga	ggucgucuugaaaugguaaagagugucaaucaucaucuuuaccauuucaagaugaccua	2:58787948..58788007:-
2_3776	89.4	0 +/- 0%	-	173	170	0	3	yes	aae-miR-11894a	-	-	-	uuuaccauuucaagaugaccua	ggucgucuugaaaugguaaaga	ggucgucuugaaaugguaaagagugucaaucaucaucuuuaccauuucaagaugaccua	2:58787426..58787485:-
2_3774	89.4	0 +/- 0%	-	173	170	0	3	yes	aae-miR-11894a	-	-	-	uuuaccauuucaagaugaccua	ggucgucuugaaaugguaaaga	ggucgucuugaaaugguaaagagugucaaucaucaucuuuaccauuucaagaugaccua	2:58786284..58786343:-
2_3772	89.4	0 +/- 0%	-	173	170	0	3	yes	aae-miR-11894a	-	-	-	uuuaccauuucaagaugaccua	ggucgucuugaaaugguaaaga	ggucgucuugaaaugguaaagagugucaaucaucaucuuuaccauuucaagaugaccua	2:58785850..58785909:-
3_9241	73.3	0 +/- 0%	-	135	79	0	56	yes	aae-miR-307	dme-miR-307a-3p	-	-	ucacaaccuccuugagugagcga	acucacucaaccugggugugaug	acucacucaaccugggugugaugcuuauuugaaucaucacaaccuccuugagugagcga	3:244794376..244794435:+
2_6118	54.7	0 +/- 0%	-	99	96	0	3	yes	aae-miR-79-5p	dme-miR-4-3p	-	-	auaaagcuagauuaccaaagcau	cuuuggcgcuuuagcuguauga	cuuuggcgcuuuagcuguaugauagaauuuaauauuucauaaagcuagauuaccaaagcau	2:335780884..335780945:-
2_661	46.3	0 +/- 0%	-	82	77	0	5	yes	aae-miR-988-5p	dme-miR-988-3p	-	-	ccccuuguugcaaaccucacgc	gugugcuuugugacaaugagau	gugugcuuugugacaaugagauucgguucgauaucauccccuuguugcaaaccucacgc	2:93351380..93351439:+
1_16712	24.9	0 +/- 0%	-	41	33	0	8	yes	aae-miR-87	dme-miR-87-3p	-	-	gugagcaaauuuucaggugugu	cagccugaaauuugcuaaaccu	cagccugaaauuugcuaaaccuguguguauuugauucaaacaaucaaggugagcaaauuuucaggugugu	1:80682401..80682471:-
3_13117	10.4	0 +/- 0%	-	12	7	0	5	yes	aae-miR-10365	dme-miR-927-5p	-	-	auuagaauguggaaucuguuuu	aaaaguuuucauauucuugcgg	auuagaauguggaaucuguuuuuguacaucaaguguuacgaaacgaagcaaaaaaguuuucauauucuugcgg	3:320775621..320775694:-
NIGP01001634_20322	10.4	0 +/- 0%	-	12	7	0	5	yes	aae-miR-10365	dme-miR-927-5p	-	-	auuagaauguggaaucuguuuu	aaaaguuuucauauucuugcgg	auuagaauguggaaucuguuuuuguacaucaaguguuacgaaacgaagcaaaaaaguuuucauauucuugcgg	NIGP01001634:30709..30782:-
2_742	5.7	98 +/- 6%	-	4	3	0	1	yes	aae-miR-9a	dme-miR-9a-5p	-	-	ucuuugguuaucuagcuguauga	auaaagcuagcauaccgaaguua	ucuuugguuaucuagcuguaugagugaauuuagaacaucauaaagcuagcauaccgaaguua	2:108461947..108462009:+
3_12492	5.3	98 +/- 6%	-	629	629	0	0	yes	aae-miR-278-5p	dme-miR-278-3p	-	-	ucggugggacuuucguccguuu	acggacgauagucuucagcggcc	acggacgauagucuucagcggccgugcauuugauagaaguggucggugggacuuucguccguuu	3:243123888..243123952:-
1_19654	5.2	98 +/- 6%	-	4200	4194	0	6	yes	aae-miR-317	dme-miR-317-3p	-	-	ugaacacagcuggugguaucuca	cgggauacacccugugcucgcu	cgggauacacccugugcucgcuuugcauucgaaacuagugaacacagcuggugguaucuca	1:302667131..302667192:-
2_2593	5.1	98 +/- 6%	-	200	200	0	0	yes	aae-miR-2945-5p	dme-miR-279-3p	-	-	ugacuagaggcagacucguuua	agcggguccguuucuagugucaug	agcggguccguuucuagugucaugugcuguauucgaauaucaugacuagaggcagacucguuua	2:374947142..374947206:+
3_11136	5.1	98 +/- 6%	-	1526	1526	0	0	yes	aae-miR-92b-3p	dme-miR-92a-3p	-	-	aauugcacuugucccggccugc	aggucgugacuugugcccauuug	aggucgugacuugugcccauuugcugaauuuuaauggucaaauugcacuugucccggccugc	3:93418515..93418577:-
2_4076	5.1	98 +/- 6%	-	3710	3710	0	0	yes	aae-miR-2c	dme-miR-2a-3p	-	-	uaucacagccagcuuugauga	aucaaauuugguuguuuuagu	aucaaauuugguuguuuuaguacgaccucuuugaaaccccuaucacagccagcuuugauga	2:107237998..107238059:-
1_15331	5	98 +/- 6%	-	1792	1792	0	0	yes	aae-miR-996	dme-miR-279-3p	-	-	ugacuagauuacaugcucgucu	gcgugcaugaaucuggugcacg	gcgugcaugaaucuggugcacgguuuuccaguuguaauaucgcuucgugacuagauuacaugcucgucu	1:207012536..207012605:+
NIGP01000533_20306	4.9	98 +/- 4%	-	99	99	0	0	yes	aae-miR-970	dme-miR-970-3p	-	-	ucauaagacacacgcggcuau	agcuugcguuugucuuagcuggua	agcuugcguuugucuuagcugguauugaaugugauagguaucauaagacacacgcggcuau	NIGP01000533:10107..10168:-
2_2877	4.9	98 +/- 4%	-	942	940	0	2	yes	aae-miR-965	dme-miR-965-3p	-	-	uaagcguauagcuuuucccau	gggggaaauccuguacgcuguaug	gggggaaauccuguacgcuguauguuguauuugaauaauccauaagcguauagcuuuucccau	2:429778749..429778812:+
3_11150	4.8	98 +/- 4%	-	243	243	0	0	yes	aae-miR-92a-5p	dme-miR-92a-3p	-	-	uauugcacuugucccggccuau	cgguacggacaggggcaacauu	cgguacggacaggggcaacauugugacauuugaaagcuaauauugcacuugucccggccuau	3:93477596..93477658:-
3_13378	4.8	98 +/- 4%	-	22	22	0	0	yes	aae-miR-989	dme-miR-989-3p	-	-	ugugaugugacguagugguacc	cgccgcuaccucgcuuucacuug	cgccgcuaccucgcuuucacuugguaccgauuucccauaauccaugugaugugacguagugguacc	3:366439081..366439147:-
1_14837	4.7	98 +/- 4%	-	99	99	0	0	yes	aae-miR-970	dme-miR-970-3p	-	-	ucauaagacacacgcggcuau	agcuugcguuugucuuagcuggua	agcuugcguuugucuuagcugguauugaaugugauagguaucauaagacacacgcggcuau	1:157238423..157238484:+
1_15329	4.7	98 +/- 4%	-	921	921	0	0	yes	aae-miR-279	dme-miR-279-3p	-	-	ugacuagauccacacucauuaa	gaugggugugaaucuaguguuucaca	gaugggugugaaucuaguguuucacaugauuuucgauagccugugacuagauccacacucauuaa	1:207007788..207007853:+
1_19724	4.7	98 +/- 4%	-	48	41	0	7	yes	aae-miR-1175-5p	dme-miR-958-3p	-	-	ugagauucuacuucuccgacuu	aaguggaguaguggucucaucgc	aaguggaguaguggucucaucgcuuaguauuagaaaagugagauucuacuucuccgacuu	1:307010046..307010106:-
2_6522	4.6	98 +/- 4%	-	21	21	0	0	yes	aae-miR-1	dme-miR-1-3p	-	-	uggaauguaaagaaguaugga	caugcuuccuugcauucaaua	caugcuuccuugcauucaauagugauucugaaagcauauggaauguaaagaaguaugga	2:399501024..399501083:-
2_1812	4.6	98 +/- 4%	-	6	5	0	1	yes	aae-miR-11917	-	-	-	ccaaucgauuaaguuuucagcu	cugaaaacuuaaucgauuggucu	cugaaaacuuaaucgauuggucucucgcugguggugaccaaucgauuaaguuuucagcu	2:252999163..252999222:+
2_2363	3.8	98 +/- 4%	-	10	10	0	0	yes	aae-miR-133	dme-miR-133-3p	-	-	uugguccccuucaaccagcugu	agcugguugacuucgggucaaau	agcugguugacuucgggucaaaucgucaaauauuugcaaagauauuuccucagugaaauuauuugguccccuucaaccagcugu	2:330417065..330417149:+
3_8212	3.8	98 +/- 4%	-	18	18	0	0	yes	aae-miR-31	dme-miR-31b-5p	-	-	uggcaagauguuggcauagcuga	agcuauucaacuucuugucuau	uggcaagauguuggcauagcugaaaguuuugaguuuagcuauucaacuucuugucuau	3:136174150..136174208:+
2_1504	3.7	98 +/- 4%	-	709	709	0	0	yes	aae-miR-7	dme-miR-7-5p	-	-	uggaagacuagugauuuuguuguu	uaacaauaaaucucaagucuuucuac	uggaagacuagugauuuuguuguuuugcuuacgauaauaacaauaaaucucaagucuuucuac	2:222802544..222802607:+
3_10562	3.3	98 +/- 4%	-	8	8	0	0	yes	aae-miR-980-5p	dme-miR-980-3p	-	-	uagcugccuagugaagggcaaua	cggccguucauugggucaucuagc	cggccguucauugggucaucuagcucguguuggaaacaguuagcugccuagugaagggcaaua	3:1054522..1054585:-
2_3768	1.9	96 +/- 3%	-	13	13	0	0	yes	aae-miR-11894b	-	-	-	uuuaccauuucaauaugaccua	ggucguauugaaaugguaaaga	ggucguauugaaaugguaaagagugucaaucaucaucuuuaccauuucaauaugaccua	2:58784590..58784649:-
2_6016	1.7	96 +/- 3%	-	56	56	0	0	yes	aae-miR-11895	-	-	-	uucaugcauucacuucugcuga	agcaggagugaaugcaugaguu	agcaggagugaaugcaugaguuugacaucugaaacuaauucaugcauucacuucugcuga	2:324949494..324949554:-
3_11233	1.4	96 +/- 3%	-	491	491	0	0	yes	aae-miR-2765	-	-	-	ugguaacuccaccaccguuggc	caaugggagcuggaguucccgcg	ugguaacuccaccaccguuggcgauauuugacagccaaugggagcuggaguucccgcg	3:101895454..101895512:-
2_6596	1.4	96 +/- 3%	-	112	112	0	0	yes	aae-miR-1890	-	-	-	ugaaaucuuugauuaggucugg	agagcuaauuggagaguucuug	agagcuaauuggagaguucuugaauaguguugugaaccuucaugaaaucuuugauuaggucugg	2:413654961..413655025:-
2_1596	1.3	96 +/- 3%	-	5	5	0	0	yes	aae-miR-932-5p	dme-miR-932-5p	-	-	ucaauuccguagugcauugcagu	ugcaagcaauguggaagugaag	ucaauuccguagugcauugcagugugcuuuagacgaacugcaagcaauguggaagugaag	2:231381156..231381216:+
2_662	1	96 +/- 3%	-	77	77	0	0	no	aae-miR-988-3p	dme-miR-988-3p	-	-	ccccuuguugcaaaccucacgc	ggcagguaggggcaaugggggc	ccccuuguugcaaaccucacgcuugcgguagguuccacaacugcugagagguggcagguaggggcaaugggggc	2:93351417..93351491:+
1_15138	0.5	91 +/- 5%	-	2	2	0	0	yes	aae-miR-929	dme-miR-929-5p	-	-	aaauugacucuaguagggaguc	cucccuaacggagucagauuga	aaauugacucuaguagggaguccuuguguacgagugacucccuaacggagucagauuga	1:198495526..198495585:+
1_14003	0.2	91 +/- 5%	-	21	21	0	0	no	aae-miR-210	dme-miR-210-3p	-	-	cuugugcgugugacaacggcuau	agcugcugaccacugcacaagau	agcugcugaccacugcacaagauuagauuaugacucuugugcgugugacaacggcuau	1:54892617..54892675:+
2_36	-0.1	86 +/- 6%	-	2	2	0	0	yes	aae-miR-219	dme-miR-219-5p	-	-	ugauuguccaaacgcaauucuug	agaguugugacuggacauccgug	ugauuguccaaacgcaauucuuguuuuauucgaauaugauauccaagaguugugacuggacauccgug	2:3715261..3715329:+
2_2596	-0.2	86 +/- 6%	-	1	1	0	0	yes	aae-miR-100	dme-miR-100-5p	-	-	aacccguagauccgaacuugu	aagaacggauguaugggauuc	aacccguagauccgaacuugugcugccguuucacauguuacaagaacggauguaugggauuc	2:375117351..375117413:+
2_2549	-0.5	86 +/- 6%	-	1	1	0	0	yes	aae-miR-124	dme-miR-124-3p	-	-	uaaggcacgcggugaaugccaa	gguauccacugccggccuauaug	gguauccacugccggccuauauguccuauuucgguacucauaaggcacgcggugaaugccaa	2:369307279..369307341:+
2_2598	-0.6	86 +/- 6%	-	1	1	0	0	yes	aae-let-7	dme-let-7-5p	-	-	ugagguaguugguuguauagu	uaugcaaucugcuagcuuguc	ugagguaguugguuguauaguagugacugauuaaauaucugcuaugcaaucugcuagcuuguc	2:375131497..375131560:+
2_6191	-0.6	86 +/- 6%	-	1	1	0	0	yes	aae-miR-263a-5p	dme-miR-263a-5p	-	-	aauggcacuggaagaauucacggg	cguguucuggcaguggcauccc	aauggcacuggaagaauucacggguauauuuugaaauccccguguucuggcaguggcauccc	2:348784448..348784510:-
2_2600	-0.8	86 +/- 6%	-	1	1	0	0	yes	aae-miR-125-5p	dme-miR-125-5p	-	-	ucccugagacccuaacuuguga	acaaguuuugaucuccgguauu	ucccugagacccuaacuugugacuauaguugaaguuucacaaguuuugaucuccgguauu	2:375131781..375131841:+
2_5534	-0.9	86 +/- 6%	-	8	8	0	0	yes	aae-miR-2941	-	-	-	uaguacggcuagaacuccacgga	cgugaagcucagcugcauuaca	cgugaagcucagcugcauuacacgauauggaauacgguuuguaguacggcuagaacuccacgga	2:268456314..268456378:-
2_2248	-1	86 +/- 6%	-	2140	2140	0	0	no	aae-miR-275-3p	dme-miR-275-3p	-	-	ucagguaccugaaguagcgcgcg	ucaucaagcgacaacagaggcgugaaa	ucagguaccugaaguagcgcgcgugaucaaacaggaagcgucaucaagcgacaacagaggcgugaaa	2:307135708..307135775:+
1_14512	-1.2	61 +/- 6%	-	1	1	0	0	yes	aae-miR-927	dme-miR-927-5p	-	-	uuuagaauuccuacgcuuuacc	caaagcguuuggguucugaaac	uuuagaauuccuacgcuuuaccgugauuuguugaaaguuuggcaaagcguuuggguucugaaac	1:115022929..115022993:+
2_6521	-1.4	61 +/- 6%	-	21	21	0	0	no	aae-miR-1	dme-miR-1-3p	-	-	uggaauguaaagaaguaugga	uucuucaaaaaacggaaccaag	uggaauguaaagaaguauggagcgcucgggcaaacucgacgugggaucuucuucaaaaaacggaaccaag	2:399500975..399501045:-
2_6156	-2.2	55 +/- 5%	-	4	4	0	0	yes	aae-miR-11916	-	-	-	gaugccucguaaagcaacugga	caguugcuuuccgagcguagcac	caguugcuuuccgagcguagcacaguuuggaugcgggcccgugcaucguccacggugaugccucguaaagcaacugga	2:344991982..344992060:-
2_4004	-2.3	55 +/- 5%	-	286	286	0	0	no	aae-miR-281-5p	dme-miR-281-2-5p	-	-	aagagagcuauccgucgacagu	cguugacgugggauuuuuuug	cguugacgugggauuuuuuuguucauuuuguucuuucgcugguuucgaauaugaaaauaaagagagcuauccgucgacagu	2:96469398..96469479:-
2_4250	-2.8	55 +/- 5%	-	3	3	0	0	yes	aae-miR-11919	-	-	-	uagcuagguugcggugcacugcu	caguguacucugccuggccggc	caguguacucugccuggccggcgcugcugcgagucuagcuagguugcggugcacugcu	2:129145073..129145131:-
1_16108	-3.4	68 +/- 3%	-	1	1	0	0	yes	aae-miR-11922	-	-	-	uucaggagaucaucgagguagc	uaucucgaugguccccugaacu	uaucucgaugguccccugaacuacaguugcaacaaaacaaguguucaggagaucaucgagguagc	1:3610472..3610537:-
2_341	-3.5	68 +/- 3%	-	2	2	0	0	yes	aae-miR-11897a	-	-	-	uaguaaaccuugauuuuguagc	uacagaaucgaggcucacgaug	uacagaaucgaggcucacgaugauuuccaaucauaguaaaccuugauuuuguagc	2:46313963..46314018:+
3_11040	-3.7	68 +/- 3%	-	2	2	0	0	yes	aae-miR-11920	-	-	-	agcauuucagacauugguggacg	cccaucaacugcugaacuguuuu	cccaucaacugcugaacuguuuuaggcuucguacgaaagcauuucagacauugguggacg	3:77430379..77430439:-
2_2811	-3.7	68 +/- 3%	-	2	2	0	0	yes	aae-miR-11920	-	-	-	agcauuucagacauugguggacg	cccaucaacugcugaacuguuuu	cccaucaacugcugaacuguuuuaggcuucguacgaaagcauuucagacauugguggacg	2:417927548..417927608:+
2_1126	-3.8	68 +/- 3%	-	1	1	0	0	yes	aae-miR-2943	dme-miR-1002-5p	-	-	uuaaguaggcacuugcaggc	cugcuuuuuccuacuuuaca	uuaaguaggcacuugcaggcaaauuuguagcuuuaauaugauugacugcuuuuuccuacuuuaca	2:158469002..158469067:+
1_15473	-4.1	46 +/- 3%	-	3	3	0	0	yes	aae-miR-11900	-	-	-	auuuuuuugacuguaauuuuaua	uaaaauuacguugaaaaaucgucu	uaaaauuacguugaaaaaucgucucccucaaaaaaugaaaccugagacuaacaggagauuuuuuugacuguaauuuuaua	1:223944071..223944151:+
2_6543	-4.7	46 +/- 3%	-	1	1	0	0	no	aae-miR-2944a-5p	dme-miR-5-5p	-	-	gaaggaacuucugcugugaucu	aucacaguaguuguacuuuaa	gaaggaacuucugcugugaucugaguuagauacauaucacaguaguuguacuuuaa	2:402152658..402152714:-
2_1857	-6.7	0 +/- 0%	-	8	8	0	0	no	aae-miR-11893	-	-	-	uuccugacuuauacgcuuaccuc	gguaaguagauaaaucagaaaga	gguaaguagauaaaucagaaagacguuuauaucguuucuuccugacuuauacgcuuaccuc	2:257889039..257889100:+

#miRBase miRNAs not detected by miRDeep2
miRBase precursor id	total read count	mature read count(s)	star read count	remaining reads	UCSC browser	NCBI blastn	miRBase mature sequence(s)	miRBase star sequence(s)	miRBase precursor sequence
5454	5454	0	0	-	-	ucagguacugagugacucucag	gagagcaccucgguaucuaagc	-	cauucgcaauuucaccgguucagguacugagugacucucagaugugcauuucucaagcaaucucguccucaggaccugagguugaaaaacccugagagcaccucgguaucuaagccaguguugcgaaaa	
2989	2989	0	0	-	-	cacguuacagauugggguuucc	uaaucucaaauuguaacagugg	-	gagguaaucucaaauuguaacaguggguugauuuuccuggugaaucccggccuuguccuccgucacaagugugacaagugucucgaaaacguguucgcuauacccacguuacagauugggguuucccc	
3026	3025	0	1	-	-	ugguuuaucuuaucugucgaggc	gucgacagggagauaaaucacu	-	cauugguuuaucuuaucugucgaggcaaguuauuuuaccggauaguguuucuuuucgugagcaaucaccacuauccagcucuucuugucgacagggagauaaaucacug	
1150	1150	0	0	-	-	caaccacuauccgcccugccgcc	uggcagugugguuagcugguug	-	caaggcaauacgcuauggcagugugguuagcugguuguguagaacuuuggggggcuuccguggcguucgcgcgcacacgggggcucagauucacaaccacuauccgcccugccgccgcgaggugccagg	
5	5	0	0	-	-	ugucuuuuuccgcuuacugccg	-	ccaacauuuugauugauuugucuuuuuccgcuuacugccgguggcauuugaaauucucgacagcaaaccgaaaaaggcgccucaaucaauu	
2	2	0	0	-	-	ucagaucuacuuaauacccau	-	acuccaauucuggguauuuuagauccuuggcauaguuacgugauugaaugcacuguucuucuuugguuuacccaguaucgaacacgcgucaaucugucagaucuacuuaauacccaua	
1	1	0	0	-	-	uauugcuugagaauacacguag	-	uauucaucgagcaacuugguuggccacgcguauucuuggguuauuaacacacuguuuauguuguuauugcuugagaauacacguaguugacaaguguuucaca	
1	1	0	0	-	-	acguauacugaauguauccuga	cgguauaccuucaguauacguaac	-	gcuucaugaacguauacugaauguauccugagugcuaucuauccgguauaccuucaguauacguaacaggaggc	
2	1	0	1	-	-	aaaugggacugauaugcgaguau	-	ccauucucgcauaacaguaccauauucuugggauuucucauauaaaugggacugauaugcgaguaugg	
1	1	0	0	-	-	caucacagaauuguuuuuacug	-	aaacaucacagaauuguuuuuacugauaaggaacuauguguaaaaauaauucuguaaaguuu	












































2	0	0	2	-	-	uuggacuggcaugcguuuaugg	-	cccauaaacgcauaauugucccaugugaauagaaaauccagccacauuggacuggcaugcguuuauggg	
