miRDeep2 score	novel miRNAs reported by miRDeep2	novel miRNAs, estimated false positives	novel miRNAs, estimated true positives	known miRNAs in species	known miRNAs in data	known miRNAs detected by miRDeep2	estimated signal-to-noise	excision gearing
10	2	1 +/- 1	1 +/- 1 (72 +/- 34%)	164	50	7 (14%)	15.2	2
9	2	1 +/- 1	1 +/- 1 (69 +/- 37%)	164	50	7 (14%)	13.9	2
8	2	1 +/- 1	1 +/- 1 (66 +/- 38%)	164	50	10 (20%)	15	2
7	2	1 +/- 1	1 +/- 1 (63 +/- 38%)	164	50	12 (24%)	14.3	2
6	2	1 +/- 1	1 +/- 1 (59 +/- 38%)	164	50	12 (24%)	12.7	2
5	2	1 +/- 1	1 +/- 1 (50 +/- 38%)	164	50	22 (44%)	15.7	2
4	3	1 +/- 1	2 +/- 1 (54 +/- 35%)	164	50	30 (60%)	16.1	2
3	3	2 +/- 1	1 +/- 1 (43 +/- 36%)	164	50	34 (68%)	13.9	2
2	7	3 +/- 2	4 +/- 2 (63 +/- 24%)	164	50	35 (70%)	12	2
1	15	4 +/- 2	11 +/- 2 (74 +/- 12%)	164	50	39 (78%)	10.5	2
0	22	9 +/- 3	13 +/- 3 (58 +/- 15%)	164	50	44 (88%)	5.4	2
-1	26	17 +/- 4	9 +/- 4 (34 +/- 15%)	164	50	44 (88%)	3.2	2
-2	30	27 +/- 5	4 +/- 4 (13 +/- 12%)	164	50	45 (90%)	2.2	2
-3	38	36 +/- 5	3 +/- 4 (8 +/- 10%)	164	50	45 (90%)	1.9	2
-4	55	53 +/- 6	4 +/- 4 (6 +/- 8%)	164	50	46 (92%)	1.6	2
-5	69	110 +/- 10	0 +/- 0 (0 +/- 0%)	164	50	46 (92%)	0.9	2
-6	76	172 +/- 12	0 +/- 0 (0 +/- 0%)	164	50	46 (92%)	0.6	2
-7	89	223 +/- 13	0 +/- 0 (0 +/- 0%)	164	50	46 (92%)	0.6	2
-8	119	263 +/- 15	0 +/- 0 (0 +/- 0%)	164	50	46 (92%)	0.6	2
-9	162	295 +/- 15	0 +/- 0 (0 +/- 0%)	164	50	46 (92%)	0.7	2
-10	203	318 +/- 16	0 +/- 0 (0 +/- 0%)	164	50	46 (92%)	0.7	2



novel miRNAs predicted by miRDeep2
provisional id	miRDeep2 score	estimated probability that the miRNA candidate is a true positive	rfam alert	total read count	mature read count	loop read count	star read count	significant randfold p-value	miRBase miRNA	example miRBase miRNA with the same seed	UCSC browser	NCBI blastn	consensus mature sequence	consensus star sequence	consensus precursor sequence	precursor coordinate
1_11749	11.3	72 +/- 34%	-	31	28	2	1	no	-	-	-	-	acgucugauuugacgccau	agcaugucgucugagacguccucuu	acgucugauuugacgccauauggauccggaaucccccaagaauuaggagagccagaucauacagcaugucgucugagacguccucuu	1:210554286..210554373:-
1_11745	11.3	72 +/- 34%	-	31	28	2	1	no	-	-	-	-	acgucugauuugacgccau	agcaugucgucugagacguccucuu	acgucugauuugacgccauauggauccggaaucccccaagaauuaggagagccagaucauacagcaugucgucugagacguccucuu	1:210552576..210552663:-
1_9256	4.4	54 +/- 35%	-	20	15	4	1	no	-	-	-	-	uugacagguuuugcgacuga	ugcaccaaaaucucaagcgug	uugacagguuuugcgacugaaucauuuuuuacgguuugaguugauugagugauuuugcaccaaaaucucaagcgug	1:235480068..235480144:+
2_3177	2.4	63 +/- 24%	-	79	77	2	0	yes	-	-	-	-	ccaaacauccguuugagcuga	agcucaaaaggguguucgguu	ccaaacauccguuugagcugaaaaccuuaucgauuggucauucguugguggugaccaaucgauuaaguuuucagcucaaaaggguguucgguu	2:341616209..341616302:-
2_580	2.3	63 +/- 24%	-	40	36	0	4	yes	-	-	-	-	cuagaggcagcaacagccgcu	cgcggcuguugcugccucaagg	cuagaggcagcaacagccgcucaaaauuuccuugcgcggcuguugcugccucaagg	2:205995421..205995477:+
2_2147	2.2	63 +/- 24%	-	42	38	0	4	yes	-	-	-	-	cuagaggcagcaacagccgcu	cgcggcuguugcugccucaagg	cuagaggcagcaacagccgcucaaaauuuccuugcgcggcuguugcugccucaagg	2:107911739..107911795:-
3_4416	2	63 +/- 24%	-	41	38	0	3	yes	-	-	-	-	cuagaggcagcaacagccgcu	gcuguugcugccucaaggcgg	cuagaggcagcaacagccgcucaaauuuccuugcguggcuguugcugccucaaggcgg	3:87522478..87522536:+
1_9582	1.9	74 +/- 12%	-	22	21	0	1	yes	-	-	-	-	aacauccguugagcugaaaa	uuuucagcucaaucggaugu	aacauccguugagcugaaaaccuaaucgcucggucaccaccagcuagugaccaaucgauuaaguuuucagcucaaucggaugu	1:308661165..308661248:+
1_9204	1.9	74 +/- 12%	-	14	14	0	0	yes	-	-	-	-	uuccaagcuucugaggagaag	ucugaggagaagcuuccaagc	ucugaggagaagcuuccaagcuucugaggagaagcuuccaagcuucugaggagaagcuuccaagcuucugaggagaagcuuccaagcuucugaggagaag	1:219390531..219390631:+
1_9823	1.9	74 +/- 12%	-	14	14	0	0	yes	-	-	-	-	aacauccguuugagcugaaaa	uucagcuugaacggauguuug	aacauccguuugagcugaaaaccuaaucuauuggucagcaccagcgagugaccaaucgauuaaauuuucagcuugaacggauguuug	1:64404198..64404285:-
1_7988	1.9	74 +/- 12%	-	14	14	0	0	yes	-	-	-	-	uuccaagcuucugaggagaag	ucugaggagaagcuuccaagc	ucugaggagaagcuuccaagcuucugaggagaagcuuccaagcuucugaggagaagcuuccaagcuucugaggagaagcuuccaagcuucugaggagaag	1:69575245..69575345:+
1_9342	1.8	74 +/- 12%	-	14	14	0	0	yes	-	-	-	-	uuccaagcuucugaggagaag	ucugaggagaagcuuccaagc	ucugaggagaagcuuccaagcuucugaggagaagcuuccaagcuucugaggagaag	1:239459995..239460051:+
2_4003	1.7	74 +/- 12%	-	83	75	8	0	yes	-	-	-	-	ccaaacauccguuugagcuga	aucuuuaacggauuguucgguu	ccaaacauccguuugagcugaaaaccuaaucgauuggucaccaccagcuagugaccaaucgauuaaguuuuuaucuuuaacggauuguucgguu	2:462156531..462156625:-
1_9341	1.7	74 +/- 12%	-	13	13	0	0	yes	-	-	-	-	uuccaagcuucugaggagaag	ucugaggagaagcuuccaagc	ucugaggagaagcuuccaagcuucugaggagaagcuuccaagcuucugaggagaagcuuccaagcuucugaggagaag	1:239459951..239460029:+
2_161	1	74 +/- 12%	-	3	2	0	1	yes	-	-	-	-	uucgaugagcaguaccuacca	cuggcacuccucgucgaac	cuggcacuccucgucgaaccaaccguuccuuggucuucgaugagcaguaccuacca	2:56490425..56490481:+
2_2843	0.7	58 +/- 15%	-	23	23	0	0	yes	-	-	-	-	ugcucugguauuuugauguucg	gaacucaagauaccagaucaug	ugcucugguauuuugauguucgauggauuugauauuacucggaacucaagauaccagaucaug	2:289697988..289698051:-
2_2247	0.5	58 +/- 15%	-	8	4	0	4	yes	-	-	-	-	cuagaggcagcaauagccgcu	cgcggcuguugcugccucaagg	cuagaggcagcaauagccgcucaaaauuugcuugcgcggcuguugcugccucaagg	2:135827142..135827198:-
2_225	0.5	58 +/- 15%	-	250	159	91	0	yes	-	-	-	-	ggauuuggauuggauuuggauu	uuuggauuggauuugggauugg	uuuggauuggauuugggauuggauuuggauuggauuuggauuggauuuggauuggauuggauggauuuggauuuggauuuggauuggauuuggauu	2:76574159..76574255:+
1_8530	0.4	58 +/- 15%	-	16	15	1	0	yes	-	-	-	-	uugacagguuuugcgacuga	agugauuuugcuucaaaa	uugacagguuuugcgacugaaucauuuuuacgguuugaguugauuuagugauuuugcuucaaaa	1:145917323..145917387:+
2_226	0.3	58 +/- 15%	-	292	97	194	1	yes	-	-	-	-	ggauuuggauuggauuuggauu	auuggauuggauggauuu	auuggauuggauggauuuggauuuggauuuggauuggauuuggauuggauuuggauuggauuggauuggauuuggauggauuuggauuggauuuggauu	2:76574209..76574308:+
3_4303	0.3	58 +/- 15%	-	9	9	0	0	yes	-	-	-	-	cggugaauuucccuuggaaau	uucccuuggaaauuccggu	uucccuuggaaauuccggugaauuucccuuggaaauuccgguccggugaauuucccuuggaaau	3:53338040..53338104:+
3_6096	0	58 +/- 15%	-	2	2	0	0	yes	-	dme-miR-4916-3p	-	-	gaauuucugaaagaaauuu	auuuccaguaggaauaucu	auuuccaguaggaauaucugaggaaacuucaugaggaauuucugaaagaaauuu	3:35357613..35357667:-



mature miRBase miRNAs detected by miRDeep2
tag id	miRDeep2 score	estimated probability that the miRNA is a true positive	rfam alert	total read count	mature read count	loop read count	star read count	significant randfold p-value	mature miRBase miRNA	example miRBase miRNA with the same seed	UCSC browser	NCBI blastn	consensus mature sequence	consensus star sequence	consensus precursor sequence	precursor coordinate
2_1980	4956.3	72 +/- 34%	-	9719	9716	0	3	yes	aae-miR-11894a	-	-	-	uuuaccauuucaagaugaccua	ggucgucuugaaaugguaaaga	ggucgucuugaaaugguaaagagugucaaucaucaucuuuaccauuucaagaugaccua	2:58785158..58785217:-
2_1988	4956.2	72 +/- 34%	-	9719	9716	0	3	yes	aae-miR-11894a	-	-	-	uuuaccauuucaagaugaccua	ggucgucuugaaaugguaaaga	ggucgucuugaaaugguaaagagugucaaucaucaucuuuaccauuucaagaugaccua	2:58787948..58788007:-
2_1982	4956.2	72 +/- 34%	-	9719	9716	0	3	yes	aae-miR-11894a	-	-	-	uuuaccauuucaagaugaccua	ggucgucuugaaaugguaaaga	ggucgucuugaaaugguaaagagugucaaucaucaucuuuaccauuucaagaugaccua	2:58785850..58785909:-
2_1984	4956.1	72 +/- 34%	-	9719	9716	0	3	yes	aae-miR-11894a	-	-	-	uuuaccauuucaagaugaccua	ggucgucuugaaaugguaaaga	ggucgucuugaaaugguaaagagugucaaucaucaucuuuaccauuucaagaugaccua	2:58786284..58786343:-
2_1986	4956.1	72 +/- 34%	-	9719	9716	0	3	yes	aae-miR-11894a	-	-	-	uuuaccauuucaagaugaccua	ggucgucuugaaaugguaaaga	ggucgucuugaaaugguaaagagugucaaucaucaucuuuaccauuucaagaugaccua	2:58787426..58787485:-
3_7734	34.8	72 +/- 34%	-	60	43	0	17	yes	aae-miR-308-5p	dme-miR-2a-3p	-	-	aaucacaggaguauacugugag	cgcgguauauucuuguggcuug	cgcgguauauucuuguggcuugaugcauuugaaaaaucucaaaucacaggaguauacugugag	3:403338483..403338546:-
3_4827	12.4	72 +/- 34%	-	19	17	0	2	yes	aae-bantam-5p	dme-bantam-3p	-	-	ugagaucauuuugaaagcugau	ccgguuuucauuuucgaucugacu	ccgguuuucauuuucgaucugacuuauuugauuuaacaagagugagaucauuuugaaagcugau	3:178082830..178082894:+
2_2140	10.4	72 +/- 34%	-	12	8	0	4	yes	aae-miR-13-5p	dme-miR-2a-3p	-	-	uaucacagccauuuugacgaguu	ucguaaaaaugguugugcugug	ucguaaaaaugguugugcuguguuguuacgcucgaaauucauaucacagccauuuugacgaguu	2:107237649..107237713:-
3_6296	8.7	66 +/- 38%	-	8	6	0	2	yes	aae-miR-11-5p	dme-miR-2a-3p	-	-	caucacagucugaguucuugc	cgagaacuccggcugugaccug	cgagaacuccggcugugaccuguguacacuuuauccaaaucacaucacagucugaguucuugc	3:75489865..75489928:-
1_9133	8	66 +/- 38%	-	8	4	0	4	yes	aae-miR-279	dme-miR-279-3p	-	-	ugacuagauccacacucauuaa	gaugggugugaaucuaguguuucaca	gaugggugugaaucuaguguuucacaugauuuucgauagccugugacuagauccacacucauuaa	1:207007788..207007853:+
2_2143	7.1	63 +/- 38%	-	12	9	0	3	yes	aae-miR-71-5p	-	-	-	agaaagacauggguagugagau	ucucacuaccuugucuuucaugc	agaaagacauggguagugagauaguuucacccuauugcacugggaucucacuaccuugucuuucaugc	2:107238286..107238354:-
2_2136	5.4	50 +/- 38%	-	18	18	0	0	yes	aae-miR-2c	dme-miR-2a-3p	-	-	uaucacagccagcuuugaugagcu	cucucaaaguggcugugaaaug	cucucaaaguggcugugaaaugguuugauuuugcucauaucacagccagcuuugaugagcu	2:107235884..107235945:-
2_2138	5.2	50 +/- 38%	-	86	86	0	0	yes	aae-miR-2a-5p	dme-miR-2a-3p	-	-	uaucacagccagcuuugaaga	ucaaagugguugugaaaug	ucaaagugguugugaaaugaguuacucuugaacgaucucauaucacagccagcuuugaaga	2:107237504..107237565:-
1_12202	5.2	50 +/- 38%	-	33	33	0	0	yes	aae-miR-317	dme-miR-317-3p	-	-	ugaacacagcuggugguaucucagu	cgggauacacccugugcucgcu	cgggauacacccugugcucgcuuugcauucgaaacuagugaacacagcuggugguaucucagu	1:302667129..302667192:-
2_1021	5.2	50 +/- 38%	-	23	23	0	0	yes	aae-miR-275-5p	dme-miR-275-3p	-	-	ucagguaccugaaguagcgcgcg	cgcgcuaagcaggaaccgagacu	cgcgcuaagcaggaaccgagacuuugucauuugcuagcagucagguaccugaaguagcgcgcg	2:307135668..307135731:+
3_6340	5.1	50 +/- 38%	-	13	13	0	0	yes	aae-miR-92b-3p	dme-miR-92a-3p	-	-	aauugcacuugucccggccugc	aggucgugacuugugcccauuug	aggucgugacuugugcccauuugcugaauuuuaauggucaaauugcacuugucccggccugc	3:93418515..93418577:-
1_12217	5.1	50 +/- 38%	-	430	430	0	0	yes	aae-miR-283	dme-miR-283-5p	-	-	caauaucagcugguaauucuggg	cggaauuccaacugauauccac	caauaucagcugguaauucugggcuuaccccaccguuauacgcuucccggaauuccaacugauauccac	1:305625600..305625669:-
2_3414	5	50 +/- 38%	-	183	183	0	0	yes	aae-miR-184	dme-miR-184-3p	-	-	uggacggagaacugauaagggc	ccuuaucauucuugcgccccgu	ccuuaucauucuugcgccccguguuauauuguuggcgacuggacggagaacugauaagggc	2:417599380..417599441:-
1_12213	4.6	54 +/- 35%	-	93	93	0	0	yes	aae-miR-12-5p	dme-miR-12-5p	-	-	ugaguauuacaucagguacuggu	caguacuuauguuaugcucucu	ugaguauuacaucagguacuggugucgauauucgaaucaccaacgaaucggguuccuuugauuaacuuaccaguacuuauguuaugcucucu	1:305613548..305613640:-
3_7138	4.5	54 +/- 35%	-	10	10	0	0	yes	aae-miR-278-5p	dme-miR-278-3p	-	-	ucggugggacuuucguccguuu	acggacgauagucuucagcggcc	acggacgauagucuucagcggccgugcauuugauagaaguggucggugggacuuucguccguuu	3:243123888..243123952:-
2_1935	4.4	54 +/- 35%	-	11	11	0	0	yes	aae-miR-190	dme-miR-190-5p	-	-	agauauguuugauauucuugguug	cccaggaaucaaacauauuauua	agauauguuugauauucuugguuguuaaauuuuauauuaucacccaggaaucaaacauauuauua	2:48811877..48811942:-
2_1103	4.2	54 +/- 35%	-	11	11	0	0	yes	aae-miR-14	dme-miR-14-3p	-	-	ucagucuuuuucucucuccuau	gggagcgagauuaaggcuugcu	gggagcgagauuaaggcuugcuggucauuuauuacacucgaagucagucuuuuucucucuccuau	2:344767572..344767637:+
2_1024	4	54 +/- 35%	-	63	63	0	0	yes	aae-miR-305-5p	dme-miR-305-5p	-	-	auuguacuucaucaggugcucugg	ccggcacauguuggaguacacuua	auuguacuucaucaggugcucugguuguuuucgauacccggcacauguuggaguacacuua	2:307145445..307145506:+
1_12200	3.8	43 +/- 36%	-	9	9	0	0	yes	aae-miR-277-5p	dme-miR-277-3p	-	-	uaaaugcacuaucugguacgaca	gcgugucagaagugcauuuaca	gcgugucagaagugcauuuacauagguauuucccguuuagcaguauuuguaaaugcacuaucugguacgaca	1:302603812..302603884:-
2_2107	3.2	43 +/- 36%	-	8	8	0	0	yes	aae-miR-282-5p	dme-miR-282-5p	-	-	uagccucuccuaggcuuugucu	acauagccugacagagguuagg	uagccucuccuaggcuuugucuguuaccuuccuugggaauuccacuagccagacauagccugacagagguuagg	2:96911966..96912040:-
1_9135	2.6	63 +/- 24%	-	7	7	0	0	yes	aae-miR-996	dme-miR-279-3p	-	-	ugacuagauuacaugcucgucu	gcgugcaugaaucuggugcacg	gcgugcaugaaucuggugcacgguuuuccaguuguaauaucgcuucgugacuagauuacaugcucgucu	1:207012536..207012605:+
2_1976	2	63 +/- 24%	-	9716	9716	0	0	yes	aae-miR-11894a	-	-	-	uuuaccauuucaagaugaccua	gguugucuugaaaugguaaaga	gguugucuugaaaugguaaagagugucaaccaucaucuuuaccauuucaagaugaccua	2:58783350..58783409:-
3_6294	1.9	74 +/- 12%	-	5	5	0	0	yes	aae-miR-998	dme-miR-285-3p	-	-	uagcaccaugagauucagcuc	acugaacucucgugggucugca	acugaacucucgugggucugcaguugauauuucgaaagcuuguagcaccaugagauucagcuc	3:75489589..75489652:-
2_1978	1.9	74 +/- 12%	-	1200	1200	0	0	yes	aae-miR-11894b	-	-	-	uuuaccauuucaauaugaccua	ggucguauugaaaugguaaaga	ggucguauugaaaugguaaagagugucaaucaucaucuuuaccauuucaauaugaccua	2:58784590..58784649:-
1_9775	1.8	74 +/- 12%	-	5	5	0	0	yes	aae-miR-33	dme-miR-33-5p	-	-	gugcauuguaguugcauugca	caauacuucugcaaugcaagc	gugcauuguaguugcauugcacuuuugcguucgauaacacggugcaauacuucugcaaugcaagc	1:50888881..50888946:-
NIGP01001349_13321	1.7	74 +/- 12%	-	12549	12549	0	0	yes	aae-miR-11895	-	-	-	uucaugcauucacuucugcuga	agcaggagugaaugcaugaguu	agcaggagugaaugcaugaguugacaucugaaaacuaauucaugcauucacuucugcuga	NIGP01001349:11838..11898:+
2_3106	1.7	74 +/- 12%	-	12549	12549	0	0	yes	aae-miR-11895	-	-	-	uucaugcauucacuucugcuga	agcaggagugaaugcaugaguu	agcaggagugaaugcaugaguuugacaucugaaacuaauucaugcauucacuucugcuga	2:324949494..324949554:-
2_2142	1.5	74 +/- 12%	-	18	18	0	0	yes	aae-miR-2c	-	-	-	ucacagccagcuuugaugagca	ggcaucaaauuugguuguuuua	ggcaucaaauuugguuguuuuaguacgaccucuuugaaaccccuaucacagccagcuuugaugagca	2:107237995..107238062:-
1_10267	0.5	58 +/- 15%	-	48	48	0	0	no	aae-miR-252-5p	dme-miR-252-5p	-	-	cuaaguacuagugccgcagga	cugcugcccaagugcuuaucg	cuaaguacuagugccgcaggagagauuugaaccccugcugcccaagugcuuaucg	1:175818157..175818212:-
2_3157	0.4	58 +/- 15%	-	3	3	0	0	yes	aae-miR-9b	dme-miR-9a-5p	-	-	ucuuuggugauuuuagcuguaug	uauagcuuuaucaccaaaaacc	ucuuuggugauuuuagcuguaugcugauacguuucugauugcauauagcuuuaucaccaaaaacc	2:335780574..335780639:-
2_1175	0.1	58 +/- 15%	-	2	2	0	0	yes	aae-miR-2945-5p	dme-miR-279-3p	-	-	ugacuagaggcagacucguuua	agcggguccguuucuagugucaug	agcggguccguuucuagugucaugugcuguauucgaauaucaugacuagaggcagacucguuua	2:374947142..374947206:+
2_1022	-1	34 +/- 15%	-	23	23	0	0	no	aae-miR-275-3p	dme-miR-275-3p	-	-	ucagguaccugaaguagcgcgcg	ucaucaagcgacaacagaggcgugaaa	ucagguaccugaaguagcgcgcgugaucaaacaggaagcgucaucaagcgacaacagaggcgugaaa	2:307135708..307135775:+
2_626	-1.2	13 +/- 12%	-	2	2	0	0	yes	aae-miR-7	dme-miR-7-5p	-	-	uggaagacuagugauuuuguuguu	uaacaauaaaucucaagucuuucuac	uggaagacuagugauuuuguuguuuugcuuacgauaauaacaauaaaucucaagucuuucuac	2:222802544..222802607:+
1_9884	-3.7	6 +/- 8%	-	2	2	0	0	yes	aae-miR-87	-	-	-	ugagcaaauuuucagguguguc	ccagccugaaauuugcuaaacc	ccagccugaaauuugcuaaaccuguguguauuugauucaaacaaucaaggugagcaaauuuucagguguguc	1:80682400..80682472:-

#miRBase miRNAs not detected by miRDeep2
miRBase precursor id	total read count	mature read count(s)	star read count	remaining reads	UCSC browser	NCBI blastn	miRBase mature sequence(s)	miRBase star sequence(s)	miRBase precursor sequence
37	37	0	0	-	-	ucagguacugagugacucucag	gagagcaccucgguaucuaagc	-	cauucgcaauuucaccgguucagguacugagugacucucagaugugcauuucucaagcaaucucguccucaggaccugagguugaaaaacccugagagcaccucgguaucuaagccaguguugcgaaaa	
46	46	0	0	-	-	ugguuuaucuuaucugucgaggc	gucgacagggagauaaaucacu	-	cauugguuuaucuuaucugucgaggcaaguuauuuuaccggauaguguuucuuuucgugagcaaucaccacuauccagcucuucuugucgacagggagauaaaucacug	
23	23	0	0	-	-	cacguuacagauugggguuucc	uaaucucaaauuguaacagugg	-	gagguaaucucaaauuguaacaguggguugauuuuccuggugaaucccggccuuguccuccgucacaagugugacaagugucucgaaaacguguucgcuauacccacguuacagauugggguuucccc	
10	4	0	6	-	-	cugaaaacuuaaucgauugguc	-	uaaccugaaaacuuaaucgauuggucacuagcugcgcggugaccaaucgauuaaguuuucagcuua	
3	3	0	0	-	-	caaccacuauccgcccugccgcc	uggcagugugguuagcugguug	-	caaggcaauacgcuauggcagugugguuagcugguuguguagaacuuuggggggcuuccguggcguucgcgcgcacacgggggcucagauucacaaccacuauccgcccugccgccgcgaggugccagg	
3	3	0	0	-	-	gcuuuggcgcuuuagcuguauga	uaaagcuagauuaccaaagcau	-	gaacccaucguccaugcuuuggcgcuuuagcuguaugauagaauuuaauauuucauaaagcuagauuaccaaagcauggaaggcuugggcgguguc	
2	2	0	0	-	-	aagagagcuauccgucgac	ugucauggaauugcucucuuua	-	ugguuucgaauaugaaaauaaagagagcuauccgucgacaguagggauaugauucacugucauggaauugcucucuuuauguacaauucgauauuca	
2	2	0	0	-	-	ucauaagacacacgcggcuau	-	aacgguauugcggcuuucauagguagcuugcguuugucuuagcugguauugaaugugauagguaucauaagacacacgcggcuauuuuugagaguaucaagcaucuug	
2	2	0	0	-	-	ucacuuuuuagugacuugguc	-	caagucacuuuuuagugacuuggucacuuuuuucaaucuggucacuaaaaagucacuau	
2	2	0	0	-	-	uaagcguauagcuuuucccauu	-	gauucugaagggggaaauccuguacgcuguauguuguauuugaauaauccauaagcguauagcuuuucccauucggcgu	
2	2	0	0	-	-	cgguacggacaggggcaacauu	uauugcacuugucccggccua	-	aaucuacgcaucgguacggacaggggcaacauugugacauuugaaagcuaauauugcacuugucccggccuaugcguggagu	
2	2	0	0	-	-	ucuuugguauucuagcuguaga	uaaagcuuuaguaccagagguc	-	cugaaucuuugguauucuagcuguagaauguugagcuuugugauaugguaucuucuaaagcuuuaguaccagagguccaacug	
1	1	0	0	-	-	caucuuaccgggcagcauuaga	uaauacugucagguaaagauguc	-	gucuguucacaucuuaccgggcagcauuagauauuuuugaaauacuucuaauacugucagguaaagaugucguccgaac	
1	1	0	0	-	-	uagcugccuagugaagggc	cggccguucauugggucaucuagc	-	acuacaauucggccguucauugggucaucuagcucguguuggaaacaguuagcugccuagugaagggcaauauugu	
1	1	0	0	-	-	ugucuuuuuccgcuuacugccg	-	ccaacauuuugauugauuugucuuuuuccgcuuacugccgguggcauuugaaauucucgacagcaaaccgaaaaaggcgccucaaucaauu	
1	1	0	0	-	-	ugguaacuccaccaccguuggc	-	aaacguuuccggagccugguaacuccaccaccguuggcgauauuugacagccaaugggagcuggaguucccgcgugccgaacguuca	
1	1	0	0	-	-	cuugugcgugugacaacgg	-	cucauugcagcugcugaccacugcacaagauuagauuaugacucuugugcgugugacaacggcuauug	












2	0	0	2	-	-	cgagauacggagagauugcgaca	-	cagucgccucuucacaucucgauaucgaagggaccaucgagauacggagagauugcgacaa	


























1	0	0	1	-	-	cacaaccuccuugagugagcga	-	cuaguuucccggcagucgaucacucacucaaccugggugugaugcuuauuugaaucaucacaaccuccuugagugagcgaccgauugaugg	















2	0	0	2	-	-	gugugugaaccguuggcggc	-	agcagugugugaaccguuggcggcgcaacgccugaugguauugaugcugcu	





1	0	0	1	-	-	uuccgaaguugggugucucgc	-	ugcaagauacccuacuucggaaguagggcgcauuagagcgcauccggaugcgaaucgaaugcaccacuuccgaaguugggugucucgca	


















