miRDeep2 score	novel miRNAs reported by miRDeep2	novel miRNAs, estimated false positives	novel miRNAs, estimated true positives	known miRNAs in species	known miRNAs in data	known miRNAs detected by miRDeep2	estimated signal-to-noise	excision gearing
10	39	2 +/- 1	37 +/- 1 (95 +/- 4%)	164	103	57 (55%)	30.8	2
9	40	2 +/- 1	38 +/- 1 (95 +/- 4%)	164	103	59 (57%)	31.5	2
8	44	2 +/- 1	42 +/- 1 (95 +/- 3%)	164	103	59 (57%)	31.9	2
7	44	3 +/- 2	42 +/- 2 (94 +/- 3%)	164	103	59 (57%)	29.7	2
6	46	3 +/- 2	43 +/- 2 (94 +/- 3%)	164	103	60 (58%)	28.8	2
5	48	3 +/- 2	45 +/- 2 (94 +/- 3%)	164	103	64 (62%)	28.6	2
4	51	3 +/- 2	48 +/- 2 (93 +/- 3%)	164	103	70 (68%)	26.2	2
3	54	4 +/- 2	50 +/- 2 (92 +/- 4%)	164	103	72 (70%)	21.7	2
2	70	6 +/- 2	64 +/- 2 (92 +/- 3%)	164	103	74 (72%)	19.2	2
1	115	10 +/- 3	105 +/- 3 (92 +/- 3%)	164	103	82 (80%)	16.5	2
0	133	21 +/- 4	112 +/- 4 (84 +/- 3%)	164	103	87 (84%)	8.5	2
-1	153	38 +/- 6	115 +/- 6 (75 +/- 4%)	164	103	88 (85%)	5.3	2
-2	177	66 +/- 8	111 +/- 8 (63 +/- 4%)	164	103	88 (85%)	3.5	2
-3	232	95 +/- 9	137 +/- 9 (59 +/- 4%)	164	103	90 (87%)	3	2
-4	323	158 +/- 12	165 +/- 12 (51 +/- 4%)	164	103	92 (89%)	2.4	2
-5	389	376 +/- 17	15 +/- 14 (4 +/- 4%)	164	103	93 (90%)	1.2	2
-6	431	590 +/- 21	0 +/- 0 (0 +/- 0%)	164	103	93 (90%)	0.9	2
-7	482	787 +/- 23	0 +/- 0 (0 +/- 0%)	164	103	94 (91%)	0.7	2
-8	610	944 +/- 24	0 +/- 0 (0 +/- 0%)	164	103	94 (91%)	0.7	2
-9	774	1069 +/- 26	0 +/- 0 (0 +/- 0%)	164	103	94 (91%)	0.8	2
-10	914	1177 +/- 27	0 +/- 0 (0 +/- 0%)	164	103	94 (91%)	0.8	2



novel miRNAs predicted by miRDeep2
provisional id	miRDeep2 score	estimated probability that the miRNA candidate is a true positive	rfam alert	total read count	mature read count	loop read count	star read count	significant randfold p-value	miRBase miRNA	example miRBase miRNA with the same seed	UCSC browser	NCBI blastn	consensus mature sequence	consensus star sequence	consensus precursor sequence	precursor coordinate
2_7594	2820.7	95 +/- 4%	-	5525	5504	1	20	yes	-	dme-miR-2a-3p	-	-	uaucacagccauuuuaaugagcu	gcucaucaauugguuguggcua	gcucaucaauugguuguggcuaugugucuugcguagcguuucgcaccguuucgaagcgugucccccaucauaucacagccauuuuaaugagcu	2:107237801..107237894:-
2_377	162.1	95 +/- 4%	-	316	314	0	2	yes	-	-	-	-	uacggcaagggcugauugcugc	agcauuucaggccuuaucauagu	agcauuucaggccuuaucauaguuugauaguagucugaacugcuagacuacaaaacuacggcaagggcugauugcugc	2:22011452..22011530:+
NIGP01000319_35880	162.1	95 +/- 4%	-	316	314	0	2	yes	-	-	-	-	uacggcaagggcugauugcugc	agcauuucaggccuuaucauagu	agcauuucaggccuuaucauaguuugauagcagucugaacuacuagacugcaaaacuacggcaagggcugauugcugc	NIGP01000319:28296..28374:-
2_3081	162	95 +/- 4%	-	316	314	0	2	yes	-	-	-	-	uacggcaagggcugauugcugc	agcauuucaggccuuaucauagu	agcauuucaggccuuaucauaguuugauaguagucuaaacuauuagacugcaaaacuacggcaagggcugauugcugc	2:229931569..229931647:+
3_13801	162	95 +/- 4%	-	316	314	0	2	yes	-	-	-	-	uacggcaagggcugauugcugc	agcauuucaggccuuaucauagu	agcauuucaggccuuaucauaguuugauaguagucugaacuaguagacugcaaaacuacggcaagggcugauugcugc	3:47759531..47759609:+
2_2721	162	95 +/- 4%	-	316	314	0	2	yes	-	-	-	-	uacggcaagggcugauugcugc	agcauuucaggccuuaucauagu	agcauuucaggccuuaucauaguuugauaguagucugaacuacuagacugcaaaacuacggcaagggcugauugcugc	2:205174548..205174626:+
1_30366	161.8	95 +/- 4%	-	316	314	0	2	yes	-	-	-	-	uacggcaagggcugauugcugc	agcauuucaggccuuaucauagu	agcauuucaggccuuaucauaguuugauaguagucugaacuacuagacuguaaaacuacggcaagggcugauugcugc	1:112901003..112901081:-
2_9980	161.7	95 +/- 4%	-	316	314	0	2	yes	-	-	-	-	uacggcaagggcugauugcugc	agcauuucaggccuuaucauagu	agcauuucaggccuuaucauaguuugauaguagucugaacuacuacacugcaaaacuacggcaagggcugauugcugc	2:248034279..248034357:-
3_14445	36.2	95 +/- 4%	-	69	60	0	9	yes	-	-	-	-	ugaggcgucuucugguggcug	agucaccaucugauacugacgg	agucaccaucugauacugacggaggauggaugugcuccccaaagcacgguccuccgugaggcgucuucugguggcug	3:100431418..100431495:+
2_9786	36.2	95 +/- 4%	-	69	60	0	9	yes	-	-	-	-	ugaggcgucuucugguggcug	agucaccaucugauacugacgg	agucaccaucugauacugacggaggauggaugugcuccccaaagcacgguccuccgugaggcgucuucugguggcug	2:236091402..236091479:-
2_2401	36.1	95 +/- 4%	-	69	60	0	9	yes	-	-	-	-	ugaggcgucuucugguggcug	agucaccaucugauacugacgg	agucaccaucugauacugacggaggauggaugugcuccccaaagcacgguucuccgugaggcgucuucugguggcug	2:180179742..180179819:+
3_23472	31.8	95 +/- 4%	-	68	59	0	9	no	-	-	-	-	ugaggcgucuucugguggcug	agucaccaucugauacugacgg	agucaccaucugauacugacggaggauggaugugcuccccaaagcacgguccuccgugaggcgucuucugguggcug	3:335295443..335295520:-
NIGP01000441_35674	30.7	95 +/- 4%	-	57	50	0	7	yes	-	-	-	-	cuagaggcagcaacagccgcu	cggcuguugcugccuuaag	cuagaggcagcaacagccgcucaaaauuuccuugcgcggcuguugcugccuuaag	NIGP01000441:15662..15717:+
3_15450	28.4	95 +/- 4%	-	54	23	0	31	yes	-	-	-	-	aacccgagcgacucgaaguagg	uguuucgagcgacucggaguugg	uguuucgagcgacucggaguugguuggacucggcucaaugaacacaaacccgagcgacucgaaguagg	3:164200648..164200716:+
2_344	28.4	95 +/- 4%	-	54	23	0	31	yes	-	-	-	-	aacccgagcgacucgaaguagg	uguuucgagcgacucggaguugg	uguuucgagcgacucggaguugguuggacucggcucaaugaacacaaacccgagcgacucgaaguagg	2:19190321..19190389:+
3_18026	28.4	95 +/- 4%	-	54	23	0	31	yes	-	-	-	-	aacccgagcgacucgaaguagg	uguuucgagcgacucggaguugg	uguuucgagcgacucggaguugguuggacucggcucaaugaacacaaacccgagcgacucgaaguagg	3:346349127..346349195:+
3_15922	28.4	95 +/- 4%	-	54	23	0	31	yes	-	-	-	-	aacccgagcgacucgaaguagg	uguuucgagcgacucggaguugg	uguuucgagcgacucggaguugguuggacucggcucaaugaacacaaacccgagcgacucgaaguagg	3:200529042..200529110:+
1_28378	28.4	95 +/- 4%	-	54	23	0	31	yes	-	-	-	-	aacccgagcgacucgaaguagg	uguuucgagcgacucggaguugg	uguuucgagcgacucggaguugguuggacucggcucaaugaacacaaacccgagcgacucgaaguagg	1:280121053..280121121:+
1_27879	28.3	95 +/- 4%	-	54	23	0	31	yes	-	-	-	-	aacccgagcgacucgaaguagg	uguuucgagcgacucggaguugg	uguuucgagcgacucggaguugguuggacucggcucaaugaacacaaacccgagcgacucgaaguagg	1:246590639..246590707:+
1_31542	28.3	95 +/- 4%	-	54	23	0	31	yes	-	-	-	-	aacccgagcgacucgaaguagg	uguuucgagcgacucggaguugg	uguuucgagcgacucggaguugguuggacucggcucaaugaacacaaacccgagcgacucgaaguagg	1:203961656..203961724:-
1_28662	28.3	95 +/- 4%	-	54	23	0	31	yes	-	-	-	-	aacccgagcgacucgaaguagg	uguuucgagcgacucggaguugg	uguuucgagcgacucggaguugguuggacucggcucaaugaacacaaacccgagcgacucgaaguagg	1:301705827..301705895:+
NIGP01000465_35716	28.3	95 +/- 4%	-	54	23	0	31	yes	-	-	-	-	aacccgagcgacucgaaguagg	uguuucgagcgacucggaguugg	uguuucgagcgacucggaguugguuggacucggcucaaugaacacaaacccgagcgacucgaaguagg	NIGP01000465:31077..31145:-
2_9727	28.3	95 +/- 4%	-	54	23	0	31	yes	-	-	-	-	aacccgagcgacucgaaguagg	uguuucgagcgacucggaguugg	uguuucgagcgacucggaguugguuggacucggcucaaugaacacaaacccgagcgacucgaaguagg	2:233833299..233833367:-
2_6647	24	95 +/- 4%	-	54	23	0	31	no	-	-	-	-	aacccgagcgacucgaaguagg	uguuucgagcgacucggaguugg	uguuucgagcgacucggaguugguuggacucggcucaaugaacacaaacccgagcgacucgaaguagg	2:33782141..33782209:-
2_2393	17.9	95 +/- 4%	-	35	30	0	5	yes	-	-	-	-	uuccaggugggaguuaucugauau	aacagaauuuuccaucugaacg	uuccaggugggaguuaucugauaugugaauaagguaccauaacagaauuuuccaucugaacg	2:179157985..179158047:+
2_5304	17.9	95 +/- 4%	-	35	30	0	5	yes	-	-	-	-	uuccaggugggaguuaucugauau	aacagaauuuuccaucugaacg	uuccaggugggaguuaucugauaugugaauaugguaccauaacagaauuuuccaucugaacg	2:406023911..406023973:+
2_7719	17.9	95 +/- 4%	-	35	30	0	5	yes	-	-	-	-	uuccaggugggaguuaucugauau	aacagaauuuuccaucugaacg	uuccaggugggaguuaucugauaugugaauaugguaccauaacagaauuuuccaucugaacg	2:115351695..115351757:-
2_10863	17.9	95 +/- 4%	-	35	30	0	5	yes	-	-	-	-	uuccaggugggaguuaucugauau	aacagaauuuuccaucugaacg	uuccaggugggaguuaucugauaugugaauaugguaccauaacagaauuuuccaucugaacg	2:303088709..303088771:-
NIGP01000189_35249	17.9	95 +/- 4%	-	35	30	0	5	yes	-	-	-	-	uuccaggugggaguuaucugauau	aacagaauuuuccaucugaacg	uuccaggugggaguuaucugauaugugaauaugguaccauaacagaauuuuccaucugaacg	NIGP01000189:16724..16786:-
NIGP01000822_36116	17	95 +/- 4%	-	34	30	0	4	yes	-	-	-	-	uuccaggugggaguuaucugauau	uaacagaauuuuccaucugaau	uuccaggugggaguuaucugauaugugaauaugguaccauaacagaauuuuccaucugaau	NIGP01000822:3995..4056:-
2_7688	15	95 +/- 4%	-	27	9	0	18	yes	-	-	-	-	agucaccaucugauacugacgg	gugcggugucuucugguggcugg	agucaccaucugauacugacggaggaugaaugugcucuccaaagcacgguccuccgugcggugucuucugguggcugg	2:113282258..113282336:-
1_30018	14.9	95 +/- 4%	-	27	9	0	18	yes	-	-	-	-	agucaccaucugauacugacgg	gugcggugucuucugguggcugg	agucaccaucugauacugacggaggaugaaugugcuccccaaagcacgcuccuccgugcggugucuucugguggcugg	1:85715538..85715616:-
1_31092	14.7	95 +/- 4%	-	27	9	0	18	yes	-	-	-	-	agucaccaucugauacugacgg	gugcggugucuucugguggcugg	agucaccaucugauacugacggaggauggaugugcuccccaaagcacgcucuuucgugcggugucuucugguggcugg	1:167206164..167206242:-
2_7678	11.3	95 +/- 4%	-	20	14	3	3	yes	-	-	-	-	uaaacgcaugucagucccaugu	caugggaaaauuaugcguuuau	uaaacgcaugucagucccauguuugcuggauuuccuauucacaugggaaaauuaugcguuuau	2:112552666..112552729:-
3_20942	10.4	95 +/- 4%	-	11	6	0	5	yes	-	dme-miR-277-3p	-	-	uaaaugcauguuagucccaugu	caugggacaaucaugcguuuau	uaaaugcauguuagucccauguuugcuggauucccuauucacaugggacaaucaugcguuuau	3:156708447..156708510:-
1_26743	10.2	95 +/- 4%	-	18	9	0	9	yes	-	-	-	-	agucaccaucugauacugacgg	ugaggcgucucugguggcugg	agucaccaucugauacugacggaggguggaugugcucccccaaagcacgguccuccgugaggcgucucugguggcugg	1:187810053..187810131:+
2_5565	10.2	95 +/- 4%	-	18	9	0	9	yes	-	-	-	-	agucaccaucugauacugacgg	ugcggcgucuucuggugacugg	agucaccaucugauacugacggaggauggauguguuuccccaauacacuguccuucgugcggcgucuucuggugacugg	2:433272036..433272115:+
3_18709	10.1	95 +/- 4%	-	20	11	0	9	yes	-	-	-	-	auugucgcaacaagaauaggag	ucuguucuaguuguuauaaccu	ucuguucuaguuguuauaaccuguuguugcggaauaagauugucgcaacaagaauaggag	3:404471513..404471573:+
1_33969	10	95 +/- 4%	-	18	12	0	6	yes	-	-	-	-	ugggacaauuaugcguuuaugg	ugaaugcaugucagucccaugu	ugaaugcaugucagucccauguuugcuggguuuacuaugcacaugggacaauuaugcguuuaugg	1:268826732..268826797:-
2_9312	9.1	95 +/- 4%	-	16	15	0	1	yes	-	-	-	-	ugcggcgucuucugguggcugg	agucaccauccgauacugacga	agucaccauccgauacugacgaaggauggauguguucuuccccaauacacgguccuucgugcggcgucuucugguggcugg	2:208442651..208442732:-
3_24161	8.5	95 +/- 3%	-	15	13	0	2	yes	-	-	-	-	ucacuaauaccacuaucaggau	uucugauagugguguuaguuu	ucacuaauaccacuaucaggauacgcuaacauugaucguucugauagugguguuaguuu	3:390185748..390185807:-
2_4618	8.2	95 +/- 3%	-	14	12	0	2	yes	-	-	-	-	ugggacaauuaugcguuuaugg	uaaacgcaugucaguuccaugu	uaaacgcaugucaguuccauguuugcuggauucccuguguacaugggacaauuaugcguuuaugg	2:342470007..342470072:+
1_30483	8.1	95 +/- 3%	-	14	12	0	2	yes	-	-	-	-	ugggacaauuaugcguuuaugg	uaaacgcaugucaguccuaugu	uaaacgcaugucaguccuauguuugcuggauuuacuauucacaugggacaauuaugcguuuaugg	1:123692159..123692224:-
2_1875	8	95 +/- 3%	-	13	9	0	4	yes	-	-	-	-	cacggcuguugcugccucaagg	cuagaagcagcaacagccgcu	cuagaagcagcaacagccgcucaaaauuuccuugcacggcuguugcugccucaagg	2:136130298..136130354:+
2_5150	6.7	94 +/- 3%	-	12	3	0	9	yes	-	-	-	-	guacgcucucggucggucugg	agacgaccgauggcguauaagc	guacgcucucggucggucuggcacugacagacagucagacgaccgauggcguauaagc	2:391005685..391005743:+
2_3023	6	94 +/- 3%	-	10	8	0	2	yes	-	-	-	-	uacgguaagggcugauugcugu	agcauuucaggccuuaucauagu	agcauuucaggccuuaucauaguuugauaguagucugaacuacuagacuacaaaacuacgguaagggcugauugcugu	2:227770613..227770691:+
3_21535	5.5	94 +/- 3%	-	34	33	0	1	no	-	-	-	-	aauucugugauguuuugugac	agcugauucauaaauugugggu	aauucugugauguuuugugacaaguuugauaauaauuuugucuuuugaagucagcugauucauaaauugugggu	3:196700309..196700383:-
2_2050	5	94 +/- 3%	-	747	747	0	0	yes	-	dme-miR-932-5p	-	-	acaauuccggagccuguugagu	gcaacagaugauccgggugauuguga	acaauuccggagccuguugaguauagcaacagaugauccgggugauuguga	2:149601880..149601931:+
1_29200	4.9	93 +/- 3%	-	8	6	0	2	yes	-	-	-	-	uacgacaagggcugauugcugc	agcauuucaggccuuaucauagu	agcauuucaggccuuaucauaguuugauaguagucugaacuacuagacugcaaaacuacgacaagggcugauugcugc	1:24977311..24977389:-
2_5324	4.8	93 +/- 3%	-	8	3	0	5	yes	-	-	-	-	accaauaccacuauaaggaaga	uuucugauagugguguuaguuu	accaauaccacuauaaggaagagcuaacaccaaucuuucugauagugguguuaguuu	2:407564011..407564068:+
2_6872	4.8	93 +/- 3%	-	16	15	0	1	no	-	-	-	-	ugcggcgucuucugguggcugg	agucaccauccgauacugacga	agucaccauccgauacugacgaaggaugaauauguuuuuccccaauacacgguccuucgugcggcgucuucugguggcugg	2:47685826..47685907:-
3_17003	3.9	92 +/- 4%	-	6	4	0	2	yes	-	-	-	-	ugucauuugugauacaagacua	aucugguaucacgggugaacu	aucugguaucacgggugaacucucgcugcacggcgccgggccgaacgcacgauugaugucauuugugauacaagacua	3:274063040..274063118:+
2_2061	3.6	92 +/- 4%	-	5	3	0	2	yes	-	-	-	-	uaagguaagggcugauugcugc	agcauuucaggccuuaucauagu	agcauuucaggccuuaucauaguuugauaguagucagaacuacaagacugcaaaacuaagguaagggcugauugcugc	2:150029051..150029129:+
3_13308	3.3	92 +/- 4%	-	5	4	0	1	yes	-	-	-	-	gaaugucagucuguaauggaaug	uuccauucuugcugcuauagcu	gaaugucagucuguaauggaauggaauuccuguacauuccauucuugcugcuauagcu	3:6896618..6896676:+
3_22694	2.7	92 +/- 3%	-	19	18	0	1	yes	-	-	-	-	cucuugaggacugcuggagaac	aguccucaagaggggcuuc	aguccucaagaggggcuucgaaauuauucgaagccccucuugaggacugcuggagaac	3:287211800..287211858:-
2_7348	2.7	92 +/- 3%	-	22	18	4	0	yes	-	-	-	-	auuggcguauuaacuucgaugg	aucgaaguuaauacgccaaucg	aucgaaguuaauacgccaaucgcguauuauccucgauuuuacuauaguaaagucgagguaauacgcgauuggcguauuaacuucgaugg	2:78709535..78709624:-
3_22373	2.5	92 +/- 3%	-	77	77	0	0	yes	-	-	-	-	ucuuaugcagcgcaaauaguga	acuauuugcgcugcauuagaac	ucuuaugcagcgcaaauagugacgucacuauuugcgcugcauuagaac	3:261650040..261650088:-
2_3583	2.3	92 +/- 3%	-	4	3	0	1	yes	-	-	-	-	auacggcgucuucugguggcug	agucaccaucugauacugacag	agucaccaucugauacugacagaggauggaugugcuccccuaagcacgguccuccauacggcgucuucugguggcug	2:256263168..256263245:+
2_9245	2.3	92 +/- 3%	-	51	50	0	1	yes	-	-	-	-	cuagaggcagcaacagccgcu	cuguugcugccucuaggcg	cuagaggcagcaacagccgcucaaaauuuccuugcggggcuguugcugccucuaggcg	2:204089158..204089216:-
2_10260	2.3	92 +/- 3%	-	15	15	0	0	yes	-	-	-	-	ccaaucgauuaaguuuucagcu	cugggggcuuaauugauugguc	cugggggcuuaauugauuggucacucgcuggagaccaaucgauuaaguuuucagcu	2:266699302..266699358:-
2_253	2.3	92 +/- 3%	-	33	33	0	0	yes	-	-	-	-	aauucugugauguuuugugac	cacaaaacaucacagaauuau	cacaaaacaucacagaauuauuuuuacugauaagaaacuguguguaaaaauaauucugugauguuuugugac	2:14838129..14838201:+
3_21536	2.2	92 +/- 3%	-	33	33	0	0	yes	-	-	-	-	aauucugugauguuuugugac	cacaaaacaucacagaauuau	cacaaaacaucacagaauuauuuuaacacauaguuucuuaucaguaaaaauaauucugugauguuuugugac	3:196700362..196700434:-
1_29641	2.2	92 +/- 3%	-	14	14	0	0	yes	-	-	-	-	agcugaaaacuuaaucgauugg	aaucgauuaaguuuucggcuca	agcugaaaacuuaaucgauugguuacuagcugguggugaccaaucgauuaaguuuucggcuca	1:56989991..56990054:-
3_23379	2.1	92 +/- 3%	-	13	13	0	0	yes	-	-	-	-	ccaaacauccguugagcugaa	cagcuuaaacggaugcuugguu	ccaaacauccguugagcugaaaaccuaaucaacuggucaccaccagcuuaaacggaugcuugguu	3:326338987..326339052:-
1_25449	2.1	92 +/- 3%	-	15	12	3	0	yes	-	-	-	-	ugggacaauuaugcguuuaugg	auaaacgcaugucagucacaug	auaaacgcaugucagucacauguuugcuggauuuccuauucacaugggacaauuaugcguuuaugg	1:81044982..81045048:+
3_14807	2	92 +/- 3%	-	24	22	0	2	yes	-	-	-	-	uucaacccaggcgaaaugacauu	gucaauucgccuggguugaagc	gucaauucgccuggguugaagcaucgcuaagcuucaacccaggcgaaaugacauu	3:125841492..125841547:+
2_1213	2	92 +/- 3%	-	16	16	0	0	yes	-	-	-	-	uaagugcucugaagacaccaac	aggugucuucgggggacuuauu	aggugucuucgggggacuuauucuucguaaaucgaagaauaagugcucugaagacaccaac	2:90239152..90239213:+
2_9862	2	92 +/- 3%	-	20	20	0	0	yes	-	-	-	-	uaaacaugggacuguuauacga	gcauaaccgucccauguuguaug	gcauaaccgucccauguuguaugggauuuccuauaaacaugggacuguuauacga	2:240454736..240454791:-
2_11416	2	92 +/- 3%	-	33	33	0	0	yes	-	-	-	-	aauucugugauguuuugugac	cacaaaacaucacagauuucu	cacaaaacaucacagauuucuuucuacgcauaguuucuuaucaguaaaaauaauucugugauguuuugugac	2:335977193..335977265:-
1_30150	2	92 +/- 3%	-	71	71	0	0	yes	-	-	-	-	aucuggacccgcucuaguguca	acacuugagcggggcacgcucc	acacuugagcggggcacgcucccguaugguccccacgugaucuggacccgcucuaguguca	1:98762162..98762223:-
3_21542	1.9	92 +/- 3%	-	24	22	0	2	yes	-	-	-	-	uucaacccaggcgaaaugacauu	gucaauucgccuggguugaagc	gucaauucgccuggguugaagcaucgcucagcuucaacccaggcgaaaugacauu	3:197093316..197093371:-
3_14268	1.9	92 +/- 3%	-	32	23	0	9	yes	-	-	-	-	ugggacugacaugcguuuaugg	aaacgcauaauugucccaugug	aaacgcauaauugucccaugugaauaggaaauccagcaaacaugggacugacaugcguuuaugg	3:88565240..88565304:+
3_23036	1.9	92 +/- 3%	-	54	54	0	0	yes	-	-	-	-	aucuggacccgcucuaguguca	acacuugagcggggcacgcucc	acacuugagcggggcacgcucccguauaaucuccacgggaucuggacccgcucuaguguca	3:310633795..310633856:-
1_30014	1.9	92 +/- 3%	-	24	24	0	0	yes	-	-	-	-	aauucugugauguuuugugac	cacaaaacaucacagaauuau	cacaaaacaucacagaauuauuuuuacugauaagaaacuaaguguaaaaguaauucugugauguuuugugac	1:85545032..85545104:-
2_10288	1.9	92 +/- 3%	-	54	52	0	2	yes	-	-	-	-	ugugguuuacggcuuaagcgaa	accgcuuaggccuuaaaccug	accgcuuaggccuuaaaccugguuuaaucguaugaguaaaugugguuuacggcuuaagcgaa	2:269339604..269339666:-
2_11464	1.9	92 +/- 3%	-	23	23	0	0	yes	-	-	-	-	ugggacugacaugcguuuaugg	auuaacgcauaauugucccaug	auuaacgcauaauugucccaugugaauaggaaauccagcaaacaugggacugacaugcguuuaugg	2:340368903..340368969:-
3_21510	1.9	92 +/- 3%	-	16	16	0	0	yes	-	-	-	-	uaagugcucugaagacaccaac	aggugucuucgggggacuuauu	aggugucuucgggggacuuauucuucguacauccaagaauaagugcucugaagacaccaac	3:194769521..194769582:-
3_13943	1.8	92 +/- 3%	-	29	29	0	0	yes	-	-	-	-	uuccggugaauuucccuuggaaa	ucccuuggaaauuccggugaauu	ucccuuggaaauuccggugaauuucccuuggaaauuccggugaauuucccuuggaaauuccggugaauuucccuuggaaa	3:53337995..53338075:+
2_1717	1.8	92 +/- 3%	-	54	52	0	2	yes	-	-	-	-	ugugguuuacggcuuaagcgaa	accgcuuaggccuuaaaccug	accgcuuaggccuuaaaccugguuuaaucguauggguaaaugugguuuacggcuuaagcgaa	2:127497671..127497733:+
2_8386	1.8	92 +/- 3%	-	51	50	1	0	yes	-	-	-	-	cugauacagccauaccgugga	cacgcuaugccugaaucagua	cacgcuaugccugaaucaguaaaauuugaaaaucgaaugugcauucgauuuuuaaaauccacugauacagccauaccgugga	2:154129245..154129327:-
2_8830	1.8	92 +/- 3%	-	16	16	0	0	yes	-	-	-	-	uaagugcucugaagacaccaac	cggugucuuuagcgggguuauu	cggugucuuuagcgggguuauucaccgcaguccaaagaauaagugcucugaagacaccaac	2:180546977..180547038:-
1_29131	1.8	92 +/- 3%	-	14	7	5	2	yes	-	-	-	-	aagcuuccaagcuucugagga	aaacuuccaagcuucugagga	aaacuuccaagcuucugaggagaagcuuccaagcuucugaggagaagcuuccaagcuucugacgagaagcuuccaagcuucugagga	1:21523145..21523232:-
3_13948	1.8	92 +/- 3%	-	29	26	3	0	yes	-	-	-	-	uuccggugaauuucccuuggaaa	ucccuuggaaauuccggugaauu	ucccuuggaaauuccggugaauuucccuuggaaauuccggugaauuucccuuggaaauuccggugaauuucccuuggaaauuccggugaauuucccuuggaaa	3:53338299..53338402:+
3_22423	1.8	92 +/- 3%	-	26	26	0	0	yes	-	-	-	-	uauuugacguuuuagcggugcc	caccgcucacacgucaaauuagu	uauuugacguuuuagcggugccguguuauuuaugugaccaugguaaccagugaauucggcaccgcucacacgucaaauuagu	3:265530534..265530616:-
3_13946	1.8	92 +/- 3%	-	29	26	3	0	yes	-	-	-	-	uuccggugaauuucccuuggaaa	ucccuuggaaauuccggugaauu	ucccuuggaaauuccggugaauuucccuuggaaauuccggugaauuucccuuggaaauuccggugaauuucccuuggaaauuccggugaauuucccuuggaaa	3:53338207..53338310:+
3_17985	1.7	92 +/- 3%	-	22	22	0	0	yes	-	-	-	-	uucaacccaggcgaaaugacauu	ugucaauucaccuggguugaagc	ugucaauucaccuggguugaagcaucgcuaagcuucaacccaggcgaaaugacauu	3:342681705..342681761:+
2_7202	1.7	92 +/- 3%	-	12	12	0	0	yes	-	-	-	-	ugggcugcgugaugcuagcugu	agcuagcagcaagcagcccaau	agcuagcagcaagcagcccaauugcuuugaugcucuugcguugggcugcgugaugcuagcugu	2:68728241..68728304:-
3_16985	1.7	92 +/- 3%	-	11	11	0	0	yes	-	-	-	-	ccaaucgauuagguuuucagcu	cuaaaaacuuaaucgauugauc	cuaaaaacuuaaucgauugaucacuagauggucgugaccaaucgauuagguuuucagcu	3:272035508..272035567:+
3_21983	1.7	92 +/- 3%	-	60	60	0	0	yes	-	-	-	-	cgagagagaagucccccauggu	ugugguguguggauuuuuuucuuucg	cgagagagaagucccccaugguggcauugcuacugugguguguggauuuuuuucuuucg	3:231251965..231252024:-
2_2457	1.7	92 +/- 3%	-	126	126	0	0	yes	-	-	-	-	uacggcaagggcugauugcug	gcuuuucaggucuugucauagu	gcuuuucaggucuugucauaguuuuauaguagucuggaauacuagacugcaaaacuacggcaagggcugauugcug	2:184518613..184518689:+
1_34154	1.7	92 +/- 3%	-	15	15	0	0	yes	-	-	-	-	ugcggcgucuucugguggcugg	agucaccaucugaaacugacg	agucaccaucugaaacugacggaggauggauguguuccccuccuaaacacgguccuccgugcggcgucuucugguggcugg	1:282609991..282610072:-
3_13944	1.6	92 +/- 3%	-	29	29	0	0	yes	-	-	-	-	uuccggugaauuucccuuggaaa	ucccuuggaaauuccgguccggugaauu	ucccuuggaaauuccgguccggugaauuucccuuggaaauuccggugaauuucccuuggaaa	3:53338064..53338126:+
1_24435	1.6	92 +/- 3%	-	54	52	0	2	yes	-	-	-	-	ugugguuuacggcuuaagcgaa	accgcuuaggccuuaaaccug	accgcuuaggccuuaaaccugguuuaaugguauggguaaaugugguuuacggcuuaagcgaa	1:5211378..5211440:+
2_11144	1.6	92 +/- 3%	-	20	20	0	0	yes	-	-	-	-	uaaacaugggacuguuauacga	gcauacaugucccauauuccaug	gcauacaugucccauauuccauggaauuucccauaaacaugggacuguuauacga	2:320107277..320107332:-
3_13952	1.6	92 +/- 3%	-	29	26	3	0	yes	-	-	-	-	uuccggugaauuucccuuggaaa	ucucuuggaaauuccggugaauu	ucucuuggaaauuccggugaauuucccuuggaaauuccggugaauuucccuuggaaauuccggugaauuucccuuggaaauuccggugaauuucccuuggaaa	3:53339125..53339228:+
3_21739	1.6	92 +/- 3%	-	363	363	0	0	yes	-	-	-	-	augucugacgccauuuuggaa	ucaaaauggugacauug	augucugacgccauuuuggaauccaggauuugugaaaaucacuuuaaaccggauuucgccaucuuggauuucaaaauggugacauug	3:212989561..212989648:-
2_2211	1.6	92 +/- 3%	-	60	60	0	0	yes	-	-	-	-	ugaggcgucuucugguggcug	gucaccaucugauacuaacg	gucaccaucugauacuaacggaggauggauaugcuccccaaagcacaguccuccgugaggcgucuucugguggcug	2:163667329..163667405:+
1_30375	1.6	92 +/- 3%	-	47	46	0	1	yes	-	-	-	-	accaaacacucguuuaagcug	cagcuuaaacggauguuug	accaaacacucguuuaagcugaaaaccaaucgauaaaguuuccagcuuaaacggauguuug	1:113736374..113736435:-
3_16223	1.6	92 +/- 3%	-	121	118	0	3	yes	-	-	-	-	caccuguccagcgaauugggag	uucccaauucgauagacaugcg	uucccaauucgauagacaugcggcugcgguaguugguaacgcaccuguccagcgaauugggag	3:218717122..218717185:+
3_21969	1.6	92 +/- 3%	-	14	12	0	2	yes	-	-	-	-	gacuugaagcaacaacaaccgcu	gcuguugcugccucuaggcggg	gacuugaagcaacaacaaccgcucaaaauuuccuugcacggcuguugcugccucuaggcggg	3:230271222..230271284:-
2_11642	1.6	92 +/- 3%	-	14	9	0	5	yes	-	-	-	-	aaacgcauaauugucccaugug	ugagacugacaugcauuuauggg	aaacgcauaauugucccaugugaauaggaaauccagcaaacgugagacugacaugcauuuauggg	2:352014971..352015036:-
2_367	1.5	92 +/- 3%	-	12	11	0	1	no	-	-	-	-	acugugacaccguguuggauuga	aaccccaauacguuggcac	aaccccaauacguuggcacaauucguaagaacugugacaccguguuggauuga	2:21178857..21178910:+
3_23320	1.5	92 +/- 3%	-	53	52	0	1	yes	-	-	-	-	ugugguuuacggcuuaagcgaa	uuaggacuuaaaccugguuu	uuaggacuuaaaccugguuuaaucguauggguaaaugugguuuacggcuuaagcgaa	3:325806540..325806597:-
1_28849	1.5	92 +/- 3%	-	4	3	1	0	yes	-	dme-miR-958-3p	-	-	agagauucaacugaaucucgacu	uagagauuuaacugaaucucguu	agagauucaacugaaucucgacuagagauucaacugaaucucgucuagagauuuaacugaaucucguu	1:4404384..4404452:-
2_605	1.5	92 +/- 3%	-	11	11	0	0	yes	-	-	-	-	cacaucucuaggagccccugga	caugggcccugggggaugaggu	caugggcccugggggaugaggucauguuucgaguuggccacaucucuaggagccccugga	2:42445951..42446011:+
3_13629	1.4	92 +/- 3%	-	35	35	0	0	yes	-	-	-	-	aaucauucccaacuucugcugu	agcaguaguugugaaugauuga	agcaguaguugugaaugauugauuuuagauuuauacucaaucauucccaacuucugcugu	3:30232281..30232341:+
2_9588	1.4	92 +/- 3%	-	314	314	0	0	yes	-	-	-	-	uacggcaagggcugauugcugc	agcaugucaggccuuaucaaagu	agcaugucaggccuuaucaaaguucgauaguagucugaacuacuagacugcaaaacuacggcaagggcugauugcugc	2:227686192..227686270:-
2_511	1.4	92 +/- 3%	-	24	3	18	3	yes	-	-	-	-	agaaucuuggaagcuucucuuc	agaagcuuggaagcuucuc	agaagcuuggaagcuucucuccagaagcuuggaagcuucucuccagaagcuuggaagcuucuccucagaaucuuggaagcuucucuuc	2:33011544..33011632:+
2_4814	1.2	92 +/- 3%	-	11	9	0	2	yes	-	-	-	-	aaacgcauaauugucccaugug	ugggacugacaugcauuuauggg	aaacgcauaauugucccaugugcauaggaaacccagcaaacaugggacugacaugcauuuauggg	2:362954862..362954927:+
3_21814	1.2	92 +/- 3%	-	26	26	0	0	yes	-	-	-	-	aauuuaccucuuguauggaaa	uacauacaagaggcaaacuca	uacauacaagaggcaaacucaaugaugcagaugaauuuaccucuuguauggaaa	3:215910558..215910612:-
2_6438	1.1	92 +/- 3%	-	13	12	1	0	yes	-	-	-	-	uagcgugcacgcaucgcuguu	caguugcuuuuaugcacca	caguugcuuuuaugcaccaaauuaaccacuccauucgucaaguuggugugguggcaugguuagcgugcacgcaucgcuguu	2:19063189..19063270:-
2_8186	1.1	92 +/- 3%	-	11	11	0	0	yes	-	-	-	-	ugggcugcgugaugcuagcugu	agcuagcagcaagcagcccaau	agcuagcagcaagcagcccaauuccuuucauucuguugcuuugggcugcgugaugcuagcugu	2:143231000..143231063:-
2_2215	1.1	92 +/- 3%	-	236	236	0	0	yes	-	-	-	-	aauuuaucucuuguauggaaac	uugcauacaagaggcaaacuca	uugcauacaagaggcaaacucaaugugcagagaauuuaucucuuguauggaaac	2:163844421..163844475:+
1_28850	1	92 +/- 3%	-	3	3	0	0	yes	-	dme-miR-958-3p	-	-	agagauucaacugaaucucgacu	uagagauucaacugaaucucgac	uagagauucaacugaaucucgacuagagauucaacugaaucucgacuagagauucaacugaaucucgacu	1:4404429..4404499:-
1_30393	1	92 +/- 3%	-	10	6	0	4	yes	-	-	-	-	cggcuguuacugccucaaggcgg	cuagaagcagcaacagccgcu	cuagaagcagcaacagccgcucaaaauuuacuugcgcggcuguuacugccucaaggcgg	1:115977461..115977520:-
1_29326	0.9	84 +/- 3%	-	24	24	0	0	yes	-	-	-	-	aauuuaccucuuguauggaaa	ugcauacaagaggcaaacucaauaa	ugcauacaagaggcaaacucaauaaugcaaauuaauuuaccucuuguauggaaa	1:34254676..34254730:-
3_14191	0.8	84 +/- 3%	-	3	3	0	0	yes	-	dme-miR-971-3p	-	-	uugguguuauaucuuacaguga	gcuguaaguauuacagcaagc	gcuguaaguauuacagcaagcuugcuauucgaaaggcgcuugguguuauaucuuacaguga	3:82678954..82679015:+
2_10589	0.7	84 +/- 3%	-	30	23	0	7	yes	-	-	-	-	gcucugguauuuugauguucga	ucggaacucaagauaccagauc	gcucugguauuuugauguucgauggauuugauauuacucggaacucaagauaccagauc	2:289697991..289698050:-
3_22642	0.7	84 +/- 3%	-	236	236	0	0	yes	-	-	-	-	aauuuaucucuuguauggaaac	uuucauacaagaggcaaacuca	uuucauacaagaggcaaacucaaugaugcagaugaauuuaucucuuguauggaaac	3:281642892..281642948:-
1_28597	0.7	84 +/- 3%	-	9	9	0	0	yes	-	-	-	-	auguccaaauuauauacgcguaa	acgcguauauaauuuggccacuu	acgcguauauaauuuggccacuuccacaugaucuugcuguaaauguccaaauuauauacgcguaa	1:294617651..294617716:+
3_22323	0.6	84 +/- 3%	-	3	2	0	1	yes	-	-	-	-	ugauaucaaaaugauaaaaacuuuu	cgcuguuaucauuuugau	ugauaucaaaaugauaaaaacuuuuauuaucgcuguuaucauuuugau	3:255896029..255896077:-
3_18884	0.6	84 +/- 3%	-	11	11	0	0	yes	-	-	-	-	caguugagcgacguugcagcga	acugcaaagcgcucaacaguc	acugcaaagcgcucaacaguccagcgacgcgacaguugagcgacguugcagcga	3:5675087..5675141:-
NIGP01000604_36315	0.6	84 +/- 3%	-	19	19	0	0	yes	-	-	-	-	aauuuaccucuuguauggaaa	ugcauacaagaggcaagcuca	ugcauacaagaggcaagcucaaugaugcagaugaauuuaccucuuguauggaaa	NIGP01000604:13173..13227:+
2_9828	0.5	84 +/- 3%	-	9	9	0	0	yes	-	-	-	-	cacaucucuaggagccccugga	caugggcucuggaggaugaggu	caugggcucuggaggaugaggucauguuucgaguuggccacaucucuaggagccccugga	2:239418912..239418972:-
1_27019	0.4	84 +/- 3%	-	169	167	2	0	yes	-	-	-	-	ucucauuggugccggggag	ccuuggcacuuguucca	ccuuggcacuuguuccaccugaucauguaaguaaggcaacaguaagaguggugguaucucauuggugccggggag	1:205608686..205608761:+
2_12538	0.4	84 +/- 3%	-	8	7	0	1	yes	-	-	-	-	uuacguaauuuguggaugccgcc	acaaauuacguaacgcucu	acaaauuacguaacgcucucccccucgagcguuacguaauuuguggaugccgcc	2:436551877..436551931:-
1_27445	0.4	84 +/- 3%	-	9	3	3	3	yes	-	-	-	-	aguagcuuggaagcuucu	agaagcuuggaagcuucuugu	agaagcuuggaagcuucuugucagaagcuuggaagcuucuugucagaagcuuggaagcuucuugucaguagcuuggaagcuucu	1:217032126..217032210:+
3_14242	0.3	84 +/- 3%	-	9	9	0	0	yes	-	-	-	-	aaaacuuaaucgauuggucacu	uaaccgaucaauuaaguuuuca	aaaacuuaaucgauuggucacuagcuggugguaaccgaucaauuaaguuuuca	3:85978783..85978836:+
2_7351	0.2	84 +/- 3%	-	7	5	0	2	yes	-	-	-	-	cuagagacagcaacagccgcu	gcuguugcugccucuaggcggg	cuagagacagcaacagccgcucaagauuuccuugcgcggcuguugcugccucuaggcggg	2:79908775..79908835:-
3_24049	0.2	84 +/- 3%	-	7	6	0	1	yes	-	-	-	-	gauuugacguuuggcuuggguc	aagccaaacgucaaaucgacug	gauuugacguuuggcuuggguccguucaauauaaaacgacccaagccaaacgucaaaucgacug	3:380295201..380295265:-
3_17414	0.1	84 +/- 3%	-	5	5	0	0	yes	-	dme-miR-4967-5p	-	-	ugcauuuugguuuggugucga	gauaucuuuguuguaaaaugauu	ugcauuuugguuuggugucgauagauaucuuuguuguaaaaugauu	3:308794212..308794258:+
3_20586	0	84 +/- 3%	-	4	4	0	0	yes	-	dme-miR-979-5p	-	-	acacugaagaagucuguaa	acauucgucuucacaucg	acauucgucuucacaucgagcacucgacacugaagaagucuguaa	3:128005663..128005708:-
1_28231	0	84 +/- 3%	-	3	3	0	0	yes	-	dme-miR-4982-3p	-	-	agcuggaacucaacuaggaauuuc	gauucgaucaggaguucuuucagg	gauucgaucaggaguucuuucaggaagugcagcuggaacucaacuaggaauuuc	1:270608992..270609046:+



mature miRBase miRNAs detected by miRDeep2
tag id	miRDeep2 score	estimated probability that the miRNA is a true positive	rfam alert	total read count	mature read count	loop read count	star read count	significant randfold p-value	mature miRBase miRNA	example miRBase miRNA with the same seed	UCSC browser	NCBI blastn	consensus mature sequence	consensus star sequence	consensus precursor sequence	precursor coordinate
1_34431	179903.7	95 +/- 4%	-	352865	352755	7	103	yes	aae-miR-283	dme-miR-283-5p	-	-	caauaucagcugguaauucuggg	cggaauuccaacugauauccac	caauaucagcugguaauucugggcuuaccccaccguuauacgcuucccggaauuccaacugauauccac	1:305625600..305625669:-
2_12336	89250.1	95 +/- 4%	-	175052	175049	0	3	yes	aae-miR-184	dme-miR-184-3p	-	-	uggacggagaacugauaagggc	ccuuaucauucuugcgccccgu	ccuuaucauucuugcgccccguguuauauuguuggcgacuggacggagaacugauaagggc	2:417599380..417599441:-
1_34425	58184	95 +/- 4%	-	114118	114086	0	32	yes	aae-miR-12-5p	dme-miR-12-5p	-	-	ugaguauuacaucagguacuggu	caguacuuauguuaugcucucu	ugaguauuacaucagguacuggugucgauauucgaaucaccaacgaaucggguuccuuugauuaacuuaccaguacuuauguuaugcucucu	1:305613548..305613640:-
2_7590	46889.5	95 +/- 4%	-	91963	91860	0	103	yes	aae-miR-2a-5p	dme-miR-2a-3p	-	-	uaucacagccagcuuugaagagcg	acucucaaagugguugugaaaug	acucucaaagugguugugaaaugaguuacucuugaacgaucucauaucacagccagcuuugaagagcg	2:107237501..107237569:-
2_4238	34938.9	95 +/- 4%	-	68525	68495	0	30	yes	aae-miR-305-5p	dme-miR-305-5p	-	-	auuguacuucaucaggugcucugg	cggcacauguuggaguacacuu	auuguacuucaucaggugcucugguuguuuucgauacccggcacauguuggaguacacuu	2:307145445..307145505:+
3_24292	23163	95 +/- 4%	-	45425	45405	0	20	yes	aae-miR-308-5p	dme-miR-2a-3p	-	-	aaucacaggaguauacugugag	cgcgguauauucuuguggcuu	cgcgguauauucuuguggcuugaugcauuugaaaaaucucaaaucacaggaguauacugugag	3:403338483..403338546:-
2_7588	18679.5	95 +/- 4%	-	36630	36573	0	57	yes	aae-miR-2c	dme-miR-2a-3p	-	-	uaucacagccagcuuugaugagcu	acucucaaaguggcugugaaaug	acucucaaaguggcugugaaaugguuugauuuugcucauaucacagccagcuuugaugagcu	2:107235884..107235946:-
2_4233	8420.6	95 +/- 4%	-	16508	16499	0	9	yes	aae-miR-275-5p	dme-miR-275-3p	-	-	ucagguaccugaaguagcgcgcg	cgcgcuaagcaggaaccgagacu	cgcgcuaagcaggaaccgagacuuugucauuugcuagcagucagguaccugaaguagcgcgcg	2:307135668..307135731:+
3_15639	7717.4	95 +/- 4%	-	15132	15074	0	58	yes	aae-bantam-5p	dme-bantam-3p	-	-	ugagaucauuuugaaagcugauu	ccgguuuucauuuucgaucugacu	ccgguuuucauuuucgaucugacuuauuugauuuaacaagagugagaucauuuugaaagcugauu	3:178082830..178082895:+
3_22174	6310.1	95 +/- 4%	-	12368	12339	0	29	yes	aae-miR-278-5p	dme-miR-278-3p	-	-	ucggugggacuuucguccguuu	acggacgauagucuucagcggcc	acggacgauagucuucagcggccgugcauuugauagaaguggucggugggacuuucguccguuu	3:243123888..243123952:-
2_6913	5687.5	95 +/- 4%	-	11148	11118	0	30	yes	aae-miR-190	dme-miR-190-5p	-	-	agauauguuugauauucuugguug	cccaggaaucaaacauauuauu	agauauguuugauauucuugguuguuaaauuuuauauuaucacccaggaaucaaacauauuauu	2:48811878..48811942:-
3_19950	4848.7	95 +/- 4%	-	9502	9495	0	7	yes	aae-miR-92b-3p	dme-miR-92a-3p	-	-	aauugcacuugucccggccugc	aggucgugacuugugcccauuug	aggucgugacuugugcccauuugcugaauuuuaauggucaaauugcacuugucccggccugc	3:93418515..93418577:-
3_19756	4118.4	95 +/- 4%	-	8069	7914	0	155	yes	aae-miR-11-5p	dme-miR-2a-3p	-	-	caucacagucugaguucuugcu	cgagaacuccggcugugaccug	cgagaacuccggcugugaccuguguacacuuuauccaaaucacaucacagucugaguucuugcu	3:75489864..75489928:-
2_7597	3966.9	95 +/- 4%	-	7779	6401	0	1378	yes	aae-miR-71-5p	-	-	-	agaaagacauggguagugagau	ucucacuaccuugucuuucaug	agaaagacauggguagugagauaguuucacccuauugcacugggaucucacuaccuugucuuucaug	2:107238287..107238354:-
2_7592	3882	95 +/- 4%	-	7606	6947	1	658	yes	aae-miR-13-5p	dme-miR-2a-3p	-	-	uaucacagccauuuugacgaguu	ucguaaaaaugguugugcugu	ucguaaaaaugguugugcuguguuguuacgcucgaaauucauaucacagccauuuugacgaguu	2:107237649..107237713:-
2_7479	3402.8	95 +/- 4%	-	6666	6618	0	48	yes	aae-miR-282-5p	dme-miR-282-5p	-	-	uagccucuccuaggcuuugucu	acauagccugacagagguuagg	uagccucuccuaggcuuugucuguuaccuuccuugggaauuccacuagccagacauagccugacagagguuagg	2:96911966..96912040:-
1_31181	2462.7	95 +/- 4%	-	4831	4481	0	350	no	aae-miR-252-5p	dme-miR-252-5p	-	-	cuaaguacuagugccgcagga	ccugcugcccaagugcuuaucg	cuaaguacuagugccgcaggagagauuugaaccccugcugcccaagugcuuaucg	1:175818157..175818212:-
2_4651	1391.6	95 +/- 4%	-	2722	2706	0	16	yes	aae-miR-14	dme-miR-14-3p	-	-	ucagucuuuuucucucuccuau	gggagcgagauuaaggcuugcu	gggagcgagauuaaggcuugcuggucauuuauuacacucgaagucagucuuuuucucucuccuau	2:344767572..344767637:+
2_7475	1368.4	95 +/- 4%	-	2676	2422	0	254	yes	aae-miR-281-5p	dme-miR-281-2-5p	-	-	aagagagcuauccgucgacagu	ugucauggaauugcucucuuua	aagagagcuauccgucgacaguagggauaugauucacugucauggaauugcucucuuua	2:96469361..96469420:-
3_19754	1257.2	95 +/- 4%	-	2457	2442	0	15	yes	aae-miR-998	dme-miR-285-3p	-	-	uagcaccaugagauucagcuc	aacugaacucucgugggucugc	aacugaacucucgugggucugcaguugauauuucgaaagcuuguagcaccaugagauucagcuc	3:75489589..75489653:-
1_27275	1176	95 +/- 4%	-	2299	2287	0	12	yes	aae-miR-279	dme-miR-279-3p	-	-	ugacuagauccacacucauuaa	gaugggugugaaucuaguguuucac	gaugggugugaaucuaguguuucacaugauuuucgauagccugugacuagauccacacucauuaa	1:207007788..207007853:+
1_29583	1168.9	95 +/- 4%	-	2284	2199	0	85	yes	aae-miR-33	dme-miR-33-5p	-	-	gugcauuguaguugcauugca	caauacuucugcaaugcaagcc	gugcauuguaguugcauugcacuuuugcguucgauaacacggugcaauacuucugcaaugcaagcc	1:50888880..50888946:-
1_34370	1054.6	95 +/- 4%	-	2060	2048	0	12	yes	aae-miR-277-5p	dme-miR-277-3p	-	-	uaaaugcacuaucugguacgaca	cgugucagaagugcauuuaca	cgugucagaagugcauuuacauagguauuucccguuuagcaguauuuguaaaugcacuaucugguacgaca	1:302603812..302603883:-
2_11393	982.4	95 +/- 4%	-	1919	1911	0	8	yes	aae-miR-9b	dme-miR-9a-5p	-	-	ucuuuggugauuuuagcuguaug	uauagcuuuaucaccaaaaacc	ucuuuggugauuuuagcuguaugcugauacguuucugauugcauauagcuuuaucaccaaaaacc	2:335780574..335780639:-
2_4971	733.8	95 +/- 4%	-	1431	1428	0	3	yes	aae-miR-2945-5p	dme-miR-279-3p	-	-	ugacuagaggcagacucguuua	gcggguccguuucuagugucaug	gcggguccguuucuagugucaugugcuguauucgaauaucaugacuagaggcagacucguuua	2:374947143..374947206:+
3_17773	694.8	95 +/- 4%	-	1356	1353	0	3	yes	aae-miR-8-5p	dme-miR-8-3p	-	-	uaauacugucagguaaagauguc	caucuuaccgggcagcauuag	caucuuaccgggcagcauuagauauuuuugaaauacuucuaauacugucagguaaagauguc	3:328527955..328528017:+
2_7236	572.3	95 +/- 4%	-	1114	1015	0	99	yes	aae-miR-276-5p	dme-miR-276a-3p	-	-	uaggaacuucauaccgugcucu	agcgagguauagaguuccuacg	agcgagguauagaguuccuacguugcgugugcgaaauugguaggaacuucauaccgugcucu	2:73120452..73120514:-
2_7254	527.6	95 +/- 4%	-	1026	1020	0	6	yes	aae-miR-276-3p	dme-miR-276a-3p	-	-	uaggaacuucauaccgugcucu	agcgagguauagaguuccu	agcgagguauagaguuccuaugcguucggauaaaauauuccauaggaacuucauaccgugcucu	2:73509399..73509463:-
2_11403	496.6	95 +/- 4%	-	966	608	1	357	yes	aae-miR-9c-5p	dme-miR-9a-5p	-	-	ucuuugguauucuagcuguaga	uaaagcuuuaguaccagagguc	ucuuugguauucuagcuguagaauguugagcuuugugauaugguaucuucuaaagcuuuaguaccagagguc	2:335810364..335810436:-
3_16631	282.9	95 +/- 4%	-	546	347	0	199	yes	aae-miR-307	dme-miR-307a-3p	-	-	ucacaaccuccuugagugagcga	acucacucaaccugggugugaug	acucacucaaccugggugugaugcuuauuugaaucaucacaaccuccuugagugagcga	3:244794376..244794435:+
2_1275	277.8	95 +/- 4%	-	536	512	0	24	yes	aae-miR-988-5p	dme-miR-988-3p	-	-	ccccuuguugcaaaccucacgc	gugugcuuugugacaaugagau	gugugcuuugugacaaugagauucgguucgauaucauccccuuguugcaaaccucacgc	2:93351380..93351439:+
2_11396	183.2	95 +/- 4%	-	351	327	0	24	yes	aae-miR-79-5p	dme-miR-9a-3p	-	-	uaaagcuagauuaccaaagcau	uuuggcgcuuuagcuguauga	uuuggcgcuuuagcuguaugauagaauuuaauauuucauaaagcuagauuaccaaagcau	2:335780884..335780944:-
1_26405	143.3	95 +/- 4%	-	273	263	0	10	yes	aae-miR-970	dme-miR-970-3p	-	-	ucauaagacacacgcggcuau	agcuugcguuugucuuagcuggua	agcuugcguuugucuuagcugguauugaaugugauagguaucauaagacacacgcggcuau	1:157238423..157238484:+
NIGP01000533_35434	143.3	95 +/- 4%	-	273	263	0	10	yes	aae-miR-970	dme-miR-970-3p	-	-	ucauaagacacacgcggcuau	agcuugcguuugucuuagcuggua	agcuugcguuugucuuagcugguauugaaugugauagguaucauaagacacacgcggcuau	NIGP01000533:10107..10168:-
2_11232	122.7	95 +/- 4%	-	239	238	0	1	yes	aae-miR-11895	-	-	-	uucaugcauucacuucugcuga	agcaggagugaaugcaugaguu	agcaggagugaaugcaugaguuugacaucugaaacuaauucaugcauucacuucugcuga	2:324949494..324949554:-
1_29970	121.3	95 +/- 4%	-	230	193	0	37	yes	aae-miR-87	dme-miR-87-3p	-	-	gugagcaaauuuucaggugugu	cagccugaaauuugcuaaaccu	cagccugaaauuugcuaaaccuguguguauuugauucaaacaaucaaggugagcaaauuuucaggugugu	1:80682401..80682471:-
3_23239	34.3	95 +/- 4%	-	66	33	1	32	yes	aae-miR-10365	-	-	-	aaaaguuuucauauucuugcgg	auuagaauguggaaucuguuuuu	auuagaauguggaaucuguuuuuguacaucaaguguuacgaaacgaagcaaaaaaguuuucauauucuugcgg	3:320775621..320775694:-
NIGP01001634_35466	34.3	95 +/- 4%	-	66	33	1	32	yes	aae-miR-10365	-	-	-	aaaaguuuucauauucuugcgg	auuagaauguggaaucuguuuuu	auuagaauguggaaucuguuuuuguacaucaaguguuacgaaacgaagcaaaaaaguuuucauauucuugcgg	NIGP01001634:30709..30782:-
1_26908	19.4	95 +/- 4%	-	29	28	0	1	yes	aae-miR-929	dme-miR-929-5p	-	-	aaauugacucuaguagggaguc	cucccuaacggagucagauuga	aaauugacucuaguagggaguccuuguguacgagugacucccuaacggagucagauuga	1:198495526..198495585:+
NIGP01000443_35369	9.6	95 +/- 4%	-	30	29	0	1	no	aae-miR-11893	-	-	-	uuccugacuuauacgcuuaccu	guaaguagauaaaucagaaag	guaaguagauaaaucagaaagacguuuauaucguuucuuccugacuuauacgcuuaccu	NIGP01000443:52102..52161:+
2_3629	9.6	95 +/- 4%	-	30	29	0	1	no	aae-miR-11893	-	-	-	uuccugacuuauacgcuuaccu	guaaguagauaaaucagaaag	guaaguagauaaaucagaaagacguuuauaucguuucuuccugacuuauacgcuuaccu	2:257889040..257889099:+
3_23850	9.1	95 +/- 4%	-	10	9	0	1	yes	aae-miR-989	dme-miR-989-3p	-	-	ugugaugugacguagugguac	cgccgcuaccucgcuuucacuu	cgccgcuaccucgcuuucacuugguaccgauuucccauaauccaugugaugugacguagugguac	3:366439082..366439147:-
2_36	6	94 +/- 3%	-	4	3	0	1	yes	aae-miR-219	dme-miR-219-5p	-	-	ugauuguccaaacgcaauucuug	agaguugugacuggacauccgu	ugauuguccaaacgcaauucuuguuuuauucgaauaugauauccaagaguugugacuggacauccgu	2:3715261..3715328:+
3_18828	5.2	94 +/- 3%	-	16	16	0	0	yes	aae-miR-980-5p	dme-miR-980-3p	-	-	uagcugccuagugaagggcaau	ggccguucauugggucaucuagc	ggccguucauugggucaucuagcucguguuggaaacaguuagcugccuagugaagggcaau	3:1054523..1054584:-
1_34374	5.2	94 +/- 3%	-	33703	33693	0	10	yes	aae-miR-317	dme-miR-317-3p	-	-	ugaacacagcuggugguaucuca	cgggauacacccugugcucgcu	cgggauacacccugugcucgcuuugcauucgaaacuagugaacacagcuggugguaucuca	1:302667131..302667192:-
2_7596	5.1	94 +/- 3%	-	18478	18476	0	2	yes	aae-miR-2c	dme-miR-2a-3p	-	-	uaucacagccagcuuugauga	gcaucaaauuugguuguuuuag	gcaucaaauuugguuguuuuaguacgaccucuuugaaaccccuaucacagccagcuuugauga	2:107237998..107238061:-
1_27279	5	94 +/- 3%	-	7332	7331	1	0	yes	aae-miR-996	dme-miR-279-3p	-	-	ugacuagauuacaugcucgucu	gcgugcaugaaucuggugcacg	gcgugcaugaaucuggugcacgguuuuccaguuguaauaucgcuucgugacuagauuacaugcucgucu	1:207012536..207012605:+
2_5527	4.9	93 +/- 3%	-	2441	2426	0	15	yes	aae-miR-965	dme-miR-965-3p	-	-	uaagcguauagcuuuucccau	gggggaaauccuguacgcuguau	gggggaaauccuguacgcuguauguuguauuugaauaauccauaagcguauagcuuuucccau	2:429778749..429778812:+
2_11601	4.8	93 +/- 3%	-	49	49	0	0	yes	aae-miR-263a-5p	dme-miR-263a-5p	-	-	aauggcacuggaagaauucacggg	cguguucuggcaguggcauccc	aauggcacuggaagaauucacggguauauuuugaaauccccguguucuggcaguggcauccc	2:348784448..348784510:-
1_34494	4.7	93 +/- 3%	-	466	402	0	64	yes	aae-miR-1175-5p	dme-miR-958-3p	-	-	ugagauucuacuucuccgacuu	aaguggaguaguggucucaucgcu	aaguggaguaguggucucaucgcuuaguauuagaaaagugagauucuacuucuccgacuu	1:307010046..307010106:-
2_4487	4.7	93 +/- 3%	-	32	32	0	0	yes	aae-miR-133	dme-miR-133-3p	-	-	uugguccccuucaaccagcugu	agcugguugacuucgggucaaau	agcugguugacuucgggucaaaucgucaaauauuugcaaagauauuuccucagugaaauuauuugguccccuucaaccagcugu	2:330417065..330417149:+
3_14948	3.8	92 +/- 4%	-	74	74	0	0	yes	aae-miR-31	dme-miR-31b-5p	-	-	uggcaagauguuggcauagcuga	agcuauucaacuucuugucuau	uggcaagauguuggcauagcugaaaguuuugaguuuagcuauucaacuucuugucuau	3:136174150..136174208:+
2_2956	3.7	92 +/- 4%	-	5030	5029	0	1	yes	aae-miR-7	dme-miR-7-5p	-	-	uggaagacuagugauuuuguuguu	caauaaaucucaagucuuucua	uggaagacuagugauuuuguuguuuugcuuacgauaauaacaauaaaucucaagucuuucua	2:222802544..222802606:+
2_6594	2.8	92 +/- 3%	-	4	3	0	1	yes	aae-miR-11896	-	-	-	ccacaaggccggauugaucaag	cggucaauccggaacuguuggcu	cggucaauccggaacuguuggcucggcacaaaagcgaccacaaggccggauugaucaag	2:30841063..30841122:-
2_7018	2	92 +/- 3%	-	1240	1240	0	0	yes	aae-miR-11894a	-	-	-	uuuaccauuucaagaugaccua	gguugucuugaaaugguaaaga	gguugucuugaaaugguaaagagugucaaccaucaucuuuaccauuucaagaugaccua	2:58783350..58783409:-
2_7026	2	92 +/- 3%	-	1245	1240	0	5	yes	aae-miR-11894a	-	-	-	uuuaccauuucaagaugaccua	ucgucuugaaaugguaaaga	ucgucuugaaaugguaaagagugucaaucaucaucuuuaccauuucaagaugaccua	2:58787426..58787483:-
2_7024	2	92 +/- 3%	-	1245	1240	0	5	yes	aae-miR-11894a	-	-	-	uuuaccauuucaagaugaccua	ucgucuugaaaugguaaaga	ucgucuugaaaugguaaagagugucaaucaucaucuuuaccauuucaagaugaccua	2:58786284..58786341:-
2_7022	2	92 +/- 3%	-	1245	1240	0	5	yes	aae-miR-11894a	-	-	-	uuuaccauuucaagaugaccua	ucgucuugaaaugguaaaga	ucgucuugaaaugguaaagagugucaaucaucaucuuuaccauuucaagaugaccua	2:58785850..58785907:-
2_7020	1.9	92 +/- 3%	-	82	82	0	0	yes	aae-miR-11894b	-	-	-	uuuaccauuucaauaugaccua	ggucguauugaaaugguaaaga	ggucguauugaaaugguaaagagugucaaucaucaucuuuaccauuucaauaugaccua	2:58784590..58784649:-
2_7028	1.9	92 +/- 3%	-	1245	1240	0	5	yes	aae-miR-11894a	-	-	-	uuuaccauuucaagaugaccua	ucgucuugaaaugguaaaga	ucgucuugaaaugguaaagagugucaaucaucaucuuuaccauuucaagaugaccua	2:58787948..58788005:-
3_17171	1.8	92 +/- 3%	-	13	9	0	4	yes	aae-miR-11926	-	-	-	aaacgcauaauugucccaugug	uuggacuggcaugcguuuaugg	aaacgcauaauugucccaugugaauagaaaauccagcaaacauuggacuggcaugcguuuaugg	3:290661312..290661376:+
2_11532	1.6	92 +/- 3%	-	24	24	0	0	yes	aae-miR-11916	-	-	-	gaugccucguaaagcaacuggac	ucaguugcuuuccgagcguagcac	ucaguugcuuuccgagcguagcacaguuuggaugcgggcccgugcaucguccacggugaugccucguaaagcaacuggac	2:344991981..344992061:-
3_20117	1.4	92 +/- 3%	-	669	669	0	0	yes	aae-miR-2765	-	-	-	ugguaacuccaccaccguuggc	caaugggagcuggaguucccgcg	ugguaacuccaccaccguuggcgauauuugacagccaaugggagcuggaguucccgcg	3:101895454..101895512:-
2_12320	1.4	92 +/- 3%	-	1354	1353	0	1	yes	aae-miR-1890	-	-	-	ugaaaucuuugauuaggucugg	agcuaauuggagaguucuuga	agcuaauuggagaguucuugaauaguguugugaaccuucaugaaaucuuugauuaggucugg	2:413654961..413655023:-
2_12178	1.2	92 +/- 3%	-	5	5	0	0	yes	aae-miR-1	dme-miR-1-3p	-	-	uggaauguaaagaaguauggag	ccaugcuuccuugcauucaaua	ccaugcuuccuugcauucaauagugauucugaaagcauauggaauguaaagaaguauggag	2:399501023..399501084:-
2_1276	1	92 +/- 3%	-	512	512	0	0	no	aae-miR-988-3p	dme-miR-988-3p	-	-	ccccuuguugcaaaccucacgc	ggcagguaggggcaaugggggc	ccccuuguugcaaaccucacgcuugcgguagguuccacaacugcugagagguggcagguaggggcaaugggggc	2:93351417..93351491:+
3_19980	1	92 +/- 3%	-	979	978	1	0	no	aae-miR-92a-5p	dme-miR-92a-3p	-	-	uauugcacuugucccggccuau	cgguacggacaggggcaacauu	cgguacggacaggggcaacauugugacauuugaaagcuaauauugcacuugucccggccuau	3:93477596..93477658:-
2_10284	0.9	84 +/- 3%	-	22	22	0	0	yes	aae-miR-2941	-	-	-	uaguacggcuagaacuccacgga	cgugaagcucagcugcauuaca	cgugaagcucagcugcauuacacgauauggaauacgguuuguaguacggcuagaacuccacgga	2:268456314..268456378:-
2_4976	0.7	84 +/- 3%	-	4	4	0	0	yes	aae-miR-125-5p	dme-miR-125-5p	-	-	ucccugagacccuaacuuguga	acaaguuuugaucuccgguauu	ucccugagacccuaacuugugacuauaguugaaguuucacaaguuuugaucuccgguauu	2:375131781..375131841:+
2_3112	0.7	84 +/- 3%	-	4	4	0	0	yes	aae-miR-932-5p	dme-miR-932-5p	-	-	ucaauuccguagugcauugcagu	ugcaagcaauguggaagugaag	ucaauuccguagugcauugcagugugcuuuagacgaacugcaagcaauguggaagugaag	2:231381156..231381216:+
1_26749	0.7	84 +/- 3%	-	11	11	0	0	yes	aae-miR-11920	-	-	-	agcauuucagacauugguggac	ccaucaacugcugaacuguuuu	ccaucaacugcugaacuguuuuaggcuucguacgaaagcauuucagacauugguggac	1:188056488..188056546:+
1_27555	-0.7	75 +/- 4%	-	25	25	0	0	yes	aae-miR-11900	-	-	-	auuuuuuugacuguaauuuu	aauuacguugaaaaaucgucu	aauuacguugaaaaaucgucucccucaaaaaaugaaaccugagacuaacaggagauuuuuuugacuguaauuuu	1:223944074..223944148:+
2_4234	-1	75 +/- 4%	-	16499	16499	0	0	no	aae-miR-275-3p	dme-miR-275-3p	-	-	ucagguaccugaaguagcgcgcg	ucaucaagcgacaacagaggcgugaaa	ucagguaccugaaguagcgcgcgugaucaaacaggaagcgucaucaagcgacaacagaggcgugaaa	2:307135708..307135775:+
2_7966	-2.2	59 +/- 4%	-	28	28	0	0	no	aae-miR-11919	-	-	-	uagcuagguugcggugcacugc	aguguacucugccuggccggc	aguguacucugccuggccggcgcugcugcgagucuagcuagguugcggugcacugc	2:129145074..129145130:-
2_7476	-2.3	59 +/- 4%	-	2422	2422	0	0	no	aae-miR-281-5p	dme-miR-281-2-5p	-	-	aagagagcuauccgucgacagu	cguugacgugggauuuuuuug	cguugacgugggauuuuuuuguucauuuuguucuuucgcugguuucgaauaugaaaauaaagagagcuauccgucgacagu	2:96469398..96469479:-
1_27638	-2.6	59 +/- 4%	-	3	3	0	0	yes	aae-miR-11904	-	-	-	ugaacaagaaugcugagaggau	ccuuagaggauucugaacaaga	ugaacaagaaugcugagaggauuuugaaaaagaauccugagaggauucugcacaagaauccuuagaggauucugaacaaga	1:229016408..229016489:+
2_6539	-3.1	51 +/- 4%	-	2	2	0	0	yes	aae-miR-11903a	-	-	-	aacguuacaaaucguaaggcgag	caccauaugauuuguaacugugc	aacguuacaaaucguaaggcgaguuauauguuuuuugaaacucaccauaugauuuguaacugugc	2:26364064..26364129:-
1_24983	-3.3	51 +/- 4%	-	107	107	0	0	no	aae-miR-210	-	-	-	uugugcgugugacaacggcuau	agcugcugaccacugcacaaga	agcugcugaccacugcacaagauuagauuaugacucuugugcgugugacaacggcuau	1:54892617..54892675:+
3_24338	-4.2	4 +/- 4%	-	3	3	0	0	no	aae-miR-285	dme-miR-285-3p	-	-	uagcaccauucgaaaucaguac	acuggcuuccaaaggugaguaga	acuggcuuccaaaggugaguagauggcauucgauacacucuagcaccauucgaaaucaguac	3:406875046..406875108:-
2_2156	-6.6	0 +/- 0%	-	3	3	0	0	no	aae-miR-2943	dme-miR-1002-5p	-	-	uuaaguaggcacuugcaggcaa	gacugcuuuuuccuacuuuaca	uuaaguaggcacuugcaggcaaauuuguagcuuuaauaugauugacugcuuuuuccuacuuuaca	2:158469002..158469067:+

#miRBase miRNAs not detected by miRDeep2
miRBase precursor id	total read count	mature read count(s)	star read count	remaining reads	UCSC browser	NCBI blastn	miRBase mature sequence(s)	miRBase star sequence(s)	miRBase precursor sequence
24547	24542	0	5	-	-	cacguuacagauugggguuucc	uaaucucaaauuguaacagugg	-	gagguaaucucaaauuguaacaguggguugauuuuccuggugaaucccggccuuguccuccgucacaagugugacaagugucucgaaaacguguucgcuauacccacguuacagauugggguuucccc	
23613	23613	0	0	-	-	ucagguacugagugacucucag	gagagcaccucgguaucuaagc	-	cauucgcaauuucaccgguucagguacugagugacucucagaugugcauuucucaagcaaucucguccucaggaccugagguugaaaaacccugagagcaccucgguaucuaagccaguguugcgaaaa	
17803	17800	0	3	-	-	ugguuuaucuuaucugucgaggc	gucgacagggagauaaaucacu	-	cauugguuuaucuuaucugucgaggcaaguuauuuuaccggauaguguuucuuuucgugagcaaucaccacuauccagcucuucuugucgacagggagauaaaucacug	
7863	7862	0	1	-	-	caaccacuauccgcccugccgcc	uggcagugugguuagcugguug	-	caaggcaauacgcuauggcagugugguuagcugguuguguagaacuuuggggggcuuccguggcguucgcgcgcacacgggggcucagauucacaaccacuauccgcccugccgccgcgaggugccagg	
111	57	0	54	-	-	cugaaaacuuaaucgauugguc	-	uaaccugaaaacuuaaucgauuggucacuagcugcgcggugaccaaucgauuaaguuuucagcuua	
9	9	0	0	-	-	ucuuugguuaucuagcuguauga	-	gucaaaguucucuuugguuaucuagcuguaugagugaauuuagaacaucauaaagcuagcauaccgaaguuaauaguugac	
8	8	0	0	-	-	uaguacggaaaagauaugggga	-	uaugaacaaugaucgccauauuuuuaccgcuacugcauuucauuguaauaauuguaguacggaaaagauauggggauugggguucaua	
7	7	0	0	-	-	caucacagaauuguuuuuacug	-	aaacaucacagaauuguuuuuacugauaaggaacuauguguaaaaauaauucuguaaaguuu	
8	5	0	3	-	-	ucagaucuacuuaauacccau	-	acuccaauucuggguauuuuagauccuuggcauaguuacgugauugaaugcacuguucuucuuugguuuacccaguaucgaacacgcgucaaucugucagaucuacuuaauacccaua	
7	5	0	2	-	-	aaaugggacugauaugcgaguau	-	ccauucucgcauaacaguaccauauucuugggauuucucauauaaaugggacugauaugcgaguaugg	
5	4	0	1	-	-	caugaacgacgacgugacgccg	-	uauaagucccgucgucgccuucaugugcgguggucacaugccacacaugaacgacgacgugacgccgc	
4	4	0	0	-	-	ugucuuuuuccgcuuacugccg	-	ccaacauuuugauugauuugucuuuuuccgcuuacugccgguggcauuugaaauucucgacagcaaaccgaaaaaggcgccucaaucaauu	
4	4	0	0	-	-	ugagguaguugguuguauagu	-	cacguugagguaguugguuguauaguagugacugauuaaauaucugcuaugcaaucugcuagcuugucgug	
3	3	0	0	-	-	uaguaaaccuugauuuuguagc	-	augcuacagaaucgaggcucacgaugauuuccaaucauaguaaaccuugauuuuguagcau	
2	2	0	0	-	-	gaaggaacucccggugugauaua	uaucacagcaguaguuaccuga	-	aucgaaggaacucccggugugauauaugacucgauuauaucacagcaguaguuaccugauau	
2	1	0	1	-	-	agcauuuuuacaccucaggac	-	ucagcauuuuuacaccucaggacguaagauugcaucgcugccuggagucuugaaguaaaacaaugcuaa	
1	1	0	0	-	-	acguauacugaauguauccuga	cgguauaccuucaguauacguaac	-	gcuucaugaacguauacugaauguauccugagugcuaucuauccgguauaccuucaguauacguaacaggaggc	
1	1	0	0	-	-	uaguaagcauugauuuuguagc	-	augcuacagaaucgaggcuuacuaugauuuccaaucauaguaagcauugauuuuguagcau	
1	1	0	0	-	-	auauuguccugucacagcagu	-	cgauuuuugcuagaaaccgauuauauuguccugucacagcaguacuguuacaaauuuacuguuguuucgggacauuuacauugauucuagccgucac	
1	1	0	0	-	-	ucacuuuuuagugacuugguc	-	caagucacuuuuuagugacuuggucacuuuuuucaaucuggucacuaaaaagucacuau	
3	1	0	2	-	-	gugugugaaccguuggcggc	-	agcagugugugaaccguuggcggcgcaacgccugaugguauugaugcugcu	
1	1	0	0	-	-	uuuuaggaggucaaaaucgcgu	-	gaacgcgguuuuggccuccuaaaaccgugcccauggagguuuuaggaggucaaaaucgcguuc	
1	1	0	0	-	-	uaucacaguaguuguacuuuaa	gaaggaacuucugcugugaucuga	-	cguugaaggaacuucugcugugaucugaguuagauacauaucacaguaguuguacuuuaaug	
1	1	0	0	-	-	uaugaccgauuuaauauauggcu	-	uguuccauguaugauuucggucauguaugcaguugaaaauaauuauaugaccgauuuaauauauggcuca	
1	1	0	0	-	-	ugaaaccguccaaaacugaggc	-	uccggcguuaguuuugggcggguuuuaguguauuucgauuagaguaucaauugaaaccguccaaaacugaggccggcg	
1	1	0	0	-	-	ugacuagaccgaacacucgcguccu	-	aucguuauuuggggcgauugucggacuagucgcugcguacaaaacggaacuauuucaacuagugacuagaccgaacacucgcguccuaaagcacgau	












1	0	0	1	-	-	aguugauccaaguagucuugccu	-	aauaguugauccaaguagucuugccuuuguaagaagacgagugcuuggaucaucaaua	












8	0	0	8	-	-	uuccgaaguugggugucucgc	-	ugcaagauacccuacuucggaaguagggcgcauuagagcgcauccggaugcgaaucgaaugcaccacuuccgaaguugggugucucgca	







