miRDeep2 score	novel miRNAs reported by miRDeep2	novel miRNAs, estimated false positives	novel miRNAs, estimated true positives	known miRNAs in species	known miRNAs in data	known miRNAs detected by miRDeep2	estimated signal-to-noise	excision gearing
10	1	1 +/- 1	1 +/- 0 (59 +/- 49%)	164	108	43 (40%)	41.3	1
9	1	1 +/- 1	1 +/- 0 (58 +/- 50%)	164	108	43 (40%)	40.8	1
8	1	1 +/- 1	1 +/- 0 (58 +/- 50%)	164	108	43 (40%)	40.8	1
7	1	1 +/- 1	1 +/- 0 (58 +/- 50%)	164	108	43 (40%)	40.8	1
6	1	1 +/- 1	1 +/- 0 (58 +/- 50%)	164	108	43 (40%)	40.8	1
5	2	1 +/- 1	1 +/- 1 (68 +/- 37%)	164	108	62 (57%)	43.1	1
4	2	1 +/- 1	1 +/- 1 (62 +/- 39%)	164	108	80 (74%)	42.4	1
3	2	10 +/- 3	0 +/- 0 (0 +/- 0%)	164	108	81 (75%)	5.8	1
2	3	13 +/- 3	0 +/- 0 (0 +/- 0%)	164	108	81 (75%)	4.6	1
1	16	16 +/- 4	1 +/- 2 (9 +/- 12%)	164	108	92 (85%)	4.8	1
0	25	38 +/- 5	0 +/- 0 (0 +/- 0%)	164	108	97 (90%)	2.4	1
-1	28	76 +/- 7	0 +/- 0 (0 +/- 0%)	164	108	97 (90%)	1.3	1
-2	34	112 +/- 9	0 +/- 0 (0 +/- 0%)	164	108	97 (90%)	0.9	1
-3	49	140 +/- 11	0 +/- 0 (0 +/- 0%)	164	108	97 (90%)	0.8	1
-4	73	165 +/- 11	0 +/- 0 (0 +/- 0%)	164	108	99 (92%)	0.9	1
-5	99	187 +/- 11	0 +/- 0 (0 +/- 0%)	164	108	100 (93%)	0.9	1
-6	111	214 +/- 12	0 +/- 0 (0 +/- 0%)	164	108	100 (93%)	0.8	1
-7	133	234 +/- 13	0 +/- 0 (0 +/- 0%)	164	108	100 (93%)	0.9	1
-8	151	249 +/- 13	0 +/- 0 (0 +/- 0%)	164	108	100 (93%)	0.9	1
-9	171	265 +/- 13	0 +/- 0 (0 +/- 0%)	164	108	100 (93%)	0.9	1
-10	186	279 +/- 13	0 +/- 0 (0 +/- 0%)	164	108	100 (93%)	0.9	1



novel miRNAs predicted by miRDeep2
provisional id	miRDeep2 score	estimated probability that the miRNA candidate is a true positive	rfam alert	total read count	mature read count	loop read count	star read count	significant randfold p-value	miRBase miRNA	example miRBase miRNA with the same seed	UCSC browser	NCBI blastn	consensus mature sequence	consensus star sequence	consensus precursor sequence	precursor coordinate
3_2442	2297	59 +/- 49%	-	4504	4264	0	240	yes	-	-	-	-	guaggccggcggaaacuacuugc	agggguuucuuucggccuccag	agggguuucuuucggccuccagcggcauuagauaguuguaggccggcggaaacuacuugc	3:6069685..6069745:-
3_1829	5.2	68 +/- 37%	-	2284	2284	0	0	yes	-	dme-miR-971-3p	-	-	uugguguuauaucuuacagugag	ggcuguaaguauuacagcaagc	ggcuguaaguauuacagcaagcuugcuauucgaaaggcgcuugguguuauaucuuacagugag	3:82678953..82679016:+
1_4559	2	0 +/- 0%	-	60	60	0	0	yes	-	-	-	-	agugcgcgagagagaagucccc	ggacuucucucuuucgccuaa	agugcgcgagagagaagucccccaugguggcguugcuaccguggugcguggacuucucucuuucgccuaa	1:205663723..205663793:-
3_2766	1.9	9 +/- 12%	-	55	55	0	0	yes	-	-	-	-	ugcagcgucuucugguggcug	gucaccaucugauacugacg	gucaccaucugauacugacggaggauggaugugcuccccuaugcacgguccuccgugcagcgucuucugguggcug	3:193440143..193440219:-
1_3761	1.9	9 +/- 12%	-	52	52	0	0	yes	-	-	-	-	uuccaagcuucugaggagaag	ucugaggagaagcuuccaagc	ucugaggagaagcuuccaagcuucugaggagaagcuuccaagcuucugaggagaagcuuccaagcuucugaggagaagcuuccaagcuucugaggagaag	1:38747789..38747889:-
3_2271	1.9	9 +/- 12%	-	53	53	0	0	yes	-	-	-	-	cgugcggugucuuuugguggc	caccaucugauacugacgga	caccaucugauacugacggaggauggaugugcuccuccgugcggugucuuuugguggc	3:313740948..313741006:+
3_2412	1.9	9 +/- 12%	-	37	37	0	0	yes	-	-	-	-	aaacguccauuugagcugaaa	ucagcuucaacggauguuugg	aaacguccauuugagcugaaaaccuaauugauuggucaucaccagcuagugaccaaucgauuaaauuuucagcuucaacggauguuugg	3:403792045..403792134:+
3_3054	1.9	9 +/- 12%	-	55	55	0	0	yes	-	-	-	-	ugcagcgucuucugguggcug	gucgccaucugauacugacg	gucgccaucugauacugacggaggauggaugugcuccccuaugcacgguccuccgugcagcgucuucugguggcug	3:392332041..392332117:-
1_3762	1.7	9 +/- 12%	-	52	52	0	0	yes	-	-	-	-	uuccaagcuucugaggagaag	ucugaggagaagcuuccaagc	ucugaggagaagcuuccaagcuucugaggagaagcuuccaagcuucugaggagaagcuuccaagcuucugaggagaag	1:38747855..38747933:-
2_1412	1.6	9 +/- 12%	-	32	32	0	0	yes	-	-	-	-	gugcggcgucuucugguggcu	ucaccaucugauacugacggag	ucaccaucugauacugacggaggauggauguguuccccuaagcacggucauccgugcggcgucuucugguggcu	2:341304412..341304486:-
1_3122	1.5	9 +/- 12%	-	52	52	0	0	yes	-	-	-	-	uuccaagcuucugaggagaag	ucugaggagaagcuuccaagc	ucugaggagaagcuuccaagcuucugaggagaagcuuccaagcuucugaggagaag	1:34928054..34928110:+
1_3117	1.5	9 +/- 12%	-	92	92	0	0	yes	-	-	-	-	uuugccaacucgcuccagccggcu	ucggcgcuaaccagcuggcccgcaagga	ucggcgcuaaccagcuggcccgcaaggacggcucggcuuucgugaccgcccugcacgucuuugccaacucgcuccagccggcu	1:29426526..29426609:+
1_4753	1.4	9 +/- 12%	-	589	587	2	0	yes	-	-	-	-	agugaggucuuugaaggugaac	ucgcugaaguugaccgaacuug	agugaggucuuugaaggugaacauuugcuagucccucgggauuacauuugaaucgcugaaguugaccgaacuug	1:205694697..205694771:-
1_3989	1.4	9 +/- 12%	-	589	587	2	0	yes	-	-	-	-	agugaggucuuugaaggugaac	ucgcugaaguugaccgaacuug	agugaggucuuugaaggugaacauuugcuagucccucgggauuacauuugaaucgcugaaguugaccgaacuug	1:162394341..162394415:-
1_4495	1.2	9 +/- 12%	-	589	587	2	0	yes	-	-	-	-	agugaggucuuugaaggugaac	ucgcugaaguugaccgaacuug	agugaggucuuugaaggugaacauuugcuagucccucgggauuacauuugaaucgcugaaguugaccgaacuug	1:205653620..205653694:-
1_4347	1.2	9 +/- 12%	-	589	587	2	0	yes	-	-	-	-	agugaggucuuugaaggugaac	ucgcugaaguugaccgaacuug	agugaggucuuugaaggugaacauuugcuagucccucgggauuacauuugaaucgcugaaguugaccgaacuug	1:205627862..205627936:-
1_3103	0.9	0 +/- 0%	-	115	115	0	0	yes	-	-	-	-	auagggaauucugagaggaucccug	gggauuuuauagaaaauuccuggag	gggauuuuauagaaaauuccuggagggaauuaugaggagauuccuauagggaauucugagaggaucccug	1:20584767..20584837:+
2_1181	0.8	0 +/- 0%	-	15	15	0	0	yes	-	-	-	-	uuccaggugggaguuaucugaua	acagaauuuuccaucugaacg	uuccaggugggaguuaucugauaugugaauaugguaccauaacagaauuuuccaucugaacg	2:241844310..241844372:-
3_2557	0.7	0 +/- 0%	-	27	27	0	0	yes	-	-	-	-	acgauuuggacuguucaugga	cggaacauccguaaaaaugguca	acgauuuggacuguucauggacauagguggccacuauaauggccuccggaagauccggaacauccguaaaaaugguca	3:77058919..77058997:-
3_2474	0.7	0 +/- 0%	-	30	30	0	0	yes	-	-	-	-	aagaaggaagucucguccu	cacgaggcucgcuucgagg	cacgaggcucgcuucgaggaaaucaagaaggaagucucguccu	3:25283483..25283526:-
1_3672	0.4	0 +/- 0%	-	441	441	0	0	no	-	dme-miR-iab-8-5p	-	-	uuacguauacugaagguauacc	gauacauucaguauacguucau	uuacguauacugaagguauaccggauagauagcacucaggauacauucaguauacguucau	1:308965424..308965485:+
1_3104	0.3	0 +/- 0%	-	115	115	0	0	yes	-	-	-	-	auagggaauucugagaggaucccug	gaaaucuugagaauauuccugaag	auagggaauucugagaggaucccugaaguuaaucuugaaaagauugcugaaagaaaucuugagaauauuccugaag	1:20584812..20584888:+
1_3280	0.2	0 +/- 0%	-	30	30	0	0	yes	-	-	-	-	uccuggcuuuggcaacagu	aguugcugaauuuuccaggcau	uccuggcuuuggcaacaguaccaguugcugaauuuuccaggcau	1:97109160..97109204:+
1_3571	0	0 +/- 0%	-	71	71	0	0	yes	-	-	-	-	acaccgagcagguaggagagugc	acucucuucugcucuuuugcuc	acucucuucugcucuuuugcucucacaccgagcagguaggagagugc	1:252818006..252818053:+
2_465	0	0 +/- 0%	-	60	60	0	0	yes	-	-	-	-	aauacagaguaacggacgaauuuu	aaaguccguuuaucauaauuga	aaaguccguuuaucauaauugacaaaauacagaguaacggacgaauuuu	2:285047956..285048005:+



mature miRBase miRNAs detected by miRDeep2
tag id	miRDeep2 score	estimated probability that the miRNA is a true positive	rfam alert	total read count	mature read count	loop read count	star read count	significant randfold p-value	mature miRBase miRNA	example miRBase miRNA with the same seed	UCSC browser	NCBI blastn	consensus mature sequence	consensus star sequence	consensus precursor sequence	precursor coordinate
1_4968	157942.6	59 +/- 49%	-	309789	309733	0	56	yes	aae-miR-277-5p	dme-miR-277-3p	-	-	uaaaugcacuaucugguacgaca	cgugucagaagugcauuuaca	cgugucagaagugcauuuacauagguauuucccguuuagcaguauuuguaaaugcacuaucugguacgaca	1:302603812..302603883:-
2_1504	65348.1	59 +/- 49%	-	128170	128141	0	29	yes	aae-miR-1	dme-miR-1-3p	-	-	uggaauguaaagaaguauggag	ccaugcuuccuugcauucaaua	ccaugcuuccuugcauucaauagugauucugaaagcauauggaauguaaagaaguauggag	2:399501023..399501084:-
1_4975	46537.6	59 +/- 49%	-	91274	91207	0	67	yes	aae-miR-12-5p	dme-miR-12-5p	-	-	ugaguauuacaucagguacuggu	ccaguacuuauguuaugcucucu	ugaguauuacaucagguacuggugucgauauucgaaucaccaacgaaucggguuccuuugauuaacuuaccaguacuuauguuaugcucucu	1:305613548..305613640:-
3_3068	21490.8	59 +/- 49%	-	42145	42132	0	13	yes	aae-miR-308-5p	dme-miR-2a-3p	-	-	aaucacaggaguauacugugag	cgcgguauauucuuguggcuug	cgcgguauauucuuguggcuugaugcauuugaaaaaucucaaaucacaggaguauacugugag	3:403338483..403338546:-
2_903	21050.2	59 +/- 49%	-	41281	37786	0	3495	yes	aae-miR-281-5p	dme-miR-281-2-5p	-	-	aagagagcuauccgucgacagu	ugucauggaauugcucucuuua	aagagagcuauccgucgacaguagggauaugauucacugucauggaauugcucucuuua	2:96469361..96469420:-
3_1946	18244.6	59 +/- 49%	-	35780	35674	0	106	yes	aae-miR-31	dme-miR-31b-5p	-	-	uggcaagauguuggcauagcug	agcuauucaacuucuugucuau	uggcaagauguuggcauagcugaaaguuuugaguuuagcuauucaacuucuugucuau	3:136174150..136174208:+
3_2317	11223.3	59 +/- 49%	-	22007	21905	0	102	yes	aae-miR-8-5p	dme-miR-8-3p	-	-	uaauacugucagguaaagauguc	caucuuaccgggcagcauuaga	caucuuaccgggcagcauuagauauuuuugaaauacuucuaauacugucagguaaagauguc	3:328527955..328528017:+
3_2037	8648.1	59 +/- 49%	-	16965	16918	0	47	no	aae-bantam-5p	dme-bantam-3p	-	-	ugagaucauuuugaaagcugauu	ccgguuuucauuuucgaucugac	ccgguuuucauuuucgaucugacuuauuugauuuaacaagagugagaucauuuugaaagcugauu	3:178082830..178082895:+
1_4019	8269.4	59 +/- 49%	-	16213	15581	0	632	yes	aae-miR-252-5p	dme-miR-252-5p	-	-	cuaaguacuagugccgcaggag	ccugcugcccaagugcuuaucg	cuaaguacuagugccgcaggagagauuugaaccccugcugcccaagugcuuaucg	1:175818157..175818212:-
2_865	6066.1	59 +/- 49%	-	11890	10470	0	1420	yes	aae-miR-276-5p	dme-miR-276a-3p	-	-	uaggaacuucauaccgugcucu	agcgagguauagaguuccuacg	agcgagguauagaguuccuacguugcgugugcgaaauugguaggaacuucauaccgugcucu	2:73120452..73120514:-
2_868	5334.2	59 +/- 49%	-	10454	10377	0	77	yes	aae-miR-276-3p	dme-miR-276a-3p	-	-	uaggaacuucauaccgugcucu	agcgagguauagaguuccuaugc	agcgagguauagaguuccuaugcguucggauaaaauauuccauaggaacuucauaccgugcucu	2:73509399..73509463:-
1_4986	5025.7	59 +/- 49%	-	9850	9103	0	747	yes	aae-miR-1175-5p	dme-miR-958-3p	-	-	ugagauucuacuucuccgacuuaa	aaguggaguaguggucucaucgcu	aaguggaguaguggucucaucgcuuaguauuagaaaagugagauucuacuucuccgacuuaa	1:307010044..307010106:-
2_1451	2286.8	59 +/- 49%	-	4485	4087	0	398	yes	aae-miR-1891	-	-	-	ugaggaguuaauuugcguguuu	acacguccauuaacucuggua	ugaggaguuaauuugcguguuuuuguauuugauuaaacacguccauuaacucuggua	2:360084868..360084925:-
2_178	2108.2	59 +/- 49%	-	4128	3874	0	254	yes	aae-miR-9a	dme-miR-9a-5p	-	-	ucuuugguuaucuagcuguauga	auaaagcuagcauaccgaaguua	ucuuugguuaucuagcuguaugagugaauuuagaacaucauaaagcuagcauaccgaaguua	2:108461947..108462009:+
2_920	1637.2	59 +/- 49%	-	3203	3193	0	10	yes	aae-miR-13-5p	dme-miR-2a-3p	-	-	uaucacagccauuuugacgaguu	ucguaaaaaugguugugcugu	ucguaaaaaugguugugcuguguuguuacgcucgaaauucauaucacagccauuuugacgaguu	2:107237649..107237713:-
2_610	1559.5	59 +/- 49%	-	3051	2938	0	113	yes	aae-let-7	dme-let-7-5p	-	-	ugagguaguugguuguauagu	cuaugcaaucugcuagcuugucg	ugagguaguugguuguauaguagugacugauuaaauaucugcuaugcaaucugcuagcuugucg	2:375131497..375131561:+
2_605	1352.2	59 +/- 49%	-	2644	2642	0	2	yes	aae-miR-2945-5p	dme-miR-279-3p	-	-	ugacuagaggcagacucguuua	agcggguccguuucuagugucau	agcggguccguuucuagugucaugugcuguauucgaauaucaugacuagaggcagacucguuua	2:374947142..374947206:+
2_561	1230.5	59 +/- 49%	-	2406	2346	0	60	yes	aae-miR-14	dme-miR-14-3p	-	-	ucagucuuuuucucucuccuau	gggagcgagauuaaggcuugcu	gggagcgagauuaaggcuugcuggucauuuauuacacucgaagucagucuuuuucucucuccuau	2:344767572..344767637:+
3_3072	1065.9	59 +/- 49%	-	2092	2076	0	16	no	aae-miR-285	dme-miR-285-3p	-	-	uagcaccauucgaaaucaguac	acuggcuuccaaaggugaguaga	acuggcuuccaaaggugaguagauggcauucgauacacucuagcaccauucgaaaucaguac	3:406875046..406875108:-
3_2156	991.5	59 +/- 49%	-	1936	1227	0	709	yes	aae-miR-307	dme-miR-307a-5p	-	-	acucacucaaccugggugugau	ucacaaccuccuugagugagcga	acucacucaaccugggugugaugcuuauuugaaucaucacaaccuccuugagugagcga	3:244794376..244794435:+
3_2552	984.5	59 +/- 49%	-	1922	1917	0	5	yes	aae-miR-11-5p	dme-miR-2a-3p	-	-	caucacagucugaguucuugcu	cgagaacuccggcugugaccugu	cgagaacuccggcugugaccuguguacacuuuauccaaaucacaucacagucugaguucuugcu	3:75489864..75489928:-
2_925	800.4	59 +/- 49%	-	1568	1101	0	467	yes	aae-miR-71-5p	-	-	-	agaaagacauggguagugagau	ucucacuaccuugucuuucaug	agaaagacauggguagugagauaguuucacccuauugcacugggaucucacuaccuugucuuucaug	2:107238287..107238354:-
2_1401	577.6	59 +/- 49%	-	1125	863	0	262	yes	aae-miR-9c-5p	dme-miR-9a-5p	-	-	ucuuugguauucuagcuguaga	uaaagcuuuaguaccagagguc	ucuuugguauucuagcuguagaauguugagcuuugugauaugguaucuucuaaagcuuuaguaccagagguc	2:335810364..335810436:-
2_376	441.8	59 +/- 49%	-	859	808	0	51	yes	aae-miR-932-5p	dme-miR-932-5p	-	-	ucaauuccguagugcauugcag	ugcaagcaauguggaagugaag	ucaauuccguagugcauugcagugugcuuuagacgaacugcaagcaauguggaagugaag	2:231381156..231381216:+
1_3812	405.3	59 +/- 49%	-	787	751	0	36	yes	aae-miR-87	dme-miR-87-3p	-	-	gugagcaaauuuucaggugugu	cagccugaaauuugcuaaaccu	cagccugaaauuugcuaaaccuguguguauuugauucaaacaaucaaggugagcaaauuuucaggugugu	1:80682401..80682471:-
2_608	309.2	59 +/- 49%	-	598	508	0	90	yes	aae-miR-100	dme-miR-100-5p	-	-	aacccguagauccgaacuugug	caagaacggauguaugggauuc	aacccguagauccgaacuugugcugccguuucacauguuacaagaacggauguaugggauuc	2:375117351..375117413:+
NIGP01000533_5168	192.2	59 +/- 49%	-	369	295	0	74	yes	aae-miR-970	dme-miR-970-3p	-	-	ucauaagacacacgcggcuau	agcuugcguuugucuuagcug	agcuugcguuugucuuagcugguauugaaugugauagguaucauaagacacacgcggcuau	NIGP01000533:10107..10168:-
1_3365	192.2	59 +/- 49%	-	369	295	0	74	yes	aae-miR-970	dme-miR-970-3p	-	-	ucauaagacacacgcggcuau	agcuugcguuugucuuagcug	agcuugcguuugucuuagcugguauugaaugugauagguaucauaagacacacgcggcuau	1:157238423..157238484:+
3_2377	81.7	59 +/- 49%	-	155	88	0	67	yes	aae-miR-193	dme-miR-193-3p	-	-	uacuggccuacuaagucccaac	ugggauuuuguggaccagaag	ugggauuuuguggaccagaagauuuccuccauucgauaauagcuacuggccuacuaagucccaac	3:360501795..360501860:+
1_3291	72.3	59 +/- 49%	-	135	77	0	58	yes	aae-miR-927	dme-miR-927-3p	-	-	caaagcguuuggguucugaaa	uagaauuccuacgcuuuacc	uagaauuccuacgcuuuaccgugauuuguugaaaguuuggcaaagcguuuggguucugaaa	1:115022931..115022992:+
NIGP01001012_5190	5.5	68 +/- 37%	-	96	96	0	0	yes	aae-miR-957	dme-miR-957-3p	-	-	ugaaaccguccaaaacugaggc	guuaguuuugggcggguuuuagu	guuaguuuugggcggguuuuaguguauuucgauuagaguaucaauugaaaccguccaaaacugaggc	NIGP01001012:27490..27557:-
3_2550	5.4	68 +/- 37%	-	148	148	0	0	yes	aae-miR-998	dme-miR-285-3p	-	-	uagcaccaugagauucagcuc	acugaacucucgugggucugca	acugaacucucgugggucugcaguugauauuucgaaagcuuguagcaccaugagauucagcuc	3:75489589..75489652:-
2_916	5.4	68 +/- 37%	-	5018	5018	0	0	yes	aae-miR-2c	dme-miR-2a-3p	-	-	uaucacagccagcuuugaugagcu	cucucaaaguggcugugaaaug	cucucaaaguggcugugaaaugguuugauuuugcucauaucacagccagcuuugaugagcu	2:107235884..107235945:-
1_3418	5.4	68 +/- 37%	-	1272	1272	0	0	yes	aae-miR-929	dme-miR-929-5p	-	-	aaauugacucuaguagggagucc	acucccuaacggagucagauuga	aaauugacucuaguagggaguccuuguguacgagugacucccuaacggagucagauuga	1:198495526..198495585:+
1_3783	5.3	68 +/- 37%	-	399	399	0	0	yes	aae-miR-33	dme-miR-33-5p	-	-	gugcauuguaguugcauugca	caauacuucugcaaugcaagc	gugcauuguaguugcauugcacuuuugcguucgauaacacggugcaauacuucugcaaugcaagc	1:50888881..50888946:-
2_507	5.2	68 +/- 37%	-	6971	6971	0	0	yes	aae-miR-275-5p	dme-miR-275-3p	-	-	ucagguaccugaaguagcgcg	cgcuaagcaggaaccgagacu	cgcuaagcaggaaccgagacuuugucauuugcuagcagucagguaccugaaguagcgcg	2:307135670..307135729:+
3_2430	5.2	68 +/- 37%	-	2283	2283	0	0	yes	aae-miR-980-5p	dme-miR-980-3p	-	-	uagcugccuagugaagggcaau	ggccguucauugggucaucuagc	ggccguucauugggucaucuagcucguguuggaaacaguuagcugccuagugaagggcaau	3:1054523..1054584:-
2_918	5.2	68 +/- 37%	-	13361	13361	0	0	yes	aae-miR-2a-5p	dme-miR-2a-3p	-	-	uaucacagccagcuuugaaga	ucaaagugguugugaaaug	ucaaagugguugugaaaugaguuacucuugaacgaucucauaucacagccagcuuugaaga	2:107237504..107237565:-
1_4979	5.1	68 +/- 37%	-	32237	32237	0	0	yes	aae-miR-283	dme-miR-283-5p	-	-	caauaucagcugguaauucuggg	cggaauuccaacugauauccac	caauaucagcugguaauucugggcuuaccccaccguuauacgcuucccggaauuccaacugauauccac	1:305625600..305625669:-
2_924	5.1	68 +/- 37%	-	3844	3844	0	0	yes	aae-miR-2c	dme-miR-2a-3p	-	-	uaucacagccagcuuugaugag	caucaaauuugguuguuuuagu	caucaaauuugguuguuuuaguacgaccucuuugaaaccccuaucacagccagcuuugaugag	2:107237997..107238060:-
3_2590	5.1	68 +/- 37%	-	827	827	0	0	yes	aae-miR-92b-3p	dme-miR-92a-3p	-	-	aauugcacuugucccggccugc	aggucgugacuugugcccauuug	aggucgugacuugugcccauuugcugaauuuuaauggucaaauugcacuugucccggccugc	3:93418515..93418577:-
2_905	5.1	68 +/- 37%	-	587	587	0	0	yes	aae-miR-282-5p	dme-miR-282-5p	-	-	uagccucuccuaggcuuugucu	acauagccugacagagguuagg	uagccucuccuaggcuuugucuguuaccuuccuugggaauuccacuagccagacauagccugacagagguuagg	2:96911966..96912040:-
1_3676	5	68 +/- 37%	-	28	28	0	0	yes	aae-miR-10	dme-miR-10-5p	-	-	acccuguagauccgaauuuguu	caaauucgguucuagagagguuu	acccuguagauccgaauuuguuugaauauuuaacaagcgacaaauucgguucuagagagguuu	1:310530475..310530538:+
1_3495	5	68 +/- 37%	-	3570	3570	0	0	yes	aae-miR-996	dme-miR-279-3p	-	-	ugacuagauuacaugcucgucu	gcgugcaugaaucuggugcacg	gcgugcaugaaucuggugcacgguuuuccaguuguaauaucgcuucgugacuagauuacaugcucgucu	1:207012536..207012605:+
2_1538	5	68 +/- 37%	-	24976	24976	0	0	yes	aae-miR-184	dme-miR-184-3p	-	-	uggacggagaacugauaagggc	ccuuaucauucuugcgccccgu	ccuuaucauucuugcgccccguguuauauuguuggcgacuggacggagaacugauaagggc	2:417599380..417599441:-
2_1395	4.9	62 +/- 39%	-	1056	1056	0	0	yes	aae-miR-9b	dme-miR-9a-5p	-	-	ucuuuggugauuuuagcuguau	auagcuuuaucaccaaaaacc	ucuuuggugauuuuagcuguaugcugauacguuucugauugcauauagcuuuaucaccaaaaacc	2:335780574..335780639:-
2_653	4.9	62 +/- 39%	-	119	119	0	0	yes	aae-miR-965	dme-miR-965-3p	-	-	uaagcguauagcuuuucccau	gggaaauccuguacgcuguaug	gggaaauccuguacgcuguauguuguauuugaauaauccauaagcguauagcuuuucccau	2:429778751..429778812:+
2_1417	4.8	62 +/- 39%	-	2720	2720	0	0	yes	aae-miR-263a-5p	dme-miR-263a-5p	-	-	aauggcacuggaagaauucacggg	cguguucuggcaguggcauccc	aauggcacuggaagaauucacggguauauuuugaaauccccguguucuggcaguggcauccc	2:348784448..348784510:-
2_589	4.8	62 +/- 39%	-	1894	1894	0	0	yes	aae-miR-124	dme-miR-124-3p	-	-	uaaggcacgcggugaaugccaa	gguauccacugccggccuauaug	gguauccacugccggccuauauguccuauuucgguacucauaaggcacgcggugaaugccaa	2:369307279..369307341:+
2_809	4.8	62 +/- 39%	-	1999	1999	0	0	yes	aae-miR-190	dme-miR-190-5p	-	-	agauauguuugauauucuugguug	cccaggaaucaaacauauuauua	agauauguuugauauucuugguuguuaaauuuuauauuaucacccaggaaucaaacauauuauua	2:48811877..48811942:-
1_3297	4.7	62 +/- 39%	-	79	79	0	0	yes	aae-miR-981	dme-miR-981-3p	-	-	uucguugucgacgaaaccugc	ggguuucgcggcgaacgggcu	ggguuucgcggcgaacgggcuuccaccaugaugaauagcaguucguugucgacgaaaccugc	1:118556349..118556411:+
1_3493	4.7	62 +/- 39%	-	272	200	0	72	yes	aae-miR-279	dme-miR-279-3p	-	-	ugacuagauccacacucauuaa	ugggugugaaucuaguguuuca	ugggugugaaucuaguguuucacaugauuuucgauagccugugacuagauccacacucauuaa	1:207007790..207007853:+
2_14	4.6	62 +/- 39%	-	728	728	0	0	yes	aae-miR-219	dme-miR-219-5p	-	-	ugauuguccaaacgcaauucuug	agaguugugacuggacauccgug	ugauuguccaaacgcaauucuuguuuuauucgaauaugauauccaagaguugugacuggacauccgug	2:3715261..3715329:+
2_612	4.6	62 +/- 39%	-	3257	3257	0	0	yes	aae-miR-125-5p	dme-miR-125-5p	-	-	ucccugagacccuaacuuguga	acaaguuuugaucuccgguauu	ucccugagacccuaacuugugacuauaguugaaguuucacaaguuuugaucuccgguauu	2:375131781..375131841:+
2_537	4.6	62 +/- 39%	-	4615	4615	0	0	yes	aae-miR-133	dme-miR-133-3p	-	-	uugguccccuucaaccagcugu	agcugguugacuucgggucaaau	agcugguugacuucgggucaaaucgucaaauauuugcaaagauauuuccucagugaaauuauuugguccccuucaaccagcugu	2:330417065..330417149:+
3_2547	4.5	62 +/- 39%	-	268	268	0	0	yes	aae-miR-1000	dme-miR-1000-5p	-	-	auauuguccugucacagcagua	cuguuguuucgggacauuuaca	auauuguccugucacagcaguacuguuacaaauuuacuguuguuucgggacauuuaca	3:74204061..74204119:-
2_1009	4.5	62 +/- 39%	-	5240	5240	0	0	yes	aae-miR-263b-5p	dme-miR-263b-5p	-	-	cuuggcacugggagaauucacag	guggaucuuuucgugccaucgu	cuuggcacugggagaauucacaggcgcuauuugcuaucauucuguggaucuuuucgugccaucgu	2:153371131..153371196:-
1_4995	4.1	62 +/- 39%	-	142	142	0	0	yes	aae-miR-iab-4-5p	dme-miR-iab-4-5p	-	-	acguauacugaauguauccuga	gguauaccuucaguauacguaa	acguauacugaauguauccugagugcuaucuauccgguauaccuucaguauacguaa	1:308965424..308965481:-
2_510	4	62 +/- 39%	-	21333	21333	0	0	yes	aae-miR-305-5p	dme-miR-305-5p	-	-	auuguacuucaucaggugcucugg	ccggcacauguuggaguacacuua	auuguacuucaucaggugcucugguuguuuucgauacccggcacauguuggaguacacuua	2:307145445..307145506:+
2_356	3.7	0 +/- 0%	-	5256	5256	0	0	yes	aae-miR-7	dme-miR-7-5p	-	-	uggaagacuagugauuuuguuguu	uaacaauaaaucucaagucuuucuac	uggaagacuagugauuuuguuguuuugcuuacgauaauaacaauaaaucucaagucuuucuac	2:222802544..222802607:+
2_508	3.2	0 +/- 0%	-	6971	6971	0	0	yes	aae-miR-275-3p	dme-miR-275-3p	-	-	ucagguaccugaaguagcgcg	agcgacaacagaggcgugaaa	ucagguaccugaaguagcgcgcgugaucaaacaggaagcgucaucaagcgacaacagaggcgugaaa	2:307135708..307135775:+
1_4998	1.9	9 +/- 12%	-	6	6	0	0	yes	aae-miR-993	dme-miR-993-3p	-	-	gaagcucguuucuauagagguau	acccuguaguuccgggcuuuug	acccuguaguuccgggcuuuugugguuucuuuuauuguuaauuaucagaagcucguuucuauagagguau	1:310672022..310672092:-
2_818	1.9	9 +/- 12%	-	121	121	0	0	yes	aae-miR-11894b	-	-	-	uuuaccauuucaauaugac	cguauugaaaugguaaaga	cguauugaaaugguaaagagugucaaucaucaucuuuaccauuucaauaugac	2:58784593..58784646:-
2_1366	1.7	9 +/- 12%	-	179	179	0	0	yes	aae-miR-11895	-	-	-	uucaugcauucacuucugcuga	agcaggagugaaugcaugaguu	agcaggagugaaugcaugaguuugacaucugaaacuaauucaugcauucacuucugcuga	2:324949494..324949554:-
3_2842	1.7	9 +/- 12%	-	2385	2385	0	0	yes	aae-miR-278-5p	-	-	-	ggugggacuuucguccguuu	acggacgauagucuucagcgg	acggacgauagucuucagcggccgugcauuugauagaaguggucggugggacuuucguccguuu	3:243123888..243123952:-
2_1234	1.5	9 +/- 12%	-	38	38	0	0	yes	aae-miR-2946	-	-	-	uaguacggaaaagauaugggga	gccauauuuuuaccgcuacugca	gccauauuuuuaccgcuacugcauuucauuguaauaauuguaguacggaaaagauaugggga	2:268456441..268456503:-
2_1532	1.4	9 +/- 12%	-	5793	5793	0	0	yes	aae-miR-1890	-	-	-	ugaaaucuuugauuaggucugg	agagcuaauuggagaguucuug	agagcuaauuggagaguucuugaauaguguugugaaccuucaugaaaucuuugauuaggucugg	2:413654961..413655025:-
2_1398	1.4	9 +/- 12%	-	256	256	0	0	yes	aae-miR-79-5p	-	-	-	aaagcuagauuaccaaagcau	gcuuuggcgcuuuagcuguau	gcuuuggcgcuuuagcuguaugauagaauuuaauauuucauaaagcuagauuaccaaagcau	2:335780884..335780946:-
3_2611	1.4	9 +/- 12%	-	756	756	0	0	yes	aae-miR-2765	-	-	-	ugguaacuccaccaccguugg	aaugggagcuggaguucccgcg	ugguaacuccaccaccguuggcgauauuugacagccaaugggagcuggaguucccgcg	3:101895454..101895512:-
1_4970	1.3	9 +/- 12%	-	58953	58953	0	0	no	aae-miR-317	dme-miR-317-3p	-	-	ugaacacagcuggugguaucuc	gauacacccugugcucgcu	gauacacccugugcucgcuuugcauucgaaacuagugaacacagcuggugguaucuc	1:302667132..302667189:-
2_1232	0.9	0 +/- 0%	-	26	26	0	0	yes	aae-miR-2941	-	-	-	acggcuagaacuccacgga	cgugguguuuagacguau	cgugguguuuagacguauuacaugauuuuuugaacauaacuguaguacggcuagaacuccacgga	2:268456010..268456075:-
3_2592	0.4	0 +/- 0%	-	3	3	0	0	yes	aae-miR-92a-5p	dme-miR-92a-3p	-	-	uauugcacuugucccggccuau	cgguacggacaggggcaacauu	cgguacggacaggggcaacauugugacauuugaaagcuaauauugcacuugucccggccuau	3:93477596..93477658:-
1_3521	0.3	0 +/- 0%	-	105	105	0	0	yes	aae-miR-11900	-	-	-	auuuuuuugacuguaauuuuau	aaaauuacguugaaaaaucgucu	aaaauuacguugaaaaaucgucucccucaaaaaaugaaaccugagacuaacaggagauuuuuuugacuguaauuuuau	1:223944072..223944150:+
1_3147	0.2	0 +/- 0%	-	9733	9733	0	0	no	aae-miR-210	dme-miR-210-3p	-	-	cuugugcgugugacaacggcuau	agcugcugaccacugcacaagau	agcugcugaccacugcacaagauuagauuaugacucuugugcgugugacaacggcuau	1:54892617..54892675:+
2_904	-2.3	0 +/- 0%	-	37786	37786	0	0	no	aae-miR-281-5p	dme-miR-281-2-5p	-	-	aagagagcuauccgucgacagu	cguugacgugggauuuuuuug	cguugacgugggauuuuuuuguucauuuuguucuuucgcugguuucgaauaugaaaauaaagagagcuauccgucgacagu	2:96469398..96469479:-
2_157	-3.1	0 +/- 0%	-	2	2	0	0	yes	aae-miR-988-5p	-	-	-	cccuuguugcaaaccucacgc	gugugcuuugugacaaugaga	gugugcuuugugacaaugagauucgguucgauaucauccccuuguugcaaaccucacgc	2:93351380..93351439:+
NIGP01000443_5157	-4.8	0 +/- 0%	-	172	172	0	0	no	aae-miR-11893	-	-	-	uuccugacuuauacgcuuaccu	guaaguagauaaaucagaaaga	guaaguagauaaaucagaaagacguuuauaucguuucuuccugacuuauacgcuuaccu	NIGP01000443:52102..52161:+
2_437	-4.8	0 +/- 0%	-	172	172	0	0	no	aae-miR-11893	-	-	-	uuccugacuuauacgcuuaccu	guaaguagauaaaucagaaaga	guaaguagauaaaucagaaagacguuuauaucguuucuuccugacuuauacgcuuaccu	2:257889040..257889099:+
2_158	-7.4	0 +/- 0%	-	2	2	0	0	no	aae-miR-988-3p	-	-	-	cccuuguugcaaaccucacgc	ggcagguaggggcaauggggg	cccuuguugcaaaccucacgcuugcgguagguuccacaacugcugagagguggcagguaggggcaauggggg	2:93351418..93351490:+
2_609	-7.7	0 +/- 0%	-	2938	2938	0	0	no	aae-let-7	dme-let-7-5p	-	-	ugagguaguugguuguauagu	auuacaguacugcuucuuc	auuacaguacugcuucuuccacguugagguaguugguuguauagu	2:375131473..375131518:+

#miRBase miRNAs not detected by miRDeep2
miRBase precursor id	total read count	mature read count(s)	star read count	remaining reads	UCSC browser	NCBI blastn	miRBase mature sequence(s)	miRBase star sequence(s)	miRBase precursor sequence
118651	118651	0	0	-	-	caaccacuauccgcccugccgcc	uggcagugugguuagcugguug	-	caaggcaauacgcuauggcagugugguuagcugguuguguagaacuuuggggggcuuccguggcguucgcgcgcacacgggggcucagauucacaaccacuauccgcccugccgccgcgaggugccagg	
14230	14230	0	0	-	-	cacguuacagauugggguuucc	uaaucucaaauuguaacagugg	-	gagguaaucucaaauuguaacaguggguugauuuuccuggugaaucccggccuuguccuccgucacaagugugacaagugucucgaaaacguguucgcuauacccacguuacagauugggguuucccc	
8376	8376	0	0	-	-	ugucuuuuuccgcuuacugccg	-	ccaacauuuugauugauuugucuuuuuccgcuuacugccgguggcauuugaaauucucgacagcaaaccgaaaaaggcgccucaaucaauu	
4247	4247	0	0	-	-	ucagguacugagugacucucag	gagagcaccucgguaucuaagc	-	cauucgcaauuucaccgguucagguacugagugacucucagaugugcauuucucaagcaaucucguccucaggaccugagguugaaaaacccugagagcaccucgguaucuaagccaguguugcgaaaa	
3359	3359	0	0	-	-	ugguuuaucuuaucugucgaggc	gucgacagggagauaaaucacu	-	cauugguuuaucuuaucugucgaggcaaguuauuuuaccggauaguguuucuuuucgugagcaaucaccacuauccagcucuucuugucgacagggagauaaaucacug	
3167	3167	0	0	-	-	ugugaugugacguagugguac	-	uucaucauacggucaugggggaccgccgcuaccucgcuuucacuugguaccgauuucccauaauccaugugaugugacguagugguaccuucccuuggcuauuacaacacuuccu	
3056	2729	0	327	-	-	uguuaacuguaagacugugucu	-	gcagggacgcggucgugcaggaaauuauuuggcauuagauucaaauguuaacuguaagacugugucuuugcgggugauc	
107	107	0	0	-	-	gaaggaacucccggugugauaua	uaucacagcaguaguuaccuga	-	aucgaaggaacucccggugugauauaugacucgauuauaucacagcaguaguuaccugauau	
19	19	0	0	-	-	uuuaccauuucaagaugaccua	-	gauggguugucuugaaaugguaaagagugucaaccaucaucuuuaccauuucaagaugaccuauu	
100	11	0	89	-	-	ucagaucuacuuaauacccau	-	acuccaauucuggguauuuuagauccuuggcauaguuacgugauugaaugcacuguucuucuuugguuuacccaguaucgaacacgcgucaaucugucagaucuacuuaauacccaua	













































