miRDeep2 score	novel miRNAs reported by miRDeep2	novel miRNAs, estimated false positives	novel miRNAs, estimated true positives	known miRNAs in species	known miRNAs in data	known miRNAs detected by miRDeep2	estimated signal-to-noise	excision gearing
10	3	2 +/- 1	1 +/- 1 (33 +/- 32%)	164	13	0 (0%)	1.3	1
9	3	2 +/- 1	1 +/- 1 (32 +/- 32%)	164	13	0 (0%)	1.3	1
8	3	2 +/- 1	1 +/- 1 (31 +/- 32%)	164	13	0 (0%)	1.2	1
7	3	2 +/- 1	1 +/- 1 (31 +/- 32%)	164	13	0 (0%)	1.2	1
6	3	2 +/- 1	1 +/- 1 (29 +/- 32%)	164	13	0 (0%)	1.2	1
5	3	2 +/- 1	1 +/- 1 (29 +/- 32%)	164	13	3 (23%)	2	1
4	5	3 +/- 2	3 +/- 1 (50 +/- 28%)	164	13	8 (62%)	3.9	1
3	5	7 +/- 2	0 +/- 1 (4 +/- 12%)	164	13	8 (62%)	1.5	1
2	6	10 +/- 3	0 +/- 0 (1 +/- 5%)	164	13	9 (69%)	1.5	1
1	28	12 +/- 3	16 +/- 3 (56 +/- 11%)	164	13	9 (69%)	3	1
0	53	53 +/- 6	2 +/- 3 (4 +/- 6%)	164	13	9 (69%)	1.2	1
-1	76	156 +/- 10	0 +/- 0 (0 +/- 0%)	164	13	9 (69%)	0.5	1
-2	88	261 +/- 12	0 +/- 0 (0 +/- 0%)	164	13	9 (69%)	0.4	1
-3	141	371 +/- 12	0 +/- 0 (0 +/- 0%)	164	13	9 (69%)	0.4	1
-4	220	466 +/- 14	0 +/- 0 (0 +/- 0%)	164	13	9 (69%)	0.5	1
-5	322	553 +/- 17	0 +/- 0 (0 +/- 0%)	164	13	9 (69%)	0.6	1
-6	408	631 +/- 17	0 +/- 0 (0 +/- 0%)	164	13	9 (69%)	0.7	1
-7	484	695 +/- 19	0 +/- 0 (0 +/- 0%)	164	13	9 (69%)	0.7	1
-8	560	759 +/- 19	0 +/- 0 (0 +/- 0%)	164	13	9 (69%)	0.7	1
-9	630	815 +/- 19	0 +/- 0 (0 +/- 0%)	164	13	9 (69%)	0.8	1
-10	702	869 +/- 20	0 +/- 0 (0 +/- 0%)	164	13	9 (69%)	0.8	1



novel miRNAs predicted by miRDeep2
provisional id	miRDeep2 score	estimated probability that the miRNA candidate is a true positive	rfam alert	total read count	mature read count	loop read count	star read count	significant randfold p-value	miRBase miRNA	example miRBase miRNA with the same seed	UCSC browser	NCBI blastn	consensus mature sequence	consensus star sequence	consensus precursor sequence	precursor coordinate
1_17468	468.5	33 +/- 32%	-	918	703	109	106	yes	-	-	-	-	uggauuggauuuggauuggauuug	auuggauuuggauuggauuuggauu	auuggauuuggauuggauuuggauuggauuuggauuggauuuggauuggauuuggauuggcuuuggauuggcuuuggauuggauuuggauuggauuug	1:9976871..9976969:-
3_14945	20.1	33 +/- 32%	-	80	48	0	32	no	-	-	-	-	uuauaauacaagcauucuuaau	uguagcauaugcguauaaau	uguagcauaugcguauaaauaguauuaauuauaauacaagcauucuuaau	3:408744577..408744627:-
2_840	11.4	33 +/- 32%	-	35	22	0	13	no	-	-	-	-	uaugagagcugagggcaca	gugcuuccggacauuccgaa	gugcuuccggacauuccgaauucuagccccucccagugaguaguagauuaugagagcugagggcaca	2:102884464..102884531:+
3_8428	4.6	50 +/- 28%	-	35	35	0	0	yes	-	dme-miR-9377-3p	-	-	auugauggaaagacagcccuacac	guagaggagcuacuuuccaucgacgg	auugauggaaagacagcccuacacuuugcugccagccaaagcugcuaccuugagauuguagaggagcuacuuuccaucgacgg	3:36887324..36887407:+
3_10474	4	50 +/- 28%	-	64	64	0	0	yes	-	dme-miR-4953-3p	-	-	auuuuuauuuuucugauugcuaugu	ugaguaugagagacuuaaaaauuu	auuuuuauuuuucugauugcuauguauugaguaugagagacuuaaaaauuu	3:263646540..263646591:+
1_15889	2	1 +/- 5%	-	22	22	0	0	yes	-	-	-	-	aauuuacgacucgugcuguaaaaau	uuuuacagcacucguuguaauua	uuuuacagcacucguuguaauuauccugcucggcaagccucguaggauaaauuuacgacucgugcuguaaaaau	1:132005693..132005767:+
2_7822	1.9	56 +/- 11%	-	60	60	0	0	yes	-	-	-	-	acggaaccgcucaagcguaaaauaa	auuuugacguuugagcggugccaaau	auuuugacguuugagcggugccaaauucacucguugacauagucacauaaauaacacggaaccgcucaagcguaaaauaa	2:452844984..452845064:-
2_6342	1.9	56 +/- 11%	-	45	45	0	0	yes	-	-	-	-	augagggcaggaucaaacauguc	aguguuugauccuucgaccuugacg	aguguuugauccuucgaccuugacgcuugcuccugcgggggcgagcgaugagggcaggaucaaacauguc	2:267377261..267377331:-
1_15626	1.7	56 +/- 11%	-	32	32	0	0	yes	-	-	-	-	caaggauggccaaccguugaacau	ggacgaugguggcgaucugacca	caaggauggccaaccguugaacaugauccuggacgaugguggcgaucugacca	1:82001922..82001975:+
2_1330	1.7	56 +/- 11%	-	31	31	0	0	yes	-	-	-	-	uauccgguucgaaggaccau	gggacuuuggcucgggugag	uauccgguucgaaggaccauauguugcggcguugcaacugggacuuuggcucgggugag	2:156087825..156087884:+
3_10629	1.6	56 +/- 11%	-	26	26	0	0	yes	-	-	-	-	ugaugucauuugugauacaagac	cugguaucacgggugaacucucg	cugguaucacgggugaacucucgcugcacggcgccgggccgaacgcacgauugaugucauuugugauacaagac	3:274063042..274063116:+
1_15794	1.6	56 +/- 11%	-	18	18	0	0	yes	-	-	-	-	gaagcgauggauccggcuau	agccgaauccccaguuuccg	gaagcgauggauccggcuauuuugucugccucggcaccauccggagccgaauccccaguuuccg	1:111377997..111378061:+
3_10017	1.6	56 +/- 11%	-	18	18	0	0	yes	-	-	-	-	aucagauggugacugagacaaa	cguccagccaccagaugacgc	cguccagccaccagaugacgccgcacggaggaccgugcguugggagagcacauccauccuccgucaguaucagauggugacugagacaaa	3:206874721..206874811:+
2_3741	1.5	56 +/- 11%	-	41	41	0	0	yes	-	-	-	-	uaauggccguuuggcauaaugauu	ucguuuggcauaauggucguuugg	ucguuuggcauaauggucguuuggcauaauggccguuuggcauaauggucauuuggcauaauggccguuuggcauaaugauu	2:465064046..465064128:+
1_20010	1.5	56 +/- 11%	-	32	32	0	0	yes	-	-	-	-	cuaucuggaugcggaccggggcaac	gauucugagcugcugccgaaagau	gauucugagcugcugccgaaagauaucuucguacacuugaacgauaucuaucuggaugcggaccggggcaac	1:234089833..234089905:-
3_13491	1.5	56 +/- 11%	-	36	36	0	0	yes	-	-	-	-	ucgggccuuaucauaguuugaua	caaaacuacgguaagggcugauu	ucgggccuuaucauaguuugauaguagucugaacuacuagacugcaaaacuacgguaagggcugauu	3:209197047..209197114:-
3_10981	1.4	56 +/- 11%	-	39	39	0	0	yes	-	-	-	-	auuugugcacuguugcauaugc	auguguucagugccaucgaa	auguguucagugccaucgaacugauuugugcacuguugcauaugc	3:314142480..314142525:+
2_6772	1.4	56 +/- 11%	-	23	23	0	0	yes	-	-	-	-	agauuaucaccagaaaccguacgau	ugcagggucugaugaugaucugc	ugcagggucugaugaugaucugcuuucagaggauuuuagugauccuaacuaaaauccacccaaaucagauuaucaccagaaaccguacgau	2:307575108..307575199:-
1_16413	1.4	56 +/- 11%	-	21	21	0	0	yes	-	-	-	-	augagaguggccaaauuaggag	ccuaaauuggccaaucgcacuga	ccuaaauuggccaaucgcacugauuucucaugagaguggccaaauuaggag	1:197416109..197416160:+
2_4250	1.4	56 +/- 11%	-	26	26	0	0	yes	-	-	-	-	uaaggccaaugacaguuugcgaaau	ugagcaagagagagucauuggccucuca	ugagcaagagagagucauuggccucucaccaugcuaaggccaaugacaguuugcgaaau	2:48175232..48175291:-
3_13587	1.3	56 +/- 11%	-	21	21	0	0	yes	-	-	-	-	aguugggcaggcucaaaaua	agaaggguuugcuccacgcg	aguugggcaggcucaaaauaugaaagaaggguuugcuccacgcg	3:220123034..220123078:-
2_2026	1.3	56 +/- 11%	-	33	33	0	0	yes	-	-	-	-	acuuugauuuuuuagauuguuaugu	augagggacuugaaaauuggcacca	acuuugauuuuuuagauuguuauguauuaaguaugagggacuugaaaauuggcacca	2:240831228..240831285:+
2_5924	1.3	56 +/- 11%	-	34	34	0	0	yes	-	-	-	-	agaugacgaagcgguugaauggu	uucaucacauucguaucgaucacucuug	uucaucacauucguaucgaucacucuugauucaagaugacgaagcgguugaauggu	2:223249779..223249835:-
NIGP01000596_21037	1.2	56 +/- 11%	-	59	59	0	0	yes	-	-	-	-	ucgauauaacguaacucgauu	uuuucguuacguuauaucgagg	ucgauauaacguaacucgauuuuuauuuucguuacguuauaucgagg	NIGP01000596:16226..16273:-
1_15646	1.2	56 +/- 11%	-	35	35	0	0	yes	-	-	-	-	augauguaaucgcaaaac	ugaucguuacguuaacc	augauguaaucgcaaaacggcugaaggcagaaggguuacuugagccguugaucguuacguuaacc	1:86551192..86551257:+
2_4546	1.1	56 +/- 11%	-	41	41	0	0	yes	-	dme-miR-4979-3p	-	-	uuacauguugaaggacacgaaaac	aaacguggccuugaagauguauuu	aaacguggccuugaagauguauuuaaccaaaaauguaauuuuacauguugaaggacacgaaaac	2:82722873..82722937:-
1_19983	1.1	56 +/- 11%	-	31	31	0	0	yes	-	-	-	-	auugacgauaagggcuucaucg	cugcugcccugaucggaaugc	auugacgauaagggcuucaucgacacugcugcccugaucggaaugc	1:229081233..229081279:-
2_2125	1.1	56 +/- 11%	-	20	20	0	0	yes	-	-	-	-	uaggggugcaaugagugaccuuac	gaguaacgcuucuucgccugagaa	gaguaacgcuucuucgccugagaaggcaaucauggucguagccaugauuuucuuuaggggugcaaugagugaccuuac	2:246998242..246998320:+
2_1442	0.9	4 +/- 6%	-	12	12	0	0	yes	-	-	-	-	guguuaaaaauccacccgguaauu	ucaccgggucgggauguggcgaacacca	guguuaaaaauccacccgguaauuaauauucccuucguucaucaccgggucgggauguggcgaacacca	2:173951740..173951809:+
3_9360	0.9	4 +/- 6%	-	21	21	0	0	yes	-	-	-	-	uuaaggauucugacuagaaau	uucugaccagaaauccuuugag	uuaaggauucugacuagaaauccuuugacgauuccgaccaaaaauccugugaggauucugaccagaaauccuuugag	3:143143647..143143724:+
3_13241	0.9	4 +/- 6%	-	11	11	0	0	yes	-	-	-	-	ugcaccauagaguccaaacaa	uauugggcaucuugggcaau	ugcaccauagaguccaaacaaucuauugggcaucuugggcaau	3:179501284..179501327:-
2_8025	0.8	4 +/- 6%	-	25	25	0	0	no	-	dme-miR-2494-3p	-	-	uucccagugcagauucaaaac	ugaugacuuugcacgugguaagu	uucccagugcagauucaaaacggccaguggaagauuguucagggcuuguccguugaugacuuugcacgugguaagu	2:470385258..470385334:-
2_6462	0.8	4 +/- 6%	-	23	23	0	0	no	-	dme-miR-278-3p	-	-	gcggugggaauugucggag	cugaacaauuacaucuucg	cugaacaauuacaucuucgucgcggugggaauugucggag	2:281679999..281680039:-
2_3212	0.7	4 +/- 6%	-	23	23	0	0	yes	-	-	-	-	uugagaagcaggaaaacuuggccac	gagcgagauuuuaugcuucuauuau	uugagaagcaggaaaacuuggccacacuaucgaugaccgaucggaagauuaaggaguugaacaaggugagcgagauuuuaugcuucuauuau	2:388922576..388922668:+
2_780	0.6	4 +/- 6%	-	25	25	0	0	yes	-	-	-	-	ucggccuauuucccuacgga	cgcugggaaaugugcggaag	ucggccuauuucccuacggagugacacuccgcgcgacgcugggaaaugugcggaag	2:95911082..95911138:+
3_10794	0.6	4 +/- 6%	-	22	22	0	0	yes	-	-	-	-	agagguguccaguagcaac	ggcggcggaggcagcaag	agagguguccaguagcaacaagaguggcggcggaggcagcaag	3:294158847..294158890:+
2_1155	0.6	4 +/- 6%	-	67	67	0	0	yes	-	-	-	-	ccuugaucuaugacaaaguucuuau	gagaagcuuugucuggauuacuagu	gagaagcuuugucuggauuacuaguuggacuacuccuugaucuaugacaaaguucuuau	2:134384976..134385035:+
2_2127	0.6	4 +/- 6%	-	15	15	0	0	yes	-	-	-	-	agaaugaguucuuggaaa	gcgaggagcuuuuuga	gcgaggagcuuuuugaggaguucuuaagagaaauucaggaagaaccuuuagaaugaguucuuggaaa	2:247000536..247000603:+
3_8979	0.6	4 +/- 6%	-	31	31	0	0	yes	-	-	-	-	aagaagagucacaaacauagc	gguggagaaggauucuucaaaa	gguggagaaggauucuucaaaaaagaaaaagaagaagagcaaaaagaagagucacaaacauagc	3:95794530..95794594:+
3_13997	0.5	4 +/- 6%	-	53	53	0	0	yes	-	-	-	-	uauaacguuguaaagccuaacggau	caaaggcuuucacaaugcgucgug	uauaacguuguaaagccuaacggauugaagaugauuuggcauaaagucaacauuccuucaaaggcuuucacaaugcgucgug	3:286839768..286839850:-
2_1850	0.5	4 +/- 6%	-	37	37	0	0	yes	-	-	-	-	augucguuugugcugaaaauuaaac	caaauuuucagugcgaaugaauguc	augucguuugugcugaaaauuaaacucgcugguggugacaaaucgaucaaucaaauuuucagugcgaaugaauguc	2:226183412..226183488:+
2_4633	0.5	4 +/- 6%	-	32	32	0	0	yes	-	-	-	-	agcgcucacaaagcgugugacguc	ugcaacgauuuggggugcgau	agcgcucacaaagcgugugacgucaaaacuaucagcaucuaaagcugugauucaauuuaauuuggaugcgaugcaacgauuuggggugcgau	2:99020862..99020954:-
3_12206	0.5	4 +/- 6%	-	22	22	0	0	yes	-	-	-	-	gcaugcggaagaauuccacu	uggacuucuucucgaucaaugcac	uggacuucuucucgaucaaugcacaacgcgcagcacucgccaucacggccaacugcugucugaaucugcaugcggaagaauuccacu	3:47826225..47826312:-
3_11521	0.3	4 +/- 6%	-	809	809	0	0	yes	-	-	-	-	uggauuggauuuggauuggauuug	gauuggauuuggauugggauugga	gauuggauuuggauugggauuggauuggauuggauuuuggauuggauuggauuuggaauuggauuuggauuggcuuuggauuggauuuggauuggauuug	3:376091337..376091437:+
3_12501	0.3	4 +/- 6%	-	17	17	0	0	no	-	dme-miR-2491-5p	-	-	agcuguugauggcggccaauu	uugcacgucgcaucuccacccg	agcuguugauggcggccaauuguaaucgauugcacgucgcaucuccacccg	3:95416727..95416778:-
2_7259	0.3	4 +/- 6%	-	22	22	0	0	yes	-	-	-	-	ugaacaacuuggccgaaaaca	ucaggccaaguugucagg	ugaacaacuuggccgaaaacaccauuuugucaggccaaguugucagg	2:365306938..365306985:-
3_8371	0.2	4 +/- 6%	-	22	22	0	0	yes	-	-	-	-	cgaggaaaggaucacgauau	aucggaucggaacacggu	aucggaucggaacacgguacuggugauaccggaaaaaaucgccggcuaucgaggaaaggaucacgauau	3:27913952..27914021:+
1_17626	0.2	4 +/- 6%	-	16	16	0	0	yes	-	-	-	-	acgcuggaaacagaaaaaug	uuuuucuuucuuugagaguuu	uuuuucuuucuuugagaguuugacagaucgaacgcuggaaacagaaaaaug	1:23241483..23241534:-
2_580	0.2	4 +/- 6%	-	50	50	0	0	yes	-	-	-	-	uacucaguuuagguacaaaac	aaugucccucaacacgaguucc	uacucaguuuagguacaaaacaaaaaugucccucaacacgaguucc	2:74673340..74673386:+
2_6366	0.1	4 +/- 6%	-	26	26	0	0	yes	-	-	-	-	aagagaagugaagaaaaa	uuuguccgccgaagcuuac	uuuguccgccgaagcuuacgcugcauuauauuuagcuguguauuguguacgcagcaguguaagagaagugaagaaaaa	2:271366497..271366575:-
3_11407	0.1	4 +/- 6%	-	16	16	0	0	yes	-	-	-	-	cugaucgaaauccaaacaa	uuaugguucgaucggcu	uuaugguucgaucggcuuauucugaucgaaauccaaacaa	3:358827039..358827079:+
3_12588	0	4 +/- 6%	-	59	59	0	0	yes	-	-	-	-	uuugauuaaaugguagagaagguac	gcuggcuuggugccgguuucggagg	gcuggcuuggugccgguuucggagguagaggcgaauaguuucuugguggagguauuggucuuguuugauuaaaugguagagaagguac	3:106034586..106034674:-
3_11886	0	4 +/- 6%	-	28	28	0	0	yes	-	-	-	-	cgugaaaaucauccuggaucacugc	auggaccuagguggucacaau	auggaccuagguggucacaauaaugaccuccggaagauccggaacauccguaaacauggucauuucgugaaaaucauccuggaucacugc	3:11886799..11886889:-



mature miRBase miRNAs detected by miRDeep2
tag id	miRDeep2 score	estimated probability that the miRNA is a true positive	rfam alert	total read count	mature read count	loop read count	star read count	significant randfold p-value	mature miRBase miRNA	example miRBase miRNA with the same seed	UCSC browser	NCBI blastn	consensus mature sequence	consensus star sequence	consensus precursor sequence	precursor coordinate
1_20432	5.2	29 +/- 32%	-	178	178	0	0	yes	aae-miR-277-5p	dme-miR-277-3p	-	-	uaaaugcacuaucugguacgaca	gcgugucagaagugcauuuaca	gcgugucagaagugcauuuacauagguauuucccguuuagcaguauuuguaaaugcacuaucugguacgaca	1:302603812..302603884:-
2_7608	5	29 +/- 32%	-	47	47	0	0	yes	aae-miR-184	dme-miR-184-3p	-	-	uggacggagaacugauaagggc	ccuuaucauucuugcgccccgu	ccuuaucauucuugcgccccguguuauauuguuggcgacuggacggagaacugauaagggc	2:417599380..417599441:-
2_4615	4.9	50 +/- 28%	-	42	42	0	0	yes	aae-miR-281-5p	dme-miR-281-2-5p	-	-	aagagagcuauccgucgacagu	ugucauggaauugcucucuuua	aagagagcuauccgucgacaguagggauaugauucacugucauggaauugcucucuuua	2:96469361..96469420:-
1_20488	4.7	50 +/- 28%	-	22	22	0	0	yes	aae-miR-1175-5p	dme-miR-958-3p	-	-	ugagauucuacuucuccgacuua	aguggaguaguggucucaucgcu	aguggaguaguggucucaucgcuuaguauuagaaaagugagauucuacuucuccgacuua	1:307010045..307010105:-
2_7500	4.6	50 +/- 28%	-	80	80	0	0	yes	aae-miR-1	dme-miR-1-3p	-	-	uggaauguaaagaaguauggag	ccaugcuuccuugcauucaaua	ccaugcuuccuugcauucaauagugauucugaaagcauauggaauguaaagaaguauggag	2:399501023..399501084:-
2_4348	2.1	1 +/- 5%	-	2352	2352	0	0	yes	aae-miR-11894a	-	-	-	uuuaccauuucaagaugaccua	ggucgucuugaaaugguaaaga	ggucgucuugaaaugguaaagagugucaaucaucaucuuuaccauuucaagaugaccua	2:58785158..58785217:-
2_4352	2	1 +/- 5%	-	2352	2352	0	0	yes	aae-miR-11894a	-	-	-	uuuaccauuucaagaugaccua	ggucgucuugaaaugguaaaga	ggucgucuugaaaugguaaagagugucaaucaucaucuuuaccauuucaagaugaccua	2:58787426..58787485:-
2_4354	2	1 +/- 5%	-	2352	2352	0	0	yes	aae-miR-11894a	-	-	-	uuuaccauuucaagaugaccua	ggucgucuugaaaugguaaaga	ggucgucuugaaaugguaaagagugucaaucaucaucuuuaccauuucaagaugaccua	2:58787948..58788007:-
2_4350	2	1 +/- 5%	-	2352	2352	0	0	yes	aae-miR-11894a	-	-	-	uuuaccauuucaagaugaccua	ggucgucuugaaaugguaaaga	ggucgucuugaaaugguaaagagugucaaucaucaucuuuaccauuucaagaugaccua	2:58785850..58785909:-
2_4616	-2.3	0 +/- 0%	-	42	42	0	0	no	aae-miR-281-5p	dme-miR-281-2-5p	-	-	aagagagcuauccgucgacagu	cguugacgugggauuuuuuug	cguugacgugggauuuuuuuguucauuuuguucuuucgcugguuucgaauaugaaaauaaagagagcuauccgucgacagu	2:96469398..96469479:-

#miRBase miRNAs not detected by miRDeep2
miRBase precursor id	total read count	mature read count(s)	star read count	remaining reads	UCSC browser	NCBI blastn	miRBase mature sequence(s)	miRBase star sequence(s)	miRBase precursor sequence
122	122	0	0	-	-	uuuaccauuucaauaugaccua	-	gaugggucguauugaaaugguaaagagugucaaucaucaucuuuaccauuucaauaugaccuauu	
95	95	0	0	-	-	caucuuaccgggcagcauuaga	uaauacugucagguaaagauguc	-	gucuguucacaucuuaccgggcagcauuagauauuuuugaaauacuucuaauacugucagguaaagaugucguccgaac	
55	55	0	0	-	-	uaaggcacgcggugaaugc	-	uuuucuccugguauccacugccggccuauauguccuauuucgguacucauaaggcacgcggugaaugccaagagcg	
19	19	0	0	-	-	uucaugcauucacuucugcuga	-	gauaagcaggagugaaugcaugaguuuggcauuugaaacuaauucaugcauucacuucugcugauc	
8	8	0	0	-	-	ugguuuaucuuaucugucgaggc	gucgacagggagauaaaucacu	-	cauugguuuaucuuaucugucgaggcaaguuauuuuaccggauaguguuucuuuucgugagcaaucaccacuauccagcucuucuugucgacagggagauaaaucacug	





48	0	0	48	-	-	ucagaucuacuuaauacccau	-	acuccaauucuggguauuuuagauccuuggcauaguuacgugauugaaugcacuguucuucuuugguuuacccaguaucgaacacgcgucaaucugucagaucuacuuaauacccaua	
















































































































