miRDeep2 score	novel miRNAs reported by miRDeep2	novel miRNAs, estimated false positives	novel miRNAs, estimated true positives	known miRNAs in species	known miRNAs in data	known miRNAs detected by miRDeep2	estimated signal-to-noise	excision gearing
10	0	0 +/- 0	0 +/- 0 (0 +/- 0%)	164	18	0 (0%)	0	1
9	0	0 +/- 0	0 +/- 0 (0 +/- 0%)	164	18	0 (0%)	0	1
8	0	0 +/- 0	0 +/- 0 (0 +/- 0%)	164	18	0 (0%)	0	1
7	0	0 +/- 0	0 +/- 0 (0 +/- 0%)	164	18	0 (0%)	0	1
6	0	0 +/- 0	0 +/- 0 (0 +/- 0%)	164	18	0 (0%)	0	1
5	0	0 +/- 0	0 +/- 0 (0 +/- 0%)	164	18	3 (17%)	8.7	1
4	0	0 +/- 0	0 +/- 0 (0 +/- 0%)	164	18	9 (50%)	21.4	1
3	0	0 +/- 0	0 +/- 0 (0 +/- 0%)	164	18	11 (61%)	5.2	1
2	1	2 +/- 1	0 +/- 0 (18 +/- 39%)	164	18	11 (61%)	4.8	1
1	1	2 +/- 1	0 +/- 0 (16 +/- 37%)	164	18	13 (72%)	4.6	1
0	1	3 +/- 1	0 +/- 0 (3 +/- 17%)	164	18	13 (72%)	2.6	1
-1	2	7 +/- 2	0 +/- 0 (0 +/- 0%)	164	18	13 (72%)	1.3	1
-2	2	11 +/- 2	0 +/- 0 (0 +/- 0%)	164	18	13 (72%)	0.9	1
-3	2	13 +/- 3	0 +/- 0 (0 +/- 0%)	164	18	13 (72%)	0.8	1
-4	3	14 +/- 3	0 +/- 0 (0 +/- 0%)	164	18	15 (83%)	0.9	1
-5	5	16 +/- 3	0 +/- 0 (0 +/- 0%)	164	18	15 (83%)	0.9	1
-6	5	16 +/- 3	0 +/- 0 (0 +/- 0%)	164	18	15 (83%)	0.9	1
-7	6	18 +/- 3	0 +/- 0 (0 +/- 0%)	164	18	15 (83%)	0.9	1
-8	6	19 +/- 4	0 +/- 0 (0 +/- 0%)	164	18	15 (83%)	0.8	1
-9	8	20 +/- 4	0 +/- 0 (0 +/- 0%)	164	18	15 (83%)	0.9	1
-10	10	21 +/- 3	0 +/- 0 (0 +/- 0%)	164	18	15 (83%)	1	1



novel miRNAs predicted by miRDeep2
provisional id	miRDeep2 score	estimated probability that the miRNA candidate is a true positive	rfam alert	total read count	mature read count	loop read count	star read count	significant randfold p-value	miRBase miRNA	example miRBase miRNA with the same seed	UCSC browser	NCBI blastn	consensus mature sequence	consensus star sequence	consensus precursor sequence	precursor coordinate
3_161	2.4	18 +/- 39%	-	82	82	0	0	yes	-	-	-	-	auaccauguugaaaacaa	guuuucaacaugguauga	guuuucaacaugguaugauuguugaccguugcuugcuugcauaccauguugaaaacaa	3:192815589..192815647:+



mature miRBase miRNAs detected by miRDeep2
tag id	miRDeep2 score	estimated probability that the miRNA is a true positive	rfam alert	total read count	mature read count	loop read count	star read count	significant randfold p-value	mature miRBase miRNA	example miRBase miRNA with the same seed	UCSC browser	NCBI blastn	consensus mature sequence	consensus star sequence	consensus precursor sequence	precursor coordinate
1_558	5.2	0 +/- 0%	-	323	323	0	0	yes	aae-miR-277-5p	dme-miR-277-3p	-	-	uaaaugcacuaucugguacgaca	gcgugucagaagugcauuuaca	gcgugucagaagugcauuuacauagguauuucccguuuagcaguauuuguaaaugcacuaucugguacgaca	1:302603812..302603884:-
2_126	5	0 +/- 0%	-	96	96	0	0	yes	aae-miR-184	dme-miR-184-3p	-	-	uggacggagaacugauaagggc	ccuuaucauucuugcgccccgu	ccuuaucauucuugcgccccguguuauauuguuggcgacuggacggagaacugauaagggc	2:417599380..417599441:-
2_73	4.9	0 +/- 0%	-	26	26	0	0	yes	aae-miR-281-5p	dme-miR-281-1-5p	-	-	aaagagagcuauccgucgacag	gucauggaauugcucucuuuau	aaagagagcuauccgucgacaguagggauaugauucacugucauggaauugcucucuuuau	2:96469360..96469421:-
2_53	4.8	0 +/- 0%	-	15	15	0	0	yes	aae-miR-124	dme-miR-124-3p	-	-	uaaggcacgcggugaaugccaag	ugguauccacugccggccuauaug	ugguauccacugccggccuauauguccuauuucgguacucauaaggcacgcggugaaugccaag	2:369307278..369307342:+
2_124	4.6	0 +/- 0%	-	563	563	0	0	yes	aae-miR-1	dme-miR-1-3p	-	-	uggaauguaaagaaguauggag	ccaugcuuccuugcauucaaua	ccaugcuuccuugcauucaauagugauucugaaagcauauggaauguaaagaaguauggag	2:399501023..399501084:-
3_185	4.2	0 +/- 0%	-	39	39	0	0	yes	aae-miR-8-3p	dme-miR-8-3p	-	-	uaauacugucagguaaag	uaccgggcagcauuaga	uaccgggcagcauuagauauuuuugaaauacuucuaauacugucagguaaag	3:328527960..328528012:+
3_159	3.5	0 +/- 0%	-	46	46	0	0	yes	aae-bantam-5p	dme-bantam-3p	-	-	ugagaucauuuugaaagcugauu	ccgguuuucauuuucgaucugacu	ccgguuuucauuuucgaucugacuuauuugauuuaacaagagugagaucauuuugaaagcugauu	3:178082830..178082895:+
3_288	1.4	16 +/- 37%	-	353	353	0	0	yes	aae-miR-308-5p	-	-	-	aaaucacaggaguauacugugag	cgcgguauauucuuguggcuuga	cgcgguauauucuuguggcuugaugcauuugaaaaaucucaaaucacaggaguauacugugag	3:403338483..403338546:-
2_74	-2.8	0 +/- 0%	-	26	26	0	0	no	aae-miR-281-5p	dme-miR-281-1-5p	-	-	aaagagagcuauccgucgacag	guugacgugggauuuuuuugu	guugacgugggauuuuuuuguucauuuuguucuuucgcugguuucgaauaugaaaauaaagagagcuauccgucgacag	2:96469399..96469478:-
1_379	-4	0 +/- 0%	-	10	10	0	0	no	aae-miR-252-5p	-	-	-	acuaaguacuagugccgcag	gcugcccaagugcuuaucga	acuaaguacuagugccgcaggagagauuugaaccccugcugcccaagugcuuaucga	1:175818156..175818213:-
1_380	-5.4	0 +/- 0%	-	10	10	0	0	no	aae-miR-252-5p	-	-	-	acuaaguacuagugccgcag	gcggcuuauugcuucugguga	gcggcuuauugcuucuggugauugauaagaauucuuuacuaaguacuagugccgcag	1:175818193..175818250:-

#miRBase miRNAs not detected by miRDeep2
miRBase precursor id	total read count	mature read count(s)	star read count	remaining reads	UCSC browser	NCBI blastn	miRBase mature sequence(s)	miRBase star sequence(s)	miRBase precursor sequence
199	199	0	0	-	-	caguacuuauguuaugcucucu	ugaguauuacaucagguacuggu	-	uucggacugaguauuacaucagguacuggugucgauauucgaaucaccaacgaaucggguuccuuugauuaacuuaccaguacuuauguuaugcucucuccg	
139	139	0	0	-	-	cacguuacagauugggguuucc	uaaucucaaauuguaacagugg	-	gagguaaucucaaauuguaacaguggguugauuuuccuggugaaucccggccuuguccuccgucacaagugugacaagugucucgaaaacguguucgcuauacccacguuacagauugggguuucccc	
26	26	0	0	-	-	ugguuuaucuuaucugucgaggc	gucgacagggagauaaaucacu	-	cauugguuuaucuuaucugucgaggcaaguuauuuuaccggauaguguuucuuuucgugagcaaucaccacuauccagcucuucuugucgacagggagauaaaucacug	
17	17	0	0	-	-	ucguaaaaaugguugugcugug	uaucacagccauuuugacgaguu	-	gucgugaucggaucguaaaaaugguugugcuguguuguuacgcucgaaauucauaucacagccauuuugacgaguucgauccug	




















































































































