miRDeep2 score	novel miRNAs reported by miRDeep2	novel miRNAs, estimated false positives	novel miRNAs, estimated true positives	known miRNAs in species	known miRNAs in data	known miRNAs detected by miRDeep2	estimated signal-to-noise	excision gearing
10	3	1 +/- 1	2 +/- 1 (82 +/- 27%)	164	9	0 (0%)	5.5	2
9	3	1 +/- 1	2 +/- 1 (81 +/- 28%)	164	9	0 (0%)	5.4	2
8	3	1 +/- 1	2 +/- 1 (81 +/- 28%)	164	9	0 (0%)	5.4	2
7	3	1 +/- 1	2 +/- 1 (81 +/- 28%)	164	9	0 (0%)	5.3	2
6	3	1 +/- 1	2 +/- 1 (81 +/- 28%)	164	9	0 (0%)	5.1	2
5	3	1 +/- 1	2 +/- 1 (80 +/- 28%)	164	9	0 (0%)	4.9	2
4	3	1 +/- 1	2 +/- 1 (79 +/- 28%)	164	9	0 (0%)	4.7	2
3	3	1 +/- 1	2 +/- 1 (76 +/- 30%)	164	9	0 (0%)	4.1	2
2	4	1 +/- 1	3 +/- 1 (76 +/- 25%)	164	9	2 (22%)	5.2	2
1	5	1 +/- 1	4 +/- 1 (71 +/- 23%)	164	9	4 (44%)	4.8	2
0	5	3 +/- 2	2 +/- 1 (45 +/- 29%)	164	9	4 (44%)	2.4	2
-1	7	5 +/- 2	2 +/- 2 (29 +/- 26%)	164	9	5 (56%)	1.9	2
-2	10	10 +/- 3	1 +/- 2 (13 +/- 17%)	164	9	5 (56%)	1.3	2
-3	19	16 +/- 4	4 +/- 3 (19 +/- 16%)	164	9	5 (56%)	1.4	2
-4	54	27 +/- 5	27 +/- 5 (49 +/- 9%)	164	9	5 (56%)	2.1	2
-5	79	70 +/- 7	9 +/- 6 (12 +/- 8%)	164	9	5 (56%)	1.2	2
-6	113	143 +/- 9	0 +/- 0 (0 +/- 0%)	164	9	5 (56%)	0.8	2
-7	137	223 +/- 12	0 +/- 0 (0 +/- 0%)	164	9	5 (56%)	0.6	2
-8	186	309 +/- 14	0 +/- 0 (0 +/- 0%)	164	9	5 (56%)	0.6	2
-9	252	394 +/- 15	0 +/- 0 (0 +/- 0%)	164	9	5 (56%)	0.6	2
-10	324	473 +/- 18	0 +/- 0 (0 +/- 0%)	164	9	5 (56%)	0.7	2



novel miRNAs predicted by miRDeep2
provisional id	miRDeep2 score	estimated probability that the miRNA candidate is a true positive	rfam alert	total read count	mature read count	loop read count	star read count	significant randfold p-value	miRBase miRNA	example miRBase miRNA with the same seed	UCSC browser	NCBI blastn	consensus mature sequence	consensus star sequence	consensus precursor sequence	precursor coordinate
3_19648	32.6	82 +/- 27%	-	64	63	0	1	yes	-	-	-	-	augccauaagaugauuaacgcacuu	auugcgaucacugauguuau	augccauaagaugauuaacgcacuuauugcgaucacugauguuau	3:314175933..314175978:+
3_19616	28.9	82 +/- 27%	-	64	63	0	1	no	-	-	-	-	augccauaagaugauuaacgcacuu	auugcgaucacugauguuau	augccauaagaugauuaacgcacuuauugcgaucacugauguuau	3:314138870..314138915:+
3_19644	28.9	82 +/- 27%	-	64	63	0	1	no	-	-	-	-	augccauaagaugauuaacgcacuu	auugcgaucacugauguuau	augccauaagaugauuaacgcacuuauugcgaucacugauguuau	3:314172174..314172219:+
3_16005	2.6	76 +/- 25%	-	16	16	0	0	yes	-	-	-	-	aucccagccgagcacgugga	cacgugcucggcugggauuu	cacgugcucggcugggauuuuaacccaggacucuuguaugcuagacgaguaguccuggguucaaaucccagccgagcacgugga	3:110366451..110366535:+
1_31953	1.3	71 +/- 23%	-	248	108	140	0	yes	-	-	-	-	uuggauuggauuuggauuggauuu	auuggauuucgauugauuuggau	uuggauuggauuuggauuggauuuggauuggauuuggauuggauuuggauuggauuuggauuggauuuggauuggguuuggauuggauuucgauugauuuggau	1:30922965..30923069:-



mature miRBase miRNAs detected by miRDeep2
tag id	miRDeep2 score	estimated probability that the miRNA is a true positive	rfam alert	total read count	mature read count	loop read count	star read count	significant randfold p-value	mature miRBase miRNA	example miRBase miRNA with the same seed	UCSC browser	NCBI blastn	consensus mature sequence	consensus star sequence	consensus precursor sequence	precursor coordinate
3_27140	2.1	76 +/- 25%	-	6	5	1	0	yes	aae-miR-308-5p	dme-miR-2a-3p	-	-	aaucacaggaguauacugugag	cgcgguauauucuuguggcuug	cgcgguauauucuuguggcuugaugcauuugaaaaaucucaaaucacaggaguauacugugag	3:403338483..403338546:-
1_36651	1.2	71 +/- 23%	-	5	5	0	0	yes	aae-miR-12-5p	dme-miR-12-5p	-	-	ugaguauuacaucagguacuggu	caguacuuauguuaugcucucu	ugaguauuacaucagguacuggugucgauauucgaaucaccaacgaaucggguuccuuugauuaacuuaccaguacuuauguuaugcucucu	1:305613548..305613640:-
2_6938	-0.2	29 +/- 26%	-	10	10	0	0	yes	aae-miR-11914	-	-	-	uucgaccuggucacuaaaaaguc	cuuuuuagugacuuggucacuuu	cuuuuuagugacuuggucacuuuuuucgaccuggucacuaaaaaguc	2:24246652..24246699:-

#miRBase miRNAs not detected by miRDeep2
miRBase precursor id	total read count	mature read count(s)	star read count	remaining reads	UCSC browser	NCBI blastn	miRBase mature sequence(s)	miRBase star sequence(s)	miRBase precursor sequence
614	614	0	0	-	-	uuuaccauuucaagaugaccua	-	gauggguugucuugaaaugguaaagagugucaaccaucaucuuuaccauuucaagaugaccuauu	
54	54	0	0	-	-	uuuaccauuucaauaugaccua	-	gaugggucguauugaaaugguaaagagugucaaucaucaucuuuaccauuucaauaugaccuauu	
26	26	0	0	-	-	uucaugcauucacuucugcuga	-	gauaagcaggagugaaugcaugaguuuggcauuugaaacuaauucaugcauucacuucugcugauc	
7	7	0	0	-	-	ugguuuaucuuaucugucgaggc	gucgacagggagauaaaucacu	-	cauugguuuaucuuaucugucgaggcaaguuauuuuaccggauaguguuucuuuucgugagcaaucaccacuauccagcucuucuugucgacagggagauaaaucacug	
3	3	0	0	-	-	gcuuuggcgcuuuagcuguauga	uaaagcuagauuaccaaagcau	-	gaacccaucguccaugcuuuggcgcuuuagcuguaugauagaauuuaauauuucauaaagcuagauuaccaaagcauggaaggcuugggcgguguc	
2	2	0	0	-	-	uggacggagaacugauaagggc	-	ccgguguauucguacccuuaucauucuugcgccccguguuauauuguuggcgacuggacggagaacugauaagggcccgggucaccuu	
1	1	0	0	-	-	ugaacacagcuggugguaucu	-	ggaauuucggcuaccgggauacacccugugcucgcuuugcauucgaaacuagugaacacagcuggugguaucucaguggcccuaaucc	
1	1	0	0	-	-	uaggaacuucauaccgugcuc	-	ggugaagugugcaguaauuagugccagguagguuagauuuccagugucucgaguuaauccgucagcgagguauagaguuccuaugcguucggauaaaauauuccauaggaacuucauaccgugcucuuggauugcuuggaagucaucgagaggguaaugguggaaguucguggcuaauuuguaaaucauc	
1	1	0	0	-	-	acucucaaagugguugugaaa	uaucacagccagcuuugaagagc	-	ugggaacuguuuccacucucaaagugguugugaaaugaguuacucuugaacgaucucauaucacagccagcuuugaagagcgaaacgguuucucgca	
1	1	0	0	-	-	ugagaucauuuugaaagcugau	ccgguuuucauuuucgaucugac	-	agaaccgguuuucauuuucgaucugacuuauuugauuuaacaagagugagaucauuuugaaagcugauuuu	
1	1	0	0	-	-	caauaucagcugguaauucugggc	-	guucgacugaaaggucaauaucagcugguaauucugggcuuaccccaccguuauacgcuucccggaauuccaacugauauccacuuuuuagucgagaugguca	



















1	0	0	1	-	-	cgagauacggagagauugcgaca	-	cagucgccucuucacaucucgauaucgaagggaccaucgagauacggagagauugcgacaa	




































































1	1	0	0	-	-	uaggaacuucauaccgugcuc	agcgagguauagaguuccuac	-	acuggugauugccaucagcgagguauagaguuccuacguugcgugugcgaaauugguaggaacuucauaccgugcucuuggcuagccguga	





1	0	0	1	-	-	uuccgaaguugggugucucgc	-	ugcaagauacccuacuucggaaguagggcgcauuagagcgcauccggaugcgaaucgaaugcaccacuuccgaaguugggugucucgca	






1	0	0	1	-	-	cugaaaacuuaaucgauugguc	-	uaaccugaaaacuuaaucgauuggucacuagcugcgcggugaccaaucgauuaaguuuucagcuua	













