miRDeep2 score	novel miRNAs reported by miRDeep2	novel miRNAs, estimated false positives	novel miRNAs, estimated true positives	known miRNAs in species	known miRNAs in data	known miRNAs detected by miRDeep2	estimated signal-to-noise	excision gearing
10	1	1 +/- 1	1 +/- 1 (54 +/- 50%)	164	110	27 (25%)	29.7	1
9	1	1 +/- 1	1 +/- 1 (54 +/- 50%)	164	110	27 (25%)	29.7	1
8	1	1 +/- 1	1 +/- 1 (54 +/- 50%)	164	110	27 (25%)	29.7	1
7	1	1 +/- 1	1 +/- 1 (54 +/- 50%)	164	110	27 (25%)	29.7	1
6	1	1 +/- 1	1 +/- 1 (54 +/- 50%)	164	110	27 (25%)	29.7	1
5	2	1 +/- 1	1 +/- 1 (69 +/- 36%)	164	110	60 (55%)	55.1	1
4	4	1 +/- 1	3 +/- 1 (81 +/- 22%)	164	110	87 (79%)	61.7	1
3	6	8 +/- 3	0 +/- 1 (6 +/- 16%)	164	110	88 (80%)	8.4	1
2	7	11 +/- 3	0 +/- 0 (2 +/- 7%)	164	110	88 (80%)	6.1	1
1	25	14 +/- 4	11 +/- 4 (43 +/- 15%)	164	110	93 (85%)	6.1	1
0	28	35 +/- 5	0 +/- 1 (0 +/- 2%)	164	110	95 (86%)	2.7	1
-1	29	73 +/- 6	0 +/- 0 (0 +/- 0%)	164	110	96 (87%)	1.4	1
-2	32	110 +/- 8	0 +/- 0 (0 +/- 0%)	164	110	96 (87%)	0.9	1
-3	43	140 +/- 9	0 +/- 0 (0 +/- 0%)	164	110	96 (87%)	0.8	1
-4	73	168 +/- 10	0 +/- 0 (0 +/- 0%)	164	110	96 (87%)	0.9	1
-5	94	189 +/- 11	0 +/- 0 (0 +/- 0%)	164	110	97 (88%)	0.9	1
-6	120	217 +/- 11	0 +/- 0 (0 +/- 0%)	164	110	98 (89%)	0.9	1
-7	137	239 +/- 12	0 +/- 0 (0 +/- 0%)	164	110	98 (89%)	0.9	1
-8	162	258 +/- 12	0 +/- 0 (0 +/- 0%)	164	110	98 (89%)	0.9	1
-9	181	275 +/- 13	0 +/- 0 (0 +/- 0%)	164	110	98 (89%)	0.9	1
-10	197	289 +/- 13	0 +/- 0 (0 +/- 0%)	164	110	98 (89%)	0.9	1



novel miRNAs predicted by miRDeep2
provisional id	miRDeep2 score	estimated probability that the miRNA candidate is a true positive	rfam alert	total read count	mature read count	loop read count	star read count	significant randfold p-value	miRBase miRNA	example miRBase miRNA with the same seed	UCSC browser	NCBI blastn	consensus mature sequence	consensus star sequence	consensus precursor sequence	precursor coordinate
3_2734	3221.8	54 +/- 50%	-	6318	6153	0	165	yes	-	-	-	-	guaggccggcggaaacuacuugc	agggguuucuuucggccuccag	agggguuucuuucggccuccagcggcauuagauaguuguaggccggcggaaacuacuugc	3:6069685..6069745:-
3_2061	5.2	69 +/- 36%	-	3262	3262	0	0	yes	-	dme-miR-971-3p	-	-	uugguguuauaucuuacagugag	ggcuguaaguauuacagcaagc	ggcuguaaguauuacagcaagcuugcuauucgaaaggcgcuugguguuauaucuuacagugag	3:82678953..82679016:+
1_5404	4.3	81 +/- 22%	-	55	55	0	0	yes	-	dme-miR-283-3p	-	-	uggaauuuggaauuuggaauuug	aauuuggaauuuggaauuuggaa	uggaauuuggaauuuggaauuuggaauuuggaauuuggaauuuggaauuuggaauuuggaauuuggaauuuggaauuuggaauuuggaa	1:270852609..270852698:-
1_4096	4.2	81 +/- 22%	-	522	522	0	0	yes	-	dme-miR-iab-8-5p	-	-	uuacguauacugaagguauacc	gauacauucaguauacguucau	uuacguauacugaagguauaccggauagauagcacucaggauacauucaguauacguucau	1:308965424..308965485:+
3_2234	3.8	6 +/- 16%	-	68	68	0	0	yes	-	dme-miR-9377-3p	-	-	uuugauggagagaucaacgacu	acguugaucuucagaucuucaagc	uuugauggagagaucaacgacuuauuuguugaugacaugaacaauuucgauguugugaacguugaucuucagaucuucaagc	3:161695091..161695173:+
1_4372	3.3	6 +/- 16%	-	182	182	0	0	yes	-	dme-miR-184-5p	-	-	acuuaucauaguauauuuacag	guaaguauacuaucacaguau	guaaguauacuaucacaguauacuuacuuaguauacuuaucauaguauauuuacag	1:158676111..158676167:-
2_64	2.7	2 +/- 7%	-	168	168	0	0	yes	-	-	-	-	acuguaaggccgucuucagaguc	cucugaagacgguuuuacgguug	acuguaaggccgucuucagagucguguacuagacucgacucgagagagacucgaguacacgacucugaagacgguuuuacgguug	2:17673387..17673472:+
1_5417	1.9	43 +/- 15%	-	235	235	0	0	yes	-	-	-	-	acacuguccauacucgcauaacaau	uguuaugcgaguaugggcagaacac	acacuguccauacucgcauaacaaucccauucauauaggaaaucccauauaauaugggacuguuaugcgaguaugggcagaacac	1:281273806..281273891:-
1_4770	1.9	43 +/- 15%	-	35	35	0	0	yes	-	-	-	-	cggcgguguagugugacc	ucagauguuugauaccgccggu	ucagauguuugauaccgccgguucgggcaaugggcgccucggugucccggcgcucggccggcgguguagugugacc	1:205612914..205612990:-
2_787	1.8	43 +/- 15%	-	55	55	0	0	yes	-	dme-miR-283-3p	-	-	uggaauuuggaauuuggaauuug	aauuuggaauuuggaauuggaa	aauuuggaauuuggaauuggaauuugaaauuugaaauuugaaauuugaaauuuggaauuuggaauuuggaauuug	2:414520059..414520134:+
1_4028	1.8	43 +/- 15%	-	121	121	0	0	yes	-	-	-	-	ccugggagaauucacagga	cugggagaauucucaggag	ccugggagaauucacaggagaauccggagagaauucucaggagaauccugggagaauucucaggag	1:264070427..264070493:+
1_3829	1.8	43 +/- 15%	-	119	119	0	0	yes	-	-	-	-	gaggcgucucugguggcugga	cagucaccaucugauacugac	cagucaccaucugauacugacggaggguggaugugcucccccaaagcacgguccuccgugaggcgucucugguggcugga	1:187810052..187810132:+
3_2562	1.7	43 +/- 15%	-	61	61	0	0	yes	-	-	-	-	gcucaucucgggaaccugggugcu	ccccagaguuugcaggacgguga	gcucaucucgggaaccugggugcucuuccugccggaaaccaacggcaaaccgaugccccagaguuugcaggacgguga	3:334501058..334501136:+
2_832	1.7	43 +/- 15%	-	235	235	0	0	yes	-	-	-	-	acacuguccauacucgcauaacaau	uguuaugcgaguaugggcaguacac	acacuguccauacucgcauaacaauacuauauucuaugggauuuccuauauaaaugggacuguuaugcgaguaugggcaguacac	2:453225424..453225509:+
1_4031	1.7	43 +/- 15%	-	102	102	0	0	yes	-	-	-	-	ugggacaauuaugcguuuaugga	cauaaaugcaugucagucccaug	cauaaaugcaugucagucccauguuugcuggauuuccuauucacaugggacaauuaugcguuuaugga	1:267409016..267409084:+
2_1224	1.6	43 +/- 15%	-	36	36	0	0	yes	-	-	-	-	ugauacagccauaccguggaa	ccacgcuaugccugaaucagu	ccacgcuaugccugaaucaguaaaauuugaaaaucgaaugugcauucgauuuuuaaaauccacugauacagccauaccguggaa	2:154129244..154129328:-
3_2295	1.6	43 +/- 15%	-	77	77	0	0	yes	-	-	-	-	gaugugcaauaauuggaguguuu	acgugccaauuauugaacaacccg	acgugccaauuauugaacaacccguguauuccuuauggaugugcaauaauuggaguguuu	3:200933479..200933539:+
3_2931	1.5	43 +/- 15%	-	23	23	0	0	yes	-	-	-	-	auucucgacuagagugaaguga	acuucacucgagucuauauccguug	auucucgacuagagugaagugacuuucuauuugguuuacacggcgagucacuucacucgagucuauauccguug	3:130904724..130904798:-
3_3196	1.4	43 +/- 15%	-	77	77	0	0	yes	-	-	-	-	gaugugcaauaauuggaguguuu	acgugccaauuauugaacaacccg	acgugccaauuauugaacaacccguguauuccuuauggaugugcaauaauuggaguguuu	3:273173664..273173724:-
3_2067	1.4	43 +/- 15%	-	24	24	0	0	yes	-	-	-	-	acuggcaagagauggccgauu	ucgugcguuugccguagc	ucgugcguuugccguagccaaaauggcugcucucacuggcaagagauggccgauu	3:85264318..85264373:+
1_5145	1.2	43 +/- 15%	-	410	310	16	84	yes	-	-	-	-	agugaggucuuugaaggugaac	aaguugaccgaacuugau	agugaggucuuugaaggugaacauuugcuagucccucgggauuacauuugaaucgcugaaguugaccgaacuugau	1:205677490..205677566:-
3_2579	1.2	43 +/- 15%	-	190	190	0	0	yes	-	-	-	-	aagaauggcgucgagaagggcaa	gccaagcuugccccauuccuca	gccaagcuugccccauuccucaagaaggccuugaagaauggcgucgagaagggcaa	3:341701203..341701259:+
3_2752	1.1	43 +/- 15%	-	102	102	0	0	yes	-	-	-	-	ugggacaauuaugcguuuaugga	cauuaaugcaugucggucccaug	cauuaaugcaugucggucccauguuuacuugauuuccuauucacaugggacaauuaugcguuuaugga	3:15189608..15189676:-
2_946	1	43 +/- 15%	-	213	213	0	0	yes	-	-	-	-	gagguagucugccuucacgucag	cacgaaggagcaguuuuuguccccg	cacgaaggagcaguuuuuguccccgagacggagguagucugccuucacgucag	2:32320522..32320575:-
1_3487	1	43 +/- 15%	-	25	25	0	0	yes	-	-	-	-	acgauguugguauuauuagauu	uguagagagaacuagagaga	uguagagagaacuagagagauggagagcuuucccgcgcgagcuuacaggcucugcuauuacgauguugguauuauuagauu	1:25295202..25295283:+
3_3332	0.6	0 +/- 2%	-	134	134	0	0	yes	-	-	-	-	uccuagaaccaggcuucguuac	agcggugcuuaguucuguuggagg	agcggugcuuaguucuguuggaggcaauugugaaaccuccuagaaccaggcuucguuac	3:345033490..345033549:-
2_438	0.4	0 +/- 2%	-	66	66	0	0	yes	-	-	-	-	ugguugcugaauaguugc	aacgaaauucaagcggcuaau	ugguugcugaauaguugcacggugaagaauccguccgaggauacuuuccgaaacgaaauucaagcggcuaau	2:225062392..225062464:+
2_6	0.3	0 +/- 2%	-	54	54	0	0	no	-	dme-miR-284-5p	-	-	acuggaaucuuggcuaugccaau	agguauucuggcuacgauucuaacag	acuggaaucuuggcuaugccaauugcuuucagcuaugcuggucuuguaggagguauucuggcuacgauucuaacag	2:363149..363225:+



mature miRBase miRNAs detected by miRDeep2
tag id	miRDeep2 score	estimated probability that the miRNA is a true positive	rfam alert	total read count	mature read count	loop read count	star read count	significant randfold p-value	mature miRBase miRNA	example miRBase miRNA with the same seed	UCSC browser	NCBI blastn	consensus mature sequence	consensus star sequence	consensus precursor sequence	precursor coordinate
2_1724	114585	54 +/- 50%	-	224746	224654	0	92	yes	aae-miR-1	dme-miR-1-3p	-	-	uggaauguaaagaaguauggag	ccaugcuuccuugcauucaaua	ccaugcuuccuugcauucaauagugauucugaaagcauauggaauguaaagaaguauggag	2:399501023..399501084:-
3_3420	38562.8	54 +/- 50%	-	75631	75621	0	10	yes	aae-miR-308-5p	dme-miR-2a-3p	-	-	aaucacaggaguauacugugag	cgcgguauauucuuguggcuug	cgcgguauauucuuguggcuugaugcauuugaaaaaucucaaaucacaggaguauacugugag	3:403338483..403338546:-
3_2168	38378.1	54 +/- 50%	-	75271	75104	0	167	yes	aae-miR-31	dme-miR-31b-5p	-	-	uggcaagauguuggcauagcug	agcuauucaacuucuugucuau	uggcaagauguuggcauagcugaaaguuuugaguuuagcuauucaacuucuugucuau	3:136174150..136174208:+
3_2261	19228	54 +/- 50%	-	37717	37660	0	57	no	aae-bantam-5p	dme-bantam-3p	-	-	ugagaucauuuugaaagcugauu	ccgguuuucauuuucgaucugacu	ccgguuuucauuuucgaucugacuuauuugauuuaacaagagugagaucauuuugaaagcugauu	3:178082830..178082895:+
1_4461	17629.8	54 +/- 50%	-	34573	32840	0	1733	yes	aae-miR-252-5p	dme-miR-252-5p	-	-	cuaaguacuagugccgcaggag	ccugcugcccaagugcuuaucg	cuaaguacuagugccgcaggagagauuugaaccccugcugcccaagugcuuaucg	1:175818157..175818212:-
1_5470	10549.2	54 +/- 50%	-	20684	19324	0	1360	yes	aae-miR-1175-5p	dme-miR-958-3p	-	-	ugagauucuacuucuccgacuuaa	aaguggaguaguggucucaucgcu	aaguggaguaguggucucaucgcuuaguauuagaaaagugagauucuacuucuccgacuuaa	1:307010044..307010106:-
2_1061	10130.5	54 +/- 50%	-	19862	16932	0	2930	yes	aae-miR-276-5p	dme-miR-276a-3p	-	-	uaggaacuucauaccgugcucu	agcgagguauagaguuccuacg	agcgagguauagaguuccuacguugcgugugcgaaauugguaggaacuucauaccgugcucu	2:73120452..73120514:-
2_1064	8640.9	54 +/- 50%	-	16940	16920	0	20	yes	aae-miR-276-3p	dme-miR-276a-3p	-	-	uaggaacuucauaccgugcucu	agcgagguauagaguuccua	agcgagguauagaguuccuaugcguucggauaaaauauuccauaggaacuucauaccgugcucu	2:73509399..73509463:-
2_1663	4227.2	54 +/- 50%	-	8291	7605	0	686	yes	aae-miR-1891	-	-	-	ugaggaguuaauuugcguguuu	acacguccauuaacucugguac	ugaggaguuaauuugcguguuuuuguauuugauuaaacacguccauuaacucugguac	2:360084867..360084925:-
2_232	4068.5	54 +/- 50%	-	7973	7736	0	237	yes	aae-miR-9a	dme-miR-9a-5p	-	-	ucuuugguuaucuagcuguauga	uaaagcuagcauaccgaaguua	ucuuugguuaucuagcuguaugagugaauuuagaacaucauaaagcuagcauaccgaaguua	2:108461947..108462009:+
2_673	2643.7	54 +/- 50%	-	5178	5136	0	42	yes	aae-miR-14	dme-miR-14-3p	-	-	ucagucuuuuucucucuccuau	gggagcgagauuaaggcuugcu	gggagcgagauuaaggcuugcuggucauuuauuacacucgaagucagucuuuuucucucuccuau	2:344767572..344767637:+
2_1121	2632.7	54 +/- 50%	-	5162	3385	0	1777	yes	aae-miR-71-5p	-	-	-	agaaagacauggguagugagau	ucucacuaccuugucuuucaug	agaaagacauggguagugagauaguuucacccuauugcacugggaucucacuaccuugucuuucaug	2:107238287..107238354:-
2_1116	2564.1	54 +/- 50%	-	5021	4953	0	68	yes	aae-miR-13-5p	dme-miR-2a-3p	-	-	uaucacagccauuuugacgaguu	ucguaaaaaugguugugcugug	ucguaaaaaugguugugcuguguuguuacgcucgaaauucauaucacagccauuuugacgaguu	2:107237649..107237713:-
2_997	2277.8	54 +/- 50%	-	4460	4411	0	49	yes	aae-miR-190	dme-miR-190-5p	-	-	agauauguuugauauucuugguug	cccaggaaucaaacauauuauua	agauauguuugauauucuugguuguuaaauuuuauauuaucacccaggaaucaaacauauuauua	2:48811877..48811942:-
2_1621	2044.9	54 +/- 50%	-	4003	3402	0	601	yes	aae-miR-9c-5p	dme-miR-9a-5p	-	-	ucuuugguauucuagcuguaga	aaagcuuuaguaccagaggu	ucuuugguauucuagcuguagaauguugagcuuugugauaugguaucuucuaaagcuuuaguaccagaggu	2:335810365..335810436:-
3_2384	1792	54 +/- 50%	-	3506	2145	0	1361	yes	aae-miR-307	dme-miR-307a-5p	-	-	acucacucaaccugggugugau	ucacaaccuccuugagugagcga	acucacucaaccugggugugaugcuuauuugaaucaucacaaccuccuugagugagcga	3:244794376..244794435:+
2_1014	214.3	54 +/- 50%	-	418	408	0	10	yes	aae-miR-11894a	-	-	-	uuuaccauuucaagaugaccua	ggucgucuugaaaugguaaag	ggucgucuugaaaugguaaagagugucaaucaucaucuuuaccauuucaagaugaccua	2:58787426..58787485:-
2_1012	214.3	54 +/- 50%	-	418	408	0	10	yes	aae-miR-11894a	-	-	-	uuuaccauuucaagaugaccua	ggucgucuugaaaugguaaag	ggucgucuugaaaugguaaagagugucaaucaucaucuuuaccauuucaagaugaccua	2:58786284..58786343:-
2_1016	214.3	54 +/- 50%	-	418	408	0	10	yes	aae-miR-11894a	-	-	-	uuuaccauuucaagaugaccua	ggucgucuugaaaugguaaag	ggucgucuugaaaugguaaagagugucaaucaucaucuuuaccauuucaagaugaccua	2:58787948..58788007:-
3_2626	165.4	54 +/- 50%	-	326	315	0	11	yes	aae-miR-193	-	-	-	ugggauuuuguggaccagaag	uacuggccuacuaagucccaac	ugggauuuuguggaccagaagauuuccuccauucgauaauagcuacuggccuacuaagucccaac	3:360501795..360501860:+
1_5477	82.3	54 +/- 50%	-	155	140	0	15	yes	aae-miR-iab-4-5p	dme-miR-iab-4-5p	-	-	acguauacugaauguauccuga	cgguauaccuucaguauacguaac	acguauacugaauguauccugagugcuaucuauccgguauaccuucaguauacguaac	1:308965423..308965481:-
NIGP01001012_5664	5.5	69 +/- 36%	-	561	561	0	0	yes	aae-miR-957	dme-miR-957-3p	-	-	ugaaaccguccaaaacugaggc	guuaguuuugggcggguuuuagu	guuaguuuugggcggguuuuaguguauuucgauuagaguaucaauugaaaccguccaaaacugaggc	NIGP01001012:27490..27557:-
2_1112	5.4	69 +/- 36%	-	9083	9083	0	0	yes	aae-miR-2c	dme-miR-2a-3p	-	-	uaucacagccagcuuugaugag	cucaaaguggcugugaaaug	cucaaaguggcugugaaaugguuugauuuugcucauaucacagccagcuuugaugag	2:107235886..107235943:-
1_3858	5.4	69 +/- 36%	-	2608	2608	0	0	yes	aae-miR-929	dme-miR-929-5p	-	-	aaauugacucuaguagggagu	ucccuaacggagucagauuga	aaauugacucuaguagggaguccuuguguacgagugacucccuaacggagucagauuga	1:198495526..198495585:+
3_2834	5.4	69 +/- 36%	-	4287	4287	0	0	yes	aae-miR-11-5p	dme-miR-2a-3p	-	-	caucacagucugaguucuugcu	cgagaacuccggcugugaccugug	cgagaacuccggcugugaccuguguacacuuuauccaaaucacaucacagucugaguucuugcu	3:75489864..75489928:-
3_2832	5.4	69 +/- 36%	-	1257	1257	0	0	yes	aae-miR-998	dme-miR-285-3p	-	-	uagcaccaugagauucagcuc	acugaacucucgugggucugca	acugaacucucgugggucugcaguugauauuucgaaagcuuguagcaccaugagauucagcuc	3:75489589..75489652:-
1_3999	5.4	69 +/- 36%	-	3519	3519	0	0	yes	aae-miR-999	dme-miR-999-3p	-	-	uguuaacuguaagacugugucu	acgcggucgugcaggaaauuauu	acgcggucgugcaggaaauuauuuggcauuagauucaaauguuaacuguaagacugugucu	1:252222293..252222354:+
2_209	5.3	69 +/- 36%	-	416	416	0	0	yes	aae-miR-988-5p	dme-miR-988-3p	-	-	ccccuuguugcaaaccucacgc	gugugcuuugugacaaugag	gugugcuuugugacaaugagauucgguucgauaucauccccuuguugcaaaccucacgc	2:93351380..93351439:+
1_4201	5.3	69 +/- 36%	-	1175	1175	0	0	yes	aae-miR-33	dme-miR-33-5p	-	-	gugcauuguaguugcauugca	caauacuucugcaaugcaagc	gugcauuguaguugcauugcacuuuugcguucgauaacacggugcaauacuucugcaaugcaagc	1:50888881..50888946:-
3_2683	5.3	69 +/- 36%	-	561	561	0	0	yes	aae-miR-957	dme-miR-957-3p	-	-	ugaaaccguccaaaacugaggc	guuaguuuugggcggguuuuagu	guuaguuuugggcggguuuuaguguauuucgauuagaguaucaauugaaaccguccaaaacugaggc	3:398466624..398466691:+
3_2722	5.2	69 +/- 36%	-	3845	3845	0	0	yes	aae-miR-980-5p	dme-miR-980-3p	-	-	uagcugccuagugaagggcaau	ggccguucauugggucaucuagc	ggccguucauugggucaucuagcucguguuggaaacaguuagcugccuagugaagggcaau	3:1054523..1054584:-
2_623	5.2	69 +/- 36%	-	13953	13953	0	0	yes	aae-miR-275-5p	dme-miR-275-3p	-	-	ucagguaccugaaguagcgcg	cgcuaagcaggaaccgagacu	cgcuaagcaggaaccgagacuuugucauuugcuagcagucagguaccugaaguagcgcg	2:307135670..307135729:+
2_1114	5.2	69 +/- 36%	-	26681	26681	0	0	yes	aae-miR-2a-5p	dme-miR-2a-3p	-	-	uaucacagccagcuuugaaga	ucaaagugguugugaaaug	ucaaagugguugugaaaugaguuacucuugaacgaucucauaucacagccagcuuugaaga	2:107237504..107237565:-
1_5454	5.2	69 +/- 36%	-	538283	537939	0	344	yes	aae-miR-277-5p	dme-miR-277-3p	-	-	uaaaugcacuaucugguacgaca	gugucagaagugcauuuaca	gugucagaagugcauuuacauagguauuucccguuuagcaguauuuguaaaugcacuaucugguacgaca	1:302603812..302603882:-
NIGP01001634_5641	5.1	69 +/- 36%	-	350	350	0	0	yes	aae-miR-10365	dme-miR-927-5p	-	-	auuagaauguggaaucuguuu	aaguuuucauauucuugcgg	auuagaauguggaaucuguuuuuguacaucaaguguuacgaaacgaagcaaaaaaguuuucauauucuugcgg	NIGP01001634:30709..30782:-
1_5467	5.1	69 +/- 36%	-	68066	68066	0	0	yes	aae-miR-283	dme-miR-283-5p	-	-	caauaucagcugguaauucuggg	cggaauuccaacugauauccac	caauaucagcugguaauucugggcuuaccccaccguuauacgcuucccggaauuccaacugauauccac	1:305625600..305625669:-
2_1095	5.1	69 +/- 36%	-	2321	2067	0	254	yes	aae-miR-282-5p	dme-miR-282-5p	-	-	uagccucuccuaggcuuugucu	auagccugacagagguuag	uagccucuccuaggcuuugucuguuaccuuccuugggaauuccacuagccagacauagccugacagagguuag	2:96911967..96912040:-
3_2858	5.1	69 +/- 36%	-	1071	1071	0	0	yes	aae-miR-92b-3p	dme-miR-92a-3p	-	-	aauugcacuugucccggccugc	aggucgugacuugugcccauuug	aggucgugacuugugcccauuugcugaauuuuaauggucaaauugcacuugucccggccugc	3:93418515..93418577:-
1_5456	5.1	69 +/- 36%	-	113207	113207	0	0	yes	aae-miR-317	dme-miR-317-3p	-	-	ugaacacagcuggugguaucuc	gauacacccugugcucgcu	gauacacccugugcucgcuuugcauucgaaacuagugaacacagcuggugguaucuc	1:302667132..302667189:-
2_719	5.1	69 +/- 36%	-	5454	5454	0	0	yes	aae-miR-2945-5p	dme-miR-279-3p	-	-	ugacuagaggcagacucguuu	gcggguccguuucuagugucaug	gcggguccguuucuagugucaugugcuguauucgaauaucaugacuagaggcagacucguuu	2:374947143..374947205:+
3_3275	5.1	69 +/- 36%	-	350	350	0	0	yes	aae-miR-10365	dme-miR-927-5p	-	-	auuagaauguggaaucuguuu	aaguuuucauauucuugcgg	auuagaauguggaaucuguuuuuguacaucaaguguuacgaaacgaagcaaaaaaguuuucauauucuugcgg	3:320775621..320775694:-
2_722	5.1	69 +/- 36%	-	375	375	0	0	yes	aae-miR-100	dme-miR-100-5p	-	-	aacccguagauccgaacuugug	caagaacggauguaugggauuc	aacccguagauccgaacuugugcugccguuucacauguuacaagaacggauguaugggauuc	2:375117351..375117413:+
2_1120	5.1	69 +/- 36%	-	8899	8899	0	0	yes	aae-miR-2c	dme-miR-2a-3p	-	-	uaucacagccagcuuugaugag	caucaaauuugguuguuuuagu	caucaaauuugguuguuuuaguacgaccucuuugaaaccccuaucacagccagcuuugaugag	2:107237997..107238060:-
1_3935	5	69 +/- 36%	-	7565	7565	0	0	yes	aae-miR-996	dme-miR-279-3p	-	-	ugacuagauuacaugcucgucu	gcgugcaugaaucuggugcacg	gcgugcaugaaucuggugcacgguuuuccaguuguaauaucgcuucgugacuagauuacaugcucgucu	1:207012536..207012605:+
2_1754	5	69 +/- 36%	-	27030	27030	0	0	yes	aae-miR-184	dme-miR-184-3p	-	-	uggacggagaacugauaagggc	ccuuaucauucuugcgccccgu	ccuuaucauucuugcgccccguguuauauuguuggcgacuggacggagaacugauaagggc	2:417599380..417599441:-
1_4098	5	69 +/- 36%	-	159	159	0	0	yes	aae-miR-10	dme-miR-10-5p	-	-	acccuguagauccgaauuuguu	caaauucgguucuagagagguuu	acccuguagauccgaauuuguuugaauauuuaacaagcgacaaauucgguucuagagagguuu	1:310530475..310530538:+
2_1618	5	69 +/- 36%	-	1257	1257	0	0	yes	aae-miR-79-5p	dme-miR-4-3p	-	-	auaaagcuagauuaccaaagcau	gcuuuggcgcuuuagcuguauga	gcuuuggcgcuuuagcuguaugauagaauuuaauauuucauaaagcuagauuaccaaagcau	2:335780884..335780946:-
1_3773	4.9	81 +/- 22%	-	2298	2298	0	0	yes	aae-miR-970	dme-miR-970-3p	-	-	ucauaagacacacgcggcuau	agcuugcguuugucuuagcuggua	agcuugcguuugucuuagcugguauugaaugugauagguaucauaagacacacgcggcuau	1:157238423..157238484:+
2_1093	4.9	81 +/- 22%	-	72887	66634	0	6253	yes	aae-miR-281-5p	dme-miR-281-2-5p	-	-	aagagagcuauccgucgacagu	cauggaauugcucucuuu	aagagagcuauccgucgacaguagggauaugauucacugucauggaauugcucucuuu	2:96469362..96469420:-
2_805	4.9	81 +/- 22%	-	113	113	0	0	yes	aae-miR-965	dme-miR-965-3p	-	-	uaagcguauagcuuuucccau	gggaaauccuguacgcuguaug	gggaaauccuguacgcuguauguuguauuugaauaauccauaagcguauagcuuuucccau	2:429778751..429778812:+
NIGP01000533_5630	4.9	81 +/- 22%	-	2298	2298	0	0	yes	aae-miR-970	dme-miR-970-3p	-	-	ucauaagacacacgcggcuau	agcuugcguuugucuuagcuggua	agcuugcguuugucuuagcugguauugaaugugauagguaucauaagacacacgcggcuau	NIGP01000533:10107..10168:-
2_1615	4.9	81 +/- 22%	-	2127	2127	0	0	yes	aae-miR-9b	dme-miR-9a-5p	-	-	ucuuuggugauuuuagcuguaug	uauagcuuuaucaccaaaaacc	ucuuuggugauuuuagcuguaugcugauacguuucugauugcauauagcuuuaucaccaaaaacc	2:335780574..335780639:-
1_5480	4.8	81 +/- 22%	-	166	166	0	0	yes	aae-miR-993	dme-miR-993-3p	-	-	gaagcucguuucuauagaggu	ccuguaguuccgggcuuuug	ccuguaguuccgggcuuuugugguuucuuuuauuguuaauuaucagaagcucguuucuauagaggu	1:310672024..310672090:-
2_707	4.8	81 +/- 22%	-	3726	3726	0	0	yes	aae-miR-124	dme-miR-124-3p	-	-	uaaggcacgcggugaaugccaa	gguauccacugccggccuauaug	gguauccacugccggccuauauguccuauuucgguacucauaaggcacgcggugaaugccaa	2:369307279..369307341:+
2_724	4.8	81 +/- 22%	-	7531	7531	0	0	yes	aae-let-7	dme-let-7-5p	-	-	ugagguaguugguuguauagu	uaugcaaucugcuagcuuguc	ugagguaguugguuguauaguagugacugauuaaauaucugcuaugcaaucugcuagcuuguc	2:375131497..375131560:+
3_2860	4.8	81 +/- 22%	-	346	346	0	0	yes	aae-miR-92a-5p	dme-miR-92a-3p	-	-	uauugcacuugucccggccuau	cgguacggacaggggcaacauu	cgguacggacaggggcaacauugugacauuugaaagcuaauauugcacuugucccggccuau	3:93477596..93477658:-
1_4250	4.8	81 +/- 22%	-	1551	1551	0	0	yes	aae-miR-87	dme-miR-87-3p	-	-	gugagcaaauuuucaggugugu	cagccugaaauuugcuaaaccu	cagccugaaauuugcuaaaccuguguguauuugauucaaacaaucaaggugagcaaauuuucaggugugu	1:80682401..80682471:-
2_462	4.7	81 +/- 22%	-	820	820	0	0	yes	aae-miR-932-5p	dme-miR-932-5p	-	-	ucaauuccguagugcauugcag	gcaagcaauguggaagugaag	ucaauuccguagugcauugcagugugcuuuagacgaacugcaagcaauguggaagugaag	2:231381156..231381216:+
1_3933	4.7	81 +/- 22%	-	215	215	0	0	yes	aae-miR-279	dme-miR-279-3p	-	-	ugacuagauccacacucauuaa	gaugggugugaaucuaguguuucaca	gaugggugugaaucuaguguuucacaugauuuucgauagccugugacuagauccacacucauuaa	1:207007788..207007853:+
2_655	4.6	81 +/- 22%	-	8778	8778	0	0	yes	aae-miR-133	dme-miR-133-3p	-	-	uugguccccuucaaccagcugu	agcugguugacuucgggucaaau	agcugguugacuucgggucaaaucgucaaauauuugcaaagauauuuccucagugaaauuauuugguccccuucaaccagcugu	2:330417065..330417149:+
2_726	4.6	81 +/- 22%	-	9305	9305	0	0	yes	aae-miR-125-5p	dme-miR-125-5p	-	-	ucccugagacccuaacuuguga	acaaguuuugaucuccgguauu	ucccugagacccuaacuugugacuauaguugaaguuucacaaguuuugaucuccgguauu	2:375131781..375131841:+
2_1639	4.6	81 +/- 22%	-	6591	6591	0	0	yes	aae-miR-263a-5p	dme-miR-263a-5p	-	-	aauggcacuggaagaauucacg	uguucuggcaguggcauccc	aauggcacuggaagaauucacggguauauuuugaaauccccguguucuggcaguggcauccc	2:348784448..348784510:-
1_5463	4.6	81 +/- 22%	-	161589	161589	0	0	yes	aae-miR-12-5p	dme-miR-12-5p	-	-	ugaguauuacaucagguacuggu	caguacuuauguuaugcucucu	ugaguauuacaucagguacuggugucgauauucgaaucaccaacgaaucggguuccuuugauuaacuuaccaguacuuauguuaugcucucu	1:305613548..305613640:-
2_1219	4.5	81 +/- 22%	-	7791	7791	0	0	yes	aae-miR-263b-5p	dme-miR-263b-5p	-	-	cuuggcacugggagaauucacag	guggaucuuuucgugccaucgu	cuuggcacugggagaauucacaggcgcuauuugcuaucauucuguggaucuuuucgugccaucgu	2:153371131..153371196:-
2_16	4.5	81 +/- 22%	-	1493	1493	0	0	yes	aae-miR-219	dme-miR-219-5p	-	-	ugauuguccaaacgcaauucuug	agaguugugacuggacauccgug	ugauuguccaaacgcaauucuuguuuuauucgaauaugauauccaagaguugugacuggacauccgug	2:3715261..3715329:+
2_626	4	81 +/- 22%	-	42206	42206	0	0	yes	aae-miR-305-5p	dme-miR-305-5p	-	-	auuguacuucaucaggugcucugg	ccggcacauguuggaguacacuua	auuguacuucaucaggugcucugguuguuuucgauacccggcacauguuggaguacacuua	2:307145445..307145506:+
3_1892	4	81 +/- 22%	-	193	193	0	0	yes	aae-miR-315-5p	dme-miR-315-5p	-	-	uuuugauuguugcucagaaagcc	cuuucgagcaguaaucaaaguc	uuuugauuguugcucagaaagccgugcauuugaaacgggucgcuuucgagcaguaaucaaaguc	3:3444767..3444831:+
2_432	3.7	6 +/- 16%	-	7296	7296	0	0	yes	aae-miR-7	dme-miR-7-5p	-	-	uggaagacuagugauuuuguuguu	uaacaauaaaucucaagucuuucuac	uggaagacuagugauuuuguuguuuugcuuacgauaauaacaauaaaucucaagucuuucuac	2:222802544..222802607:+
2_1010	2	2 +/- 7%	-	408	408	0	0	yes	aae-miR-11894a	-	-	-	uuuaccauuucaagaugaccua	gguugucuugaaaugguaaaga	gguugucuugaaaugguaaagagugucaaccaucaucuuuaccauuucaagaugaccua	2:58783350..58783409:-
2_1572	1.7	43 +/- 15%	-	488	488	0	0	yes	aae-miR-11895	-	-	-	uucaugcauucacuucugcuga	agcaggagugaaugcaugaguu	agcaggagugaaugcaugaguuugacaucugaaacuaauucaugcauucacuucugcuga	2:324949494..324949554:-
3_3164	1.7	43 +/- 15%	-	7249	7249	0	0	yes	aae-miR-278-5p	-	-	-	ggugggacuuucguccguuu	acggacgauagucuucagcgg	acggacgauagucuucagcggccgugcauuugauagaaguggucggugggacuuucguccguuu	3:243123888..243123952:-
2_1750	1.4	43 +/- 15%	-	9919	9919	0	0	yes	aae-miR-1890	-	-	-	ugaaaucuuugauuaggucugg	agagcuaauuggagaguucuug	agagcuaauuggagaguucuugaauaguguugugaaccuucaugaaaucuuugauuaggucugg	2:413654961..413655025:-
3_2875	1.4	43 +/- 15%	-	1494	1494	0	0	yes	aae-miR-2765	-	-	-	ugguaacuccaccaccguugg	aaugggagcuggaguucccgcg	ugguaacuccaccaccguuggcgauauuugacagccaaugggagcuggaguucccgcg	3:101895454..101895512:-
2_210	1	43 +/- 15%	-	416	416	0	0	no	aae-miR-988-3p	dme-miR-988-3p	-	-	ccccuuguugcaaaccucacgc	ggcagguaggggcaaugggggc	ccccuuguugcaaaccucacgcuugcgguagguuccacaacugcugagagguggcagguaggggcaaugggggc	2:93351417..93351491:+
2_665	0.4	0 +/- 2%	-	185	185	0	0	no	aae-miR-375	dme-miR-375-3p	-	-	uuuguucguuuggcucgaguuau	uacuuaagcccaacguacagaaacu	uacuuaagcccaacguacagaaacuugaaucugaaugccguucuagauuggcuugcuagaaguuuguucguuuggcucgaguuau	2:337876531..337876616:+
3_3432	0.1	0 +/- 2%	-	2848	2848	0	0	no	aae-miR-285	dme-miR-285-3p	-	-	uagcaccauucgaaaucaguac	acuggcuuccaaaggugaguaga	acuggcuuccaaaggugaguagauggcauucgauacacucuagcaccauucgaaaucaguac	3:406875046..406875108:-
2_624	-0.5	0 +/- 0%	-	13953	13953	0	0	no	aae-miR-275-3p	dme-miR-275-3p	-	-	ucagguaccugaaguagcgcg	agcgacaacagaggcgugaaa	ucagguaccugaaguagcgcgcgugaucaaacaggaagcgucaucaagcgacaacagaggcgugaaa	2:307135708..307135775:+
2_1440	-0.8	0 +/- 0%	-	7	7	0	0	yes	aae-miR-2946	-	-	-	uaguacggaaaagauauggggau	cgccauauuuuuaccgcuacugca	cgccauauuuuuaccgcuacugcauuucauuguaauaauuguaguacggaaaagauauggggau	2:268456440..268456504:-
2_1094	-2.3	0 +/- 0%	-	66634	66634	0	0	no	aae-miR-281-5p	dme-miR-281-2-5p	-	-	aagagagcuauccgucgacagu	cguugacgugggauuuuuuug	cguugacgugggauuuuuuuguucauuuuguucuuucgcugguuucgaauaugaaaauaaagagagcuauccgucgacagu	2:96469398..96469479:-
2_525	-4.8	0 +/- 0%	-	307	307	0	0	no	aae-miR-11893	-	-	-	uuccugacuuauacgcuuaccuc	gguaaguagauaaaucagaaaga	gguaaguagauaaaucagaaagacguuuauaucguuucuuccugacuuauacgcuuaccuc	2:257889039..257889100:+
NIGP01000443_5625	-4.8	0 +/- 0%	-	307	307	0	0	no	aae-miR-11893	-	-	-	uuccugacuuauacgcuuaccuc	gguaaguagauaaaucagaaaga	gguaaguagauaaaucagaaagacguuuauaucguuucuuccugacuuauacgcuuaccuc	NIGP01000443:52101..52162:+
3_3254	-5.2	0 +/- 0%	-	1	1	0	0	yes	aae-miR-309a	-	-	-	acugggcaaaguuugucgca	cgacuaacuucguucaguuu	cgacuaacuucguucaguuuggugucauacgaagguuuccaguuucaucacugggcaaaguuugucgca	3:309335451..309335520:-
2_723	-7.7	0 +/- 0%	-	7531	7531	0	0	no	aae-let-7	dme-let-7-5p	-	-	ugagguaguugguuguauagu	auuacaguacugcuucuuc	auuacaguacugcuucuuccacguugagguaguugguuguauagu	2:375131473..375131518:+

#miRBase miRNAs not detected by miRDeep2
miRBase precursor id	total read count	mature read count(s)	star read count	remaining reads	UCSC browser	NCBI blastn	miRBase mature sequence(s)	miRBase star sequence(s)	miRBase precursor sequence
237221	237221	0	0	-	-	caaccacuauccgcccugccgcc	uggcagugugguuagcugguug	-	caaggcaauacgcuauggcagugugguuagcugguuguguagaacuuuggggggcuuccguggcguucgcgcgcacacgggggcucagauucacaaccacuauccgcccugccgccgcgaggugccagg	
42516	42516	0	0	-	-	caucuuaccgggcagcauuaga	uaauacugucagguaaagauguc	-	gucuguucacaucuuaccgggcagcauuagauauuuuugaaauacuucuaauacugucagguaaagaugucguccgaac	
23701	23701	0	0	-	-	cacguuacagauugggguuucc	uaaucucaaauuguaacagugg	-	gagguaaucucaaauuguaacaguggguugauuuuccuggugaaucccggccuuguccuccgucacaagugugacaagugucucgaaaacguguucgcuauacccacguuacagauugggguuucccc	
18375	18160	0	215	-	-	cuugugcgugugacaacgg	-	cucauugcagcugcugaccacugcacaagauuagauuaugacucuugugcgugugacaacggcuauug	
16293	16292	0	1	-	-	ugucuuuuuccgcuuacugccg	-	ccaacauuuugauugauuugucuuuuuccgcuuacugccgguggcauuugaaauucucgacagcaaaccgaaaaaggcgccucaaucaauu	
13643	13643	0	0	-	-	ugugaugugacguagugguac	-	uucaucauacggucaugggggaccgccgcuaccucgcuuucacuugguaccgauuucccauaauccaugugaugugacguagugguaccuucccuuggcuauuacaacacuuccu	
8842	8842	0	0	-	-	ucagguacugagugacucucag	gagagcaccucgguaucuaagc	-	cauucgcaauuucaccgguucagguacugagugacucucagaugugcauuucucaagcaaucucguccucaggaccugagguugaaaaacccugagagcaccucgguaucuaagccaguguugcgaaaa	
7835	7835	0	0	-	-	ugguuuaucuuaucugucgaggc	gucgacagggagauaaaucacu	-	cauugguuuaucuuaucugucgaggcaaguuauuuuaccggauaguguuucuuuucgugagcaaucaccacuauccagcucuucuugucgacagggagauaaaucacug	
621	310	0	311	-	-	caaagcguuuggguucugaaac	-	gguuugcuuuagaauuccuacgcuuuaccgugauuuguugaaaguuuggcaaagcguuuggguucugaaacgaaac	
207	207	0	0	-	-	uucguugucgacgaaaccugca	-	aaaccuugccuggaucggguuucgcggcgaacgggcuuccaccaugaugaauagcaguucguugucgacgaaaccugcacauugcaaggca	
66	66	0	0	-	-	auauuguccugucacagcagu	-	cgauuuuugcuagaaaccgauuauauuguccugucacagcaguacuguuacaaauuuacuguuguuucgggacauuuacauugauucuagccgucac	














































