miRDeep2 score	novel miRNAs reported by miRDeep2	novel miRNAs, estimated false positives	novel miRNAs, estimated true positives	known miRNAs in species	known miRNAs in data	known miRNAs detected by miRDeep2	estimated signal-to-noise	excision gearing
10	0	0 +/- 0	0 +/- 0 (0 +/- 0%)	164	106	47 (44%)	66	1
9	0	0 +/- 0	0 +/- 0 (0 +/- 0%)	164	106	47 (44%)	62	1
8	3	0 +/- 1	3 +/- 1 (92 +/- 17%)	164	106	47 (44%)	65.4	1
7	3	0 +/- 1	3 +/- 1 (91 +/- 18%)	164	106	48 (45%)	65.5	1
6	3	0 +/- 1	3 +/- 1 (89 +/- 20%)	164	106	48 (45%)	60	1
5	4	0 +/- 1	4 +/- 1 (91 +/- 16%)	164	106	58 (55%)	68.2	1
4	4	0 +/- 1	4 +/- 1 (89 +/- 18%)	164	106	66 (62%)	60.7	1
3	5	1 +/- 1	4 +/- 1 (89 +/- 17%)	164	106	72 (68%)	53.3	1
2	11	1 +/- 1	10 +/- 1 (94 +/- 8%)	164	106	73 (69%)	48.6	1
1	18	1 +/- 1	17 +/- 1 (93 +/- 6%)	164	106	78 (74%)	31.2	1
0	24	3 +/- 2	21 +/- 2 (88 +/- 7%)	164	106	82 (77%)	16.3	1
-1	33	6 +/- 2	27 +/- 2 (81 +/- 7%)	164	106	91 (86%)	10.4	1
-2	51	24 +/- 4	27 +/- 4 (52 +/- 9%)	164	106	92 (87%)	4.3	1
-3	89	46 +/- 6	43 +/- 6 (48 +/- 7%)	164	106	92 (87%)	3.2	1
-4	222	68 +/- 7	154 +/- 7 (69 +/- 3%)	164	106	95 (90%)	4	1
-5	314	169 +/- 9	145 +/- 9 (46 +/- 3%)	164	106	99 (93%)	2.3	1
-6	361	390 +/- 14	0 +/- 0 (0 +/- 0%)	164	106	99 (93%)	1.1	1
-7	394	612 +/- 18	0 +/- 0 (0 +/- 0%)	164	106	99 (93%)	0.8	1
-8	447	785 +/- 22	0 +/- 0 (0 +/- 0%)	164	106	99 (93%)	0.7	1
-9	601	940 +/- 22	0 +/- 0 (0 +/- 0%)	164	106	99 (93%)	0.7	1
-10	763	1051 +/- 23	0 +/- 0 (0 +/- 0%)	164	106	99 (93%)	0.8	1



novel miRNAs predicted by miRDeep2
provisional id	miRDeep2 score	estimated probability that the miRNA candidate is a true positive	rfam alert	total read count	mature read count	loop read count	star read count	significant randfold p-value	miRBase miRNA	example miRBase miRNA with the same seed	UCSC browser	NCBI blastn	consensus mature sequence	consensus star sequence	consensus precursor sequence	precursor coordinate
1_18498	8.8	92 +/- 17%	-	14	12	0	2	yes	-	-	-	-	cuagaggcagcaacagccgcu	cggcuguugcugccuuaaggc	cuagaggcagcaacagccgcucaaaauuuucuugcgcggcuguugcugccuuaaggc	1:6517469..6517526:-
2_4648	8.6	92 +/- 17%	-	14	12	0	2	yes	-	-	-	-	cuagaggcagcaacagccgcu	cggcuguugcugccuuaaggc	cuagaggcagcaacagccgcucaaaauuuccuugcgcggcuguugcugccuuaaggc	2:93442640..93442697:-
3_15604	8.1	92 +/- 17%	-	13	12	0	1	yes	-	-	-	-	cuagaggcagcaacagccgcu	cggcuguuacugccucaag	cuagaggcagcaacagccgcucaaaauuuacuugcgcggcuguuacugccucaag	3:396536738..396536793:-
2_7708	5.2	91 +/- 16%	-	7	6	0	1	yes	-	-	-	-	cugaaaaccuuaucgauugguc	accaaucgauuagauuuucagcu	cugaaaaccuuaucgauuggucacuaccagcuagugaccaaucgauuagauuuucagcu	2:406304380..406304439:-
2_1854	3	89 +/- 17%	-	3	2	0	1	yes	-	-	-	-	ccaaucgauuagguuuucagcu	ccgaaaacuuaaucgaugguca	ccgaaaacuuaaucgauggucacuagcugguggugaccaaucgauuagguuuucagcu	2:228600693..228600751:+
3_10685	2.5	94 +/- 8%	-	3	2	0	1	yes	-	-	-	-	cuagagacagcaacagccgcu	cagcuguugcugccucaagg	cuagagacagcaacagccgcucaaaauuuccuugcgcagcuguugcugccucaagg	3:251621773..251621829:+
NIGP01001481_24009	2.5	94 +/- 8%	-	3	1	0	2	yes	-	-	-	-	aaacgcauaauugucccau	ugggacugacaugcguuuaugg	aaacgcauaauugucccaugugaauaggaaauccagcaaacaugggacugacaugcguuuaugg	NIGP01001481:7797..7861:+
2_6969	2.3	94 +/- 8%	-	12	12	0	0	yes	-	-	-	-	cuagaggcagcaacagccgcu	cggcuguuucugccucaaggc	cuagaggcagcaacagccgcucgaaauuuccuugcgcggcuguuucugccucaaggc	2:321317496..321317553:-
NIGP01000200_23634	2.3	94 +/- 8%	-	2	1	0	1	yes	-	-	-	-	auaaaugcaugucagucccaug	augggacaauaugcguuuaug	auaaaugcaugucagucccauguugcuggauuuccuauguacaugggacaauaugcguuuaug	NIGP01000200:14869..14932:-
1_18035	2.1	94 +/- 8%	-	2	1	0	1	yes	-	-	-	-	auaaaugcaugucagucccaug	augggacaauuaugcguuuauu	auaaaugcaugucagucccauguuugcuggauuuccuaugcacaugggacaauuaugcguuuauu	1:255803059..255803124:+
2_7966	2.1	94 +/- 8%	-	12	12	0	0	yes	-	-	-	-	cuagaggcagcaacagccgcu	cgucuguugcuaccuuaaggc	cuagaggcagcaacagccgcucgaaauuuccuugcgcgucuguugcuaccuuaaggc	2:443113371..443113428:-
2_6800	1.9	93 +/- 6%	-	21	20	1	0	yes	-	-	-	-	augucugacgccauuuugga	caaaaugggggcagacauug	augucugacgccauuuuggaauccaagauuugugaaaaucacuuuaaaccggauuucgccaucuuggauuucaaaaugggggcagacauug	2:305826959..305827050:-
1_21467	1.6	93 +/- 6%	-	2	1	0	1	yes	-	-	-	-	caccgcucaaacgucaaauua	uuugacguuuuagcggugccgu	uuugacguuuuagcggugccguguuauuuaugugaccauggaaacuagugaauucggcaccgcucaaacgucaaauua	1:207356209..207356287:-
3_10335	1.6	93 +/- 6%	-	13	13	0	0	yes	-	-	-	-	caccuguccagcgaauugggag	cccaauucgauagacaugcg	cccaauucgauagacaugcggcugcgguaguugguaacgcaccuguccagcgaauugggag	3:218717124..218717185:+
3_13322	1.2	93 +/- 6%	-	26	26	0	0	yes	-	-	-	-	uacggcaagggcugauugcugc	agcauuucaauucuuaucauagu	agcauuucaauucuuaucauaguuuuauaguagucuggaauacuagacuucaaaacuacggcaagggcugauugcugc	3:140192543..140192621:-
2_1244	1.2	93 +/- 6%	-	158	158	0	0	yes	-	-	-	-	aauuccggagccuguugagu	gcaacagaugauccgggugauugu	aauuccggagccuguugaguauagcaacagaugauccgggugauugu	2:149601882..149601929:+
1_16966	1.2	93 +/- 6%	-	1	1	0	0	yes	-	dme-miR-962-3p	-	-	ucuucagugucguuuacuaga	uaguaaacgacacugaagacg	ucuucagugucguuuacuagacucgacuaagucgagucuaguaaacgacacugaagacg	1:155154346..155154405:+
3_10059	1.2	93 +/- 6%	-	26	26	0	0	yes	-	-	-	-	uacggcaagggcugauugcugc	agcauuucaggccuuaucauagu	agcauuucaggccuuaucauaguuugauaguauuuugaacuacuagacuguaaaacuacggcaagggcugauugcugc	3:193275553..193275631:+
3_9077	0.8	88 +/- 7%	-	3	3	0	0	yes	-	dme-miR-971-3p	-	-	uugguguuauaucuuacagugag	ggcuguaaguauuacagcaagc	ggcuguaaguauuacagcaagcuugcuauucgaaaggcgcuugguguuauaucuuacagugag	3:82678953..82679016:+
3_15577	0.3	88 +/- 7%	-	9	9	0	0	yes	-	-	-	-	uucacuaauaccacuaucagga	cugauagugguguuaguuugcg	uucacuaauaccacuaucaggauacgcuaacauugaucguucugauagugguguuaguuugcg	3:390185745..390185808:-
1_19070	0.3	88 +/- 7%	-	1	1	0	0	yes	-	dme-miR-2501-5p	-	-	uuaaguuuucagcuuaaacg	uuugagcugaaaaccuaauc	uuugagcugaaaaccuaaucgauuugucaccaccagcuagugacuaaucgauuaaguuuucagcuuaaacg	1:71647653..71647724:-
1_18488	0.2	88 +/- 7%	-	1	1	0	0	yes	-	dme-miR-958-3p	-	-	agagauucaacugaaucucgacu	uagagauucaacugaaucucgac	uagagauucaacugaaucucgacuagagauucaacugaaucucgacuagagauucaacugaaucucgacu	1:4405689..4405759:-
1_16560	0.1	88 +/- 7%	-	2	2	0	0	yes	-	dme-miR-7-5p	-	-	cggaagacuuccaggcuu	gccggaagacuuccagac	cggaagacuuccaggcuucugucggaugacuuccaggcuucugccggaagacuuccagac	1:92165450..92165510:+
1_20071	0	88 +/- 7%	-	1	1	0	0	yes	-	dme-miR-277-3p	-	-	uaaaugcaugucaguccuaugu	auagggcaauuauguauuuaug	uaaaugcaugucaguccuauguuugcuggauuuccuauacacauagggcaauuauguauuuaug	1:189150239..189150303:-



mature miRBase miRNAs detected by miRDeep2
tag id	miRDeep2 score	estimated probability that the miRNA is a true positive	rfam alert	total read count	mature read count	loop read count	star read count	significant randfold p-value	mature miRBase miRNA	example miRBase miRNA with the same seed	UCSC browser	NCBI blastn	consensus mature sequence	consensus star sequence	consensus precursor sequence	precursor coordinate
1_22509	16217.8	0 +/- 0%	-	31802	31792	0	10	yes	aae-miR-283	dme-miR-283-5p	-	-	caauaucagcugguaauucuggg	cggaauuccaacugauauccac	caauaucagcugguaauucugggcuuaccccaccguuauacgcuucccggaauuccaacugauauccac	1:305625600..305625669:-
2_7782	6871.5	0 +/- 0%	-	13470	13469	0	1	yes	aae-miR-184	dme-miR-184-3p	-	-	uggacggagaacugauaagggc	ccuuaucauucuugcgccccgu	ccuuaucauucuugcgccccguguuauauuguuggcgacuggacggagaacugauaagggc	2:417599380..417599441:-
3_15648	4164.9	0 +/- 0%	-	8161	8156	0	5	yes	aae-miR-308-5p	dme-miR-2a-3p	-	-	aaucacaggaguauacugugag	cgcgguauauucuuguggcuug	cgcgguauauucuuguggcuugaugcauuugaaaaaucucaaaucacaggaguauacugugag	3:403338483..403338546:-
2_4752	3499.5	0 +/- 0%	-	6855	6849	0	6	yes	aae-miR-2c	dme-miR-2a-3p	-	-	uaucacagccagcuuugaugagcu	acucucaaaguggcugugaaaug	acucucaaaguggcugugaaaugguuugauuuugcucauaucacagccagcuuugaugagcu	2:107235884..107235946:-
2_2618	2496.7	0 +/- 0%	-	4891	4887	0	4	yes	aae-miR-305-5p	dme-miR-305-5p	-	-	auuguacuucaucaggugcucugg	cggcacauguuggaguacacuu	auuguacuucaucaggugcucugguuguuuucgauacccggcacauguuggaguacacuu	2:307145445..307145505:+
2_2615	1192.8	0 +/- 0%	-	2331	2329	0	2	yes	aae-miR-275-5p	dme-miR-275-3p	-	-	ucagguaccugaaguagcgcgcg	cgcgcuaagcaggaaccgagacu	cgcgcuaagcaggaaccgagacuuugucauuugcuagcagucagguaccugaaguagcgcgcg	2:307135668..307135731:+
3_12702	1170	0 +/- 0%	-	2286	2273	0	13	yes	aae-miR-11-5p	dme-miR-2a-3p	-	-	caucacagucugaguucuugcu	cgagaacuccggcugugaccugu	cgagaacuccggcugugaccuguguacacuuuauccaaaucacaucacagucugaguucuugcu	3:75489864..75489928:-
2_4756	1163.1	0 +/- 0%	-	2273	2185	0	88	yes	aae-miR-13-5p	dme-miR-2a-3p	-	-	uaucacagccauuuugacgaguu	ucguaaaaaugguugugcugu	ucguaaaaaugguugugcuguguuguuacgcucgaaauucauaucacagccauuuugacgaguu	2:107237649..107237713:-
3_9937	1158	0 +/- 0%	-	2266	2252	0	14	yes	aae-bantam-5p	dme-bantam-3p	-	-	ugagaucauuuugaaagcugauu	ccgguuuucauuuucgaucugacu	ccgguuuucauuuucgaucugacuuauuugauuuaacaagagugagaucauuuugaaagcugauu	3:178082830..178082895:+
1_17509	1090.7	0 +/- 0%	-	2131	2130	0	1	yes	aae-miR-996	dme-miR-279-3p	-	-	ugacuagauuacaugcucgucu	gcgugcaugaaucuggugcacgg	gcgugcaugaaucuggugcacgguuuuccaguuguaauaucgcuucgugacuagauuacaugcucgucu	1:207012536..207012605:+
1_19977	893.2	0 +/- 0%	-	1745	1425	0	320	yes	aae-miR-252-5p	dme-miR-252-5p	-	-	cuaaguacuagugccgcaggag	ccugcugcccaagugcuuaucg	cuaaguacuagugccgcaggagagauuugaaccccugcugcccaagugcuuaucg	1:175818157..175818212:-
1_17507	587.7	0 +/- 0%	-	1145	1144	0	1	yes	aae-miR-279	dme-miR-279-3p	-	-	ugacuagauccacacucauuaa	gaugggugugaaucuaguguuuc	gaugggugugaaucuaguguuucacaugauuuucgauagccugugacuagauccacacucauuaa	1:207007788..207007853:+
2_4761	566.4	0 +/- 0%	-	1109	626	0	483	yes	aae-miR-71-5p	-	-	-	agaaagacauggguagugagau	ucucacuaccuugucuuucaug	agaaagacauggguagugagauaguuucacccuauugcacugggaucucacuaccuugucuuucaug	2:107238287..107238354:-
2_4671	518.3	0 +/- 0%	-	1008	983	0	25	yes	aae-miR-282-5p	dme-miR-282-5p	-	-	uagccucuccuaggcuuugucu	acauagccugacagagguuagg	uagccucuccuaggcuuugucuguuaccuuccuugggaauuccacuagccagacauagccugacagagguuagg	2:96911966..96912040:-
2_4281	485.8	0 +/- 0%	-	945	939	0	6	yes	aae-miR-190	dme-miR-190-5p	-	-	agauauguuugauauucuugguug	cccaggaaucaaacauauuauu	agauauguuugauauucuugguuguuaaauuuuauauuaucacccaggaaucaaacauauuauu	2:48811878..48811942:-
2_4475	469.3	0 +/- 0%	-	912	763	0	149	yes	aae-miR-276-5p	dme-miR-276a-3p	-	-	uaggaacuucauaccgugcucu	agcgagguauagaguuccuacg	agcgagguauagaguuccuacguugcgugugcgaaauugguaggaacuucauaccgugcucu	2:73120452..73120514:-
1_18933	435.8	0 +/- 0%	-	846	823	0	23	yes	aae-miR-33	dme-miR-33-5p	-	-	gugcauuguaguugcauugca	caauacuucugcaaugcaagc	gugcauuguaguugcauugcacuuuugcguucgauaacacggugcaauacuucugcaaugcaagc	1:50888881..50888946:-
2_4492	395	0 +/- 0%	-	766	760	0	6	yes	aae-miR-276-3p	dme-miR-276a-3p	-	-	uaggaacuucauaccgugcucu	agcgagguauagaguuccu	agcgagguauagaguuccuaugcguucggauaaaauauuccauaggaacuucauaccgugcucu	2:73509399..73509463:-
3_14372	348.2	0 +/- 0%	-	674	673	0	1	yes	aae-miR-278-5p	dme-miR-278-3p	-	-	ucggugggacuuucguccguuu	acggacgauagucuucagcggcc	acggacgauagucuucagcggccgugcauuugauagaaguggucggugggacuuucguccguuu	3:243123888..243123952:-
3_12895	261.2	0 +/- 0%	-	511	510	0	1	yes	aae-miR-2765	-	-	-	ugguaacuccaccaccguuggc	caaugggagcuggaguucccgcg	ugguaacuccaccaccguuggcgauauuugacagccaaugggagcuggaguucccgcg	3:101895454..101895512:-
2_4669	214.6	0 +/- 0%	-	413	360	0	53	yes	aae-miR-281-5p	dme-miR-281-2-5p	-	-	aagagagcuauccgucgacagu	ugucauggaauugcucucuuua	aagagagcuauccgucgacaguagggauaugauucacugucauggaauugcucucuuua	2:96469361..96469420:-
2_3035	145	0 +/- 0%	-	276	275	0	1	yes	aae-miR-2945-5p	dme-miR-279-3p	-	-	ugacuagaggcagacucguuua	agcggguccguuucuaguguca	agcggguccguuucuagugucaugugcuguauucgaauaucaugacuagaggcagacucguuua	2:374947142..374947206:+
3_11475	116.6	0 +/- 0%	-	222	221	0	1	yes	aae-miR-8-5p	dme-miR-8-3p	-	-	uaauacugucagguaaagauguc	caucuuaccgggcagcauuaga	caucuuaccgggcagcauuagauauuuuugaaauacuucuaauacugucagguaaagauguc	3:328527955..328528017:+
2_7145	113.2	0 +/- 0%	-	214	126	0	88	yes	aae-miR-9c-5p	dme-miR-9a-5p	-	-	ucuuugguauucuagcuguaga	uaaagcuuuaguaccagagguc	ucuuugguauucuagcuguagaauguugagcuuugugauaugguaucuucuaaagcuuuaguaccagagguc	2:335810364..335810436:-
3_10627	99.3	0 +/- 0%	-	186	113	0	73	yes	aae-miR-307	dme-miR-307a-3p	-	-	ucacaaccuccuugagugagcga	acucacucaaccugggugugau	acucacucaaccugggugugaugcuuauuugaaucaucacaaccuccuugagugagcga	3:244794376..244794435:+
2_7139	97.4	0 +/- 0%	-	183	177	0	6	yes	aae-miR-9b	dme-miR-9a-5p	-	-	ucuuuggugauuuuagcuguaug	uauagcuuuaucaccaaaaacc	ucuuuggugauuuuagcuguaugcugauacguuucugauugcauauagcuuuaucaccaaaaacc	2:335780574..335780639:-
NIGP01000533_23240	71.9	0 +/- 0%	-	133	131	0	2	yes	aae-miR-970	dme-miR-970-3p	-	-	ucauaagacacacgcggcuau	agcuugcguuugucuuagcuggu	agcuugcguuugucuuagcugguauugaaugugauagguaucauaagacacacgcggcuau	NIGP01000533:10107..10168:-
1_17003	71.9	0 +/- 0%	-	133	131	0	2	yes	aae-miR-970	dme-miR-970-3p	-	-	ucauaagacacacgcggcuau	agcuugcguuugucuuagcuggu	agcuugcguuugucuuagcugguauugaaugugauagguaucauaagacacacgcggcuau	1:157238423..157238484:+
2_757	40.2	0 +/- 0%	-	70	64	0	6	yes	aae-miR-988-5p	dme-miR-988-3p	-	-	ccccuuguugcaaaccucacgc	gugugcuuugugacaaugagau	gugugcuuugugacaaugagauucgguucgauaucauccccuuguugcaaaccucacgc	2:93351380..93351439:+
1_19148	27	0 +/- 0%	-	45	40	0	5	yes	aae-miR-87	dme-miR-87-3p	-	-	gugagcaaauuuucaggugugu	cagccugaaauuugcuaaaccu	cagccugaaauuugcuaaaccuguguguauuugauucaaacaaucaaggugagcaaauuuucaggugugu	1:80682401..80682471:-
1_22560	21.3	0 +/- 0%	-	34	31	0	3	yes	aae-miR-1175-5p	dme-miR-958-3p	-	-	ugagauucuacuucuccgacuua	uaaguggaguaguggucucaucgcu	uaaguggaguaguggucucaucgcuuaguauuagaaaagugagauucuacuucuccgacuua	1:307010045..307010107:-
3_15028	7.8	91 +/- 18%	-	14	4	0	10	yes	aae-miR-10365	-	-	-	aaaaguuuucauauucuugcgg	auuagaauguggaaucuguuuu	auuagaauguggaaucuguuuuuguacaucaaguguuacgaaacgaagcaaaaaaguuuucauauucuugcgg	3:320775621..320775694:-
NIGP01001634_23261	7.8	91 +/- 18%	-	14	4	0	10	yes	aae-miR-10365	-	-	-	aaaaguuuucauauucuugcgg	auuagaauguggaaucuguuuu	auuagaauguggaaucuguuuuuguacaucaaguguuacgaaacgaagcaaaaaaguuuucauauucuugcgg	NIGP01001634:30709..30782:-
3_12700	5.4	91 +/- 16%	-	639	639	0	0	yes	aae-miR-998	dme-miR-285-3p	-	-	uagcaccaugagauucagcuc	acugaacucucgugggucugca	acugaacucucgugggucugcaguugauauuucgaaagcuuguagcaccaugagauucagcuc	3:75489589..75489652:-
1_16229	5.4	91 +/- 16%	-	2	1	0	1	yes	aae-miR-11901	dme-miR-2a-3p	-	-	caucacagaauuguuuuuacuga	uguaaaaauaauucuguaaaguu	caucacagaauuguuuuuacugauaaggaacuauguguaaaaauaauucuguaaaguu	1:68805977..68806035:+
2_4754	5.2	91 +/- 16%	-	22344	22344	0	0	yes	aae-miR-2a-5p	dme-miR-2a-3p	-	-	uaucacagccagcuuugaaga	ucaaagugguugugaaaug	ucaaagugguugugaaaugaguuacucuugaacgaucucauaucacagccagcuuugaaga	2:107237504..107237565:-
1_22454	5.2	91 +/- 16%	-	659	659	0	0	yes	aae-miR-277-5p	dme-miR-277-3p	-	-	uaaaugcacuaucugguacgaca	gcgugucagaagugcauuuaca	gcgugucagaagugcauuuacauagguauuucccguuuagcaguauuuguaaaugcacuaucugguacgaca	1:302603812..302603884:-
1_22456	5.2	91 +/- 16%	-	5066	5064	0	2	yes	aae-miR-317	dme-miR-317-3p	-	-	ugaacacagcuggugguaucuca	cgggauacacccugugcucgcu	cgggauacacccugugcucgcuuugcauucgaaacuagugaacacagcuggugguaucuca	1:302667131..302667192:-
2_4760	5.1	91 +/- 16%	-	4760	4760	0	0	yes	aae-miR-2c	dme-miR-2a-3p	-	-	uaucacagccagcuuugauga	aucaaauuugguuguuuuagu	aucaaauuugguuguuuuaguacgaccucuuugaaaccccuaucacagccagcuuugauga	2:107237998..107238059:-
3_12798	5.1	91 +/- 16%	-	1666	1666	0	0	yes	aae-miR-92b-3p	dme-miR-92a-3p	-	-	aauugcacuugucccggccugc	aggucgugacuugugcccauuug	aggucgugacuugugcccauuugcugaauuuuaauggucaaauugcacuugucccggccugc	3:93418515..93418577:-
2_7142	5	91 +/- 16%	-	129	129	0	0	yes	aae-miR-79-5p	dme-miR-9a-3p	-	-	uaaagcuagauuaccaaagcau	gcuuuggcgcuuuagcuguaug	gcuuuggcgcuuuagcuguaugauagaauuuaauauuucauaaagcuagauuaccaaagcau	2:335780884..335780946:-
2_3371	4.9	89 +/- 18%	-	1300	1298	0	2	yes	aae-miR-965	dme-miR-965-3p	-	-	uaagcguauagcuuuucccau	gggggaaauccuguacgcuguaug	gggggaaauccuguacgcuguauguuguauuugaauaauccauaagcguauagcuuuucccau	2:429778749..429778812:+
3_15368	4.8	89 +/- 18%	-	13	13	0	0	yes	aae-miR-989	dme-miR-989-3p	-	-	ugugaugugacguagugguacc	cgccgcuaccucgcuuucacuug	cgccgcuaccucgcuuucacuugguaccgauuucccauaauccaugugaugugacguagugguacc	3:366439081..366439147:-
3_12808	4.8	89 +/- 18%	-	328	328	0	0	yes	aae-miR-92a-5p	dme-miR-92a-3p	-	-	uauugcacuugucccggccuau	cgguacggacaggggcaacauu	cgguacggacaggggcaacauugugacauuugaaagcuaauauugcacuugucccggccuau	3:93477596..93477658:-
2_2739	4.7	89 +/- 18%	-	12	12	0	0	yes	aae-miR-133	dme-miR-133-3p	-	-	uugguccccuucaaccagcugu	agcugguugacuucgggucaaau	agcugguugacuucgggucaaaucgucaaauauuugcaaagauauuuccucagugaaauuauuugguccccuucaaccagcugu	2:330417065..330417149:+
2_2863	4.6	89 +/- 18%	-	355	355	0	0	yes	aae-miR-14	dme-miR-14-3p	-	-	ucagucuuuuucucucuccuau	gggagcgagauuaaggcuugcu	gggagcgagauuaaggcuugcuggucauuuauuacacucgaagucagucuuuuucucucuccuau	2:344767572..344767637:+
1_22503	4.6	89 +/- 18%	-	14445	14445	0	0	yes	aae-miR-12-5p	dme-miR-12-5p	-	-	ugaguauuacaucagguacuggu	caguacuuauguuaugcucucu	ugaguauuacaucagguacuggugucgauauucgaaucaccaacgaaucggguuccuuugauuaacuuaccaguacuuauguuaugcucucu	1:305613548..305613640:-
3_12140	3.8	89 +/- 17%	-	9	9	0	0	yes	aae-miR-980-5p	dme-miR-980-3p	-	-	uagcugccuagugaagggcaau	ggccguucauugggucaucuagc	ggccguucauugggucaucuagcucguguuggaaacaguuagcugccuagugaagggcaau	3:1054523..1054584:-
3_9526	3.8	89 +/- 17%	-	15	15	0	0	yes	aae-miR-31	dme-miR-31b-5p	-	-	uggcaagauguuggcauagcuga	agcuauucaacuucuugucuau	uggcaagauguuggcauagcugaaaguuuugaguuuagcuauucaacuucuugucuau	3:136174150..136174208:+
2_1788	3.7	89 +/- 17%	-	728	728	0	0	yes	aae-miR-7	dme-miR-7-5p	-	-	uggaagacuagugauuuuguuguu	uaacaauaaaucucaagucuuucuac	uggaagacuagugauuuuguuguuuugcuuacgauaauaacaauaaaucucaagucuuucuac	2:222802544..222802607:+
2_7634	3.2	89 +/- 17%	-	9	9	0	0	yes	aae-miR-1	dme-miR-1-3p	-	-	uggaauguaaagaaguauggag	ccaugcuuccuugcauucaaua	ccaugcuuccuugcauucaauagugauucugaaagcauauggaauguaaagaaguauggag	2:399501023..399501084:-
1_17298	3	89 +/- 17%	-	7	7	0	0	yes	aae-miR-929	dme-miR-929-5p	-	-	aaauugacucuaguagggagu	ucccuaacggagucagauuga	aaauugacucuaguagggaguccuuguguacgagugacucccuaacggagucagauuga	1:198495526..198495585:+
2_4346	2.1	94 +/- 8%	-	230	230	0	0	yes	aae-miR-11894a	-	-	-	uuuaccauuucaagaugaccua	ggucgucuugaaaugguaaaga	ggucgucuugaaaugguaaagagugucaaucaucaucuuuaccauuucaagaugaccua	2:58785158..58785217:-
2_4348	2	94 +/- 8%	-	230	230	0	0	yes	aae-miR-11894a	-	-	-	uuuaccauuucaagaugaccua	ggucgucuugaaaugguaaaga	ggucgucuugaaaugguaaagagugucaaucaucaucuuuaccauuucaagaugaccua	2:58785850..58785909:-
2_4352	2	94 +/- 8%	-	230	230	0	0	yes	aae-miR-11894a	-	-	-	uuuaccauuucaagaugaccua	ggucgucuugaaaugguaaaga	ggucgucuugaaaugguaaagagugucaaucaucaucuuuaccauuucaagaugaccua	2:58787948..58788007:-
2_4342	2	94 +/- 8%	-	230	230	0	0	yes	aae-miR-11894a	-	-	-	uuuaccauuucaagaugaccua	gguugucuugaaaugguaaaga	gguugucuugaaaugguaaagagugucaaccaucaucuuuaccauuucaagaugaccua	2:58783350..58783409:-
2_4344	1.9	93 +/- 6%	-	19	19	0	0	yes	aae-miR-11894b	-	-	-	uuuaccauuucaauaugaccua	ggucguauugaaaugguaaaga	ggucguauugaaaugguaaagagugucaaucaucaucuuuaccauuucaauaugaccua	2:58784590..58784649:-
2_4350	1.9	93 +/- 6%	-	230	230	0	0	yes	aae-miR-11894a	-	-	-	uuuaccauuucaagaugaccua	ggucgucuugaaaugguaaaga	ggucgucuugaaaugguaaagagugucaaucaucaucuuuaccauuucaagaugaccua	2:58787426..58787485:-
2_7020	1.7	93 +/- 6%	-	42	42	0	0	yes	aae-miR-11895	-	-	-	uucaugcauucacuucugcuga	agcaggagugaaugcaugaguu	agcaggagugaaugcaugaguuugacaucugaaacuaauucaugcauucacuucugcuga	2:324949494..324949554:-
3_9436	1.5	93 +/- 6%	-	10	8	0	2	yes	aae-miR-11917	-	-	-	agcugaaaacuuaaucgauugg	ccaaucgauuagguuuucagcu	agcugaaaacuuaaucgauuggucuccagcugguggugaccaaucgauuagguuuucagcu	3:123741242..123741303:+
2_862	1.5	93 +/- 6%	-	6	6	0	0	yes	aae-miR-9a	dme-miR-9a-5p	-	-	ucuuugguuaucuagcuguau	aaagcuagcauaccgaaguua	ucuuugguuaucuagcuguaugagugaauuuagaacaucauaaagcuagcauaccgaaguua	2:108461947..108462009:+
2_7752	1.4	93 +/- 6%	-	137	137	0	0	yes	aae-miR-1890	-	-	-	ugaaaucuuugauuaggucugg	agagcuaauuggagaguucuug	agagcuaauuggagaguucuugaauaguguugugaaccuucaugaaaucuuugauuaggucugg	2:413654961..413655025:-
2_758	1	93 +/- 6%	-	64	64	0	0	no	aae-miR-988-3p	dme-miR-988-3p	-	-	ccccuuguugcaaaccucacgc	ggcagguaggggcaaugggggc	ccccuuguugcaaaccucacgcuugcgguagguuccacaacugcugagagguggcagguaggggcaaugggggc	2:93351417..93351491:+
2_4463	0.9	88 +/- 7%	-	9	7	0	2	yes	aae-miR-11917	-	-	-	agcugaaaacuuaaucgauugg	ccaaucgauuagguuuucagcu	agcugaaaacuuaaucgauuggucacuagauggugaugaccaaucgauuagguuuucagcu	2:70374377..70374438:-
2_2043	0.6	88 +/- 7%	-	9	7	0	2	yes	aae-miR-11917	-	-	-	agcugaaaacuuaaucgauugg	ccaaucgauuagguuuucagcu	agcugaaaacuuaaucgauuggucacuagcugguggugaccaaucgauuagguuuucagcu	2:241389224..241389285:+
2_1888	0.2	88 +/- 7%	-	3	3	0	0	yes	aae-miR-932-5p	dme-miR-932-5p	-	-	ucaauuccguagugcauugcagu	ugcaagcaauguggaagugaag	ucaauuccguagugcauugcagugugcuuuagacgaacugcaagcaauguggaagugaag	2:231381156..231381216:+
2_34	0.2	88 +/- 7%	-	3	3	0	0	yes	aae-miR-219	dme-miR-219-5p	-	-	ugauuguccaaacgcaauucuug	agaguugugacuggacauccgug	ugauuguccaaacgcaauucuuguuuuauucgaauaugauauccaagaguugugacuggacauccgug	2:3715261..3715329:+
2_3001	0	88 +/- 7%	-	2	2	0	0	yes	aae-miR-124	dme-miR-124-3p	-	-	uaaggcacgcggugaaugccaa	gguauccacugccggccuauaug	gguauccacugccggccuauauguccuauuucgguacucauaaggcacgcggugaaugccaa	2:369307279..369307341:+
2_5179	-0.4	81 +/- 7%	-	2	2	0	0	yes	aae-miR-263b-5p	dme-miR-263b-5p	-	-	cuuggcacugggagaauucac	ggaucuuuucgugccaucgu	cuuggcacugggagaauucacaggcgcuauuugcuaucauucuguggaucuuuucgugccaucgu	2:153371131..153371196:-
2_3038	-0.5	81 +/- 7%	-	2	2	0	0	yes	aae-miR-125-5p	dme-miR-125-5p	-	-	ucccugagacccuaacuugugac	cacaaguuuugaucuccgguauu	ucccugagacccuaacuugugacuauaguugaaguuucacaaguuuugaucuccgguauu	2:375131781..375131841:+
2_7664	-0.6	81 +/- 7%	-	1	1	0	0	yes	aae-miR-2944b-5p	dme-miR-2a-3p	-	-	uaucacagcaguaguuaccugaua	gaaggaacucccggugugauaua	gaaggaacucccggugugauauaugacucgauuauaucacagcaguaguuaccugaua	2:402152794..402152852:-
1_22586	-0.6	81 +/- 7%	-	1	1	0	0	yes	aae-miR-993	dme-miR-993-3p	-	-	gaagcucguuucuauagagguau	acccuguaguuccgggcuuuug	acccuguaguuccgggcuuuugugguuucuuuuauuguuaauuaucagaagcucguuucuauagagguau	1:310672022..310672092:-
2_7216	-0.8	81 +/- 7%	-	7	7	0	0	yes	aae-miR-11916	-	-	-	gaugccucguaaagcaacugga	caguugcuuuccgagcguagcac	caguugcuuuccgagcguagcacaguuuggaugcgggcccgugcaucguccacggugaugccucguaaagcaacugga	2:344991982..344992060:-
2_7662	-0.9	81 +/- 7%	-	2	2	0	0	yes	aae-miR-309b-5p	dme-miR-3-3p	-	-	ucacugggcauaguuugucgc	gucaaacuccguucaguuggu	gucaaacuccguucaguugguggagucauuuuccaagucaucacugggcauaguuugucgc	2:402152472..402152533:-
2_2616	-1	81 +/- 7%	-	2329	2329	0	0	no	aae-miR-275-3p	dme-miR-275-3p	-	-	ucagguaccugaaguagcgcgcg	ucaucaagcgacaacagaggcgugaaa	ucagguaccugaaguagcgcgcgugaucaaacaggaagcgucaucaagcgacaacagaggcgugaaa	2:307135708..307135775:+
2_6394	-1.9	52 +/- 9%	-	6	6	0	0	yes	aae-miR-2941	-	-	-	uaguacggcuagaacuccacgga	cgugguguuuagacguauuaca	cgugguguuuagacguauuacaugauuuuuugaacauaacuguaguacggcuagaacuccacgga	2:268456010..268456075:-
2_6396	-2	52 +/- 9%	-	6	6	0	0	yes	aae-miR-2941	-	-	-	uaguacggcuagaacuccacgga	cgugaagcucagcugcauuaca	cgugaagcucagcugcauuacacgauauggaauacgguuuguaguacggcuagaacuccacgga	2:268456314..268456378:-
3_9076	-2.3	48 +/- 7%	-	3	3	0	0	yes	aae-miR-11917	-	-	-	caaacugaaaacuuaaucgauug	aucgauuaagauuucagcucaaa	caaacugaaaacuuaaucgauuggucgccaccaccgugagaccaaucgauuaagauuucagcucaaa	3:82640688..82640755:+
2_4670	-2.3	48 +/- 7%	-	360	360	0	0	no	aae-miR-281-5p	dme-miR-281-2-5p	-	-	aagagagcuauccgucgacagu	cguugacgugggauuuuuuug	cguugacgugggauuuuuuuguucauuuuguucuuucgcugguuucgaauaugaaaauaaagagagcuauccgucgacagu	2:96469398..96469479:-
1_16105	-3.3	69 +/- 3%	-	26	26	0	0	no	aae-miR-210	-	-	-	uugugcgugugacaacggcuau	agcugcugaccacugcacaaga	agcugcugaccacugcacaagauuagauuaugacucuugugcgugugacaacggcuau	1:54892617..54892675:+
2_6256	-3.5	69 +/- 3%	-	3	3	0	0	yes	aae-miR-11911	-	-	-	gacgagugcuuggaucaucaau	aguugauccaaguagucuugccuu	aguugauccaaguagucuugccuuuguaagaagacgagugcuuggaucaucaau	2:256106005..256106059:-
2_6398	-3.9	69 +/- 3%	-	1	1	0	0	yes	aae-miR-2946	-	-	-	uaguacggaaaagauaugggga	gccauauuuuuaccgcuacugca	gccauauuuuuaccgcuacugcauuucauuguaauaauuguaguacggaaaagauaugggga	2:268456441..268456503:-
2_5420	-4.3	46 +/- 3%	-	1	1	0	0	yes	aae-miR-11899	-	-	-	uaugaccgauuuaauauauggc	cauguaugauuucggucaugua	cauguaugauuucggucauguaugcaguugaaaauaauuauaugaccgauuuaauauauggc	2:182319042..182319104:-
2_7328	-4.5	46 +/- 3%	-	1	1	0	0	yes	aae-miR-1891	-	-	-	acacguccauuaacucugguac	ugaggaguuaauuugcguguuu	ugaggaguuaauuugcguguuuuuguauuugauuaaacacguccauuaacucugguac	2:360084867..360084925:-
1_17699	-4.7	46 +/- 3%	-	4	4	0	0	yes	aae-miR-11900	-	-	-	auuuuuuugacuguaauuuu	aauuacguugaaaaaucgucu	aauuacguugaaaaaucgucucccucaaaaaaugaaaccugagacuaacaggagauuuuuuugacuguaauuuu	1:223944074..223944148:+
2_2237	-4.8	46 +/- 3%	-	19	19	0	0	no	aae-miR-11893	-	-	-	uuccugacuuauacgcuuaccu	guaaguagauaaaucagaaaga	guaaguagauaaaucagaaagacguuuauaucguuucuuccugacuuauacgcuuaccu	2:257889040..257889099:+
NIGP01000443_23217	-4.8	46 +/- 3%	-	19	19	0	0	no	aae-miR-11893	-	-	-	uuccugacuuauacgcuuaccu	guaaguagauaaaucagaaaga	guaaguagauaaaucagaaagacguuuauaucguuucuuccugacuuauacgcuuaccu	NIGP01000443:52102..52161:+

#miRBase miRNAs not detected by miRDeep2
miRBase precursor id	total read count	mature read count(s)	star read count	remaining reads	UCSC browser	NCBI blastn	miRBase mature sequence(s)	miRBase star sequence(s)	miRBase precursor sequence
6345	6345	0	0	-	-	ucagguacugagugacucucag	gagagcaccucgguaucuaagc	-	cauucgcaauuucaccgguucagguacugagugacucucagaugugcauuucucaagcaaucucguccucaggaccugagguugaaaaacccugagagcaccucgguaucuaagccaguguugcgaaaa	
3769	3768	0	1	-	-	cacguuacagauugggguuucc	uaaucucaaauuguaacagugg	-	gagguaaucucaaauuguaacaguggguugauuuuccuggugaaucccggccuuguccuccgucacaagugugacaagugucucgaaaacguguucgcuauacccacguuacagauugggguuucccc	
3562	3561	0	1	-	-	ugguuuaucuuaucugucgaggc	gucgacagggagauaaaucacu	-	cauugguuuaucuuaucugucgaggcaaguuauuuuaccggauaguguuucuuuucgugagcaaucaccacuauccagcucuucuugucgacagggagauaaaucacug	
1213	1213	0	0	-	-	caaccacuauccgcccugccgcc	uggcagugugguuagcugguug	-	caaggcaauacgcuauggcagugugguuagcugguuguguagaacuuuggggggcuuccguggcguucgcgcgcacacgggggcucagauucacaaccacuauccgcccugccgccgcgaggugccagg	
2	2	0	0	-	-	uuaaguaggcacuugcaggcaaa	-	gauguuaaguaggcacuugcaggcaaauuuguagcuuuaauaugauugacugcuuuuuccuacuuuacauu	
1	1	0	0	-	-	ucagaucuacuuaauacccau	-	acuccaauucuggguauuuuagauccuuggcauaguuacgugauugaaugcacuguucuucuuugguuuacccaguaucgaacacgcgucaaucugucagaucuacuuaauacccaua	
1	1	0	0	-	-	caugaacgacgacgugacgccg	-	uauaagucccgucgucgccuucaugugcgguggucacaugccacacaugaacgacgacgugacgccgc	
1	1	0	0	-	-	uauugcuugagaauacacguag	-	uauucaucgagcaacuugguuggccacgcguauucuuggguuauuaacacacuguuuauguuguuauugcuugagaauacacguaguugacaaguguuucaca	
2	1	0	1	-	-	aaaugggacugauaugcgaguau	-	ccauucucgcauaacaguaccauauucuugggauuucucauauaaaugggacugauaugcgaguaugg	






























1	0	0	1	-	-	caaagcguuuggguucugaaac	-	gguuugcuuuagaauuccuacgcuuuaccgugauuuguugaaaguuuggcaaagcguuuggguucugaaacgaaac	



1	0	0	1	-	-	uuccgaaguugggugucucgc	-	ugcaagauacccuacuucggaaguagggcgcauuagagcgcauccggaugcgaaucgaaugcaccacuuccgaaguugggugucucgca	











1	0	0	1	-	-	uuggacuggcaugcguuuaugg	-	cccauaaacgcauaauugucccaugugaauagaaaauccagccacauuggacuggcaugcguuuauggg	
