miRDeep2 score	novel miRNAs reported by miRDeep2	novel miRNAs, estimated false positives	novel miRNAs, estimated true positives	known miRNAs in species	known miRNAs in data	known miRNAs detected by miRDeep2	estimated signal-to-noise	excision gearing
10	0	0 +/- 0	0 +/- 0 (0 +/- 0%)	164	12	0 (0%)	0	1
9	0	0 +/- 0	0 +/- 0 (0 +/- 0%)	164	12	0 (0%)	0	1
8	0	0 +/- 0	0 +/- 0 (0 +/- 0%)	164	12	0 (0%)	0	1
7	0	0 +/- 0	0 +/- 0 (0 +/- 0%)	164	12	0 (0%)	0	1
6	0	0 +/- 0	0 +/- 0 (0 +/- 0%)	164	12	0 (0%)	0	1
5	0	0 +/- 0	0 +/- 0 (0 +/- 0%)	164	12	0 (0%)	0	1
4	0	0 +/- 0	0 +/- 0 (0 +/- 0%)	164	12	0 (0%)	0	1
3	0	0 +/- 0	0 +/- 0 (0 +/- 0%)	164	12	0 (0%)	0	1
2	0	0 +/- 0	0 +/- 0 (0 +/- 0%)	164	12	1 (8%)	18.2	1
1	0	0 +/- 0	0 +/- 0 (0 +/- 0%)	164	12	2 (17%)	13.6	1
0	0	0 +/- 0	0 +/- 0 (0 +/- 0%)	164	12	4 (33%)	8.2	1
-1	0	0 +/- 0	0 +/- 0 (0 +/- 0%)	164	12	5 (42%)	6.3	1
-2	0	0 +/- 0	0 +/- 0 (0 +/- 0%)	164	12	5 (42%)	3.4	1
-3	0	0 +/- 0	0 +/- 0 (0 +/- 0%)	164	12	5 (42%)	2.6	1
-4	1	1 +/- 1	0 +/- 0 (16 +/- 37%)	164	12	11 (92%)	4.1	1
-5	2	4 +/- 1	0 +/- 0 (1 +/- 7%)	164	12	11 (92%)	2	1
-6	2	8 +/- 2	0 +/- 0 (0 +/- 0%)	164	12	11 (92%)	1.3	1
-7	2	9 +/- 2	0 +/- 0 (0 +/- 0%)	164	12	11 (92%)	1.1	1
-8	3	12 +/- 2	0 +/- 0 (0 +/- 0%)	164	12	11 (92%)	0.9	1
-9	4	13 +/- 2	0 +/- 0 (0 +/- 0%)	164	12	11 (92%)	0.9	1
-10	7	14 +/- 2	0 +/- 0 (0 +/- 0%)	164	12	11 (92%)	1	1



novel miRNAs predicted by miRDeep2
provisional id	miRDeep2 score	estimated probability that the miRNA candidate is a true positive	rfam alert	total read count	mature read count	loop read count	star read count	significant randfold p-value	miRBase miRNA	example miRBase miRNA with the same seed	UCSC browser	NCBI blastn	consensus mature sequence	consensus star sequence	consensus precursor sequence	precursor coordinate



mature miRBase miRNAs detected by miRDeep2
tag id	miRDeep2 score	estimated probability that the miRNA is a true positive	rfam alert	total read count	mature read count	loop read count	star read count	significant randfold p-value	mature miRBase miRNA	example miRBase miRNA with the same seed	UCSC browser	NCBI blastn	consensus mature sequence	consensus star sequence	consensus precursor sequence	precursor coordinate
2_28	2	0 +/- 0%	-	23	23	0	0	yes	aae-miR-11894a	-	-	-	uuuaccauuucaagaugaccua	ggucgucuugaaaugguaaaga	ggucgucuugaaaugguaaagagugucaaucaucaucuuuaccauuucaagaugaccua	2:58787948..58788007:-
2_26	2	0 +/- 0%	-	23	23	0	0	yes	aae-miR-11894a	-	-	-	uuuaccauuucaagaugaccua	ggucgucuugaaaugguaaaga	ggucgucuugaaaugguaaagagugucaaucaucaucuuuaccauuucaagaugaccua	2:58786284..58786343:-
2_38	1.7	0 +/- 0%	-	21	21	0	0	yes	aae-miR-11895	-	-	-	uucaugcauucacuucugcuga	agcaggagugaaugcaugaguu	agcaggagugaaugcaugaguuugacaucugaaacuaauucaugcauucacuucugcuga	2:324949494..324949554:-
2_30	0	0 +/- 0%	-	1	1	0	0	yes	aae-miR-2c	dme-miR-2a-3p	-	-	uaucacagccagcuuugaug	ucaaaguggcugugaaaug	ucaaaguggcugugaaaugguuugauuuugcucauaucacagccagcuuugaug	2:107235888..107235942:-
2_44	-0.4	0 +/- 0%	-	1	1	0	0	yes	aae-miR-184	dme-miR-184-3p	-	-	uggacggagaacugauaaggg	cuuaucauucuugcgccccgu	cuuaucauucuugcgccccguguuauauuguuggcgacuggacggagaacugauaaggg	2:417599381..417599440:-
2_24	-3.4	16 +/- 37%	-	1	1	0	0	yes	aae-miR-11894b	-	-	-	uuuaccauuucaauaugaccua	ggucguauugaaaugguaaaga	ggucguauugaaaugguaaagagugucaaucaucaucuuuaccauuucaauaugaccua	2:58784590..58784649:-
3_89	-3.7	16 +/- 37%	-	1	1	0	0	yes	aae-miR-308-5p	-	-	-	cgcgguauauucuuguggcuug	aaucacaggaguauacugugag	cgcgguauauucuuguggcuugaugcauuugaaaaaucucaaaucacaggaguauacugugag	3:403338483..403338546:-
1_125	-3.9	16 +/- 37%	-	3	3	0	0	no	aae-miR-252-5p	dme-miR-252-5p	-	-	cuaaguacuagugccgcagg	ugcugcccaagugcuuaucg	cuaaguacuagugccgcaggagagauuugaaccccugcugcccaagugcuuaucg	1:175818157..175818212:-
2_42	-4	16 +/- 37%	-	1	1	0	0	yes	aae-miR-1890	-	-	-	ugaaaucuuugauuaggucug	gagcuaauuggagaguucuug	gagcuaauuggagaguucuugaauaguguugugaaccuucaugaaaucuuugauuaggucug	2:413654962..413655024:-
1_126	-5.5	0 +/- 0%	-	3	3	0	0	no	aae-miR-252-5p	dme-miR-252-5p	-	-	cuaaguacuagugccgcagg	cgcggcuuauugcuucuggug	cgcggcuuauugcuucuggugauugauaagaauucuuuacuaaguacuagugccgcagg	1:175818192..175818251:-

#miRBase miRNAs not detected by miRDeep2
miRBase precursor id	total read count	mature read count(s)	star read count	remaining reads	UCSC browser	NCBI blastn	miRBase mature sequence(s)	miRBase star sequence(s)	miRBase precursor sequence
1	1	0	0	-	-	caaccacuauccgcccugccgcc	uggcagugugguuagcugguug	-	caaggcaauacgcuauggcagugugguuagcugguuguguagaacuuuggggggcuuccguggcguucgcgcgcacacgggggcucagauucacaaccacuauccgcccugccgccgcgaggugccagg	





























































1	0	0	1	-	-	aacccguagauccgaacuugug	-	gcguagugguuguaguuacccauuugcaggaacccguagauccgaacuugugcugccguuucacauguuacaagaacggauguaugggauucugccgauguauggcuaaagcaucgaucgauuugu	

























































