miRDeep2 score	novel miRNAs reported by miRDeep2	novel miRNAs, estimated false positives	novel miRNAs, estimated true positives	known miRNAs in species	known miRNAs in data	known miRNAs detected by miRDeep2	estimated signal-to-noise	excision gearing
10	0	0 +/- 0	0 +/- 0 (0 +/- 0%)	164	1	0 (0%)	0	1
9	0	0 +/- 0	0 +/- 0 (0 +/- 0%)	164	1	0 (0%)	0	1
8	0	0 +/- 0	0 +/- 0 (0 +/- 0%)	164	1	0 (0%)	0	1
7	0	0 +/- 0	0 +/- 0 (0 +/- 0%)	164	1	0 (0%)	0	1
6	0	0 +/- 0	0 +/- 0 (0 +/- 0%)	164	1	0 (0%)	0	1
5	0	0 +/- 0	0 +/- 0 (0 +/- 0%)	164	1	0 (0%)	0	1
4	0	0 +/- 0	0 +/- 0 (0 +/- 0%)	164	1	0 (0%)	0	1
3	1	0 +/- 0	1 +/- 0 (90 +/- 30%)	164	1	0 (0%)	9.1	1
2	1	0 +/- 0	1 +/- 0 (86 +/- 35%)	164	1	1 (100%)	12.5	1
1	6	1 +/- 1	5 +/- 1 (82 +/- 13%)	164	1	1 (100%)	6.5	1
0	6	5 +/- 1	1 +/- 1 (24 +/- 20%)	164	1	1 (100%)	1.5	1
-1	9	12 +/- 2	0 +/- 0 (1 +/- 5%)	164	1	1 (100%)	0.9	1
-2	11	19 +/- 3	0 +/- 0 (0 +/- 0%)	164	1	1 (100%)	0.6	1
-3	12	27 +/- 4	0 +/- 0 (0 +/- 0%)	164	1	1 (100%)	0.5	1
-4	15	33 +/- 4	0 +/- 0 (0 +/- 0%)	164	1	1 (100%)	0.5	1
-5	22	42 +/- 4	0 +/- 0 (0 +/- 0%)	164	1	1 (100%)	0.5	1
-6	28	51 +/- 5	0 +/- 0 (0 +/- 0%)	164	1	1 (100%)	0.6	1
-7	32	60 +/- 5	0 +/- 0 (0 +/- 0%)	164	1	1 (100%)	0.6	1
-8	39	67 +/- 6	0 +/- 0 (0 +/- 0%)	164	1	1 (100%)	0.6	1
-9	53	72 +/- 6	0 +/- 0 (0 +/- 0%)	164	1	1 (100%)	0.8	1
-10	62	79 +/- 6	0 +/- 0 (0 +/- 0%)	164	1	1 (100%)	0.8	1



novel miRNAs predicted by miRDeep2
provisional id	miRDeep2 score	estimated probability that the miRNA candidate is a true positive	rfam alert	total read count	mature read count	loop read count	star read count	significant randfold p-value	miRBase miRNA	example miRBase miRNA with the same seed	UCSC browser	NCBI blastn	consensus mature sequence	consensus star sequence	consensus precursor sequence	precursor coordinate
2_107	3.1	90 +/- 30%	-	13	13	0	0	yes	-	-	-	-	acguuagccacaaggaaggacguc	cguccuuccuuguggcuaacgucc	cguccuuccuuguggcuaacguccccuauccaagccguucccauaggggacguuagccacaaggaaggacguc	2:181680250..181680323:+
2_122	1.7	82 +/- 13%	-	25	25	0	0	yes	-	-	-	-	auuuggauuggauuuggauugg	gauuuggauuggauuuggauug	gauuuggauuggauuuggauuggauuuggauuggauuuggauuggauuggauuuggauuggauuuggauuggauuuggauuggauuuggauugg	2:192247161..192247255:+
2_121	1.6	82 +/- 13%	-	25	25	0	0	yes	-	-	-	-	auuuggauuggauuuggauugg	gauuuggauuggauuuggauug	gauuuggauuggauuuggauuggauuuggauuggauuuggauuggauuuggauuggauuuggauuggauuuggauuggauuuggauuggauuuggauugg	2:192247106..192247206:+
1_1676	1.2	82 +/- 13%	-	25	25	0	0	yes	-	-	-	-	auuuggauuggauuuggauugg	gaucuggauuuggauuggauuu	auuuggauuggauuuggauuggaauuuggauugauuuggaucuggauuuggauuggauuu	1:35041365..35041425:-
1_1870	1.2	82 +/- 13%	-	45	45	0	0	yes	-	-	-	-	aggagacgaugacucucuaauu	uuccggaguuauccaucuuuuug	uuccggaguuauccaucuuuuuggguaccacccagaugggugauguccaaggagacgaugacucucuaauu	1:210441512..210441583:-
3_879	1	82 +/- 13%	-	12	12	0	0	yes	-	-	-	-	acuaccggagucugaauuucaa	ggaauuuagguucgguggagg	ggaauuuagguucgguggagguggcagaagaacuuacuaccggagucugaauuucaa	3:191300993..191301050:+



mature miRBase miRNAs detected by miRDeep2
tag id	miRDeep2 score	estimated probability that the miRNA is a true positive	rfam alert	total read count	mature read count	loop read count	star read count	significant randfold p-value	mature miRBase miRNA	example miRBase miRNA with the same seed	UCSC browser	NCBI blastn	consensus mature sequence	consensus star sequence	consensus precursor sequence	precursor coordinate
2_366	2.1	86 +/- 35%	-	80	80	0	0	yes	aae-miR-11894a	-	-	-	accauuucaagaugaccua	ggucgucuugaaaugguaa	ggucgucuugaaaugguaaagagugucaaucaucaucuuuaccauuucaagaugaccua	2:58785158..58785217:-

#miRBase miRNAs not detected by miRDeep2
miRBase precursor id	total read count	mature read count(s)	star read count	remaining reads	UCSC browser	NCBI blastn	miRBase mature sequence(s)	miRBase star sequence(s)	miRBase precursor sequence









































































































20	0	0	20	-	-	uuccgaaguugggugucucgc	-	ugcaagauacccuacuucggaaguagggcgcauuagagcgcauccggaugcgaaucgaaugcaccacuuccgaaguugggugucucgca	






















