miRDeep2 score	novel miRNAs reported by miRDeep2	novel miRNAs, estimated false positives	novel miRNAs, estimated true positives	known miRNAs in species	known miRNAs in data	known miRNAs detected by miRDeep2	estimated signal-to-noise	excision gearing
10	0	0 +/- 0	0 +/- 0 (0 +/- 0%)	164	13	0 (0%)	0	1
9	0	0 +/- 0	0 +/- 0 (0 +/- 0%)	164	13	0 (0%)	0	1
8	0	0 +/- 0	0 +/- 0 (0 +/- 0%)	164	13	0 (0%)	0	1
7	0	0 +/- 0	0 +/- 0 (0 +/- 0%)	164	13	0 (0%)	0	1
6	0	0 +/- 0	0 +/- 0 (0 +/- 0%)	164	13	0 (0%)	0	1
5	0	0 +/- 0	0 +/- 0 (0 +/- 0%)	164	13	2 (15%)	1.7	1
4	0	0 +/- 0	0 +/- 0 (0 +/- 0%)	164	13	5 (38%)	4.8	1
3	0	0 +/- 0	0 +/- 0 (0 +/- 0%)	164	13	5 (38%)	1.9	1
2	1	4 +/- 2	0 +/- 0 (2 +/- 14%)	164	13	6 (46%)	2.1	1
1	8	7 +/- 2	2 +/- 2 (24 +/- 21%)	164	13	11 (85%)	2.9	1
0	14	24 +/- 4	0 +/- 0 (0 +/- 0%)	164	13	11 (85%)	1	1
-1	26	65 +/- 6	0 +/- 0 (0 +/- 0%)	164	13	12 (92%)	0.6	1
-2	45	122 +/- 8	0 +/- 0 (0 +/- 0%)	164	13	12 (92%)	0.5	1
-3	73	183 +/- 10	0 +/- 0 (0 +/- 0%)	164	13	12 (92%)	0.5	1
-4	115	249 +/- 12	0 +/- 0 (0 +/- 0%)	164	13	12 (92%)	0.5	1
-5	158	307 +/- 12	0 +/- 0 (0 +/- 0%)	164	13	12 (92%)	0.6	1
-6	202	361 +/- 13	0 +/- 0 (0 +/- 0%)	164	13	12 (92%)	0.6	1
-7	262	408 +/- 14	0 +/- 0 (0 +/- 0%)	164	13	12 (92%)	0.7	1
-8	315	451 +/- 15	0 +/- 0 (0 +/- 0%)	164	13	12 (92%)	0.7	1
-9	366	488 +/- 16	0 +/- 0 (0 +/- 0%)	164	13	12 (92%)	0.8	1
-10	400	523 +/- 16	0 +/- 0 (0 +/- 0%)	164	13	12 (92%)	0.8	1



novel miRNAs predicted by miRDeep2
provisional id	miRDeep2 score	estimated probability that the miRNA candidate is a true positive	rfam alert	total read count	mature read count	loop read count	star read count	significant randfold p-value	miRBase miRNA	example miRBase miRNA with the same seed	UCSC browser	NCBI blastn	consensus mature sequence	consensus star sequence	consensus precursor sequence	precursor coordinate
3_7686	2	2 +/- 14%	-	12	12	0	0	yes	-	-	-	-	uuaaaucugaaaaaaaaa	uuguuuucagguuuuuug	uuaaaucugaaaaaaaaauggugccaguaccugucaaaguugacagguacuggcacuauuguuuucagguuuuuug	3:400827496..400827572:+
3_8686	1.8	24 +/- 21%	-	15	15	0	0	yes	-	-	-	-	caaaaguggggucaugguac	accagaaccccacucagugc	accagaaccccacucagugccgucggugccaaaaguggggucaugguac	3:175327375..175327424:-
1_11676	1.7	24 +/- 21%	-	18	18	0	0	yes	-	-	-	-	caauccaauccaaacccaaucc	auuggguuuggauuggauuagga	auuggguuuggauuggauuaggauugcauuugaacuccaauccaauccaaacccaaucc	1:9914681..9914740:-
2_348	1.6	24 +/- 21%	-	14	14	0	0	yes	-	-	-	-	auguuauaugucauguaaucac	gauuacaugauauauaauugaa	auguuauaugucauguaaucacucaggauccuguuggauuacaugauauauaauugaa	2:65365521..65365579:+
3_6817	1.5	24 +/- 21%	-	11	11	0	0	yes	-	-	-	-	aaaccauugagaacaaguggc	cagggguucucaaccggugguc	cagggguucucaaccggugguccgcggaccucuagggggccguaaagaguucucaggggguccgcgaaaccauugagaacaaguggc	3:265273609..265273696:+
2_615	1.5	24 +/- 21%	-	18	18	0	0	yes	-	-	-	-	aggagcaauguagagcgugcacaau	agugcgccucuaugagcucauua	agugcgccucuaugagcucauuaucacgaacucgaucaggagcaauguagagcgugcacaau	2:111064312..111064374:+
3_9320	1.5	24 +/- 21%	-	24	24	0	0	yes	-	-	-	-	auauuuucaaccagcaaucuuu	auuugcugguugaaaauacug	auuugcugguugaaaauacugccauuugauuuugcugggaacagcugaucucuguuuauauuuucaaccagcaaucuuu	3:298152017..298152096:-
3_9514	1.3	24 +/- 21%	-	13	13	0	0	yes	-	-	-	-	augaaaccgaaggucgucguacu	agagaucgacacuucgguugucaugc	agagaucgacacuucgguugucaugccacuuaugaaaccgaaggucgucguacu	3:326600717..326600771:-
NIGP01002231_13806	0.9	0 +/- 0%	-	13	13	0	0	yes	-	-	-	-	ucacuugaauuuggaagagugaucc	cucuucuuccagauuuaauugguu	cucuucuuccagauuuaauugguuuggagcaaugauugacccuaugcggcaagugcuguuccucaaaaucacuugaauuuggaagagugaucc	NIGP01002231:223691..223784:-
2_1009	0.6	0 +/- 0%	-	15	15	0	0	no	-	dme-miR-978-3p	-	-	aguccaguauuugaugaacuuac	aaggacauacugaaugcugggggcu	aaggacauacugaaugcugggggcucuagggcccaacuuaguccaguauuugaugaacuuac	2:190004571..190004633:+
3_5588	0.5	0 +/- 0%	-	16	16	0	0	yes	-	-	-	-	uugaucugagcuaaccuaac	uaagcuuuuugcaauc	uugaucugagcuaaccuaaccguagccacuacccaaacuuggcaggauuaagcuuuuugcaauc	3:62224838..62224902:+
3_9508	0.4	0 +/- 0%	-	10	10	0	0	yes	-	-	-	-	uccuagcaaaagcgauacucacau	guguuauugauguugcuagugcg	guguuauugauguugcuagugcgacugguagucgcauauuuguuccuagcaaaagcgauacucacau	3:326247211..326247278:-
3_6877	0.3	0 +/- 0%	-	17	17	0	0	yes	-	-	-	-	uuuggaauucauugaggaac	ucugggaugaauucuaagag	ucugggaugaauucuaagagaauaucgugguguggucccaggagaaauuuuuggaauucauugaggaac	3:268416149..268416218:+
3_7607	0	0 +/- 0%	-	16	16	0	0	yes	-	-	-	-	auaggaauuucucaaaggauu	ucccuucugggccuaaaa	ucccuucugggccuaaaaaaaguuccuccagggauucucccuugaauuauuuuauaggaauuucucaaaggauu	3:385771625..385771699:+



mature miRBase miRNAs detected by miRDeep2
tag id	miRDeep2 score	estimated probability that the miRNA is a true positive	rfam alert	total read count	mature read count	loop read count	star read count	significant randfold p-value	mature miRBase miRNA	example miRBase miRNA with the same seed	UCSC browser	NCBI blastn	consensus mature sequence	consensus star sequence	consensus precursor sequence	precursor coordinate
3_9870	5	0 +/- 0%	-	13	13	0	0	yes	aae-miR-308-3p	dme-miR-2a-3p	-	-	aaucacaggaguauacugugag	cgcgguauauucuuguggcuug	cgcgguauauucuuguggcuugaugcauuugaaaaaucucaaaucacaggaguauacugugag	3:403338483..403338546:-
2_4848	4.6	0 +/- 0%	-	36	36	0	0	yes	aae-miR-1	dme-miR-1-3p	-	-	uggaauguaaagaaguauggag	ccaugcuuccuugcauucaaua	ccaugcuuccuugcauucaauagugauucugaaagcauauggaauguaaagaaguauggag	2:399501023..399501084:-
2_2979	4.5	0 +/- 0%	-	11	11	0	0	yes	aae-miR-281-5p	dme-miR-281-1-5p	-	-	aaagagagcuauccgucgaca	ucauggaauugcucucuuuau	aaagagagcuauccgucgacaguagggauaugauucacugucauggaauugcucucuuuau	2:96469360..96469421:-
2_2802	2.1	2 +/- 14%	-	452	452	0	0	yes	aae-miR-11894a	-	-	-	uuuaccauuucaagaugaccua	ggucgucuugaaaugguaaaga	ggucgucuugaaaugguaaagagugucaaucaucaucuuuaccauuucaagaugaccua	2:58785158..58785217:-
2_2796	2	2 +/- 14%	-	452	452	0	0	yes	aae-miR-11894a	-	-	-	uuuaccauuucaagaugaccua	gguugucuugaaaugguaaaga	gguugucuugaaaugguaaagagugucaaccaucaucuuuaccauuucaagaugaccua	2:58783350..58783409:-
2_2804	2	2 +/- 14%	-	452	452	0	0	yes	aae-miR-11894a	-	-	-	uuuaccauuucaagaugaccua	ggucgucuugaaaugguaaaga	ggucgucuugaaaugguaaagagugucaaucaucaucuuuaccauuucaagaugaccua	2:58785850..58785909:-
2_2806	2	2 +/- 14%	-	452	452	0	0	yes	aae-miR-11894a	-	-	-	uuuaccauuucaagaugaccua	ggucgucuugaaaugguaaaga	ggucgucuugaaaugguaaagagugucaaucaucaucuuuaccauuucaagaugaccua	2:58786284..58786343:-
2_2808	1.9	24 +/- 21%	-	452	452	0	0	yes	aae-miR-11894a	-	-	-	uuuaccauuucaagaugaccua	ggucgucuugaaaugguaaaga	ggucgucuugaaaugguaaagagugucaaucaucaucuuuaccauuucaagaugaccua	2:58787948..58788007:-
2_2800	1.9	24 +/- 21%	-	30	30	0	0	yes	aae-miR-11894b	-	-	-	uuuaccauuucaauaugaccua	ggucguauugaaaugguaaaga	ggucguauugaaaugguaaagagugucaaucaucaucuuuaccauuucaauaugaccua	2:58784590..58784649:-
1_13742	1.6	24 +/- 21%	-	16	16	0	0	yes	aae-miR-277-5p	-	-	-	aaaugcacuaucugguacgaca	gcgugucagaagugcauuuac	gcgugucagaagugcauuuacauagguauuucccguuuagcaguauuuguaaaugcacuaucugguacgaca	1:302603812..302603884:-
3_7311	1.4	24 +/- 21%	-	6	6	0	0	yes	aae-miR-8-5p	dme-miR-8-3p	-	-	uaauacugucagguaaagaugu	aucuuaccgggcagcauuaga	aucuuaccgggcagcauuagauauuuuugaaauacuucuaauacugucagguaaagaugu	3:328527956..328528016:+
2_3516	-0.4	0 +/- 0%	-	9	9	0	0	yes	aae-miR-11899	-	-	-	ugaccgauuuaauauauggc	cauguaugauuucggucaug	cauguaugauuucggucauguaugcaguugaaaauaauuauaugaccgauuuaauauauggc	2:182319042..182319104:-
2_2980	-3.2	0 +/- 0%	-	11	11	0	0	no	aae-miR-281-5p	dme-miR-281-1-5p	-	-	aaagagagcuauccgucgaca	uugacgugggauuuuuuugu	uugacgugggauuuuuuuguucauuuuguucuuucgcugguuucgaauaugaaaauaaagagagcuauccgucgaca	2:96469400..96469477:-

#miRBase miRNAs not detected by miRDeep2
miRBase precursor id	total read count	mature read count(s)	star read count	remaining reads	UCSC browser	NCBI blastn	miRBase mature sequence(s)	miRBase star sequence(s)	miRBase precursor sequence
26	26	0	0	-	-	uucaugcauucacuucugcuga	-	gauaagcaggagugaaugcaugaguuuggcauuugaaacuaauucaugcauucacuucugcugauc	
























































































































