miRDeep2 score	novel miRNAs reported by miRDeep2	novel miRNAs, estimated false positives	novel miRNAs, estimated true positives	known miRNAs in species	known miRNAs in data	known miRNAs detected by miRDeep2	estimated signal-to-noise	excision gearing
10	5	5 +/- 2	1 +/- 1 (15 +/- 24%)	164	66	30 (45%)	5.2	3
9	5	6 +/- 2	1 +/- 1 (14 +/- 23%)	164	66	30 (45%)	5	3
8	5	6 +/- 3	1 +/- 1 (13 +/- 23%)	164	66	30 (45%)	4.9	3
7	5	6 +/- 3	1 +/- 1 (12 +/- 23%)	164	66	30 (45%)	4.7	3
6	5	6 +/- 3	1 +/- 1 (11 +/- 22%)	164	66	30 (45%)	4.5	3
5	6	7 +/- 3	1 +/- 1 (13 +/- 22%)	164	66	44 (67%)	5.6	3
4	8	8 +/- 3	1 +/- 2 (18 +/- 24%)	164	66	54 (82%)	6.3	3
3	9	9 +/- 3	1 +/- 2 (15 +/- 21%)	164	66	55 (83%)	5.4	3
2	23	11 +/- 4	12 +/- 4 (52 +/- 16%)	164	66	56 (85%)	5.7	3
1	35	15 +/- 4	20 +/- 4 (56 +/- 12%)	164	66	59 (89%)	4.9	3
0	46	33 +/- 6	13 +/- 6 (29 +/- 13%)	164	66	60 (91%)	2.6	3
-1	52	57 +/- 8	1 +/- 3 (2 +/- 5%)	164	66	60 (91%)	1.7	3
-2	69	82 +/- 10	0 +/- 1 (0 +/- 2%)	164	66	60 (91%)	1.4	3
-3	89	114 +/- 12	0 +/- 1 (0 +/- 1%)	164	66	60 (91%)	1.2	3
-4	125	172 +/- 13	0 +/- 0 (0 +/- 0%)	164	66	60 (91%)	1	3
-5	151	266 +/- 14	0 +/- 0 (0 +/- 0%)	164	66	60 (91%)	0.7	3
-6	178	343 +/- 16	0 +/- 0 (0 +/- 0%)	164	66	60 (91%)	0.6	3
-7	215	409 +/- 18	0 +/- 0 (0 +/- 0%)	164	66	60 (91%)	0.6	3
-8	268	463 +/- 20	0 +/- 0 (0 +/- 0%)	164	66	60 (91%)	0.7	3
-9	313	507 +/- 21	0 +/- 0 (0 +/- 0%)	164	66	60 (91%)	0.7	3
-10	360	542 +/- 22	0 +/- 0 (0 +/- 0%)	164	66	60 (91%)	0.7	3



novel miRNAs predicted by miRDeep2
provisional id	miRDeep2 score	estimated probability that the miRNA candidate is a true positive	rfam alert	total read count	mature read count	loop read count	star read count	significant randfold p-value	miRBase miRNA	example miRBase miRNA with the same seed	UCSC browser	NCBI blastn	consensus mature sequence	consensus star sequence	consensus precursor sequence	precursor coordinate
3_14861	95.3	15 +/- 24%	-	212	194	0	18	no	-	-	-	-	uuggauuggauuuggauugga	ggauuuggauuagauuuggauu	ggauuuggauuagauuuggauugcauuuggauuggauuuggauugga	3:93492314..93492361:-
2_8109	63.2	15 +/- 24%	-	122	121	0	1	yes	-	-	-	-	caaacacccguuugagcugaa	agcuuaaacagauguucggu	caaacacccguuugagcugaaaacuuaaucaauuggucaccaccagcuagggaucgaucgauuaaguuuucagcuuaaacagauguucggu	2:365418144..365418235:-
3_13251	21.9	15 +/- 24%	-	39	38	0	1	yes	-	-	-	-	aagccaucgucaucgccgccgc	cggcggcgacgacgauggcuu	cggcggcgacgacgauggcuuggacgcuucuccgagcagcaguaguuugccgcucggagaagcgcccaagccaucgucaucgccgccgc	3:335079224..335079313:+
3_12079	13.2	15 +/- 24%	-	27	15	10	2	yes	-	-	-	-	ccgugaauuacuucuucuggc	ccagaggguacuuuuagggg	ccagaggguacuuuuaggggacuuuuuuuuucuaggugaguucaaaccgaagauuccuguauaaggucccgugaauuacuucuucuggc	3:235671051..235671140:+
3_9842	11.3	15 +/- 24%	-	19	18	0	1	yes	-	-	-	-	uuccugggcccauagccugguug	acagguuaugagcccaggaac	uuccugggcccauagccugguuguuuugcguuuuaauuucaacagguuaugagcccaggaac	3:32679283..32679345:+
3_14001	5.1	13 +/- 22%	-	22	22	0	0	yes	-	dme-miR-967-5p	-	-	cgagauacccaacuucggaag	uucgaaaaaggguaucuugca	cgagauacccaacuucggaagugaugcauucgauuugcauccggaugcacucuaaugcgccauacauucgaaaaaggguaucuugca	3:9223207..9223294:-
2_6433	4.5	18 +/- 24%	-	11	7	4	0	yes	-	dme-miR-11182	-	-	aacaucgauucuuccgguggc	caccggaaagcucucgguguuuu	aacaucgauucuuccgguggcucucuacgggcacgaagcguggacguugaaagagucacaccggaaagcucucgguguuuu	2:206300835..206300916:-
2_2668	4.3	18 +/- 24%	-	37	29	8	0	yes	-	dme-miR-1014-3p	-	-	aaaauucacccauuuccgcua	aaaagaauggguauauuuuua	aaaagaauggguauauuuuuacccauuucauaauagugaaauucccccauuuuaugacagaugugauugcuauucgauaauggguaaaaauucacccauuuccgcua	2:290917325..290917432:+
2_1522	3.9	15 +/- 21%	-	17	16	0	1	no	-	-	-	-	agugugugaaccguuggcagc	uccugaugaugcugcugc	agugugugaaccguuggcagcgcaacuccugaugaugcugcugc	2:166312659..166312703:+
2_5119	2.6	52 +/- 16%	-	436	390	46	0	yes	-	-	-	-	ccaaacauccguuugagcuga	agcuuaaauggauguuugguu	ccaaacauccguuugagcugaaaaccuaaucgauuggucaccaccagcuagugaccaaucgauuagguuuucagcuuaaauggauguuugguu	2:70040630..70040723:-
1_21478	2.4	52 +/- 16%	-	16	11	0	5	yes	-	-	-	-	cuagaggcagcaauagccgcu	cgcggcuguugcugccucaagg	cuagaggcagcaauagccgcucaaaauuugcuugcgcggcuguugcugccucaagg	1:248729376..248729432:+
3_11674	2.4	52 +/- 16%	-	167	115	47	5	yes	-	-	-	-	caaacacccguuugagcugaa	uuaaacggauguuugguu	caaacacccguuugagcugaaaaccuaaucgauuggucaccaccagcuagugaccaaucgauuaaguuuucagcuuaaacggauguuugguu	3:202729773..202729865:+
1_20067	2.4	52 +/- 16%	-	136	130	0	6	yes	-	-	-	-	cuagaggcagcaacagccgcu	cuguugcugccuuaaggcgg	cuagaggcagcaacagccgcucaaaauuuccuugcgcggcuguugcugccuuaaggcgg	1:194259872..194259931:+
1_18708	2.3	52 +/- 16%	-	131	130	0	1	yes	-	-	-	-	cuagaggcagcaacagccgcu	gcuguugcugucucaaggcgg	cuagaggcagcaacagccgcucaaaauuuccuugcgcggcuguugcugucucaaggcgg	1:64502311..64502370:+
3_17291	2.2	52 +/- 16%	-	432	390	42	0	yes	-	-	-	-	ccaaacauccguuugagcuga	agcuuaaacagaaguuugguu	ccaaacauccguuugagcugaaaaccuaaucgauuggucaccaccagcuagugaccaaucgauuagauuuucagcuuaaacagaaguuugguu	3:312634023..312634116:-
3_16869	2.2	52 +/- 16%	-	121	121	0	0	yes	-	-	-	-	caaacacccguuugagcugaa	cagcucaaacggguguucggu	caaacacccguuugagcugaaaacuuaaucgauugguaacuagcugguggugauuuuuucagcucaaacggguguucggu	3:274078125..274078205:-
NIGP01001937_28534	2.2	52 +/- 16%	-	41	38	0	3	yes	-	-	-	-	aagccaucgucaucgccgccgc	uggcgaugacgauggcuuggg	uggcgaugacgauggcuugggcgccgcucggagaaacguccaagccaucgucaucgccgccgc	NIGP01001937:9979..10042:-
NIGP01000228_28171	2.2	52 +/- 16%	-	30	28	2	0	yes	-	-	-	-	uuuuuaauuuugucaagacug	gucuugacaaaauuaaaaacu	gucuugacaaaauuaaaaacuguuauuuuauuuuguccgacaaaauuuguuggacaaaauaaaauaacaguuuuuaauuuugucaagacug	NIGP01000228:32572..32663:+
2_5505	2.2	52 +/- 16%	-	151	147	0	4	yes	-	-	-	-	cuagaggcagcaacagccgcu	cgcggcuguugcugccucaagg	cuagaggcagcaacagccgcucaaaauuuccuugcgcggcuguugcugccucaagg	2:107911739..107911795:-
2_5561	2.1	52 +/- 16%	-	14	8	3	3	yes	-	-	-	-	acacucguuuaagcugaaaac	uuaaacggauguuugguu	acacucguuuaagcugaaaacuuaaacgauuggucaccaccagcuagugaccaaucgauuaaauuuuuagcuuaaacggauguuugguu	2:115086811..115086900:-
1_21370	2.1	52 +/- 16%	-	134	130	0	4	yes	-	-	-	-	cuagaggcagcaacagccgcu	gcuguugcugccucaaggc	cuagaggcagcaacagccgcucaaaauuuccuugcucggcuguugcugccucaaggc	1:241811712..241811769:+
2_1357	2.1	52 +/- 16%	-	14	9	0	5	yes	-	-	-	-	auucugggaauccagugugga	guggauucugggaauccagug	guggauucugggaauccaguguggauucugggaauccaguguggauucugggaauccaguguggauucugggaauccagugugga	2:150486622..150486707:+
1_22981	2	52 +/- 16%	-	130	130	0	0	yes	-	-	-	-	cuagaggcagcaacagccgcu	cggcuguugcugccucaagcc	cuagaggcagcaacagccgcucaaaauuuccuugcgcggcuguugcugccucaagcc	1:98125176..98125233:-
1_22060	1.9	56 +/- 12%	-	134	129	2	3	yes	-	-	-	-	aacauccguugagcugaaaa	uuuucagcucaaucggau	aacauccguugagcugaaaaccuaaucgcucggucaccaccagcuagugaccaaucgauuaaguuuucagcucaaucggau	1:308661165..308661246:+
1_22436	1.7	56 +/- 12%	-	19	19	0	0	yes	-	-	-	-	uggaagcuucuucucagaagc	uucuuucucagaagcuuggaag	uucuuucucagaagcuuggaagcuucuucucagaagcuuggaagcuucuucucagaagc	1:34928410..34928469:-
3_15629	1.7	56 +/- 12%	-	4	4	0	0	yes	-	dme-miR-277-3p	-	-	uaaaugcauguuagucccaugu	augggacaaucaugcguuuaua	uaaaugcauguuagucccauguuugcuggauucccuauucacaugggacaaucaugcguuuaua	3:156708446..156708510:-
3_17051	1.6	56 +/- 12%	-	34	33	1	0	yes	-	-	-	-	uucugaaaugaacuuugugga	cacuaaguuuauuccacaaug	uucugaaaugaacuuuguggauuuacucggaaaaaaaucugauuuucuuucgaggaaauccacuaaguuuauuccacaaug	3:290280645..290280726:-
2_7229	1.5	56 +/- 12%	-	63	49	14	0	yes	-	-	-	-	uucccagaauccacacuggau	ccacacuggauucccagaauc	ccacacuggauucccagaaucuacacuggauucccagaaucuacacuggauucccagaauccacauuggauucccagaauccacacuggau	2:290110562..290110653:-
2_499	1.2	56 +/- 12%	-	251	251	0	0	yes	-	-	-	-	uuuaccauuucaagacgaccca	ggucaucuugaaaugguaaaga	ggucaucuugaaaugguaaagaugaugauugacacucuuuaccauuucaagacgaccca	2:58787950..58788009:+
2_353	1.2	56 +/- 12%	-	21	21	0	0	yes	-	-	-	-	cuauaucagcacgcaggguga	gccuuuaugggcuuauaggg	gccuuuaugggcuuauagggcuauuauacagccaauguagggcauguuagcucuauaucagcacgcaggguga	2:43138738..43138811:+
1_23992	1.2	56 +/- 12%	-	459	448	11	0	yes	-	-	-	-	uuggauuggauuuggauugga	ggauuuggauuaaauuuggau	ggauuuggauuaaauuuggauuggauuuggauugaauuuggaugggauucuaauuggauuuggauugaauuuggauugaauuuggauuggauuuggauugga	1:204283138..204283240:-
1_19359	1.2	56 +/- 12%	-	13	4	0	9	yes	-	-	-	-	uccgucaguaucagaugguga	cagaagacgccucacggagga	cagaagacgccucacggaggaccgugcuuuggggagcacauccauccuccgucaguaucagaugguga	1:127490750..127490818:+
1_18712	1.1	56 +/- 12%	-	11	7	2	2	yes	-	-	-	-	cuccugaauuuccaagggaaa	uuuccaagggaaauucuccuga	uuuccaagggaaauucuccugaauuuccaagggaaaugcuccugaauuuccaagggaaauucuccugaauuuccaagggaaaugcuccugaauuuccaagggaaa	1:64774792..64774897:+
NIGP01001991_28197	1.1	56 +/- 12%	-	9	8	0	1	no	-	-	-	-	aucuugaggcagcguugccgga	ucgagcggcugaaacaaccggaugucgcc	ucgagcggcugaaacaaccggaugucgccaaugcguacgcgcagcaucuugaggcagcguugccgga	NIGP01001991:32297..32364:+
3_9644	1	56 +/- 12%	-	11	11	0	0	yes	-	-	-	-	accaauaccacuaucaggaaga	uuucugguagugguuucaauuu	accaauaccacuaucaggaagaguuaacacuuaucuuucugguagugguuucaauuu	3:11089476..11089533:+
1_19546	0.8	29 +/- 13%	-	4	3	1	0	yes	-	dme-miR-274-5p	-	-	auugugacguucauaguguu	ugcuaugaacgucacaucug	auugugacguucauaguguuaacaacaucugugaucaaaauaagcauucaugcuaugaacgucacaucug	1:145715677..145715747:+
3_16610	0.8	29 +/- 13%	-	16	16	0	0	yes	-	-	-	-	ucaccguaaucucaacagcug	aaaauacggauuacggugaaa	aaaauacggauuacggugaaauuucaccguaaucucaacagcug	3:236143342..236143386:-
2_7221	0.7	29 +/- 13%	-	102	102	0	0	yes	-	-	-	-	ugcucugguauuuugauguucga	ggaacucaagauaccagaucaug	ugcucugguauuuugauguucgauggauuugauauuacucggaacucaagauaccagaucaug	2:289697988..289698051:-
2_2181	0.7	29 +/- 13%	-	3	3	0	0	yes	-	dme-miR-4944-5p	-	-	uuucugcuucuucgcacugaucuu	gauuggugugagugacagcaaguaag	gauuggugugagugacagcaaguaaguaccuucugcuagcuagagccgacugcugguggaagguuuuuuucugcuucuucgcacugaucuu	2:246876105..246876196:+
1_21872	0.6	29 +/- 13%	-	3	3	0	0	yes	-	dme-miR-303-3p	-	-	uuaguuuccauacaggaggua	ccucuuguaugcaaaccaacc	uuaguuuccauacaggagguaaauucaucugcaucauugaguuugccucuuguaugcaaaccaacc	1:285936392..285936458:+
1_22879	0.4	29 +/- 13%	-	38	38	0	0	yes	-	-	-	-	uauagggcuauuauauagcug	cuuguauaauagcacuauauu	uauagggcuauuauauagcugaaauggagcuugucacuuguauaauagcacuauauu	1:86928448..86928505:-
1_22377	0.3	29 +/- 13%	-	40	40	0	0	yes	-	-	-	-	auaacucgauauugaaggggc	caugaggugucgaguuauag	auaacucgauauugaaggggccaucguggucaugaggugucgaguuauag	1:29227896..29227946:-
1_22706	0.3	29 +/- 13%	-	21	21	0	0	yes	-	-	-	-	uuuacucauuaaauguggaga	uuuacucuuuaaugaguaaacc	uuuacucuuuaaugaguaaaccguguuuacucauuaaauguggaga	1:69374971..69375017:-
2_1505	0.2	29 +/- 13%	-	10	10	0	0	yes	-	-	-	-	aauuuaucucuuguauggaaac	uugcauacaagaggcaaacuca	uugcauacaagaggcaaacucaaugugcagagaauuuaucucuuguauggaaac	2:163844421..163844475:+
2_921	0.1	29 +/- 13%	-	8	8	0	0	yes	-	-	-	-	cgccuggauuuggccuau	gugcucucccagguggu	gugcucucccaggugguguagguucgcucccggggguuuucggauuuccggaggcggacugccgccuggauuuggccuau	2:102884870..102884950:+
1_22901	0.1	29 +/- 13%	-	37	31	6	0	yes	-	-	-	-	ccaaaauccacuaagguggag	ucacuuguuucuguuuuguag	ccaaaauccacuaagguggagagggagggaggguugacccucaaacacacccccucccacugaucacuuguuucuguuuuguag	1:89927728..89927812:-



mature miRBase miRNAs detected by miRDeep2
tag id	miRDeep2 score	estimated probability that the miRNA is a true positive	rfam alert	total read count	mature read count	loop read count	star read count	significant randfold p-value	mature miRBase miRNA	example miRBase miRNA with the same seed	UCSC browser	NCBI blastn	consensus mature sequence	consensus star sequence	consensus precursor sequence	precursor coordinate
2_4998	49732.2	15 +/- 24%	-	97545	97500	0	45	yes	aae-miR-11894a	-	-	-	uuuaccauuucaagaugaccua	ggucgucuugaaaugguaaaga	ggucgucuugaaaugguaaagagugucaaucaucaucuuuaccauuucaagaugaccua	2:58785158..58785217:-
2_5002	49732.1	15 +/- 24%	-	97545	97500	0	45	yes	aae-miR-11894a	-	-	-	uuuaccauuucaagaugaccua	ggucgucuugaaaugguaaaga	ggucgucuugaaaugguaaagagugucaaucaucaucuuuaccauuucaagaugaccua	2:58786284..58786343:-
2_5004	49732.1	15 +/- 24%	-	97545	97500	0	45	yes	aae-miR-11894a	-	-	-	uuuaccauuucaagaugaccua	ggucgucuugaaaugguaaaga	ggucgucuugaaaugguaaagagugucaaucaucaucuuuaccauuucaagaugaccua	2:58787426..58787485:-
2_5000	49732.1	15 +/- 24%	-	97545	97500	0	45	yes	aae-miR-11894a	-	-	-	uuuaccauuucaagaugaccua	ggucgucuugaaaugguaaaga	ggucgucuugaaaugguaaagagugucaaucaucaucuuuaccauuucaagaugaccua	2:58785850..58785909:-
2_5006	49732.1	15 +/- 24%	-	97545	97500	0	45	yes	aae-miR-11894a	-	-	-	uuuaccauuucaagaugaccua	ggucgucuugaaaugguaaaga	ggucgucuugaaaugguaaagagugucaaucaucaucuuuaccauuucaagaugaccua	2:58787948..58788007:-
2_4994	49710.1	15 +/- 24%	-	97502	97500	0	2	yes	aae-miR-11894a	-	-	-	uuuaccauuucaagaugaccua	gguugucuugaaaugguaaaga	gguugucuugaaaugguaaagagugucaaccaucaucuuuaccauuucaagaugaccua	2:58783350..58783409:-
1_26689	2216.9	15 +/- 24%	-	4340	4330	0	10	yes	aae-miR-283	dme-miR-283-5p	-	-	caauaucagcugguaauucuggg	cggaauuccaacugauauccac	caauaucagcugguaauucugggcuuaccccaccguuauacgcuucccggaauuccaacugauauccac	1:305625600..305625669:-
1_26685	748.1	15 +/- 24%	-	1460	1456	0	4	yes	aae-miR-12-5p	dme-miR-12-5p	-	-	ugaguauuacaucagguacuggu	caguacuuauguuaugcucuc	ugaguauuacaucagguacuggugucgauauucgaaucaccaacgaaucggguuccuuugauuaacuuaccaguacuuauguuaugcucuc	1:305613549..305613640:-
2_8556	534.9	15 +/- 24%	-	1041	1036	0	5	yes	aae-miR-184	dme-miR-184-3p	-	-	uggacggagaacugauaagggc	ccuuaucauucuugcgccccgu	ccuuaucauucuugcgccccguguuauauuguuggcgacuggacggagaacugauaagggc	2:417599380..417599441:-
3_18068	259.1	15 +/- 24%	-	500	373	0	127	yes	aae-miR-308-5p	dme-miR-2a-3p	-	-	aaucacaggaguauacugugag	cgcgguauauucuuguggcuug	cgcgguauauucuuguggcuugaugcauuugaaaaaucucaaaucacaggaguauacugugag	3:403338483..403338546:-
2_5496	117.4	15 +/- 24%	-	229	228	0	1	yes	aae-miR-2c	-	-	-	ucacagccagcuuugaugagca	gcaucaaauuugguuguuuu	gcaucaaauuugguuguuuuaguacgaccucuuugaaaccccuaucacagccagcuuugaugagca	2:107237995..107238061:-
2_5492	95	15 +/- 24%	-	178	116	0	62	yes	aae-miR-13-5p	dme-miR-2a-3p	-	-	uaucacagccauuuugacgaguu	ucguaaaaaugguugugcugug	ucguaaaaaugguugugcuguguuguuacgcucgaaauucauaucacagccauuuugacgaguu	2:107237649..107237713:-
3_11347	67.7	15 +/- 24%	-	136	123	0	13	no	aae-bantam-5p	dme-bantam-3p	-	-	ugagaucauuuugaaagcugauu	ccgguuuucauuuucgaucugacu	ccgguuuucauuuucgaucugacuuauuugauuuaacaagagugagaucauuuugaaagcugauu	3:178082830..178082895:+
1_20917	45	15 +/- 24%	-	80	79	0	1	yes	aae-miR-996	dme-miR-279-3p	-	-	ugacuagauuacaugcucgucu	gcgugcaugaaucuggugcacg	gcgugcaugaaucuggugcacgguuuuccaguuguaauaucgcuucgugacuagauuacaugcucgucu	1:207012536..207012605:+
3_14734	39.2	15 +/- 24%	-	68	63	0	5	yes	aae-miR-11-5p	dme-miR-2a-3p	-	-	caucacagucugaguucuugcu	cgagaacuccggcugugaccug	cgagaacuccggcugugaccuguguacacuuuauccaaaucacaucacagucugaguucuugcu	3:75489864..75489928:-
2_5403	32.4	15 +/- 24%	-	55	53	0	2	yes	aae-miR-282-5p	dme-miR-282-5p	-	-	uagccucuccuaggcuuugucu	acauagccugacagagguuagg	uagccucuccuaggcuuugucuguuaccuuccuugggaauuccacuagccagacauagccugacagagguuagg	2:96911966..96912040:-
2_5497	30	15 +/- 24%	-	57	48	0	9	yes	aae-miR-71-5p	-	-	-	agaaagacauggguagugagau	ucucacuaccuugucuuucaug	agaaagacauggguagugagauaguuucacccuauugcacugggaucucacuaccuugucuuucaug	2:107238287..107238354:-
3_14732	24	15 +/- 24%	-	38	34	0	4	yes	aae-miR-998	dme-miR-285-3p	-	-	uagcaccaugagauucagcuc	acugaacucucgugggucugca	acugaacucucgugggucugcaguugauauuucgaaagcuuguagcaccaugagauucagcuc	3:75489589..75489652:-
1_20915	22.8	15 +/- 24%	-	37	30	0	7	yes	aae-miR-279	dme-miR-279-3p	-	-	ugacuagauccacacucauuaa	gaugggugugaaucuaguguuucaca	gaugggugugaaucuaguguuucacaugauuuucgauagccugugacuagauccacacucauuaa	1:207007788..207007853:+
2_3185	21.2	15 +/- 24%	-	34	33	0	1	yes	aae-miR-14	dme-miR-14-3p	-	-	ucagucuuuuucucucuccuau	gggagcgagauuaaggcuugc	gggagcgagauuaaggcuugcuggucauuuauuacacucgaagucagucuuuuucucucuccuau	2:344767572..344767637:+
2_5401	19.9	15 +/- 24%	-	31	25	0	6	yes	aae-miR-281-5p	dme-miR-281-2-5p	-	-	aagagagcuauccgucgacagu	ugucauggaauugcucucuuua	aagagagcuauccgucgacaguagggauaugauucacugucauggaauugcucucuuua	2:96469361..96469420:-
3_14860	16.3	15 +/- 24%	-	24	22	0	2	yes	aae-miR-92a-5p	dme-miR-92a-3p	-	-	uauugcacuugucccggccua	cgguacggacaggggcaac	cgguacggacaggggcaacauugugacauuugaaagcuaauauugcacuugucccggccua	3:93477597..93477658:-
2_5138	15.5	15 +/- 24%	-	22	20	0	2	yes	aae-miR-276-5p	dme-miR-276a-3p	-	-	uaggaacuucauaccgugcucu	agcgagguauagaguuccuacg	agcgagguauagaguuccuacguugcgugugcgaaauugguaggaacuucauaccgugcucu	2:73120452..73120514:-
2_7907	14.3	15 +/- 24%	-	20	16	0	4	yes	aae-miR-9c-5p	dme-miR-9a-5p	-	-	ucuuugguauucuagcuguaga	uaaagcuuuaguaccagagguc	ucuuugguauucuagcuguagaauguugagcuuugugauaugguaucuucuaaagcuuuaguaccagagguc	2:335810364..335810436:-
2_5488	5.4	13 +/- 22%	-	362	362	0	0	yes	aae-miR-2c	dme-miR-2a-3p	-	-	uaucacagccagcuuugaugagcu	cucucaaaguggcugugaaaug	cucucaaaguggcugugaaaugguuugauuuugcucauaucacagccagcuuugaugagcu	2:107235884..107235945:-
3_16650	5.3	13 +/- 22%	-	70	70	0	0	yes	aae-miR-278-5p	dme-miR-278-3p	-	-	ucggugggacuuucguccguuu	acggacgauagucuucagcggcc	acggacgauagucuucagcggccgugcauuugauagaaguggucggugggacuuucguccguuu	3:243123888..243123952:-
2_5194	5.3	13 +/- 22%	-	20	20	0	0	yes	aae-miR-276-3p	dme-miR-276a-3p	-	-	uaggaacuucauaccgugcucu	agcgagguauagaguuccuaug	agcgagguauagaguuccuaugcguucggauaaaauauuccauaggaacuucauaccgugcucu	2:73509399..73509463:-
1_22553	5.3	13 +/- 22%	-	46	46	0	0	yes	aae-miR-33	dme-miR-33-5p	-	-	gugcauuguaguugcauugca	caauacuucugcaaugcaagc	gugcauuguaguugcauugcacuuuugcguucgauaacacggugcaauacuucugcaaugcaagc	1:50888881..50888946:-
1_26660	5.2	13 +/- 22%	-	82	82	0	0	yes	aae-miR-277-5p	dme-miR-277-3p	-	-	uaaaugcacuaucugguacgaca	gcgugucagaagugcauuuaca	gcgugucagaagugcauuuacauagguauuucccguuuagcaguauuuguaaaugcacuaucugguacgaca	1:302603812..302603884:-
2_5490	5.2	13 +/- 22%	-	783	783	0	0	yes	aae-miR-2a-5p	dme-miR-2a-3p	-	-	uaucacagccagcuuugaaga	ucaaagugguugugaaaug	ucaaagugguugugaaaugaguuacucuugaacgaucucauaucacagccagcuuugaaga	2:107237504..107237565:-
2_2925	5.2	13 +/- 22%	-	151	151	0	0	yes	aae-miR-275-5p	dme-miR-275-3p	-	-	ucagguaccugaaguagcgcgcg	cgcgcuaagcaggaaccgagacu	cgcgcuaagcaggaaccgagacuuugucauuugcuagcagucagguaccugaaguagcgcgcg	2:307135668..307135731:+
1_26662	5.1	13 +/- 22%	-	202	201	0	1	yes	aae-miR-317	dme-miR-317-3p	-	-	ugaacacagcuggugguaucuc	gggauacacccugugcucgcu	gggauacacccugugcucgcuuugcauucgaaacuagugaacacagcuggugguaucuc	1:302667132..302667191:-
3_14854	5.1	13 +/- 22%	-	63	63	0	0	yes	aae-miR-92b-3p	dme-miR-92a-3p	-	-	aauugcacuugucccggccugc	aggucgugacuugugcccauuug	aggucgugacuugugcccauuugcugaauuuuaauggucaaauugcacuugucccggccugc	3:93418515..93418577:-
2_3419	5.1	13 +/- 22%	-	35	35	0	0	yes	aae-miR-2945-5p	dme-miR-279-3p	-	-	ugacuagaggcagacucguuua	agcggguccguuucuagugucaug	agcggguccguuucuagugucaugugcuguauucgaauaucaugacuagaggcagacucguuua	2:374947142..374947206:+
2_3883	4.9	18 +/- 24%	-	22	22	0	0	yes	aae-miR-965	dme-miR-965-3p	-	-	uaagcguauagcuuuucccauu	ggggaaauccuguacgcuguaug	ggggaaauccuguacgcuguauguuguauuugaauaauccauaagcguauagcuuuucccauu	2:429778750..429778813:+
2_7903	4.9	18 +/- 24%	-	21	21	0	0	yes	aae-miR-9b	dme-miR-9a-5p	-	-	ucuuuggugauuuuagcuguaug	uauagcuuuaucaccaaaaacc	ucuuuggugauuuuagcuguaugcugauacguuucugauugcauauagcuuuaucaccaaaaacc	2:335780574..335780639:-
2_4873	4.8	18 +/- 24%	-	92	92	0	0	yes	aae-miR-190	dme-miR-190-5p	-	-	agauauguuugauauucuugguug	cccaggaaucaaacauauuauua	agauauguuugauauucuugguuguuaaauuuuauauuaucacccaggaaucaaacauauuauua	2:48811877..48811942:-
3_13199	4.4	18 +/- 24%	-	20	20	0	0	yes	aae-miR-8-5p	dme-miR-8-3p	-	-	uaauacugucagguaaagauguc	caucuuaccgggcagcauuaga	caucuuaccgggcagcauuagauauuuuugaaauacuucuaauacugucagguaaagauguc	3:328527955..328528017:+
1_23749	4.3	18 +/- 24%	-	485	485	0	0	yes	aae-miR-252-5p	dme-miR-252-5p	-	-	cuaaguacuagugccgcagga	cugcugcccaagugcuuaucg	cuaaguacuagugccgcaggagagauuugaaccccugcugcccaagugcuuaucg	1:175818157..175818212:-
NIGP01000533_27828	4	18 +/- 24%	-	10	10	0	0	yes	aae-miR-970	dme-miR-970-3p	-	-	ucauaagacacacgcggcuau	agcuugcguuugucuuagcuggua	agcuugcguuugucuuagcugguauugaaugugauagguaucauaagacacacgcggcuau	NIGP01000533:10107..10168:-
2_2930	4	18 +/- 24%	-	318	318	0	0	yes	aae-miR-305-5p	dme-miR-305-5p	-	-	auuguacuucaucaggugcucugg	ccggcacauguuggaguacacuua	auuguacuucaucaggugcucugguuguuuucgauacccggcacauguuggaguacacuua	2:307145445..307145506:+
2_1962	3.7	15 +/- 21%	-	42	42	0	0	yes	aae-miR-7	dme-miR-7-5p	-	-	uggaagacuagugauuuuguuguu	uaacaauaaaucucaagucuuucuac	uggaagacuagugauuuuguuguuuugcuuacgauaauaacaauaaaucucaagucuuucuac	2:222802544..222802607:+
3_12153	2.4	52 +/- 16%	-	6	6	0	0	yes	aae-miR-307	dme-miR-307a-3p	-	-	ucacaaccuccuugagugagc	ucacucaaccugggugugaug	ucacucaaccugggugugaugcuuauuugaaucaucacaaccuccuugagugagc	3:244794378..244794433:+
2_4996	1.9	56 +/- 12%	-	14610	14610	0	0	yes	aae-miR-11894b	-	-	-	uuuaccauuucaauaugaccua	ggucguauugaaaugguaaaga	ggucguauugaaaugguaaagagugucaaucaucaucuuuaccauuucaauaugaccua	2:58784590..58784649:-
2_7824	1.7	56 +/- 12%	-	83614	83614	0	0	yes	aae-miR-11895	-	-	-	uucaugcauucacuucugcuga	agcaggagugaaugcaugaguu	agcaggagugaaugcaugaguuugacaucugaaacuaauucaugcauucacuucugcuga	2:324949494..324949554:-
3_14957	1.4	56 +/- 12%	-	20	20	0	0	yes	aae-miR-2765	-	-	-	ugguaacuccaccaccguuggc	caaugggagcuggaguucccgcg	ugguaacuccaccaccguuggcgauauuugacagccaaugggagcuggaguucccgcg	3:101895454..101895512:-
2_8512	0.5	29 +/- 13%	-	10	10	0	0	yes	aae-miR-1890	-	-	-	ugaaaucuuugauuaggucugg	agagcuaauuggagaguucuug	agagcuaauuggagaguucuugaauaguguugugaaccuucaugaaaucuuugauuaggucugg	2:413654961..413655025:-
2_2926	-1	2 +/- 5%	-	151	151	0	0	no	aae-miR-275-3p	dme-miR-275-3p	-	-	ucagguaccugaaguagcgcgcg	ucaucaagcgacaacagaggcgugaaa	ucagguaccugaaguagcgcgcgugaucaaacaggaagcgucaucaagcgacaacagaggcgugaaa	2:307135708..307135775:+
2_5402	-2.3	0 +/- 1%	-	25	25	0	0	no	aae-miR-281-5p	dme-miR-281-2-5p	-	-	aagagagcuauccgucgacagu	cguugacgugggauuuuuuug	cguugacgugggauuuuuuuguucauuuuguucuuucgcugguuucgaauaugaaaauaaagagagcuauccgucgacagu	2:96469398..96469479:-

#miRBase miRNAs not detected by miRDeep2
miRBase precursor id	total read count	mature read count(s)	star read count	remaining reads	UCSC browser	NCBI blastn	miRBase mature sequence(s)	miRBase star sequence(s)	miRBase precursor sequence
584	560	0	24	-	-	ugguuuaucuuaucugucgaggc	gucgacagggagauaaaucacu	-	cauugguuuaucuuaucugucgaggcaaguuauuuuaccggauaguguuucuuuucgugagcaaucaccacuauccagcucuucuugucgacagggagauaaaucacug	
258	258	0	0	-	-	ucagguacugagugacucucag	gagagcaccucgguaucuaagc	-	cauucgcaauuucaccgguucagguacugagugacucucagaugugcauuucucaagcaaucucguccucaggaccugagguugaaaaacccugagagcaccucgguaucuaagccaguguugcgaaaa	
256	256	0	0	-	-	cacguuacagauugggguuucc	uaaucucaaauuguaacagugg	-	gagguaaucucaaauuguaacaguggguugauuuuccuggugaaucccggccuuguccuccgucacaagugugacaagugucucgaaaacguguucgcuauacccacguuacagauugggguuucccc	
52	52	0	0	-	-	caaccacuauccgcccugccgcc	uggcagugugguuagcugguug	-	caaggcaauacgcuauggcagugugguuagcugguuguguagaacuuuggggggcuuccguggcguucgcgcgcacacgggggcucagauucacaaccacuauccgcccugccgccgcgaggugccagg	
37	19	0	18	-	-	cugaaaacuuaaucgauugguc	-	uaaccugaaaacuuaaucgauuggucacuagcugcgcggugaccaaucgauuaaguuuucagcuua	
31	16	0	15	-	-	gugugugaaccguuggcggc	-	agcagugugugaaccguuggcggcgcaacgccugaugguauugaugcugcu	
6	6	0	0	-	-	gcuuuggcgcuuuagcuguauga	uaaagcuagauuaccaaagcau	-	gaacccaucguccaugcuuuggcgcuuuagcuguaugauagaauuuaauauuucauaaagcuagauuaccaaagcauggaaggcuugggcgguguc	
3	3	0	0	-	-	aaaugggacugauaugcgaguau	-	ccauucucgcauaacaguaccauauucuugggauuucucauauaaaugggacugauaugcgaguaugg	
3	3	0	0	-	-	gugugcuuugugacaaugaga	ccccuuguugcaaaccucacgc	-	gcugcgggugugugcuuugugacaaugagauucgguucgauaucauccccuuguugcaaaccucacgcuugcggu	
2	2	0	0	-	-	ucagaucuacuuaauacccau	-	acuccaauucuggguauuuuagauccuuggcauaguuacgugauugaaugcacuguucuucuuugguuuacccaguaucgaacacgcgucaaucugucagaucuacuuaauacccaua	
2	2	0	0	-	-	uaguacggaaaagauaugggga	-	uaugaacaaugaucgccauauuuuuaccgcuacugcauuucauuguaauaauuguaguacggaaaagauauggggauugggguucaua	
2	2	0	0	-	-	accguuacgcgcauauaauuug	-	gcagaccguuacgcgcauauaauuuggccauuuacggcauaauccaauggaaguggccaaacuauauuauaucgcucagu	
2	2	0	0	-	-	uuuuaggaggucaaaaucgcgu	-	gaacgcgguuuuggccuccuaaaaccgugcccauggagguuuuaggaggucaaaaucgcguuc	
1	1	0	0	-	-	cacaaggccggauugaucaaga	-	accucggucaauccggaacuguuggcucggcacaaaagcgaccacaaggccggauugaucaagagu	
2	1	0	1	-	-	ucacuuuuuagugacuugguc	-	caagucacuuuuuagugacuuggucacuuuuuucaaucuggucacuaaaaagucacuau	
1	1	0	0	-	-	auuagaauguggaaucuguuuu	-	gaccauuagaauguggaaucuguuuuuguacaucaaguguuacgaaacgaagcaaaaaaguuuucauauucuugcgguc	
5	1	0	4	-	-	gugagcaaauuuucaggugugu	-	accagauugucacuggccagccugaaauuugcuaaaccuguguguauuugauucaaacaaucaaggugagcaaauuuucaggugugucggagaacaaucgcaaucau	
1	1	0	0	-	-	uugguccccuucaaccagcugu	-	cucggaaucgcugaauauagcugguugacuucgggucaaaucgucaaauauuugcaaagauauuuccucagugaaaucauuugguccccuucaaccagcuguagcagugaugcauuaca	
1	1	0	0	-	-	auuuuuuugacuguaauuuuauag	-	augguaaaauuacguugaaaaaucgucucccucaaaaaaugaaaccugagacuaacaggagauuuuuuugacuguaauuuuauagu	









3	0	0	3	-	-	cgagauacggagagauugcgaca	-	cagucgccucuucacaucucgauaucgaagggaccaucgagauacggagagauugcgacaa	








































3	0	0	3	-	-	uuccgaaguugggugucucgc	-	ugcaagauacccuacuucggaaguagggcgcauuagagcgcauccggaugcgaaucgaaugcaccacuuccgaaguugggugucucgca	
















5	0	0	5	-	-	uuggacuggcaugcguuuaugg	-	cccauaaacgcauaauugucccaugugaauagaaaauccagccacauuggacuggcaugcguuuauggg	
