miRDeep2 score	novel miRNAs reported by miRDeep2	novel miRNAs, estimated false positives	novel miRNAs, estimated true positives	known miRNAs in species	known miRNAs in data	known miRNAs detected by miRDeep2	estimated signal-to-noise	excision gearing
10	0	0 +/- 0	0 +/- 0 (0 +/- 0%)	164	39	5 (13%)	35	2
9	0	0 +/- 0	0 +/- 0 (0 +/- 0%)	164	39	5 (13%)	35	2
8	0	0 +/- 0	0 +/- 0 (0 +/- 0%)	164	39	8 (21%)	42.9	2
7	0	0 +/- 0	0 +/- 0 (0 +/- 0%)	164	39	10 (26%)	40	2
6	0	0 +/- 0	0 +/- 0 (0 +/- 0%)	164	39	11 (28%)	40.7	2
5	0	0 +/- 0	0 +/- 0 (0 +/- 0%)	164	39	17 (44%)	43.8	2
4	0	0 +/- 0	0 +/- 0 (0 +/- 0%)	164	39	20 (51%)	42.1	2
3	1	0 +/- 1	1 +/- 0 (59 +/- 49%)	164	39	20 (51%)	25.8	2
2	3	1 +/- 1	2 +/- 1 (78 +/- 24%)	164	39	23 (59%)	22.9	2
1	3	1 +/- 1	2 +/- 1 (67 +/- 31%)	164	39	28 (72%)	17	2
0	3	2 +/- 2	1 +/- 1 (40 +/- 34%)	164	39	32 (82%)	8.9	2
-1	3	4 +/- 2	0 +/- 1 (16 +/- 28%)	164	39	32 (82%)	5.3	2
-2	6	6 +/- 2	1 +/- 1 (14 +/- 21%)	164	39	32 (82%)	3.8	2
-3	9	8 +/- 3	2 +/- 2 (19 +/- 21%)	164	39	32 (82%)	3.3	2
-4	11	12 +/- 3	1 +/- 2 (8 +/- 14%)	164	39	32 (82%)	2.5	2
-5	16	22 +/- 5	0 +/- 1 (1 +/- 6%)	164	39	32 (82%)	1.7	2
-6	21	31 +/- 6	0 +/- 0 (0 +/- 2%)	164	39	32 (82%)	1.4	2
-7	22	37 +/- 6	0 +/- 0 (0 +/- 0%)	164	39	32 (82%)	1.2	2
-8	25	42 +/- 6	0 +/- 0 (0 +/- 0%)	164	39	32 (82%)	1.1	2
-9	30	46 +/- 6	0 +/- 0 (0 +/- 0%)	164	39	32 (82%)	1.1	2
-10	34	49 +/- 7	0 +/- 0 (0 +/- 0%)	164	39	32 (82%)	1.1	2



novel miRNAs predicted by miRDeep2
provisional id	miRDeep2 score	estimated probability that the miRNA candidate is a true positive	rfam alert	total read count	mature read count	loop read count	star read count	significant randfold p-value	miRBase miRNA	example miRBase miRNA with the same seed	UCSC browser	NCBI blastn	consensus mature sequence	consensus star sequence	consensus precursor sequence	precursor coordinate
3_1133	3	59 +/- 49%	-	21	21	0	0	yes	-	-	-	-	cuagaggcagcaacagccgcu	cggcuguugcugccucuaggc	cuagaggcagcaacagccgcucaaaauuuccuugcgcggcuguugcugccucuaggc	3:294106011..294106068:-
NIGP01000379_2524	2.4	78 +/- 24%	-	21	21	0	0	yes	-	-	-	-	cuagaggcagcaacagccgcu	cggcuguugcugucucaaggc	cuagaggcagcaacagccgcucaaaauuuccuugcgcggcuguugcugucucaaggc	NIGP01000379:3393..3450:+
3_632	2	78 +/- 24%	-	24	24	0	0	yes	-	-	-	-	cuagaggcagcaacagccgcu	uggcuguugcugccucaaggc	cuagaggcagcaacagccgcucaaauuuccuugcguggcuguugcugccucaaggc	3:87522478..87522534:+



mature miRBase miRNAs detected by miRDeep2
tag id	miRDeep2 score	estimated probability that the miRNA is a true positive	rfam alert	total read count	mature read count	loop read count	star read count	significant randfold p-value	mature miRBase miRNA	example miRBase miRNA with the same seed	UCSC browser	NCBI blastn	consensus mature sequence	consensus star sequence	consensus precursor sequence	precursor coordinate
2_316	1905.4	0 +/- 0%	-	3735	3731	0	4	yes	aae-miR-11894a	-	-	-	uuuaccauuucaagaugaccu	ggucgucuugaaaugguaaaga	ggucgucuugaaaugguaaagagugucaaucaucaucuuuaccauuucaagaugaccu	2:58786285..58786343:-
2_318	1905.4	0 +/- 0%	-	3735	3731	0	4	yes	aae-miR-11894a	-	-	-	uuuaccauuucaagaugaccu	ggucgucuugaaaugguaaaga	ggucgucuugaaaugguaaagagugucaaucaucaucuuuaccauuucaagaugaccu	2:58787427..58787485:-
2_314	1905.4	0 +/- 0%	-	3735	3731	0	4	yes	aae-miR-11894a	-	-	-	uuuaccauuucaagaugaccu	ggucgucuugaaaugguaaaga	ggucgucuugaaaugguaaagagugucaaucaucaucuuuaccauuucaagaugaccu	2:58785851..58785909:-
2_320	1905.4	0 +/- 0%	-	3735	3731	0	4	yes	aae-miR-11894a	-	-	-	uuuaccauuucaagaugaccu	ggucgucuugaaaugguaaaga	ggucgucuugaaaugguaaagagugucaaucaucaucuuuaccauuucaagaugaccu	2:58787949..58788007:-
1_2411	39	0 +/- 0%	-	68	67	0	1	yes	aae-miR-283	dme-miR-283-5p	-	-	caauaucagcugguaauucuggg	cggaauuccaacugauaucc	caauaucagcugguaauucugggcuuaccccaccguuauacgcuucccggaauuccaacugauaucc	1:305625602..305625669:-
2_534	28.7	0 +/- 0%	-	48	47	0	1	yes	aae-miR-184	dme-miR-184-3p	-	-	uggacggagaacugauaagggc	ccuuaucauucuugcgccccgu	ccuuaucauucuugcgccccguguuauauuguuggcgacuggacggagaacugauaagggc	2:417599380..417599441:-
3_1198	15.4	0 +/- 0%	-	22	14	0	8	yes	aae-miR-308-5p	dme-miR-2a-3p	-	-	aaucacaggaguauacugugag	cgcgguauauucuuguggcuug	cgcgguauauucuuguggcuugaugcauuugaaaaaucucaaaucacaggaguauacugugag	3:403338483..403338546:-
3_717	8.8	0 +/- 0%	-	12	11	0	1	yes	aae-bantam-5p	dme-bantam-3p	-	-	ugagaucauuuugaaagcugau	ccgguuuucauuuucgaucugacu	ccgguuuucauuuucgaucugacuuauuugauuuaacaagagugagaucauuuugaaagcugau	3:178082830..178082894:+
1_1577	8.6	0 +/- 0%	-	8	7	0	1	yes	aae-miR-33	dme-miR-33-5p	-	-	gugcauuguaguugcauugc	caauacuucugcaaugcaagcc	gugcauuguaguugcauugcacuuuugcguucgauaacacggugcaauacuucugcaaugcaagcc	1:50888880..50888946:-
2_344	7.3	0 +/- 0%	-	6	5	0	1	yes	aae-miR-13-5p	dme-miR-2a-3p	-	-	uaucacagccauuuugacgaguu	ucguaaaaaugguugugcuguguuguu	ucguaaaaaugguugugcuguguuguuacgcucgaaauucauaucacagccauuuugacgaguu	2:107237649..107237713:-
1_1427	6.5	0 +/- 0%	-	5	3	0	2	yes	aae-miR-279	dme-miR-279-3p	-	-	ugacuagauccacacucauuaa	gaugggugugaaucuaguguuucaca	gaugggugugaaucuaguguuucacaugauuuucgauagccugugacuagauccacacucauuaa	1:207007788..207007853:+
2_340	5.4	0 +/- 0%	-	17	17	0	0	yes	aae-miR-2c	dme-miR-2a-3p	-	-	uaucacagccagcuuugaugagcu	cucucaaaguggcugugaaaug	cucucaaaguggcugugaaaugguuugauuuugcucauaucacagccagcuuugaugagcu	2:107235884..107235945:-
2_342	5.2	0 +/- 0%	-	36	36	0	0	yes	aae-miR-2a-5p	dme-miR-2a-3p	-	-	uaucacagccagcuuugaaga	ucaaagugguugugaaaug	ucaaagugguugugaaaugaguuacucuugaacgaucucauaucacagccagcuuugaaga	2:107237504..107237565:-
1_2398	5.2	0 +/- 0%	-	13	13	0	0	yes	aae-miR-277-5p	dme-miR-277-3p	-	-	uaaaugcacuaucugguacgaca	gcgugucagaagugcauuuaca	gcgugucagaagugcauuuacauagguauuucccguuuagcaguauuuguaaaugcacuaucugguacgaca	1:302603812..302603884:-
1_2400	4.8	0 +/- 0%	-	11	11	0	0	yes	aae-miR-317	dme-miR-317-3p	-	-	ugaacacagcuggugguaucuca	ggauacacccugugcucgcu	ggauacacccugugcucgcuuugcauucgaaacuagugaacacagcuggugguaucuca	1:302667131..302667190:-
2_186	4	0 +/- 0%	-	12	12	0	0	yes	aae-miR-305-5p	dme-miR-305-5p	-	-	auuguacuucaucaggugcucugg	ccggcacauguuggaguacacuua	auuguacuucaucaggugcucugguuguuuucgauacccggcacauguuggaguacacuua	2:307145445..307145506:+
2_183	2.8	78 +/- 24%	-	7	7	0	0	yes	aae-miR-275-5p	dme-miR-275-3p	-	-	ucagguaccugaaguagcgcg	cgcuaagcaggaaccgagacu	cgcuaagcaggaaccgagacuuugucauuugcuagcagucagguaccugaaguagcgcg	2:307135670..307135729:+
1_1429	2.1	78 +/- 24%	-	6	6	0	0	yes	aae-miR-996	dme-miR-279-3p	-	-	ugacuagauuacaugcucgucua	ggcgugcaugaaucuggugcacg	ggcgugcaugaaucuggugcacgguuuuccaguuguaauaucgcuucgugacuagauuacaugcucgucua	1:207012535..207012606:+
2_310	2	78 +/- 24%	-	3731	3731	0	0	yes	aae-miR-11894a	-	-	-	uuuaccauuucaagaugaccu	guugucuugaaaugguaaaga	guugucuugaaaugguaaagagugucaaccaucaucuuuaccauuucaagaugaccu	2:58783351..58783408:-
3_960	1.9	67 +/- 31%	-	5	5	0	0	yes	aae-miR-11-5p	dme-miR-2a-3p	-	-	caucacagucugaguucuugcu	cgagaacuccggcugugaccugug	cgagaacuccggcugugaccuguguacacuuuauccaaaucacaucacagucugaguucuugcu	3:75489864..75489928:-
2_312	1.9	67 +/- 31%	-	526	526	0	0	yes	aae-miR-11894b	-	-	-	uuuaccauuucaauaugaccu	gucguauugaaaugguaaaga	gucguauugaaaugguaaagagugucaaucaucaucuuuaccauuucaauaugaccu	2:58784591..58784648:-
2_492	1.7	67 +/- 31%	-	4316	4316	0	0	yes	aae-miR-11895	-	-	-	uucaugcauucacuucugcuga	agcaggagugaaugcaugaguu	agcaggagugaaugcaugaguuugacaucugaaacuaauucaugcauucacuucugcuga	2:324949494..324949554:-
3_968	1.2	67 +/- 31%	-	4	4	0	0	yes	aae-miR-92b-3p	dme-miR-92a-3p	-	-	aauugcacuugucccggccugc	aggucgugacuugugcccauuug	aggucgugacuugugcccauuugcugaauuuuaauggucaaauugcacuugucccggccugc	3:93418515..93418577:-
2_184	0.8	40 +/- 34%	-	7	7	0	0	yes	aae-miR-275-3p	dme-miR-275-3p	-	-	ucagguaccugaaguagcgcg	agcgacaacagaggcgugaaa	ucagguaccugaaguagcgcgcgugaucaaacaggaagcgucaucaagcgacaacagaggcgugaaa	2:307135708..307135775:+
2_329	0.7	40 +/- 34%	-	3	3	0	0	yes	aae-miR-282-5p	dme-miR-282-5p	-	-	uagccucuccuaggcuuugucu	acauagccugacagagguuagg	uagccucuccuaggcuuugucuguuaccuuccuugggaauuccacuagccagacauagccugacagagguuagg	2:96911966..96912040:-
1_1723	0.5	40 +/- 34%	-	28	26	0	2	no	aae-miR-252-5p	dme-miR-252-5p	-	-	cuaaguacuagugccgcagga	cccugcugcccaagugcuuau	cuaaguacuagugccgcaggagagauuugaaccccugcugcccaagugcuuau	1:175818159..175818212:-
2_315	-4.2	1 +/- 6%	-	3731	3731	0	0	no	aae-miR-11894a	-	-	-	uuuaccauuucaagaugaccu	gucaucgcugcauuguaagga	uuuaccauuucaagaugaccuauucuggagagucaucgcugcauuguaagga	2:58786254..58786306:-

#miRBase miRNAs not detected by miRDeep2
miRBase precursor id	total read count	mature read count(s)	star read count	remaining reads	UCSC browser	NCBI blastn	miRBase mature sequence(s)	miRBase star sequence(s)	miRBase precursor sequence
55	48	0	7	-	-	caguacuuauguuaugcucucu	ugaguauuacaucagguacuggu	-	uucggacugaguauuacaucagguacuggugucgauauucgaaucaccaacgaaucggguuccuuugauuaacuuaccaguacuuauguuaugcucucuccg	
43	43	0	0	-	-	ugguuuaucuuaucugucgaggc	gucgacagggagauaaaucacu	-	cauugguuuaucuuaucugucgaggcaaguuauuuuaccggauaguguuucuuuucgugagcaaucaccacuauccagcucuucuugucgacagggagauaaaucacug	
18	18	0	0	-	-	ucagguacugagugacucucag	gagagcaccucgguaucuaagc	-	cauucgcaauuucaccgguucagguacugagugacucucagaugugcauuucucaagcaaucucguccucaggaccugagguugaaaaacccugagagcaccucgguaucuaagccaguguugcgaaaa	
16	16	0	0	-	-	cacguuacagauugggguuucc	uaaucucaaauuguaacagugg	-	gagguaaucucaaauuguaacaguggguugauuuuccuggugaaucccggccuuguccuccgucacaagugugacaagugucucgaaaacguguucgcuauacccacguuacagauugggguuucccc	
4	4	0	0	-	-	caaccacuauccgcccugccgcc	uggcagugugguuagcugguug	-	caaggcaauacgcuauggcagugugguuagcugguuguguagaacuuuggggggcuuccguggcguucgcgcgcacacgggggcucagauucacaaccacuauccgcccugccgccgcgaggugccagg	
4	4	0	0	-	-	uaggaacuucauaccgugcuc	-	ggugaagugugcaguaauuagugccagguagguuagauuuccagugucucgaguuaauccgucagcgagguauagaguuccuaugcguucggauaaaauauuccauaggaacuucauaccgugcucuuggauugcuuggaagucaucgagaggguaaugguggaaguucguggcuaauuuguaaaucauc	
3	3	0	0	-	-	caucuuaccgggcagcauuaga	uaauacugucagguaaagauguc	-	gucuguucacaucuuaccgggcagcauuagauauuuuugaaauacuucuaauacugucagguaaagaugucguccgaac	
2	2	0	0	-	-	agauauguuugauauucuugguug	-	gggugauuccggugagauauguuugauauucuugguuguuaaauuuuauauuaucacccaggaaucaaacauauuauuacuguggucaucaugagacuucg	
3	3	0	0	-	-	ucucacuaccuugucuuucaug	agaaagacauggguagugagau	-	cggcaagaaagacauggguagugagauaguuucacccuauugcacugggaucucacuaccuugucuuucaugcugau	
2	2	0	0	-	-	uagcaccaugagauucagc	-	aagaaccaauacccgaacugaacucucgugggucugcaguugauauuucgaaagcuuguagcaccaugagauucagcuccgguguugguucg	
2	2	0	0	-	-	ucagucuuuuucucucuccuau	-	guggaauuacaccucaacgaauuugaacucugcucuacccgauaagccugugggagcgagauuaaggcuugcuggucauuuauuacacucgaagucagucuuuuucucucuccuauugguauaacgguguuucaacgaguccgaguucccgcaccguagucauccacaucauc	
2	2	0	0	-	-	ugguaacuccaccaccguuggc	-	aaacguuuccggagccugguaacuccaccaccguuggcgauauuugacagccaaugggagcuggaguucccgcgugccgaacguuca	
2	2	0	0	-	-	gugugugaaccguuggcggc	-	agcagugugugaaccguuggcggcgcaacgccugaugguauugaugcugcu	
2	2	0	0	-	-	cgguacggacaggggcaacauu	uauugcacuugucccggccua	-	aaucuacgcaucgguacggacaggggcaacauugugacauuugaaagcuaauauugcacuugucccggccuaugcguggagu	
1	1	0	0	-	-	aagagagcuauccgucgac	ugucauggaauugcucucuuua	-	ugguuucgaauaugaaaauaaagagagcuauccgucgacaguagggauaugauucacugucauggaauugcucucuuuauguacaauucgauauuca	
1	1	0	0	-	-	ugagauucuacuucuccgacuuaa	aaguggaguaguggucucaucg	-	acgauaugaaauaaguggaguaguggucucaucgcuuaguauuagaaaagugagauucuacuucuccgacuuaauucauaucua	
1	1	0	0	-	-	ucggugggacuuucguccguuu	acggacgauagucuucagcggcc	-	uggugcgaacggacgauagucuucagcggccgugcauuugauagaauuggucggugggacuuucguccguuuguaaccgcc	
1	1	0	0	-	-	uuccugacuuauacgcuuaccu	-	augguaaguagauaaaucagaaagacguuuuuaucguuucuuccugacuuauacgcuuaccuc	
1	1	0	0	-	-	uaagcguauagcuuuucccauu	-	gauucugaagggggaaauccuguacgcuguauguuguauuugaauaauccauaagcguauagcuuuucccauucggcgu	
1	1	0	0	-	-	uggaauguaaagaaguauggag	-	cgaaaguuccaugcuuccuugcauucaauagugauucugaaagcauauggaauguaaagaaguauggagcgcucgg	
2	1	0	1	-	-	cugaaaacuuaaucgauugguc	-	uaaccugaaaacuuaaucgauuggucacuagcugcgcggugaccaaucgauuaaguuuucagcuua	
1	1	0	0	-	-	ucuuugguauucuagcuguaga	uaaagcuuuaguaccagagguc	-	cugaaucuuugguauucuagcuguagaauguugagcuuugugauaugguaucuucuaaagcuuuaguaccagagguccaacug	














2	0	0	2	-	-	cgagauacggagagauugcgaca	-	cagucgccucuucacaucucgauaucgaagggaccaucgagauacggagagauugcgacaa	














































4	4	0	0	-	-	uaggaacuucauaccgugcuc	agcgagguauagaguuccuac	-	acuggugauugccaucagcgagguauagaguuccuacguugcgugugcgaaauugguaggaacuucauaccgugcucuuggcuagccguga	























