miRDeep2 score	novel miRNAs reported by miRDeep2	novel miRNAs, estimated false positives	novel miRNAs, estimated true positives	known miRNAs in species	known miRNAs in data	known miRNAs detected by miRDeep2	estimated signal-to-noise	excision gearing
10	1	1 +/- 1	1 +/- 0 (60 +/- 49%)	164	123	61 (50%)	51.7	1
9	1	1 +/- 1	1 +/- 0 (60 +/- 49%)	164	123	61 (50%)	51.1	1
8	1	1 +/- 1	1 +/- 0 (60 +/- 49%)	164	123	61 (50%)	49.5	1
7	5	1 +/- 1	4 +/- 1 (88 +/- 17%)	164	123	61 (50%)	53.3	1
6	7	1 +/- 1	6 +/- 1 (92 +/- 12%)	164	123	61 (50%)	54.8	1
5	11	1 +/- 1	10 +/- 1 (94 +/- 8%)	164	123	75 (61%)	60.2	1
4	14	1 +/- 1	13 +/- 1 (95 +/- 6%)	164	123	94 (76%)	63.9	1
3	17	1 +/- 1	16 +/- 1 (95 +/- 6%)	164	123	97 (79%)	50.6	1
2	21	1 +/- 1	20 +/- 1 (94 +/- 5%)	164	123	98 (80%)	43.2	1
1	28	2 +/- 1	26 +/- 1 (94 +/- 5%)	164	123	103 (84%)	30.1	1
0	36	4 +/- 2	32 +/- 2 (88 +/- 5%)	164	123	109 (89%)	14.8	1
-1	41	11 +/- 3	30 +/- 3 (74 +/- 8%)	164	123	111 (90%)	8	1
-2	52	31 +/- 5	21 +/- 5 (41 +/- 10%)	164	123	112 (91%)	3.8	1
-3	77	51 +/- 6	26 +/- 6 (34 +/- 8%)	164	123	112 (91%)	2.9	1
-4	128	71 +/- 7	57 +/- 7 (44 +/- 6%)	164	123	112 (91%)	2.8	1
-5	169	137 +/- 10	32 +/- 10 (19 +/- 6%)	164	123	113 (92%)	1.8	1
-6	192	276 +/- 12	0 +/- 0 (0 +/- 0%)	164	123	114 (93%)	1	1
-7	212	400 +/- 13	0 +/- 0 (0 +/- 0%)	164	123	114 (93%)	0.8	1
-8	257	501 +/- 16	0 +/- 0 (0 +/- 0%)	164	123	115 (93%)	0.7	1
-9	343	575 +/- 18	0 +/- 0 (0 +/- 0%)	164	123	115 (93%)	0.8	1
-10	451	628 +/- 18	0 +/- 0 (0 +/- 0%)	164	123	115 (93%)	0.9	1



novel miRNAs predicted by miRDeep2
provisional id	miRDeep2 score	estimated probability that the miRNA candidate is a true positive	rfam alert	total read count	mature read count	loop read count	star read count	significant randfold p-value	miRBase miRNA	example miRBase miRNA with the same seed	UCSC browser	NCBI blastn	consensus mature sequence	consensus star sequence	consensus precursor sequence	precursor coordinate
NIGP01000718_14227	11	60 +/- 49%	-	12	11	0	1	yes	-	dme-miR-193-5p	-	-	cugggauucggagagaaucccgu	ggggauucggagagaauccc	cugggauucggagagaaucccgucuggauucggagagaaucccgucuggggauucggagagaauccc	NIGP01000718:13092..13159:-
3_5704	7.2	88 +/- 17%	-	12	11	0	1	yes	-	-	-	-	ugaggcgucuucugguggcug	agucaccaucugauacugacgg	agucaccaucugauacugacggaggauggaugugcuccccaaagcacgguccuccgugaggcgucuucugguggcug	3:62973136..62973213:+
2_2380	7.2	88 +/- 17%	-	12	11	0	1	yes	-	-	-	-	ugaggcgucuucugguggcug	agucaccaucugauacugacgg	agucaccaucugauacugacggaggaugaaugugcuccccaaagcacgauccuccgugaggcgucuucugguggcug	2:3130338..3130415:-
2_1507	7.1	88 +/- 17%	-	12	11	0	1	yes	-	-	-	-	ugaggcgucuucugguggcug	agucaccaucugauacugacgg	agucaccaucugauacugacggaggaugaaugugcuccccaaagcacgguccuccgugaggcgucuucugguggcug	2:275882452..275882529:+
1_11726	7	88 +/- 17%	-	12	11	0	1	yes	-	-	-	-	ugaggcgucuucugguggcug	agucaccaucugauacugacgg	agucaccaucugauacugacggaggauggaugugcuccccaaagcacgaaccuccgugaggcgucuucugguggcug	1:98795825..98795902:-
2_1753	6.2	92 +/- 12%	-	11	10	0	1	yes	-	-	-	-	ugaggcgucuucugguggcug	agucaccaucugauacugacgg	agucaccaucugauacugacggaggauggaugugaagcacggucuucugugaggcgucuucugguggcug	2:327701617..327701687:+
2_569	6	92 +/- 12%	-	10	9	0	1	yes	-	-	-	-	ugaggcgucuucugguggcug	agucaccaucugauacugacgg	agucaccaucugauacugacggaggauggaugugcuccccaaagcacgauccuccgugaggcgucuucugguggcug	2:109046622..109046699:+
1_9881	5.7	94 +/- 8%	-	12	12	0	0	yes	-	dme-miR-193-5p	-	-	cugggauucggagagaaucccgu	gggauucggagagaaucccgucu	gggauucggagagaaucccgucugggauucggagagaaucccgucugggauucggagagaaucccgu	1:39891073..39891140:+
NIGP01000718_14228	5.6	94 +/- 8%	-	12	12	0	0	yes	-	dme-miR-193-5p	-	-	cugggauucggagagaaucccgu	gggauucggagagaaucccgucu	gggauucggagagaaucccgucugggauucggagagaaucccgucugggauucggagagaaucccgucugggauucggagagaaucccgu	NIGP01000718:13136..13226:-
1_9879	5.5	94 +/- 8%	-	12	12	0	0	yes	-	dme-miR-193-5p	-	-	cugggauucggagagaaucccgu	ggguuucggagaaaaucccgucu	ggguuucggagaaaaucccgucugggauucggagagaaucccgucugggauucggagagaaucccgu	1:39889694..39889761:+
3_5793	5.2	94 +/- 8%	-	324	324	0	0	yes	-	dme-miR-971-3p	-	-	uugguguuauaucuuacagugag	ggcuguaaguauuacagcaagc	ggcuguaaguauuacagcaagcuugcuauucgaaaggcgcuugguguuauaucuuacagugag	3:82678953..82679016:+
2_810	4.8	95 +/- 6%	-	87	87	0	0	yes	-	dme-miR-932-5p	-	-	acaauuccggagccuguugagu	gcaacagaugauccgggugauuguga	acaauuccggagccuguugaguauagcaacagaugauccgggugauuguga	2:149601880..149601931:+
1_11188	4.2	95 +/- 6%	-	56	55	0	1	yes	-	dme-miR-iab-8-5p	-	-	uuacguauacugaagguauacc	aggauacauucaguauacguucau	uuacguauacugaagguauaccggauagauagcacucaggauacauucaguauacguucau	1:308965424..308965485:+
1_11708	4	95 +/- 6%	-	5	4	0	1	yes	-	-	-	-	ucggaaguagugcgcuguauag	auacagcgcacuacuaccgac	ucggaaguagugcgcuguauaguugaucagaugcucuauacagcgcacuacuaccgac	1:92806598..92806656:-
2_4498	3.1	95 +/- 6%	-	4	3	0	1	yes	-	-	-	-	ugaggcgucuucuggugacugg	agucaccaucugauacugacgg	agucaccaucugauacugacggaggauggaugugcuccccaaagcacgauccuccgugaggcgucuucuggugacugg	2:330576359..330576437:-
1_10969	3	95 +/- 6%	-	4	3	0	1	yes	-	-	-	-	ugaggcgucuucugguggcua	agucaccaucugauacugacgg	agucaccaucugauacugacggaggauggaugugcuccccaaagcacgguccuccgugaggcgucuucugguggcua	1:258588313..258588390:+
3_6013	3	95 +/- 6%	-	4	3	0	1	yes	-	-	-	-	ugaggcgucuucugguggcua	agucaccaucugauacugacgg	agucaccaucugauacugacggaggauggaugugcuccccaaagcacgguccuccgugaggcgucuucugguggcua	3:124646931..124647008:+
1_12132	2.6	94 +/- 5%	-	3	2	0	1	yes	-	-	-	-	ugagccgucuucugguggcug	agucaccaucugauacugacgg	agucaccaucugauacugacggaggauggaugugcuccccaaagcacgguccuccgugagccgucuucugguggcug	1:171210660..171210737:-
NIGP01001940_14123	2.5	94 +/- 5%	-	3	2	0	1	yes	-	-	-	-	ugaggcaucuucugguagcug	agucaccaucugauacugacgg	agucaccaucugauacugacggaggauggaugugcuccccaaagcacgguccuccgugaggcaucuucugguagcug	NIGP01001940:17195..17272:+
2_2325	2.4	94 +/- 5%	-	5	4	0	1	yes	-	-	-	-	aacagaacuuuccaucugaacg	uuccaggugggaguuaucugauau	uuccaggugggaguuaucugauaugugaauaugguaccauaacagaacuuuccaucugaacg	2:468829080..468829142:+
1_10963	2.1	94 +/- 5%	-	2	1	0	1	yes	-	-	-	-	ugaggcguccucugguggcugga	agucaccaucugauacugacgg	agucaccaucugauacugacggaggauggaugcgcccccaaagcacgguccuccgugaggcguccucugguggcugga	1:256814591..256814669:+
2_2175	1.9	94 +/- 5%	-	16	16	0	0	yes	-	-	-	-	agcagaguggcgcaguggaagc	uuucacugugaagcacagcugu	uuucacugugaagcacagcuguaguaugagagcagaguggcgcaguggaagc	2:433013846..433013898:+
1_11054	1.5	94 +/- 5%	-	3	2	0	1	yes	-	-	-	-	aacagaauuuuccaucugaacg	uucuaggugggaguuaucug	uucuaggugggaguuaucugauaugugaauaugguaccauaacagaauuuuccaucugaacg	1:278919091..278919153:+
3_8692	1.5	94 +/- 5%	-	11	11	0	0	yes	-	-	-	-	ugaggcgucuucugguggcug	gucgccaucugauacugacg	gucgccaucugauacugacggaggauggaagugcuccccaaagcacgguccuccgugaggcgucuucugguggcug	3:189645352..189645428:-
3_7736	1.5	94 +/- 5%	-	391	391	0	0	yes	-	-	-	-	guaggccggcggaaacuacuugc	aagggguuucuuucggccuccag	aagggguuucuuucggccuccagcggcauuagauaguuguaggccggcggaaacuacuugc	3:6069685..6069746:-
NIGP01000959_14148	1.5	94 +/- 5%	-	3	2	0	1	yes	-	-	-	-	aacagaauuuuccaucugaacg	uuccaggugggaguuaucugauau	uuccaggugggaguuaucugauaugugaauaugguaccauaacagaauuuuccaucugaacg	NIGP01000959:7003..7065:-
2_3007	1.5	94 +/- 5%	-	3	2	0	1	yes	-	-	-	-	aacagaauuuuccaucugaacg	uuccaggugggaguuaucugauau	uuccaggugggaguuaucugauaugugaauaugguaccauaacagaauuuuccaucugaacg	2:115351695..115351757:-
1_11517	1.3	94 +/- 5%	-	3	2	0	1	yes	-	-	-	-	aacagaauuuuccaucugaacg	uuccaggugggauuuaucugau	uuccaggugggauuuaucugauuugugaauaugguaccauaacagaauuuuccaucugaacg	1:44427203..44427265:-
NIGP01001391_14625	0.9	88 +/- 5%	-	11	11	0	0	yes	-	-	-	-	ugaggcgucuucugguggcug	gucaccaucugauacugacg	gucaccaucugauacugacgaaggauggaugugcucccaaagcacgguauuucgugaggcgucuucugguggcug	NIGP01001391:1746..1821:+
1_9878	0.7	88 +/- 5%	-	2	2	0	0	yes	-	dme-miR-193-5p	-	-	cugggauucugagaggauc	uuuugagagaaucccaucu	cugggauucugagaggaucccgucugggaaucugagaggaucccgucugggauuuugagagaaucccaucu	1:39889210..39889281:+
3_9629	0.6	88 +/- 5%	-	2	2	0	0	yes	-	dme-miR-277-3p	-	-	uaaaugcaugucaguccc	gacaauuaugcguuuaug	uaaaugcaugucagucccauguuuucuggguuuccuauucacaugggacaauuaugcguuuaug	3:383316802..383316866:-
2_1362	0.5	88 +/- 5%	-	2	2	0	0	yes	-	dme-miR-277-3p	-	-	uaaaugcaugucaguccc	gacaauuaugcguuuaug	uaaaugcaugucagucccauguuugcuggauuuccuauucacaugggacaauuaugcguuuaug	2:246237664..246237728:+
1_9883	0.2	88 +/- 5%	-	1	1	0	0	yes	-	dme-miR-193-5p	-	-	cugggauucugagagaaucccgu	gggauucugagagaaucccgac	gggauucugagagaaucccgacugggauucugagagaaucccgucugggauucugagagaaucccgu	1:39892048..39892115:+
3_7923	0.2	88 +/- 5%	-	1	1	0	0	yes	-	dme-miR-4986-5p	-	-	cgggauucugagaggauc	ucuuucucgggauucugag	cgggauucugagaggauccuucucgggauucugagagaacccugcucgggauucugaaaggaucuuucucgggauucugag	3:36720345..36720426:-
1_11473	0	88 +/- 5%	-	22	22	0	0	yes	-	-	-	-	auuucagucacuuccagc	uggaguaugagaaca	auuucagucacuuccagcugguuuugacacgaacacgaucagcuggaguaugagaaca	1:38205616..38205674:-
3_5441	0	88 +/- 5%	-	2	2	0	0	yes	-	dme-miR-4952-5p	-	-	cccggaucuuuucgucauggag	ccaugcugaaggugucuggguu	ccaugcugaaggugucuggguucgauucccggucggucccggaucuuuucgucauggag	3:11959831..11959890:+



mature miRBase miRNAs detected by miRDeep2
tag id	miRDeep2 score	estimated probability that the miRNA is a true positive	rfam alert	total read count	mature read count	loop read count	star read count	significant randfold p-value	mature miRBase miRNA	example miRBase miRNA with the same seed	UCSC browser	NCBI blastn	consensus mature sequence	consensus star sequence	consensus precursor sequence	precursor coordinate
1_13754	25609.3	60 +/- 49%	-	50223	50181	0	42	yes	aae-miR-277-5p	dme-miR-277-3p	-	-	uaaaugcacuaucugguacgaca	cgugucagaagugcauuuaca	cgugucagaagugcauuuacauagguauuucccguuuagcaguauuuguaaaugcacuaucugguacgaca	1:302603812..302603883:-
3_7297	6743.3	60 +/- 49%	-	13220	13125	0	95	yes	aae-miR-8-5p	dme-miR-8-3p	-	-	uaauacugucagguaaagauguc	caucuuaccgggcagcauuaga	caucuuaccgggcagcauuagauauuuuugaaauacuucuaauacugucagguaaagauguc	3:328527955..328528017:+
2_2962	6738.7	60 +/- 49%	-	13209	13208	0	1	yes	aae-miR-2a-5p	dme-miR-2a-3p	-	-	uaucacagccagcuuugaaga	ucaaagugguugugaaaugagu	ucaaagugguugugaaaugaguuacucuugaacgaucucauaucacagccagcuuugaaga	2:107237504..107237565:-
1_13789	6445.9	60 +/- 49%	-	12635	12625	0	10	yes	aae-miR-283	dme-miR-283-5p	-	-	caauaucagcugguaauucugg	cggaauuccaacugauauccac	caauaucagcugguaauucugggcuuaccccaccguuauacgcuucccggaauuccaacugauauccac	1:305625600..305625669:-
2_4954	5513.4	60 +/- 49%	-	10806	10804	0	2	yes	aae-miR-184	dme-miR-184-3p	-	-	uggacggagaacugauaagggc	ccuuaucauucuugcgccccgu	ccuuaucauucuugcgccccguguuauauuguuggcgacuggacggagaacugauaagggc	2:417599380..417599441:-
1_13785	5361.6	60 +/- 49%	-	10509	10506	0	3	yes	aae-miR-12-5p	dme-miR-12-5p	-	-	ugaguauuacaucagguacuggu	caguacuuauguuaugcucu	ugaguauuacaucagguacuggugucgauauucgaaucaccaacgaaucggguuccuuugauuaacuuaccaguacuuauguuaugcucu	1:305613550..305613640:-
2_2899	5308.8	60 +/- 49%	-	10405	9058	0	1347	yes	aae-miR-281-5p	dme-miR-281-2-5p	-	-	aagagagcuauccgucgacagu	ugucauggaauugcucucuuua	aagagagcuauccgucgacaguagggauaugauucacugucauggaauugcucucuuua	2:96469361..96469420:-
2_4846	3667.5	60 +/- 49%	-	7186	7181	0	5	yes	aae-miR-1	dme-miR-1-3p	-	-	uggaauguaaagaaguauggag	ccaugcuuccuugcauucaau	ccaugcuuccuugcauucaauagugauucugaaagcauauggaauguaaagaaguauggag	2:399501023..399501084:-
3_9694	3411.9	60 +/- 49%	-	6684	6673	0	11	yes	aae-miR-308-5p	dme-miR-2a-3p	-	-	aaucacaggaguauacugugag	cgcgguauauucuuguggcuug	cgcgguauauucuuguggcuugaugcauuugaaaaaucucaaaucacaggaguauacugugag	3:403338483..403338546:-
3_6373	3268.9	60 +/- 49%	-	6414	6382	0	32	no	aae-bantam-5p	dme-bantam-3p	-	-	ugagaucauuuugaaagcugauu	ccgguuuucauuuucgaucugacu	ccgguuuucauuuucgaucugacuuauuugauuuaacaagagugagaucauuuugaaagcugauu	3:178082830..178082895:+
2_1678	1952.2	60 +/- 49%	-	3823	3818	0	5	yes	aae-miR-305-5p	dme-miR-305-5p	-	-	auuguacuucaucaggugcucugg	cggcacauguuggaguacacuu	auuguacuucaucaggugcucugguuguuuucgauacccggcacauguuggaguacacuu	2:307145445..307145505:+
2_2960	1654.4	60 +/- 49%	-	3236	3231	0	5	yes	aae-miR-2c	dme-miR-2a-3p	-	-	uaucacagccagcuuugaugagcu	acucucaaaguggcugugaaau	acucucaaaguggcugugaaaugguuugauuuugcucauaucacagccagcuuugaugagcu	2:107235884..107235946:-
2_2787	1006.1	60 +/- 49%	-	1965	1655	1	309	yes	aae-miR-276-5p	dme-miR-276a-3p	-	-	uaggaacuucauaccgugcucu	agcgagguauagaguuccuacg	agcgagguauagaguuccuacguugcgugugcgaaauugguaggaacuucauaccgugcucu	2:73120452..73120514:-
3_8076	905.4	60 +/- 49%	-	1767	1763	0	4	yes	aae-miR-11-5p	dme-miR-2a-3p	-	-	caucacagucugaguucuugcu	cgagaacuccggcugugaccugug	cgagaacuccggcugugaccuguguacacuuuauccaaaucacaucacagucugaguucuugcu	3:75489864..75489928:-
2_2794	862.5	60 +/- 49%	-	1683	1650	0	33	yes	aae-miR-276-3p	dme-miR-276a-3p	-	-	uaggaacuucauaccgugcucu	agcgagguauagaguuccua	agcgagguauagaguuccuaugcguucggauaaaauauuccauaggaacuucauaccgugcucu	2:73509399..73509463:-
1_12137	784.8	60 +/- 49%	-	1540	1347	0	193	no	aae-miR-252-5p	dme-miR-252-5p	-	-	cuaaguacuagugccgcaggag	ccugcugcccaagugcuuaucg	cuaaguacuagugccgcaggagagauuugaaccccugcugcccaagugcuuaucg	1:175818157..175818212:-
2_562	672.1	60 +/- 49%	-	1311	1270	0	41	yes	aae-miR-9a	dme-miR-9a-5p	-	-	ucuuugguuaucuagcuguauga	uaaagcuagcauaccgaaguua	ucuuugguuaucuagcuguaugagugaauuuagaacaucauaaagcuagcauaccgaaguua	2:108461947..108462009:+
2_2964	652.2	60 +/- 49%	-	1271	1251	0	20	yes	aae-miR-13-5p	dme-miR-2a-3p	-	-	uaucacagccauuuugacgaguu	ucguaaaaaugguugugcugug	ucguaaaaaugguugugcuguguuguuacgcucgaaauucauaucacagccauuuugacgaguu	2:107237649..107237713:-
2_2969	521	60 +/- 49%	-	1020	725	0	295	yes	aae-miR-71-5p	-	-	-	agaaagacauggguagugagau	ucucacuaccuugucuuucaug	agaaagacauggguagugagauaguuucacccuauugcacugggaucucacuaccuugucuuucaug	2:107238287..107238354:-
3_9536	501.6	60 +/- 49%	-	976	953	0	23	yes	aae-miR-989	dme-miR-989-3p	-	-	ugugaugugacguagugguac	cgccgcuaccucgcuuucac	cgccgcuaccucgcuuucacuugguaccgauuucccauaauccaugugaugugacguagugguac	3:366439082..366439147:-
2_1972	435.3	60 +/- 49%	-	846	844	0	2	yes	aae-let-7	dme-let-7-5p	-	-	ugagguaguugguuguauagu	cuaugcaaucugcuagcuuguc	ugagguaguugguuguauaguagugacugauuaaauaucugcuaugcaaucugcuagcuuguc	2:375131497..375131560:+
2_4535	421.1	60 +/- 49%	-	818	739	0	79	yes	aae-miR-9c-5p	dme-miR-9a-5p	-	-	ucuuugguauucuagcuguaga	uaaagcuuuaguaccagagguc	ucuuugguauucuagcuguagaauguugagcuuugugauaugguaucuucuaaagcuuuaguaccagagguc	2:335810364..335810436:-
2_1813	402.5	60 +/- 49%	-	782	778	1	3	yes	aae-miR-14	dme-miR-14-3p	-	-	ucagucuuuuucucucuccuau	gggagcgagauuaaggcuugcu	gggagcgagauuaaggcuugcuggucauuuauuacacucgaagucagucuuuuucucucuccuau	2:344767572..344767637:+
2_4527	398.2	60 +/- 49%	-	773	772	0	1	yes	aae-miR-9b	dme-miR-9a-5p	-	-	ucuuuggugauuuuagcuguaug	uauagcuuuaucaccaaaaac	ucuuuggugauuuuagcuguaugcugauacguuucugauugcauauagcuuuaucaccaaaaac	2:335780575..335780639:-
3_8986	331.9	60 +/- 49%	-	642	641	0	1	yes	aae-miR-278-5p	dme-miR-278-3p	-	-	ucggugggacuuucguccguuu	acggacgauagucuucagc	acggacgauagucuucagcggccgugcauuugauagaaguggucggugggacuuucguccguuu	3:243123888..243123952:-
1_10731	246.6	60 +/- 49%	-	476	475	0	1	yes	aae-miR-279	dme-miR-279-3p	-	-	ugacuagauccacacucauuaa	gaugggugugaaucuaguguuucac	gaugggugugaaucuaguguuucacaugauuuucgauagccugugacuagauccacacucauuaa	1:207007788..207007853:+
3_6795	239.5	60 +/- 49%	-	461	345	0	116	yes	aae-miR-307	dme-miR-307a-3p	-	-	ucacaaccuccuugagugagcga	acucacucaaccugggugugau	acucacucaaccugggugugaugcuuauuugaaucaucacaaccuccuugagugagcga	3:244794376..244794435:+
2_2649	238.5	60 +/- 49%	-	460	459	0	1	yes	aae-miR-190	dme-miR-190-5p	-	-	agauauguuugauauucuugguug	cccaggaaucaaacauauuauu	agauauguuugauauucuugguuguuaaauuuuauauuaucacccaggaaucaaacauauuauu	2:48811878..48811942:-
2_1268	228.2	60 +/- 49%	-	440	439	0	1	yes	aae-miR-932-5p	dme-miR-932-5p	-	-	ucaauuccguagugcauugcagu	ugcaagcaauguggaagugaag	ucaauuccguagugcauugcagugugcuuuagacgaacugcaagcaauguggaagugaag	2:231381156..231381216:+
2_2901	157.3	60 +/- 49%	-	300	294	0	6	yes	aae-miR-282-5p	dme-miR-282-5p	-	-	uagccucuccuaggcuuugucu	acauagccugacagagguuagg	uagccucuccuaggcuuugucuguuaccuuccuugggaauuccacuagccagacauagccugacagagguuagg	2:96911966..96912040:-
1_11529	144.2	60 +/- 49%	-	274	269	0	5	yes	aae-miR-33	dme-miR-33-5p	-	-	gugcauuguaguugcauugca	caauacuucugcaaugcaagcc	gugcauuguaguugcauugcacuuuugcguucgauaacacggugcaauacuucugcaaugcaagcc	1:50888880..50888946:-
NIGP01000533_14164	127	60 +/- 49%	-	241	238	0	3	yes	aae-miR-970	dme-miR-970-3p	-	-	ucauaagacacacgcggcuau	agcuugcguuugucuuagcugg	agcuugcguuugucuuagcugguauugaaugugauagguaucauaagacacacgcggcuau	NIGP01000533:10107..10168:-
1_10415	126.9	60 +/- 49%	-	241	238	0	3	yes	aae-miR-970	dme-miR-970-3p	-	-	ucauaagacacacgcggcuau	agcuugcguuugucuuagcugg	agcuugcguuugucuuagcugguauugaaugugauagguaucauaagacacacgcggcuau	1:157238423..157238484:+
2_4643	122.1	60 +/- 49%	-	239	168	0	71	yes	aae-miR-1891	-	-	-	ugaggaguuaauuugcguguuu	acacguccauuaacucuggua	ugaggaguuaauuugcguguuuuuguauuugauuaaacacguccauuaacucuggua	2:360084868..360084925:-
3_9718	103.1	60 +/- 49%	-	196	194	0	2	yes	aae-miR-285	dme-miR-285-3p	-	-	uagcaccauucgaaaucaguac	acuggcuuccaaaggugaguagau	acuggcuuccaaaggugaguagauggcauucgauacacucuagcaccauucgaaaucaguac	3:406875046..406875108:-
2_4530	54.7	60 +/- 49%	-	99	98	0	1	yes	aae-miR-79-5p	dme-miR-9a-3p	-	-	uaaagcuagauuaccaaagcau	cuuuggcgcuuuagcugu	cuuuggcgcuuuagcuguaugauagaauuuaauauuucauaaagcuagauuaccaaagcau	2:335780884..335780945:-
1_10208	40.1	60 +/- 49%	-	72	43	0	29	yes	aae-miR-927	dme-miR-927-5p	-	-	uuuagaauuccuacgcuuuacc	caaagcguuuggguucugaaac	uuuagaauuccuacgcuuuaccgugauuuguugaaaguuuggcaaagcguuuggguucugaaac	1:115022929..115022993:+
1_11656	37.2	60 +/- 49%	-	65	56	0	9	yes	aae-miR-87	dme-miR-87-3p	-	-	gugagcaaauuuucaggugugu	cagccugaaauuugcuaaaccu	cagccugaaauuugcuaaaccuguguguauuugauucaaacaaucaaggugagcaaauuuucaggugugu	1:80682401..80682471:-
2_517	33.6	60 +/- 49%	-	57	51	0	6	yes	aae-miR-988-5p	dme-miR-988-3p	-	-	ccccuuguugcaaaccucacgc	gugugcuuugugacaaugagau	gugugcuuugugacaaugagauucgguucgauaucauccccuuguugcaaaccucacgc	2:93351380..93351439:+
2_4048	29.7	60 +/- 49%	-	57	56	0	1	yes	aae-miR-2946	-	-	-	uaguacggaaaagauaugggga	gccauauuuuuaccgcuacugc	gccauauuuuuaccgcuacugcauuucauuguaauaauuguaguacggaaaagauaugggga	2:268456441..268456503:-
1_11198	16.9	60 +/- 49%	-	25	22	0	3	yes	aae-miR-10	dme-miR-10-5p	-	-	acccuguagauccgaauuuguu	caaauucgguucuagagagguuu	acccuguagauccgaauuuguuugaauauuuaacaagcgacaaauucgguucuagagagguuu	1:310530475..310530538:+
2_1787	12.1	60 +/- 49%	-	17	16	0	1	yes	aae-miR-375	dme-miR-375-3p	-	-	uuuguucguuuggcucgaguu	acuuaagcccaacguacagaa	acuuaagcccaacguacagaaacuugaaucugaaugccguucuagauuggcuugcuagaaguuuguucguuuggcucgaguu	2:337876532..337876614:+
3_9324	11.9	60 +/- 49%	-	22	9	0	13	yes	aae-miR-10365	-	-	-	aaaaguuuucauauucuugcgg	auuagaauguggaaucuguuuuu	auuagaauguggaaucuguuuuuguacaucaaguguuacgaaacgaagcaaaaaaguuuucauauucuugcgg	3:320775621..320775694:-
NIGP01001634_14181	11.9	60 +/- 49%	-	22	9	0	13	yes	aae-miR-10365	-	-	-	aaaaguuuucauauucuugcgg	auuagaauguggaaucuguuuuu	auuagaauguggaaucuguuuuuguacaucaaguguuacgaaacgaagcaaaaaaguuuucauauucuugcgg	NIGP01001634:30709..30782:-
NIGP01001012_14268	5.5	94 +/- 8%	-	103	103	0	0	yes	aae-miR-957	dme-miR-957-3p	-	-	ugaaaccguccaaaacugaggc	guuaguuuugggcggguuuuagu	guuaguuuugggcggguuuuaguguauuucgauuagaguaucaauugaaaccguccaaaacugaggc	NIGP01001012:27490..27557:-
3_8074	5.4	94 +/- 8%	-	357	357	0	0	yes	aae-miR-998	dme-miR-285-3p	-	-	uagcaccaugagauucagcuc	acugaacucucgugggucugca	acugaacucucgugggucugcaguugauauuucgaaagcuuguagcaccaugagauucagcuc	3:75489589..75489652:-
1_10602	5.4	94 +/- 8%	-	595	595	0	0	yes	aae-miR-929	dme-miR-929-5p	-	-	aaauugacucuaguagggaguc	cucccuaacggagucagauuga	aaauugacucuaguagggaguccuuguguacgagugacucccuaacggagucagauuga	1:198495526..198495585:+
1_10945	5.4	94 +/- 8%	-	223	223	0	0	yes	aae-miR-999	dme-miR-999-3p	-	-	uguuaacuguaagacugugucu	acgcggucgugcaggaaauuauu	acgcggucgugcaggaaauuauuuggcauuagauucaaauguuaacuguaagacugugucu	1:252222293..252222354:+
3_7603	5.3	94 +/- 8%	-	103	103	0	0	yes	aae-miR-957	dme-miR-957-3p	-	-	ugaaaccguccaaaacugaggc	guuaguuuugggcggguuuuagu	guuaguuuugggcggguuuuaguguauuucgauuagaguaucaauugaaaccguccaaaacugaggc	3:398466624..398466691:+
2_1675	5.2	94 +/- 8%	-	1918	1913	0	5	yes	aae-miR-275-5p	dme-miR-275-3p	-	-	ucagguaccugaaguagcgcg	cgcgcuaagcaggaaccgagacu	cgcgcuaagcaggaaccgagacuuugucauuugcuagcagucagguaccugaaguagcgcg	2:307135668..307135729:+
3_7712	5.2	94 +/- 8%	-	491	491	0	0	yes	aae-miR-980-5p	dme-miR-980-3p	-	-	uagcugccuagugaagggcaau	ggccguucauugggucaucuagc	ggccguucauugggucaucuagcucguguuggaaacaguuagcugccuagugaagggcaau	3:1054523..1054584:-
2_2968	5.1	94 +/- 8%	-	2816	2816	0	0	yes	aae-miR-2c	dme-miR-2a-3p	-	-	uaucacagccagcuuugauga	aucaaauuugguuguuuuagu	aucaaauuugguuguuuuaguacgaccucuuugaaaccccuaucacagccagcuuugauga	2:107237998..107238059:-
1_13756	5.1	94 +/- 8%	-	7457	7457	0	0	yes	aae-miR-317	dme-miR-317-3p	-	-	ugaacacagcuggugguaucuc	gauacacccugugcucgcu	gauacacccugugcucgcuuugcauucgaaacuagugaacacagcuggugguaucuc	1:302667132..302667189:-
2_1965	5.1	94 +/- 8%	-	436	436	0	0	yes	aae-miR-2945-5p	dme-miR-279-3p	-	-	ugacuagaggcagacucguuua	agcggguccguuucuagugucaug	agcggguccguuucuagugucaugugcuguauucgaauaucaugacuagaggcagacucguuua	2:374947142..374947206:+
2_1970	5.1	94 +/- 8%	-	139	139	0	0	yes	aae-miR-100	dme-miR-100-5p	-	-	aacccguagauccgaacuugug	caagaacggauguaugggauuc	aacccguagauccgaacuugugcugccguuucacauguuacaagaacggauguaugggauuc	2:375117351..375117413:+
3_8120	5.1	94 +/- 8%	-	654	654	0	0	yes	aae-miR-92b-3p	dme-miR-92a-3p	-	-	aauugcacuugucccggccugc	aggucgugacuugugcccauuug	aggucgugacuugugcccauuugcugaauuuuaauggucaaauugcacuugucccggccugc	3:93418515..93418577:-
1_10733	5	94 +/- 8%	-	1018	1018	0	0	yes	aae-miR-996	dme-miR-279-3p	-	-	ugacuagauuacaugcucgucu	gcgugcaugaaucuggugcacg	gcgugcaugaaucuggugcacgguuuuccaguuguaauaucgcuucgugacuagauuacaugcucgucu	1:207012536..207012605:+
2_2157	4.9	95 +/- 6%	-	726	723	0	3	yes	aae-miR-965	dme-miR-965-3p	-	-	uaagcguauagcuuuucccau	gggggaaauccuguacgcugu	gggggaaauccuguacgcuguauguuguauuugaauaauccauaagcguauagcuuuucccau	2:429778749..429778812:+
3_8124	4.8	95 +/- 6%	-	131	131	0	0	yes	aae-miR-92a-5p	dme-miR-92a-3p	-	-	uauugcacuugucccggccuau	cgguacggacaggggcaacauu	cgguacggacaggggcaacauugugacauuugaaagcuaauauugcacuugucccggccuau	3:93477596..93477658:-
2_1943	4.8	95 +/- 6%	-	1082	1082	0	0	yes	aae-miR-124	dme-miR-124-3p	-	-	uaaggcacgcggugaaugccaa	gguauccacugccggccuauaug	gguauccacugccggccuauauguccuauuucgguacucauaaggcacgcggugaaugccaa	2:369307279..369307341:+
1_10213	4.7	95 +/- 6%	-	61	61	0	0	yes	aae-miR-981	dme-miR-981-3p	-	-	uucguugucgacgaaaccugca	cggguuucgcggcgaacgggcu	cggguuucgcggcgaacgggcuuccaccaugaugaauagcaguucguugucgacgaaaccugca	1:118556348..118556412:+
1_13810	4.7	95 +/- 6%	-	5974	5924	0	50	yes	aae-miR-1175-5p	dme-miR-958-3p	-	-	ugagauucuacuucuccgacuu	aaguggaguaguggucucaucgc	aaguggaguaguggucucaucgcuuaguauuagaaaagugagauucuacuucuccgacuu	1:307010046..307010106:-
2_991	4.6	95 +/- 6%	-	53	53	0	0	yes	aae-miR-137	dme-miR-137-3p	-	-	uauugcuugagaauacacguag	acgcguauucuuggguuauuaac	acgcguauucuuggguuauuaacacacuguuuauguuguuauugcuugagaauacacguag	2:189612067..189612128:+
2_1759	4.6	95 +/- 6%	-	1123	1123	0	0	yes	aae-miR-133	dme-miR-133-3p	-	-	uugguccccuucaaccagcugu	agcugguugacuucgggucaaau	agcugguugacuucgggucaaaucgucaaauauuugcaaagauauuuccucagugaaauuauuugguccccuucaaccagcugu	2:330417065..330417149:+
2_42	4.6	95 +/- 6%	-	114	114	0	0	yes	aae-miR-219	dme-miR-219-5p	-	-	ugauuguccaaacgcaauucuug	agaguugugacuggacauccgug	ugauuguccaaacgcaauucuuguuuuauucgaauaugauauccaagaguugugacuggacauccgug	2:3715261..3715329:+
2_3275	4.5	95 +/- 6%	-	243	243	0	0	yes	aae-miR-263b-5p	dme-miR-263b-5p	-	-	cuuggcacugggagaauucacag	guggaucuuuucgugccaucgu	cuuggcacugggagaauucacaggcgcuauuugcuaucauucuguggaucuuuucgugccaucgu	2:153371131..153371196:-
3_8063	4.5	95 +/- 6%	-	39	39	0	0	yes	aae-miR-1000	dme-miR-1000-5p	-	-	auauuguccugucacagcagu	uguuguuucgggacauuuaca	auauuguccugucacagcaguacuguuacaaauuuacuguuguuucgggacauuuaca	3:74204061..74204119:-
1_13832	4.4	95 +/- 6%	-	11	11	0	0	yes	aae-miR-993	dme-miR-993-3p	-	-	gaagcucguuucuauagaggu	ccuguaguuccgggcuuuug	ccuguaguuccgggcuuuugugguuucuuuuauuguuaauuaucagaagcucguuucuauagaggu	1:310672024..310672090:-
2_1974	4.4	95 +/- 6%	-	734	734	0	0	yes	aae-miR-125-5p	dme-miR-125-5p	-	-	ucccugagacccuaacuuguga	acaaguuuugaucuccgguauu	ucccugagacccuaacuugugacuauaguugaaguuucacaaguuuugaucuccgguauu	2:375131781..375131841:+
1_13829	4.1	95 +/- 6%	-	94	92	0	2	yes	aae-miR-iab-4-5p	dme-miR-iab-4-5p	-	-	acguauacugaauguauccuga	cgguauaccuucaguauacguaaca	acguauacugaauguauccugagugcuaucuauccgguauaccuucaguauacguaaca	1:308965422..308965481:-
3_5388	4	95 +/- 6%	-	24	24	0	0	yes	aae-miR-315-5p	dme-miR-315-5p	-	-	uuuugauuguugcucagaaagc	uuucgagcaguaaucaaaguc	uuuugauuguugcucagaaagccgugcauuugaaacgggucgcuuucgagcaguaaucaaaguc	3:3444767..3444831:+
3_6102	3.8	95 +/- 6%	-	4113	4079	0	34	yes	aae-miR-31	dme-miR-31b-5p	-	-	uggcaagauguuggcauagcug	agcuauucaacuucuugucuau	uggcaagauguuggcauagcugaaaguuuugaguuuagcuauucaacuucuugucuau	3:136174150..136174208:+
3_9250	3.8	95 +/- 6%	-	21	21	0	0	yes	aae-miR-309a	dme-miR-3-3p	-	-	ucacugggcaaaguuugucgca	cgacuaacuucguucaguuuggug	cgacuaacuucguucaguuuggugucauacgaagguuuccaguuucaucacugggcaaaguuugucgca	3:309335451..309335520:-
2_1190	3.7	95 +/- 6%	-	709	709	0	0	yes	aae-miR-7	dme-miR-7-5p	-	-	uggaagacuagugauuuuguuguu	uaacaauaaaucucaagucuuucuac	uggaagacuagugauuuuguuguuuugcuuacgauaauaacaauaaaucucaagucuuucuac	2:222802544..222802607:+
2_2706	2.1	94 +/- 5%	-	95	94	0	1	yes	aae-miR-11894a	-	-	-	uuuaccauuucaagaugaccua	ucgucuugaaaugguaaaga	ucgucuugaaaugguaaagagugucaaucaucaucuuuaccauuucaagaugaccua	2:58785158..58785215:-
2_2708	2	94 +/- 5%	-	95	94	0	1	yes	aae-miR-11894a	-	-	-	uuuaccauuucaagaugaccua	ucgucuugaaaugguaaaga	ucgucuugaaaugguaaagagugucaaucaucaucuuuaccauuucaagaugaccua	2:58785850..58785907:-
2_2702	2	94 +/- 5%	-	94	94	0	0	yes	aae-miR-11894a	-	-	-	uuuaccauuucaagaugaccua	gguugucuugaaaugguaaaga	gguugucuugaaaugguaaagagugucaaccaucaucuuuaccauuucaagaugaccua	2:58783350..58783409:-
2_2712	2	94 +/- 5%	-	95	94	0	1	yes	aae-miR-11894a	-	-	-	uuuaccauuucaagaugaccua	ucgucuugaaaugguaaaga	ucgucuugaaaugguaaagagugucaaucaucaucuuuaccauuucaagaugaccua	2:58787948..58788005:-
2_2710	1.9	94 +/- 5%	-	95	94	0	1	yes	aae-miR-11894a	-	-	-	uuuaccauuucaagaugaccua	ucgucuugaaaugguaaaga	ucgucuugaaaugguaaagagugucaaucaucaucuuuaccauuucaagaugaccua	2:58787426..58787483:-
2_2704	1.9	94 +/- 5%	-	16	16	0	0	yes	aae-miR-11894b	-	-	-	uuuaccauuucaauaugaccua	ggucguauugaaaugguaaaga	ggucguauugaaaugguaaagagugucaaucaucaucuuuaccauuucaauaugaccua	2:58784590..58784649:-
3_7472	1.8	94 +/- 5%	-	5	2	0	3	yes	aae-miR-193	-	-	-	ugggauuuuguggaccagaag	uacuggccuacuaagucccaac	ugggauuuuguggaccagaagauuuccuccauucgauaauagcuacuggccuacuaagucccaac	3:360501795..360501860:+
2_4936	1.4	94 +/- 5%	-	929	929	0	0	yes	aae-miR-1890	-	-	-	ugaaaucuuugauuaggucugg	agagcuaauuggagaguucuug	agagcuaauuggagaguucuugaauaguguugugaaccuucaugaaaucuuugauuaggucugg	2:413654961..413655025:-
3_8177	1.4	94 +/- 5%	-	209	209	0	0	yes	aae-miR-2765	-	-	-	ugguaacuccaccaccguugg	aaugggagcuggaguucccgcg	ugguaacuccaccaccguuggcgauauuugacagccaaugggagcuggaguucccgcg	3:101895454..101895512:-
2_3442	1.1	94 +/- 5%	-	25	25	0	0	yes	aae-miR-11899	-	-	-	uaugaccgauuuaauauauggcu	ccauguaugauuucggucaugua	ccauguaugauuucggucauguaugcaguugaaaauaauuauaugaccgauuuaauauauggcu	2:182319041..182319105:-
2_518	1	94 +/- 5%	-	51	51	0	0	no	aae-miR-988-3p	dme-miR-988-3p	-	-	ccccuuguugcaaaccucacgc	ggcagguaggggcaaugggggc	ccccuuguugcaaaccucacgcuugcgguagguuccacaacugcugagagguggcagguaggggcaaugggggc	2:93351417..93351491:+
2_4044	0.9	88 +/- 5%	-	130	130	0	0	yes	aae-miR-2941	-	-	-	uaguacggcuagaacuccacgga	cgugguguuuagacguauuaca	cgugguguuuagacguauuacaugauuuuuugaacauaacuguaguacggcuagaacuccacgga	2:268456010..268456075:-
2_4589	0.7	88 +/- 5%	-	237	237	0	0	no	aae-miR-263a-5p	dme-miR-263a-5p	-	-	aauggcacuggaagaauucac	guucuggcaguggcauccc	aauggcacuggaagaauucacggguauauuuugaaauccccguguucuggcaguggcauccc	2:348784448..348784510:-
2_4046	0.7	88 +/- 5%	-	132	132	0	0	yes	aae-miR-2941	-	-	-	uaguacggcuagaacuccacgga	cgugaagcucagcugcauuaca	cgugaagcucagcugcauuacacgauauggaauacgguuuguaguacggcuagaacuccacgga	2:268456314..268456378:-
1_9941	0.2	88 +/- 5%	-	1201	1201	0	0	no	aae-miR-210	dme-miR-210-3p	-	-	cuugugcgugugacaacggcuau	agcugcugaccacugcacaagau	agcugcugaccacugcacaagauuagauuaugacucuugugcgugugacaacggcuau	1:54892617..54892675:+
2_4865	0	88 +/- 5%	-	3	3	0	0	yes	aae-miR-2944a-5p	dme-miR-5-5p	-	-	gaaggaacuucugcugugaucu	aucacaguaguuguacuuuaa	gaaggaacuucugcugugaucugaguuagauacauaucacaguaguuguacuuuaa	2:402152658..402152714:-
2_4864	-0.9	74 +/- 8%	-	2	2	0	0	yes	aae-miR-309b-5p	dme-miR-3-3p	-	-	ucacugggcauaguuugucgc	gucaaacuccguucaguuggu	gucaaacuccguucaguugguggagucauuuuccaagucaucacugggcauaguuugucgc	2:402152472..402152533:-
2_1676	-1	74 +/- 8%	-	1913	1913	0	0	no	aae-miR-275-3p	dme-miR-275-3p	-	-	ucagguaccugaaguagcgcg	agcgacaacagaggcgugaaa	ucagguaccugaaguagcgcgcgugaucaaacaggaagcgucaucaagcgacaacagaggcgugaaa	2:307135708..307135775:+
3_9654	-1.1	41 +/- 10%	-	3	3	0	0	yes	aae-miR-2942	dme-miR-314-3p	-	-	uauucgagacuucacgaguuaau	caauucgcuguggucucgaacguacc	caauucgcuguggucucgaacguaccuacauuggauauuuuugguauucgagacuucacgaguuaau	3:390116459..390116526:-
2_2900	-2.3	34 +/- 8%	-	9058	9058	0	0	no	aae-miR-281-5p	dme-miR-281-2-5p	-	-	aagagagcuauccgucgacagu	cguugacgugggauuuuuuug	cguugacgugggauuuuuuuguucauuuuguucuuucgcugguuucgaauaugaaaauaaagagagcuauccgucgacagu	2:96469398..96469479:-
1_10817	-4.5	19 +/- 6%	-	3	3	0	0	yes	aae-miR-11900	-	-	-	auuuuuuugacuguaauuuua	aaauuacguugaaaaaucgucu	aaauuacguugaaaaaucgucucccucaaaaaaugaaaccugagacuaacaggagauuuuuuugacuguaauuuua	1:223944073..223944149:+
NIGP01000443_14145	-5.2	0 +/- 0%	-	11	11	0	0	no	aae-miR-11893	-	-	-	uuccugacuuauacgcuuaccu	guaaguagauaaaucagaaaga	guaaguagauaaaucagaaagacguuuauaucguuucuuccugacuuauacgcuuaccu	NIGP01000443:52102..52161:+
2_1429	-5.2	0 +/- 0%	-	11	11	0	0	no	aae-miR-11893	-	-	-	uuccugacuuauacgcuuaccu	guaaguagauaaaucagaaaga	guaaguagauaaaucagaaagacguuuauaucguuucuuccugacuuauacgcuuaccu	2:257889040..257889099:+
2_4574	-7.6	0 +/- 0%	-	1	1	0	0	no	aae-miR-11916	-	-	-	gaugccucguaaagcaacugga	caguugcuuuccgagcguagcac	caguugcuuuccgagcguagcacaguuuggaugcgggcccgugcaucguccacggugaugccucguaaagcaacugga	2:344991982..344992060:-
2_1971	-7.7	0 +/- 0%	-	844	844	0	0	no	aae-let-7	dme-let-7-5p	-	-	ugagguaguugguuguauagu	auuacaguacugcuucuuc	auuacaguacugcuucuuccacguugagguaguugguuguauagu	2:375131473..375131518:+
3_5387	-10.2	0.00 +/- 0.00	-	24	24	0	0	no	aae-miR-315-5p	dme-miR-315-5p	-	-	uuuugauuguugcucagaaagc	auugugucacucaaaaag	auugugucacucaaaaaguguuucuauaaaauuuugauuguugcucagaaagc	3:3444736..3444789:+

#miRBase miRNAs not detected by miRDeep2
miRBase precursor id	total read count	mature read count(s)	star read count	remaining reads	UCSC browser	NCBI blastn	miRBase mature sequence(s)	miRBase star sequence(s)	miRBase precursor sequence
9474	9474	0	0	-	-	caaccacuauccgcccugccgcc	uggcagugugguuagcugguug	-	caaggcaauacgcuauggcagugugguuagcugguuguguagaacuuuggggggcuuccguggcguucgcgcgcacacgggggcucagauucacaaccacuauccgcccugccgccgcgaggugccagg	
4240	4240	0	0	-	-	ucagguacugagugacucucag	gagagcaccucgguaucuaagc	-	cauucgcaauuucaccgguucagguacugagugacucucagaugugcauuucucaagcaaucucguccucaggaccugagguugaaaaacccugagagcaccucgguaucuaagccaguguugcgaaaa	
2080	2080	0	0	-	-	cacguuacagauugggguuucc	uaaucucaaauuguaacagugg	-	gagguaaucucaaauuguaacaguggguugauuuuccuggugaaucccggccuuguccuccgucacaagugugacaagugucucgaaaacguguucgcuauacccacguuacagauugggguuucccc	
1705	1704	0	1	-	-	ugucuuuuuccgcuuacugccg	-	ccaacauuuugauugauuugucuuuuuccgcuuacugccgguggcauuugaaauucucgacagcaaaccgaaaaaggcgccucaaucaauu	
1709	1709	0	0	-	-	ugguuuaucuuaucugucgaggc	gucgacagggagauaaaucacu	-	cauugguuuaucuuaucugucgaggcaaguuauuuuaccggauaguguuucuuuucgugagcaaucaccacuauccagcucuucuugucgacagggagauaaaucacug	
78	65	0	13	-	-	ucagaucuacuuaauacccau	-	acuccaauucuggguauuuuagauccuuggcauaguuacgugauugaaugcacuguucuucuuugguuuacccaguaucgaacacgcgucaaucugucagaucuacuuaauacccaua	
36	36	0	0	-	-	uucaugcauucacuucugcuga	-	gauaagcaggagugaaugcaugaguuuggcauuugaaacuaauucaugcauucacuucugcugauc	
4	4	0	0	-	-	cugaaaacuuaaucgauugguc	-	uaaccugaaaacuuaaucgauuggucacuagcugcgcggugaccaaucgauuaaguuuucagcuua	
2	2	0	0	-	-	gaaggaacucccggugugauaua	uaucacagcaguaguuaccuga	-	aucgaaggaacucccggugugauauaugacucgauuauaucacagcaguaguuaccugauau	
1	1	0	0	-	-	aaaugggacugauaugcgaguau	-	ccauucucgcauaacaguaccauauucuugggauuucucauauaaaugggacugauaugcgaguaugg	
1	1	0	0	-	-	accguuacgcgcauauaauuug	-	gcagaccguuacgcgcauauaauuuggccauuuacggcauaauccaauggaaguggccaaacuauauuauaucgcucagu	
































