miRDeep2 score	novel miRNAs reported by miRDeep2	novel miRNAs, estimated false positives	novel miRNAs, estimated true positives	known miRNAs in species	known miRNAs in data	known miRNAs detected by miRDeep2	estimated signal-to-noise	excision gearing
10	0	0 +/- 0	0 +/- 0 (0 +/- 0%)	164	100	39 (39%)	22.2	1
9	1	1 +/- 1	0 +/- 0 (40 +/- 49%)	164	100	39 (39%)	22.7	1
8	1	1 +/- 1	0 +/- 0 (40 +/- 49%)	164	100	39 (39%)	22.5	1
7	1	1 +/- 1	0 +/- 0 (39 +/- 49%)	164	100	40 (40%)	23.1	1
6	2	1 +/- 1	1 +/- 1 (54 +/- 41%)	164	100	40 (40%)	22.8	1
5	5	1 +/- 1	4 +/- 1 (76 +/- 21%)	164	100	57 (57%)	27.4	1
4	6	2 +/- 1	4 +/- 1 (65 +/- 23%)	164	100	71 (71%)	22.4	1
3	6	9 +/- 3	0 +/- 0 (2 +/- 7%)	164	100	73 (73%)	6.3	1
2	36	12 +/- 4	24 +/- 4 (67 +/- 10%)	164	100	74 (74%)	7.3	1
1	75	17 +/- 4	58 +/- 4 (77 +/- 6%)	164	100	82 (82%)	7.6	1
0	94	54 +/- 7	40 +/- 7 (43 +/- 7%)	164	100	86 (86%)	2.9	1
-1	107	94 +/- 9	13 +/- 8 (12 +/- 8%)	164	100	86 (86%)	1.8	1
-2	115	135 +/- 9	0 +/- 0 (0 +/- 0%)	164	100	87 (87%)	1.3	1
-3	135	175 +/- 10	0 +/- 0 (0 +/- 0%)	164	100	88 (88%)	1.2	1
-4	182	223 +/- 10	0 +/- 0 (0 +/- 0%)	164	100	91 (91%)	1.1	1
-5	208	283 +/- 12	0 +/- 0 (0 +/- 0%)	164	100	92 (92%)	1	1
-6	246	352 +/- 14	0 +/- 0 (0 +/- 0%)	164	100	93 (93%)	0.9	1
-7	278	408 +/- 15	0 +/- 0 (0 +/- 0%)	164	100	93 (93%)	0.9	1
-8	321	459 +/- 16	0 +/- 0 (0 +/- 0%)	164	100	93 (93%)	0.9	1
-9	368	505 +/- 17	0 +/- 0 (0 +/- 0%)	164	100	93 (93%)	0.9	1
-10	420	542 +/- 18	0 +/- 0 (0 +/- 0%)	164	100	93 (93%)	0.9	1



novel miRNAs predicted by miRDeep2
provisional id	miRDeep2 score	estimated probability that the miRNA candidate is a true positive	rfam alert	total read count	mature read count	loop read count	star read count	significant randfold p-value	miRBase miRNA	example miRBase miRNA with the same seed	UCSC browser	NCBI blastn	consensus mature sequence	consensus star sequence	consensus precursor sequence	precursor coordinate
2_1143	9	40 +/- 49%	-	39	38	0	1	no	-	-	-	-	uaaguaugcuguuccgcucaag	gaaaaagggccacaguuuucuaugc	gaaaaagggccacaguuuucuaugcguuuaauuuucaguuuuaaugauaaagcuaaguaugcuguuccgcucaag	2:325032701..325032776:+
3_5614	6.8	54 +/- 41%	-	13	8	0	5	yes	-	-	-	-	agguuuacauauuuuuucuc	agaaaauuuauguaaacuugacgau	agaaaauuuauguaaacuugacgauaaauguuagguuuacauauuuuuucuc	3:51868004..51868056:-
1_7616	5.5	76 +/- 21%	-	64	64	0	0	yes	-	dme-miR-277-3p	-	-	uaaaugcaugucagucccaugu	augggacaauuaugcguuuaug	uaaaugcaugucagucccauguuugcuggacuuccuauucacaugggacaauuaugcguuuaug	1:160806469..160806533:+
3_5558	5.2	76 +/- 21%	-	14	14	0	0	yes	-	dme-miR-4979-5p	-	-	uuauauacgcguaacgcacug	gaucguuaugcgaauauaauu	gaucguuaugcgaauauaauuuggccauccacggcaaaaucaaauggaaguggccaaauuauauacgcguaacgcacug	3:32655526..32655605:-
3_3909	5.2	76 +/- 21%	-	24	24	0	0	yes	-	dme-miR-971-3p	-	-	uugguguuauaucuuacaguga	gcuguaaguauuacagcaagc	gcuguaaguauuacagcaagcuugcuauucgaaaggcgcuugguguuauaucuuacaguga	3:82678954..82679015:+
3_6883	4.4	65 +/- 23%	-	64	64	0	0	yes	-	dme-miR-277-3p	-	-	uaaaugcaugucagucccaugu	augggacaauaaugcguuuuuc	uaaaugcaugucagucccauguuugcuggauuuccuauucacaugggacaauaaugcguuuuuc	3:382030974..382031038:-
2_213	2.8	67 +/- 10%	-	14	14	0	0	yes	-	-	-	-	caagccaucgccaucaccgc	ggcgaugacgauggcuuggg	ggcgaugacgauggcuugggcgcuucuccgagcggcgaacuacugccgcucggagaagcguccaagccaucgccaucaccgc	2:64427987..64428069:+
3_4711	2.8	67 +/- 10%	-	7	7	0	0	yes	-	dme-miR-9383-5p	-	-	uggugcagccugaggugc	acuucccagaggcgcgcugcu	acuucccagaggcgcgcugcuccgcacaucuuuguguggaauuggugcagccugaggugc	3:249759104..249759164:+
NIGP01000716_10880	2.7	67 +/- 10%	-	38	38	0	0	yes	-	-	-	-	agcugaaaaccuaaucgauuggu	caaucgauuagguuuucagcuua	agcugaaaaccuaaucgauuggucaccaccagccagugaccaaucgauuagguuuucagcuua	NIGP01000716:9478..9541:+
NIGP01000531_10777	2.6	67 +/- 10%	-	29	29	0	0	yes	-	-	-	-	auggaaagucacuucacucgag	cgagugaagugacucgccgugu	cgagugaagugacucgccguguaaaucaaauggaaagucacuucacucgag	NIGP01000531:22750..22801:+
1_10064	2.5	67 +/- 10%	-	13	13	0	0	yes	-	-	-	-	uugacauuugagcggugccgu	ggcaccgcucaaacgucaaau	ggcaccgcucaaacgucaaauaaugaacucgugcaucgguccauggaccaaugcacgaguucauucuuugacauuugagcggugccgu	1:230560066..230560154:-
2_2341	2.4	67 +/- 10%	-	21	21	0	0	yes	-	-	-	-	auaaugcagggaguagugcgc	gcacuacuuccgacauuaugu	auaaugcagggaguagugcgcucugaugaucuauacagcgcacuacuuccgacauuaugu	2:174228270..174228330:-
1_10164	2.4	67 +/- 10%	-	27	27	0	0	yes	-	-	-	-	uauuugacguuuuagcggugcc	caccgcucaaaccucaaauaaa	caccgcucaaaccucaaauaaagaacucgugcauugguccacgaauggaccaaugcacgaguucauuauuugacguuuuagcggugcc	1:265507066..265507154:-
1_10178	2.3	67 +/- 10%	-	38	38	0	0	yes	-	-	-	-	uucucucagaauccugagcagga	cugagcaggauucucucagaauc	cugagcaggauucucucagaauccugagcaggauucucucagaauccugagcaggauucucucagaauccugagcagga	1:269795979..269796058:-
1_10309	2.3	67 +/- 10%	-	16	16	0	0	yes	-	-	-	-	uggacguuugagcggugccga	ggcaccgcucaaacgucaacg	uggacguuugagcggugccgaauucacugguuuucauggucacauaaauaacacggcaccgcucaaacgucaacg	1:305028557..305028632:-
1_10063	2.3	67 +/- 10%	-	13	13	0	0	yes	-	-	-	-	uugacauuugagcggugccgu	ggcaccgcucaaacgucaaau	uugacauuugagcggugccguguuauuuauguuaccuuggaaacaaguuaauucggcaccgcucaaacgucaaau	1:230560012..230560087:-
2_260	2.3	67 +/- 10%	-	35	35	0	0	yes	-	-	-	-	gugaugacgaugacuuggacgc	gcccaagccaucgucaucgccg	gugaugacgaugacuuggacgcuucuccgagcggcgaacuacugcgcccaagccaucgucaucgccg	2:75092607..75092674:+
1_10177	2.3	67 +/- 10%	-	38	38	0	0	yes	-	-	-	-	uucucucagaauccugagcagga	cugagcaggauucucucagaauc	cugagcaggauucucucagaauccugagcaggauucucucagaauccugagcaggauucucucagaauccugagcaggauucucucagaauccugagcagga	1:269795910..269796012:-
2_392	2.2	67 +/- 10%	-	38	38	0	0	yes	-	-	-	-	agcugaaaaccuaaucgauuggu	caaucgauuaaguuuccagcuug	agcugaaaaccuaaucgauuggucaccaccagcuagugaccaaucgauuaaguuuccagcuug	2:108947264..108947327:+
3_5352	2.2	67 +/- 10%	-	24	24	0	0	yes	-	-	-	-	uuagcauuuuuucacuacgga	cuaagguggaaaaaugcuggca	uuagcauuuuuucacuacggaccgcuuggcagugauccaaucuugcguccuaagguggaaaaaugcuggca	3:387819076..387819147:+
1_8302	2.2	67 +/- 10%	-	21	21	0	0	yes	-	-	-	-	gauguugcugccucuaggcgg	gccuugagacagcaacagccg	gccuugagacagcaacagccgcgcaaggaaauuuugagcggauguugcugccucuaggcgg	1:6599164..6599225:-
2_1727	2.2	67 +/- 10%	-	34	34	0	0	yes	-	-	-	-	uucucucagaaucccgucugggau	cccgucugggauucucucagaauc	cccgucugggauucucucagaaucccgucugggauucucucagaaucccgucugggau	2:29844307..29844365:-
3_5679	2.2	67 +/- 10%	-	38	38	0	0	yes	-	-	-	-	uucucucagaauccugagcagga	cugagcaggauugucucagaauc	cugagcaggauugucucagaauccugagcaggauucucucagaauccugagcaggauucucucagaauccugagcaggauucucucagaauccugagcagga	3:76244590..76244692:-
2_1137	2.2	67 +/- 10%	-	22	22	0	0	yes	-	-	-	-	uuuucagcucaaauggaugu	auccguucaggcugaaagcu	auccguucaggcugaaagcuuaaucgauugaucacuagcugguggugucgaauugauuaaguuuucagcucaaauggaugu	2:322487353..322487434:+
2_1728	2.1	67 +/- 10%	-	34	34	0	0	yes	-	-	-	-	uucucucagaaucccgucugggau	cccgucugggauucucucagaauc	cccgucugggauucucucagaaucccgucugggauucucucagaaucccgucugggauucucucagaaucccgucugggau	2:29844330..29844411:-
1_10163	2.1	67 +/- 10%	-	27	27	0	0	yes	-	-	-	-	uauuugacguuuuagcggugcc	caccgcucaaacgucaaauuagu	uauuugacguuuuagcggugccauguuuuuuaugugcccaaggcaacgagugaauucggcaccgcucaaacgucaaauuagu	1:265507006..265507088:-
2_2022	2.1	67 +/- 10%	-	28	28	0	0	yes	-	-	-	-	auaaaugggacuguuaugcga	gcauaacagucccauauucuau	gcauaacagucccauauucuaugggauuuccuauauaaaugggacuguuaugcga	2:95352106..95352161:-
1_8563	2	67 +/- 10%	-	13	13	0	0	yes	-	-	-	-	uucuccucagaagcuuggaagc	uuggaagcuucuccucagaagc	uuggaagcuucuccucagaagcuuggaagcuucuccucagaagcuuggaagcuucuccucagaagcuuggaagcuucuccucagaagcuuggaagc	1:69573952..69574048:-
1_10033	2	67 +/- 10%	-	13	13	0	0	yes	-	-	-	-	uucuccucagaagcuuggaagc	uuggaagcuucuccucagaagc	uuggaagcuucuccucagaagcuuggaagcuucuccucagaagcuuggaagcuucuccucagaagcuuggaagcuucuccucagaagcuuggaagc	1:219392175..219392271:-
2_1201	2	67 +/- 10%	-	29	29	0	0	yes	-	-	-	-	agaauuucuucccuucgaagaa	cuucgaagaaaagacaauuuucu	cuucgaagaaaagacaauuuucuugcuagucaguaauggaagagaauuucuucccuucgaagaa	2:347025509..347025573:+
3_5569	2	67 +/- 10%	-	27	27	0	0	yes	-	-	-	-	auaaacgcauaauugucccaugu	augggacugacaugcguuuaugg	auaaacgcauaauugucccaugugaauaggaaauccagcaaacaugggacugacaugcguuuaugg	3:34358957..34359023:-
2_2648	2	67 +/- 10%	-	21	21	0	0	yes	-	-	-	-	uaaacaugggacuguuauacg	cauaaccgucccauguuguaug	cauaaccgucccauguuguaugggauuuccuauaaacaugggacuguuauacg	2:240454737..240454790:-
1_10034	2	67 +/- 10%	-	13	13	0	0	yes	-	-	-	-	uucuccucagaagcuuggaagc	uuggaagcuucuccucagaagc	uuggaagcuucuccucagaagcuuggaagcuucuccucagaagcuuggaagcuucuccucagaagcuuggaagc	1:219392241..219392315:-
2_2506	2	67 +/- 10%	-	29	29	0	0	yes	-	-	-	-	agaauuucuucccuucgaagaa	cuucgaagaaaagacaauuuucu	cuucgaagaaaagacaauuuucuugcuagucaguaauggaagagaauuucuucccuucgaagaa	2:212492040..212492104:-
3_5680	2	67 +/- 10%	-	38	38	0	0	yes	-	-	-	-	uucucucagaauccugagcagga	cugagcaggauugucucagaauc	uucucucagaauccugagcaggauugucucagaauccugagcaggauugucucagaauc	3:76244669..76244728:-
1_8564	2	67 +/- 10%	-	13	13	0	0	yes	-	-	-	-	uucuccucagaagcuuggaagc	uuggaagcuucuccucagaagc	uuggaagcuucuccucagaagcuuggaagcuucuccucagaagcuuggaagcuucuccucagaagcuuggaagc	1:69574018..69574092:-
2_851	1.9	77 +/- 6%	-	53	53	0	0	yes	-	-	-	-	ugaggcgucuucugguggcugg	agucaccaucugauacugacg	agucaccaucugauacugacggaggauggaugugcuccccaaagcacgguccuccgugaggcgucuucugguggcugg	2:234628484..234628562:+
2_3362	1.9	77 +/- 6%	-	53	53	0	0	yes	-	-	-	-	ugaggcgucuucugguggcugg	agucaccaucugauacugacg	agucaccaucugauacugacggaggauggaugugcuccccaaagcacgguccuccgugaggcgucuucugguggcugg	2:429513417..429513495:-
NIGP01000975_10680	1.9	77 +/- 6%	-	44	44	0	0	yes	-	-	-	-	uucaacccaggcgaaaugacauu	ugucaauucgccuggguuggagc	ugucaauucgccuggguuggagcaucgcuaagcuucaacccaggcgaaaugacauu	NIGP01000975:31927..31983:-
1_7059	1.8	77 +/- 6%	-	25	25	0	0	yes	-	-	-	-	uugcugagcaucuucuagaag	ucuagaagcuugcugagcaucu	ucuagaagcuugcugagcaucuucuagaagcuugcugagcaucuucuagaag	1:22870165..22870217:+
1_8001	1.8	77 +/- 6%	-	21	21	0	0	yes	-	-	-	-	auaauuacgacgagugcuguaa	acagcacgagucuuaaauuuauca	acagcacgagucuuaaauuuaucauacgaggcuugccaaguaggauaauuacgacgagugcuguaa	1:239671540..239671606:+
3_3843	1.8	77 +/- 6%	-	15	15	0	0	yes	-	-	-	-	accaauaccacuaucaggaaga	uuucugauagugguguuaguuu	accaauaccacuaucaggaagagcuaacaccaaucuuucugauagugguguuaguuu	3:55033419..55033476:+
3_3683	1.8	77 +/- 6%	-	22	22	0	0	yes	-	-	-	-	uaagugcucugaagacaccaac	aggugucuucgggggacuuauu	aggugucuucgggggacuuauucuucgcaaaucagagaauaagugcucugaagacaccaac	3:18211645..18211706:+
2_1507	1.8	77 +/- 6%	-	28	28	0	0	yes	-	-	-	-	auaaaugggacuguuaugcga	gcauaacaauacuauauucuau	gcauaacaauacuauauucuaugggauuuccuauauaaaugggacuguuaugcga	2:453225439..453225494:+
3_5250	1.8	77 +/- 6%	-	27	27	0	0	yes	-	-	-	-	auaaacgcauaauugucccaugu	augggacugacaugcauuuaugg	auaaacgcauaauugucccaugugaauaggaaauccagcaaacaugggacugacaugcauuuaugg	3:358756143..358756209:+
1_8656	1.8	77 +/- 6%	-	53	53	0	0	yes	-	-	-	-	ugaggcgucuucugguggcugg	agucaccaucugauacugacg	agucaccaucugauacugacggaggauggaugugcuccccaaagcacgguccuccgugaggcgucuucugguggcugg	1:95284196..95284274:-
3_6458	1.7	77 +/- 6%	-	41	41	0	0	yes	-	-	-	-	ugaagcgucuucugguggcugg	agucaccaucugauauugacg	agucaccaucugauauugacggaggauggauaugcuccccaaagcacgguccuccgugaagcgucuucugguggcugg	3:261444266..261444344:-
2_2243	1.7	77 +/- 6%	-	27	27	0	0	yes	-	-	-	-	auaaacgcauaauugucccaugu	augggacugacaugcauuuaugg	auaaacgcauaauugucccaugugaauaggaaauccagcaaacaugggacugacaugcauuuaugg	2:149963923..149963989:-
2_2098	1.7	77 +/- 6%	-	44	44	0	0	yes	-	-	-	-	uucaacccaggcgaaaugacauu	ugucaauucgccuggguugaaac	ugucaauucgccuggguugaaacaucgcuaagcuucaacccaggcgaaaugacauu	2:115676118..115676174:-
3_4580	1.6	77 +/- 6%	-	21	21	0	0	yes	-	-	-	-	uuucuucacaacccggcgaau	uugccuuugucgaaagaaau	uuucuucacaacccggcgaauuucaacuaugucaggguugaauaguugaauugauuugccuuugucgaaagaaau	3:220196927..220197002:+
1_8361	1.6	77 +/- 6%	-	14	14	0	0	yes	-	-	-	-	guuuuuucacuugccgcgaau	gcgcgugcaagauaggagagaugg	guuuuuucacuugccgcgaaugagcgcgugcaagauaggagagaugg	1:15840576..15840623:-
1_6989	1.6	77 +/- 6%	-	24	24	0	0	yes	-	-	-	-	augugguuuacggcuuaagcgaa	cgcuuaggccuuaaaccugguuu	cgcuuaggccuuaaaccugguuuaaugguauggguaaaugugguuuacggcuuaagcgaa	1:5211380..5211440:+
3_4769	1.6	77 +/- 6%	-	29	29	0	0	yes	-	-	-	-	ugaagacaccgacucgauuugc	gaaucauguuggugucuucaga	gaaucauguuggugucuucagagcacuuauucguuggacugugaggcauaacaccgcugaagacaccgacucgauuugc	3:263346154..263346233:+
3_4567	1.6	77 +/- 6%	-	64	64	0	0	yes	-	-	-	-	caccuguccagcgaauugggag	cccaauucgauagacaugcg	cccaauucgauagacaugcggcugcgguaguugguaacgcaccuguccagcgaauugggag	3:218717124..218717185:+
1_8082	1.6	77 +/- 6%	-	31	31	0	0	yes	-	-	-	-	uuggauuggauuuggauuggau	uggauuuggauuggauuuggau	uggauuuggauuggauuuggauuggauuuggauuggauuuggauuggauuuggauuggauuuggauuggauuuggauuggauuuggauuggauuuggauuggau	1:256795882..256795986:+
3_5480	1.5	77 +/- 6%	-	33	33	0	0	yes	-	-	-	-	guaggccggcggaaacuacuugc	aagggguuucuuucggccuccag	aagggguuucuuucggccuccagcggcauuagauaguuguaggccggcggaaacuacuugc	3:6069685..6069746:-
1_7447	1.5	77 +/- 6%	-	29	29	0	0	yes	-	-	-	-	auggaaagucacuucacucgag	cuagugaagugacucgccgugu	cuagugaagugacucgccguguaaaccaaauggaaagucacuucacucgag	1:125701089..125701140:+
1_8498	1.5	77 +/- 6%	-	19	19	0	0	yes	-	-	-	-	ugggcugcgugaugcuagcug	gcuagcagcaagcagcccaau	gcuagcagcaagcagcccaauuccuuucauucuguugcuuugggcugcgugaugcuagcug	1:55501895..55501956:-
1_8115	1.4	77 +/- 6%	-	22	22	0	0	yes	-	-	-	-	uaagugcucugaagacaccaac	agguaucuucgggggacuuauu	agguaucuucgggggacuuauucuucgcacaucaaauaauaagugcucugaagacaccaac	1:274195904..274195965:+
2_3624	1.4	77 +/- 6%	-	28	28	0	0	yes	-	-	-	-	gaaagauugguugaucgggau	cccggucaaccagucaguga	cccggucaaccagucagugauuuucgauagcguuggacaaagaucuauaaagaaaucgaaagauugguugaucgggau	2:469074791..469074869:-
2_2008	1.4	77 +/- 6%	-	16	16	0	0	yes	-	-	-	-	uguccaaauuauauacgcgua	agcguguauaauuuggauauu	agcguguauaauuuggauauuuacggcaaaaucaaauggaaauguccaaauuauauacgcgua	2:90682703..90682766:-
3_5350	1.3	77 +/- 6%	-	38	38	0	0	yes	-	-	-	-	agcugaaaaccuaaucgauuggu	cauucgaucaagccuucagccug	agcugaaaaccuaaucgauuggucaccaucagcgcguaccauucgaucaagccuucagccug	3:387528299..387528361:+
3_5270	1.3	77 +/- 6%	-	28	28	0	0	yes	-	-	-	-	uuuugcagauuguucggugau	caccgaaccuucagcuguuga	uuuugcagauuguucggugauuuuucaccgaaccuucagcuguuga	3:368339676..368339722:+
1_9063	1.3	77 +/- 6%	-	18	18	0	0	yes	-	-	-	-	auugaaugcggauucgcugcc	cuuggauucauguucgaguu	auugaaugcggauucgcugccgcgcggagcugagcuuuaauguaguuuaaguuuuucaguuucgggcugcuuggauucauguucgaguu	1:194636985..194637074:-
2_599	1.3	77 +/- 6%	-	51	51	0	0	yes	-	-	-	-	agcacuaaaguuaauaccggaau	cucggauuaaccuuagugcucc	cucggauuaaccuuagugcuccaaaaucggagcacuaaaguuaauaccggaau	2:165520363..165520416:+
1_8313	1.2	77 +/- 6%	-	28	28	0	0	yes	-	-	-	-	uuuugcagauuguucggugau	caccgaaccuucagcuguuga	uuuugcagauuguucggugauuuuucaccgaaccuucagcuguuga	1:8843328..8843374:-
2_1130	1.2	77 +/- 6%	-	27	27	0	0	yes	-	-	-	-	acuuuuacugugcgcugugugu	acagggcgcacaguaaaauuca	acuuuuacugugcgcuguguguaggugcuguuucgcuaucucucacgagcaacuugaaaacagggcgcacaguaaaauuca	2:318483984..318484065:+
1_7857	1.1	77 +/- 6%	-	51	51	0	0	yes	-	-	-	-	agcacuaaaguuaauaccggaau	cucggauuaaccuuagugcucc	cucggauuaaccuuagugcuccaaaaucggagcacuaaaguuaauaccggaau	1:208815288..208815341:+
1_8907	1.1	77 +/- 6%	-	10	10	0	0	yes	-	-	-	-	cgagagagaagucccccaugg	guggugcguggacuucucucuuucg	cgagagagaagucccccaugguggcguugcuaccguggugcguggacuucucucuuucg	1:162389197..162389256:-
1_9871	1.1	77 +/- 6%	-	10	10	0	0	yes	-	-	-	-	cgagagagaagucccccaugg	guggugcguggacuucucucuuucg	cgagagagaagucccccaugguggcguugcuaccguggugcguggacuucucucuuucg	1:205740211..205740270:-
1_10099	1	77 +/- 6%	-	31	31	0	0	yes	-	-	-	-	gaaggcauacgggugaucgugauu	ucgcgauacgccagcuaguucgg	gaaggcauacgggugaucgugauucuacaugggauuucgcgauacgccagcuaguucgg	1:238012218..238012277:-
2_2570	1	77 +/- 6%	-	11	11	0	0	yes	-	-	-	-	uaagugcgaugaugacaccaau	uagugucuucaccgcacuuauu	uagugucuucaccgcacuuauucagcaugauacgacgaauaagugcgaugaugacaccaau	2:227548975..227549036:-
1_10138	1	77 +/- 6%	-	20	20	0	0	yes	-	-	-	-	uagggcguaguugcuggcgucgg	gacucccgaaugcuauagg	gacucccgaaugcuauagguuucucgguguuauuuugaauuugagauaauacugagccuagggcguaguugcuggcgucgg	1:251351298..251351379:-
2_838	1	77 +/- 6%	-	40	40	0	0	yes	-	-	-	-	uuacuuauaaaccagugcuggu	uguagcauccuuuuuaguaaug	uuacuuauaaaccagugcugguuguugauguuucaauucguuugaugcguuaauuagcuguagcauccuuuuuaguaaug	2:230822796..230822876:+
2_1474	1	77 +/- 6%	-	50	50	0	0	yes	-	-	-	-	agauuuguucucaucggaaugcugc	ggcauuuuuauucguacaguuuuaa	agauuuguucucaucggaaugcugcaguggggaauugcagguugauagccuguucuuuccuccaacgguggcauuuuuauucguacaguuuuaa	2:443915675..443915769:+
2_1113	0.9	43 +/- 7%	-	11	11	0	0	yes	-	-	-	-	ucugucguucgacuucuacuucuac	aguucaugguucuacaacggcugaau	aguucaugguucuacaacggcugaauguuaugauuauccagcauaacauucugucguucgacuucuacuucuac	2:310911227..310911301:+
2_1769	0.9	43 +/- 7%	-	24	24	0	0	yes	-	-	-	-	auguuaaggaugccauucaac	aggaugguaucgaagccgaa	auguuaaggaugccauucaacagcucaagaacaacaaggcucguggcaaggaugguaucgaagccgaa	2:38717297..38717365:-
3_5135	0.8	43 +/- 7%	-	41	41	0	0	yes	-	-	-	-	auuacguaaauaggcugacaa	aacagccuauuacgauaauaa	aacagccuauuacgauaauaaauugcaaaaaauauauuacguaaauaggcugacaa	3:329615376..329615432:+
3_4491	0.8	43 +/- 7%	-	42	42	0	0	yes	-	-	-	-	uucaacccaggcgaauuggguugu	cugucauuucgacuggguuaaagc	cugucauuucgacuggguuaaagcuuagcgaugcuucaacccaggcgaauuggguugu	3:203235924..203235982:+
NIGP01000718_10713	0.8	43 +/- 7%	-	2	2	0	0	yes	-	dme-miR-1015-3p	-	-	gccugggauucggagagaaucccgc	gggauccggagagaaucccgccugg	gggauccggagagaaucccgccugggauucggagagaaucccgccugggauucggagagaaucccgccugggauucggagagaaucccgccugggauucggagagaaucccgc	NIGP01000718:14748..14861:-
1_10310	0.7	43 +/- 7%	-	16	16	0	0	yes	-	-	-	-	uggacguuugagcggugccga	ggaccgaugcacgaguucacu	ggaccgaugcacgaguucacuaauuggacguuugagcggugccga	1:305028611..305028656:-
3_6526	0.7	43 +/- 7%	-	300	300	0	0	yes	-	-	-	-	aauuuaucucuuguauggaaac	uuucauacaagaggcaaacuca	uuucauacaagaggcaaacucaaugaugcagaugaauuuaucucuuguauggaaac	3:281642892..281642948:-
3_3883	0.7	43 +/- 7%	-	12	12	0	0	yes	-	-	-	-	cagacuuauuuuugacagauuga	gaucugucaaaaauaagucuccu	gaucugucaaaaauaagucuccucugaagcagacuuauuuuugacagauuga	3:69144514..69144566:+
3_4925	0.7	43 +/- 7%	-	17	17	0	0	yes	-	-	-	-	guaacuuucucuguugacuguuu	acagucuucugagauauau	acagucuucugagauauaugcugcaacgcagcuguaacuuucucuguugacuguuu	3:297687056..297687112:+
1_8081	0.7	43 +/- 7%	-	31	31	0	0	yes	-	-	-	-	uuggauuggauuuggauuggau	uggauuuggauuggauuuggau	uggauuuggauuggauuuggauuggauuuggauuggauuuggauuggauuuggauuggau	1:256795871..256795931:+
3_6723	0.6	43 +/- 7%	-	17	17	0	0	yes	-	-	-	-	acgacaucuuuaccugacaguauu	ugcugcccgguaagaugugaaca	acgacaucuuuaccugacaguauuagaaguauuucaaaaauaucuaaugcugcccgguaagaugugaaca	3:328527949..328528019:-
3_4005	0.5	43 +/- 7%	-	1	1	0	0	yes	-	dme-miR-971-5p	-	-	ucuguaaaucgcagacgaaau	uucgucugcgacuuacagagc	uucgucugcgacuuacagagcacucgacacugaagaagucuguaaaucgcagacgaaau	3:105728350..105728409:+
3_6197	0.4	43 +/- 7%	-	16	16	0	0	yes	-	-	-	-	uuuugaucucuucaggugac	cacuugagagaccuuucaa	uuuugaucucuucaggugacuuauagucacuugagagaccuuucaa	3:193057636..193057682:-
3_5719	0.4	43 +/- 7%	-	13	13	0	0	yes	-	-	-	-	uugcacggugacgucaucaga	ugaaaacaacggugccagu	uugcacggugacgucaucagaaaaucgcucucuuucccuccuucgggaaaucugaaaacaacggugccagu	3:88895142..88895213:-
2_2076	0.4	43 +/- 7%	-	9	9	0	0	yes	-	-	-	-	cucuccagaagcucggaagcu	cucggaagcuucucuccagaa	cucggaagcuucucuccagaagcucggaagcuucucuccagaagcucggaagcuucucuccagaagcucggaagcu	2:107935429..107935505:-
2_3459	0.3	43 +/- 7%	-	4	4	0	0	yes	-	dme-miR-4984-3p	-	-	gauucuuugacugcugaguugcau	gacaacucacgcaugaaaaaucuc	gauucuuugacugcugaguugcaugauugacaacucacgcaugaaaaaucuc	2:454884884..454884936:-
1_7033	0.1	43 +/- 7%	-	187	187	0	0	yes	-	-	-	-	auguagugauacuuuucc	aaaaguaucagcauacuuuc	aaaaguaucagcauacuuucugcaugucagcgaauguagugauacuuuucc	1:17845949..17846000:+
2_2101	0	43 +/- 7%	-	16	16	0	0	yes	-	-	-	-	uuuugaucucuucaggugac	uacuugagagaccuuucaa	uuuugaucucuucaggugacuuauaguuacuugagagaccuuucaa	2:116933662..116933708:-
3_4958	0	43 +/- 7%	-	200	200	0	0	yes	-	-	-	-	auacaguaauguuccgauu	acgggaaaaagcuuaaaucg	auacaguaauguuccgauuuugucagccccauguugcauuuaggguugacuaaaacgggaaaaagcuuaaaucg	3:306684824..306684898:+



mature miRBase miRNAs detected by miRDeep2
tag id	miRDeep2 score	estimated probability that the miRNA is a true positive	rfam alert	total read count	mature read count	loop read count	star read count	significant randfold p-value	mature miRBase miRNA	example miRBase miRNA with the same seed	UCSC browser	NCBI blastn	consensus mature sequence	consensus star sequence	consensus precursor sequence	precursor coordinate
1_10319	365430.1	0 +/- 0%	-	716767	716762	0	5	yes	aae-miR-283	dme-miR-283-5p	-	-	caauaucagcugguaauucuggg	cggaauuccaacugauaucca	caauaucagcugguaauucugggcuuaccccaccguuauacgcuucccggaauuccaacugauaucca	1:305625601..305625669:-
1_10315	125355	0 +/- 0%	-	245871	245836	0	35	yes	aae-miR-12-5p	dme-miR-12-5p	-	-	ugaguauuacaucagguacuggu	caguacuuauguuaugcucucuc	ugaguauuacaucagguacuggugucgauauucgaaucaccaacgaaucggguuccuuugauuaacuuaccaguacuuauguuaugcucucuc	1:305613547..305613640:-
2_2064	62067.5	0 +/- 0%	-	121734	121693	0	41	yes	aae-miR-2a-5p	dme-miR-2a-3p	-	-	uaucacagccagcuuugaagagcg	acucucaaagugguugugaaaug	acucucaaagugguugugaaaugaguuacucuugaacgaucucauaucacagccagcuuugaagagcg	2:107237501..107237569:-
3_6958	29579.2	0 +/- 0%	-	58010	58006	0	4	yes	aae-miR-308-5p	dme-miR-2a-3p	-	-	aaucacaggaguauacugugag	cgcgguauauucuuguggcuuga	cgcgguauauucuuguggcuugaugcauuugaaaaaucucaaaucacaggaguauacugugag	3:403338483..403338546:-
2_2062	19382	0 +/- 0%	-	38008	37811	0	197	yes	aae-miR-2c	dme-miR-2a-3p	-	-	uaucacagccagcuuugaugagcu	acucucaaaguggcugugaaaug	acucucaaaguggcugugaaaugguuugauuuugcucauaucacagccagcuuugaugagcu	2:107235884..107235946:-
3_4383	10765.6	0 +/- 0%	-	21111	21105	0	6	yes	aae-bantam-5p	dme-bantam-3p	-	-	ugagaucauuuugaaagcugauu	ccgguuuucauuuucgaucugacu	ccgguuuucauuuucgaucugacuuauuugauuuaacaagagugagaucauuuugaaagcugauu	3:178082830..178082895:+
2_2066	7965.7	0 +/- 0%	-	15616	15567	0	49	yes	aae-miR-13-5p	dme-miR-2a-3p	-	-	uaucacagccauuuugacgaguu	ucguaaaaaugguugugcugu	ucguaaaaaugguugugcuguguuguuacgcucgaaauucauaucacagccauuuugacgaguu	2:107237649..107237713:-
3_5678	5496.4	0 +/- 0%	-	10772	10743	0	29	yes	aae-miR-11-5p	dme-miR-2a-3p	-	-	caucacagucugaguucuugcu	cgagaacuccggcugugaccug	cgagaacuccggcugugaccuguguacacuuuauccaaaucacaucacagucugaguucuugcu	3:75489864..75489928:-
2_1827	5228.2	0 +/- 0%	-	10247	10211	0	36	yes	aae-miR-190	dme-miR-190-5p	-	-	agauauguuugauauucuugguug	cccaggaaucaaacauauuauua	agauauguuugauauucuugguuguuaaauuuuauauuaucacccaggaaucaaacauauuauua	2:48811877..48811942:-
2_2071	4284	0 +/- 0%	-	8401	6343	0	2058	yes	aae-miR-71-5p	-	-	-	agaaagacauggguagugagau	ucucacuaccuugucuuucaug	agaaagacauggguagugagauaguuucacccuauugcacugggaucucacuaccuugucuuucaug	2:107238287..107238354:-
1_8997	3789	0 +/- 0%	-	7425	7091	0	334	yes	aae-miR-252-5p	dme-miR-252-5p	-	-	cuaaguacuagugccgcaggag	ccugcugcccaagugcuuaucg	cuaaguacuagugccgcaggagagauuugaaccccugcugcccaagugcuuaucg	1:175818157..175818212:-
2_2029	2978.7	0 +/- 0%	-	5834	5634	0	200	yes	aae-miR-282-5p	dme-miR-282-5p	-	-	uagccucuccuaggcuuugucu	acauagccugacagagguuagg	uagccucuccuaggcuuugucuguuaccuuccuugggaauuccacuagccagacauagccugacagagguuagg	2:96911966..96912040:-
1_7849	1817.9	0 +/- 0%	-	3558	3491	0	67	yes	aae-miR-279	dme-miR-279-3p	-	-	ugacuagauccacacucauuaa	gaugggugugaaucuaguguuucac	gaugggugugaaucuaguguuucacaugauuuucgauagccugugacuagauccacacucauuaa	1:207007788..207007853:+
2_3053	1520.8	0 +/- 0%	-	2975	2973	0	2	yes	aae-miR-9b	dme-miR-9a-5p	-	-	ucuuuggugauuuuagcuguaug	uauagcuuuaucaccaaaaac	ucuuuggugauuuuagcuguaugcugauacguuucugauugcauauagcuuuaucaccaaaaac	2:335780575..335780639:-
3_5676	1410.2	0 +/- 0%	-	2757	2753	0	4	yes	aae-miR-998	dme-miR-285-3p	-	-	uagcaccaugagauucagcuc	acugaacucucgugggucugc	acugaacucucgugggucugcaguugauauuucgaaagcuuguagcaccaugagauucagcuc	3:75489589..75489652:-
2_2025	1197.1	0 +/- 0%	-	2340	2064	0	276	yes	aae-miR-281-5p	dme-miR-281-2-5p	-	-	aagagagcuauccgucgacagu	cugucauggaauugcucucuuua	aagagagcuauccgucgacaguagggauaugauucacugucauggaauugcucucuuua	2:96469361..96469420:-
2_1928	905.2	0 +/- 0%	-	1767	1653	0	114	yes	aae-miR-276-5p	dme-miR-276a-3p	-	-	uaggaacuucauaccgugcucu	agcgagguauagaguuccuacg	agcgagguauagaguuccuacguugcgugugcgaaauugguaggaacuucauaccgugcucu	2:73120452..73120514:-
1_8485	847.2	0 +/- 0%	-	1653	1566	0	87	yes	aae-miR-33	dme-miR-33-5p	-	-	gugcauuguaguugcauugca	caauacuucugcaaugcaagcc	gugcauuguaguugcauugcacuuuugcguucgauaacacggugcaauacuucugcaaugcaagcc	1:50888880..50888946:-
2_1936	847.2	0 +/- 0%	-	1653	1652	0	1	yes	aae-miR-276-3p	dme-miR-276a-3p	-	-	uaggaacuucauaccgugcucu	agcgagguauagaguuccu	agcgagguauagaguuccuaugcguucggauaaaauauuccauaggaacuucauaccgugcucu	2:73509399..73509463:-
2_3059	701.5	0 +/- 0%	-	1368	926	0	442	yes	aae-miR-9c-5p	dme-miR-9a-5p	-	-	ucuuugguauucuagcuguaga	uaaagcuuuaguaccagagguc	ucuuugguauucuagcuguagaauguugagcuuugugauaugguaucuucuaaagcuuuaguaccagagguc	2:335810364..335810436:-
3_4696	394	0 +/- 0%	-	764	422	0	342	yes	aae-miR-307	dme-miR-307a-5p	-	-	acucacucaaccugggugugaug	ucacaaccuccuugagugagcg	acucacucaaccugggugugaugcuuauuugaaucaucacaaccuccuugagugagcg	3:244794376..244794434:+
2_3056	353	0 +/- 0%	-	684	664	0	20	yes	aae-miR-79-5p	dme-miR-4-3p	-	-	auaaagcuagauuaccaaagcau	cuuuggcgcuuuagcuguauga	cuuuggcgcuuuagcuguaugauagaauuuaauauuucauaaagcuagauuaccaaagcau	2:335780884..335780945:-
1_10332	182.4	0 +/- 0%	-	350	332	0	18	yes	aae-miR-1175-5p	dme-miR-958-3p	-	-	ugagauucuacuucuccgacuuaa	aaguggaguaguggucucaucgc	aaguggaguaguggucucaucgcuuaguauuagaaaagugagauucuacuucuccgacuuaa	1:307010044..307010106:-
1_8612	157	0 +/- 0%	-	300	276	0	24	yes	aae-miR-87	dme-miR-87-3p	-	-	gugagcaaauuuucaggugugu	cagccugaaauuugcuaaaccu	cagccugaaauuugcuaaaccuguguguauuugauucaaacaaucaaggugagcaaauuuucaggugugu	1:80682401..80682471:-
3_6685	74.6	0 +/- 0%	-	138	78	0	60	yes	aae-miR-10365	dme-miR-927-5p	-	-	auuagaauguggaaucuguuuuug	aaaaguuuucauauucuugcgg	auuagaauguggaaucuguuuuuguacaucaaguguuacgaaacgaagcaaaaaaguuuucauauucuugcgg	3:320775621..320775694:-
NIGP01001634_10666	74.6	0 +/- 0%	-	138	78	0	60	yes	aae-miR-10365	dme-miR-927-5p	-	-	auuagaauguggaaucuguuuuug	aaaaguuuucauauucuugcgg	auuagaauguggaaucuguuuuuguacaucaaguguuacgaaacgaagcaaaaaaguuuucauauucuugcgg	NIGP01001634:30709..30782:-
2_389	7.6	39 +/- 49%	-	15	14	0	1	yes	aae-miR-9a	-	-	-	aaagcuagcauaccgaaguua	ucuuugguuaucuagcuguauga	ucuuugguuaucuagcuguaugagugaauuuagaacaucauaaagcuagcauaccgaaguua	2:108461947..108462009:+
1_7742	5.4	76 +/- 21%	-	32	32	0	0	yes	aae-miR-929	dme-miR-929-5p	-	-	aaauugacucuaguagggaguc	cucccuaacggagucagauuga	aaauugacucuaguagggaguccuuguguacgagugacucccuaacggagucagauuga	1:198495526..198495585:+
3_6420	5.3	76 +/- 21%	-	1172	1172	0	0	yes	aae-miR-278-5p	dme-miR-278-3p	-	-	ucggugggacuuucguccguuu	acggacgauagucuucagcggcc	acggacgauagucuucagcggccgugcauuugauagaaguggucggugggacuuucguccguuu	3:243123888..243123952:-
2_341	5.3	76 +/- 21%	-	698	698	0	0	yes	aae-miR-988-3p	dme-miR-988-3p	-	-	ccccuuguugcaaaccucacgc	gugugcuuugugacaaugag	gugugcuuugugacaaugagauucgguucgauaucauccccuuguugcaaaccucacgc	2:93351380..93351439:+
1_10298	5.2	76 +/- 21%	-	2519	2519	0	0	yes	aae-miR-277-5p	dme-miR-277-3p	-	-	uaaaugcacuaucugguacgaca	gcgugucagaagugcauuuaca	gcgugucagaagugcauuuacauagguauuucccguuuagcaguauuuguaaaugcacuaucugguacgaca	1:302603812..302603884:-
2_1095	5.2	76 +/- 21%	-	7683	7683	0	0	yes	aae-miR-275-5p	dme-miR-275-3p	-	-	ucagguaccugaaguagcgcgcg	cgcgcuaagcaggaaccgagacu	cgcgcuaagcaggaaccgagacuuugucauuugcuagcagucagguaccugaaguagcgcgcg	2:307135668..307135731:+
3_5460	5.2	76 +/- 21%	-	18	18	0	0	yes	aae-miR-980-5p	dme-miR-980-3p	-	-	uagcugccuagugaagggcaa	gccguucauugggucaucuagc	gccguucauugggucaucuagcucguguuggaaacaguuagcugccuagugaagggcaa	3:1054524..1054583:-
1_10302	5.2	76 +/- 21%	-	42922	42922	0	0	yes	aae-miR-317	dme-miR-317-3p	-	-	ugaacacagcuggugguaucuca	ggauacacccugugcucgcu	ggauacacccugugcucgcuuugcauucgaaacuagugaacacagcuggugguaucuca	1:302667131..302667190:-
2_1275	5.1	76 +/- 21%	-	3211	3211	0	0	yes	aae-miR-2945-5p	dme-miR-279-3p	-	-	ugacuagaggcagacucguuua	agcggguccguuucuagugucaug	agcggguccguuucuagugucaugugcuguauucgaauaucaugacuagaggcagacucguuua	2:374947142..374947206:+
3_5728	5.1	76 +/- 21%	-	10788	10788	0	0	yes	aae-miR-92b-3p	dme-miR-92a-3p	-	-	aauugcacuugucccggccugc	aggucgugacuugugcccauuug	aggucgugacuugugcccauuugcugaauuuuaauggucaaauugcacuugucccggccugc	3:93418515..93418577:-
1_7851	5	76 +/- 21%	-	11866	11866	0	0	yes	aae-miR-996	dme-miR-279-3p	-	-	ugacuagauuacaugcucgucu	gcgugcaugaaucuggugcacg	gcgugcaugaaucuggugcacgguuuuccaguuguaauaucgcuucgugacuagauuacaugcucgucu	1:207012536..207012605:+
2_3330	5	76 +/- 21%	-	22887	22887	0	0	yes	aae-miR-184	dme-miR-184-3p	-	-	uggacggagaacugauaagggc	ccuuaucauucuugcgccccgu	ccuuaucauucuugcgccccguguuauauuguuggcgacuggacggagaacugauaagggc	2:417599380..417599441:-
NIGP01000533_10654	4.9	65 +/- 23%	-	703	703	0	0	yes	aae-miR-970	dme-miR-970-3p	-	-	ucauaagacacacgcggcuau	agcuugcguuugucuuagcuggua	agcuugcguuugucuuagcugguauugaaugugauagguaucauaagacacacgcggcuau	NIGP01000533:10107..10168:-
2_1429	4.9	65 +/- 23%	-	436	436	0	0	yes	aae-miR-965	dme-miR-965-3p	-	-	uaagcguauagcuuuucccau	gggaaauccuguacgcuguaug	gggaaauccuguacgcuguauguuguauuugaauaauccauaagcguauagcuuuucccau	2:429778751..429778812:+
3_5732	4.8	65 +/- 23%	-	2323	2323	0	0	yes	aae-miR-92a-5p	dme-miR-92a-3p	-	-	uauugcacuugucccggccuau	cgguacggacaggggcaacauu	cgguacggacaggggcaacauugugacauuugaaagcuaauauugcacuugucccggccuau	3:93477596..93477658:-
3_6830	4.8	65 +/- 23%	-	44	44	0	0	yes	aae-miR-989	dme-miR-989-3p	-	-	ugugaugugacguaguggua	ccgcuaccucgcuuucacuug	ccgcuaccucgcuuucacuugguaccgauuucccauaauccaugugaugugacguaguggua	3:366439083..366439145:-
1_7599	4.8	65 +/- 23%	-	703	703	0	0	yes	aae-miR-970	dme-miR-970-3p	-	-	ucauaagacacacgcggcuau	agcuugcguuugucuuagcuggua	agcuugcguuugucuuagcugguauugaaugugauagguaucauaagacacacgcggcuau	1:157238423..157238484:+
2_1159	4.7	65 +/- 23%	-	64	64	0	0	yes	aae-miR-133	dme-miR-133-3p	-	-	uugguccccuucaaccagcugu	agcugguugacuucgggucaaau	agcugguugacuucgggucaaaucgucaaauauuugcaaagauauuuccucagugaaauuauuugguccccuucaaccagcugu	2:330417065..330417149:+
1_8854	4.7	65 +/- 23%	-	6	5	0	1	yes	aae-miR-11917	-	-	-	cugaaaacuuaaucgauugguc	ccaaucgauuaaguuuucagcu	cugaaaacuuaaucgauuggucaccaccagcgagugaccaaucgauuaaguuuucagcu	1:151206265..151206324:-
2_3276	4.6	65 +/- 23%	-	97	97	0	0	yes	aae-miR-1	dme-miR-1-3p	-	-	uggaauguaaagaaguauggag	ccaugcuuccuugcauucaaua	ccaugcuuccuugcauucaauagugauucugaaagcauauggaauguaaagaaguauggag	2:399501023..399501084:-
2_1195	4.6	65 +/- 23%	-	4115	4115	0	0	yes	aae-miR-14	dme-miR-14-3p	-	-	ucagucuuuuucucucuccuau	gggagcgagauuaaggcuugcu	gggagcgagauuaaggcuugcuggucauuuauuacacucgaagucagucuuuuucucucuccuau	2:344767572..344767637:+
2_16	4.5	65 +/- 23%	-	67	67	0	0	yes	aae-miR-219	dme-miR-219-5p	-	-	ugauuguccaaacgcaauucuug	agaguugugacuggacauccgug	ugauuguccaaacgcaauucuuguuuuauucgaauaugauauccaagaguugugacuggacauccgug	2:3715261..3715329:+
3_5127	4.2	65 +/- 23%	-	1996	1996	0	0	yes	aae-miR-8-5p	dme-miR-8-3p	-	-	uaauacugucagguaaagauguc	caucuuaccgggcagcauuaga	caucuuaccgggcagcauuagauauuuuugaaauacuucuaauacugucagguaaagauguc	3:328527955..328528017:+
2_1098	4	65 +/- 23%	-	79952	79952	0	0	yes	aae-miR-305-5p	dme-miR-305-5p	-	-	auuguacuucaucaggugcucugg	ccggcacauguuggaguacacuua	auuguacuucaucaggugcucugguuguuuucgauacccggcacauguuggaguacacuua	2:307145445..307145506:+
3_4156	3.8	2 +/- 7%	-	71	71	0	0	yes	aae-miR-31	dme-miR-31b-5p	-	-	uggcaagauguuggcauagcuga	agcuauucaacuucuugucuau	uggcaagauguuggcauagcugaaaguuuugaguuuagcuauucaacuucuugucuau	3:136174150..136174208:+
2_782	3.7	2 +/- 7%	-	3814	3814	0	0	yes	aae-miR-7	dme-miR-7-5p	-	-	uggaagacuagugauuuuguuguu	uaacaauaaaucucaagucuuucuac	uggaagacuagugauuuuguuguuuugcuuacgauaauaacaauaaaucucaagucuuucuac	2:222802544..222802607:+
2_1096	3.2	2 +/- 7%	-	7683	7683	0	0	yes	aae-miR-275-3p	dme-miR-275-3p	-	-	ucagguaccugaaguagcgcgcg	ucaucaagcgacaacagaggcgugaaa	ucagguaccugaaguagcgcgcgugaucaaacaggaagcgucaucaagcgacaacagaggcgugaaa	2:307135708..307135775:+
2_616	2.3	67 +/- 10%	-	49	49	0	0	yes	aae-miR-11917	-	-	-	cugaaaacuuaaucgauuggucc	accaaucgauuaaguuuucagcc	cugaaaacuuaaucgauuggucccuaccaaucgauuaaguuuucagcc	2:174452329..174452377:+
2_1864	2.1	67 +/- 10%	-	595	595	0	0	yes	aae-miR-11894a	-	-	-	uuuaccauuucaagaugaccua	ggucgucuugaaaugguaaaga	ggucgucuugaaaugguaaagagugucaaucaucaucuuuaccauuucaagaugaccua	2:58785158..58785217:-
2_1860	2	67 +/- 10%	-	595	595	0	0	yes	aae-miR-11894a	-	-	-	uuuaccauuucaagaugaccua	gguugucuugaaaugguaaaga	gguugucuugaaaugguaaagagugucaaccaucaucuuuaccauuucaagaugaccua	2:58783350..58783409:-
2_1868	2	67 +/- 10%	-	595	595	0	0	yes	aae-miR-11894a	-	-	-	uuuaccauuucaagaugaccua	ggucgucuugaaaugguaaaga	ggucgucuugaaaugguaaagagugucaaucaucaucuuuaccauuucaagaugaccua	2:58787426..58787485:-
2_1866	2	67 +/- 10%	-	595	595	0	0	yes	aae-miR-11894a	-	-	-	uuuaccauuucaagaugaccua	ggucgucuugaaaugguaaaga	ggucgucuugaaaugguaaagagugucaaucaucaucuuuaccauuucaagaugaccua	2:58785850..58785909:-
2_1870	1.9	77 +/- 6%	-	595	595	0	0	yes	aae-miR-11894a	-	-	-	uuuaccauuucaagaugaccua	ggucgucuugaaaugguaaaga	ggucgucuugaaaugguaaagagugucaaucaucaucuuuaccauuucaagaugaccua	2:58787948..58788007:-
2_1862	1.9	77 +/- 6%	-	60	60	0	0	yes	aae-miR-11894b	-	-	-	uuuaccauuucaauaugaccua	ggucguauugaaaugguaaaga	ggucguauugaaaugguaaagagugucaaucaucaucuuuaccauuucaauaugaccua	2:58784590..58784649:-
2_3006	1.7	77 +/- 6%	-	126	126	0	0	yes	aae-miR-11895	-	-	-	uucaugcauucacuucugcuga	agcaggagugaaugcaugaguu	agcaggagugaaugcaugaguuugacaucugaaacuaauucaugcauucacuucugcuga	2:324949494..324949554:-
2_1732	1.7	77 +/- 6%	-	16	16	0	0	yes	aae-miR-11896	-	-	-	ccacaaggccggauugaucaaga	ucggucaauccggaacuguuggcu	ucggucaauccggaacuguuggcucggcacaaaagcgaccacaaggccggauugaucaaga	2:30841062..30841123:-
2_3088	1.6	77 +/- 6%	-	21	21	0	0	yes	aae-miR-11916	-	-	-	gaugccucguaaagcaacugga	caguugcuuuccgagcguagcac	caguugcuuuccgagcguagcacaguuuggaugcgggcccgugcaucguccacggugaugccucguaaagcaacugga	2:344991982..344992060:-
2_2070	1.5	77 +/- 6%	-	21694	21694	0	0	yes	aae-miR-2c	-	-	-	ucacagccagcuuugaugagca	ggcaucaaauuugguuguuuua	ggcaucaaauuugguuguuuuaguacgaccucuuugaaaccccuaucacagccagcuuugaugagca	2:107237995..107238062:-
2_3318	1.4	77 +/- 6%	-	1910	1910	0	0	yes	aae-miR-1890	-	-	-	ugaaaucuuugauuaggucugg	agagcuaauuggagaguucuug	agagcuaauuggagaguucuugaauaguguugugaaccuucaugaaaucuuugauuaggucugg	2:413654961..413655025:-
3_5783	1.4	77 +/- 6%	-	1190	1190	0	0	yes	aae-miR-2765	-	-	-	ugguaacuccaccaccguuggc	caaugggagcuggaguucccgcg	ugguaacuccaccaccguuggcgauauuugacagccaaugggagcuggaguucccgcg	3:101895454..101895512:-
2_3115	1.3	77 +/- 6%	-	5	5	0	0	yes	aae-miR-263a-5p	dme-miR-263a-5p	-	-	aauggcacuggaagaauucacggg	cguguucuggcaguggcauccc	aauggcacuggaagaauucacggguauauuuugaaauccccguguucuggcaguggcauccc	2:348784448..348784510:-
2_342	1	77 +/- 6%	-	698	698	0	0	no	aae-miR-988-3p	dme-miR-988-3p	-	-	ccccuuguugcaaaccucacgc	ggcagguaggggcaaugggggc	ccccuuguugcaaaccucacgcuugcgguagguuccacaacugcugagagguggcagguaggggcaaugggggc	2:93351417..93351491:+
2_2746	0.9	43 +/- 7%	-	34	34	0	0	yes	aae-miR-2941	-	-	-	uaguacggcuagaacuccacggau	ucgugguguuuagacguauuaca	ucgugguguuuagacguauuacaugauuuuuugaacauaacuguaguacggcuagaacuccacggau	2:268456009..268456076:-
2_1278	0.7	43 +/- 7%	-	4	4	0	0	yes	aae-miR-125-5p	dme-miR-125-5p	-	-	ucccugagacccuaacuuguga	acaaguuuugaucuccgguauu	ucccugagacccuaacuugugacuauaguugaaguuucacaaguuuugaucuccgguauu	2:375131781..375131841:+
2_1255	0.4	43 +/- 7%	-	3	3	0	0	yes	aae-miR-124	dme-miR-124-3p	-	-	uaaggcacgcggugaaugcca	guauccacugccggccuauaug	guauccacugccggccuauauguccuauuucgguacucauaaggcacgcggugaaugcca	2:369307280..369307340:+
1_7951	0.2	43 +/- 7%	-	78	78	0	0	yes	aae-miR-11900	-	-	-	auuuuuuugacuguaauuuuauag	guaaaauuacguugaaaaaucgucu	guaaaauuacguugaaaaaucgucucccucaaaaaaugaaaccugagacuaacaggagauuuuuuugacuguaauuuuauag	1:223944070..223944152:+
2_2164	-1.8	0 +/- 0%	-	5	5	0	0	yes	aae-miR-11919	-	-	-	uagcuagguugcggugcacugcu	caguguacucugccuggccggc	caguguacucugccuggccggcgcugcugcgagucuagcuagguugcggugcacugcu	2:129145073..129145131:-
2_2026	-2.3	0 +/- 0%	-	2064	2064	0	0	no	aae-miR-281-5p	dme-miR-281-2-5p	-	-	aagagagcuauccgucgacagu	cguugacgugggauuuuuuug	cguugacgugggauuuuuuuguucauuuuguucuuucgcugguuucgaauaugaaaauaaagagagcuauccgucgacagu	2:96469398..96469479:-
2_3157	-2.9	0 +/- 0%	-	4	4	0	0	yes	aae-miR-1891	-	-	-	ugaggaguuaauuugcguguuuu	aacacguccauuaacucugguac	ugaggaguuaauuugcguguuuuuguauuugauuaaacacguccauuaacucugguac	2:360084867..360084925:-
1_7161	-3.3	0 +/- 0%	-	173	173	0	0	no	aae-miR-210	-	-	-	uugugcgugugacaacggcuau	agcugcugaccacugcacaaga	agcugcugaccacugcacaagauuagauuaugacucuugugcgugugacaacggcuau	1:54892617..54892675:+
2_2261	-3.5	0 +/- 0%	-	3	3	0	0	yes	aae-miR-263b-5p	-	-	-	uuggcacugggagaauucacag	guggaucuuuucgugccaucg	uuggcacugggagaauucacaggcgcuauuugcuaucauucuguggaucuuuucgugccaucg	2:153371132..153371195:-
2_935	-4.8	0 +/- 0%	-	57	57	0	0	no	aae-miR-11893	-	-	-	uuccugacuuauacgcuuaccu	guaaguagauaaaucagaaaga	guaaguagauaaaucagaaagacguuuauaucguuucuuccugacuuauacgcuuaccu	2:257889040..257889099:+
3_6966	-5.4	0 +/- 0%	-	1	1	0	0	no	aae-miR-285	dme-miR-285-3p	-	-	uagcaccauucgaaauca	gcuuccaaaggugaguaga	gcuuccaaaggugaguagauggcauucgauacacucuagcaccauucgaaauca	3:406875050..406875104:-

#miRBase miRNAs not detected by miRDeep2
miRBase precursor id	total read count	mature read count(s)	star read count	remaining reads	UCSC browser	NCBI blastn	miRBase mature sequence(s)	miRBase star sequence(s)	miRBase precursor sequence
50248	50099	0	149	-	-	cacguuacagauugggguuucc	uaaucucaaauuguaacagugg	-	gagguaaucucaaauuguaacaguggguugauuuuccuggugaaucccggccuuguccuccgucacaagugugacaagugucucgaaaacguguucgcuauacccacguuacagauugggguuucccc	
20593	20593	0	0	-	-	ugguuuaucuuaucugucgaggc	gucgacagggagauaaaucacu	-	cauugguuuaucuuaucugucgaggcaaguuauuuuaccggauaguguuucuuuucgugagcaaucaccacuauccagcucuucuugucgacagggagauaaaucacug	
17604	17604	0	0	-	-	ucagguacugagugacucucag	gagagcaccucgguaucuaagc	-	cauucgcaauuucaccgguucagguacugagugacucucagaugugcauuucucaagcaaucucguccucaggaccugagguugaaaaacccugagagcaccucgguaucuaagccaguguugcgaaaa	
5167	5167	0	0	-	-	caaccacuauccgcccugccgcc	uggcagugugguuagcugguug	-	caaggcaauacgcuauggcagugugguuagcugguuguguagaacuuuggggggcuuccguggcguucgcgcgcacacgggggcucagauucacaaccacuauccgcccugccgccgcgaggugccagg	
46	46	0	0	-	-	ugacuagaccgaacacucgcguccu	-	aucguuauuuggggcgauugucggacuagucgcugcguacaaaacggaacuauuucaacuagugacuagaccgaacacucgcguccuaaagcacgau	
28	28	0	0	-	-	aaaugggacugauaugcgaguau	-	ccauucucgcauaacaguaccauauucuugggauuucucauauaaaugggacugauaugcgaguaugg	
28	28	0	0	-	-	ucacugggcaaaguuugucgc	-	uccaccgaauguuaugcgacuaacuucguucaguuuggugucauacgaagguuuccaguuucaucacugggcaaaguuugucgcauaaaug	
1	1	0	0	-	-	ugucuuuuuccgcuuacugccg	-	ccaacauuuugauugauuugucuuuuuccgcuuacugccgguggcauuugaaauucucgacagcaaaccgaaaaaggcgccucaaucaauu	
























1	0	0	1	-	-	uacuggccuacuaagucccaac	-	gcuugcuauguaauuuuuucaaucgaacugggauuuuguggaccagaagauuuccuccauucgauaauagcuacuggccuacuaagucccaacuuguuuggaaauuguccgacagauagcaagc	


























27	0	0	27	-	-	uuggacuggcaugcguuuaugg	-	cccauaaacgcauaauugucccaugugaauagaaaauccagccacauuggacuggcaugcguuuauggg	
