miRDeep2 score	novel miRNAs reported by miRDeep2	novel miRNAs, estimated false positives	novel miRNAs, estimated true positives	known miRNAs in species	known miRNAs in data	known miRNAs detected by miRDeep2	estimated signal-to-noise	excision gearing
10	0	0 +/- 0	0 +/- 0 (0 +/- 0%)	164	107	35 (33%)	31	1
9	1	0 +/- 1	1 +/- 0 (61 +/- 49%)	164	107	35 (33%)	31.5	1
8	1	0 +/- 1	1 +/- 0 (61 +/- 49%)	164	107	36 (34%)	32.9	1
7	1	1 +/- 1	1 +/- 0 (59 +/- 49%)	164	107	36 (34%)	32	1
6	1	1 +/- 1	1 +/- 0 (59 +/- 49%)	164	107	36 (34%)	32	1
5	1	1 +/- 1	1 +/- 0 (59 +/- 49%)	164	107	57 (53%)	41.9	1
4	3	1 +/- 1	2 +/- 1 (82 +/- 23%)	164	107	77 (72%)	52.3	1
3	3	1 +/- 1	2 +/- 1 (78 +/- 27%)	164	107	80 (75%)	39.4	1
2	4	1 +/- 1	3 +/- 1 (81 +/- 22%)	164	107	83 (78%)	34.2	1
1	4	1 +/- 1	3 +/- 1 (76 +/- 24%)	164	107	86 (80%)	23.6	1
0	8	2 +/- 2	6 +/- 2 (72 +/- 21%)	164	107	92 (86%)	13.5	1
-1	11	5 +/- 2	6 +/- 2 (51 +/- 21%)	164	107	94 (88%)	8	1
-2	16	24 +/- 4	0 +/- 0 (0 +/- 1%)	164	107	94 (88%)	3	1
-3	30	39 +/- 5	0 +/- 0 (0 +/- 1%)	164	107	96 (90%)	2.3	1
-4	77	50 +/- 6	27 +/- 6 (36 +/- 7%)	164	107	97 (91%)	2.7	1
-5	102	93 +/- 7	10 +/- 7 (9 +/- 7%)	164	107	98 (92%)	1.8	1
-6	128	200 +/- 10	0 +/- 0 (0 +/- 0%)	164	107	98 (92%)	1	1
-7	137	288 +/- 12	0 +/- 0 (0 +/- 0%)	164	107	98 (92%)	0.7	1
-8	175	345 +/- 13	0 +/- 0 (0 +/- 0%)	164	107	99 (93%)	0.7	1
-9	236	392 +/- 15	0 +/- 0 (0 +/- 0%)	164	107	100 (93%)	0.8	1
-10	289	430 +/- 15	0 +/- 0 (0 +/- 0%)	164	107	100 (93%)	0.8	1



novel miRNAs predicted by miRDeep2
provisional id	miRDeep2 score	estimated probability that the miRNA candidate is a true positive	rfam alert	total read count	mature read count	loop read count	star read count	significant randfold p-value	miRBase miRNA	example miRBase miRNA with the same seed	UCSC browser	NCBI blastn	consensus mature sequence	consensus star sequence	consensus precursor sequence	precursor coordinate
NIGP01000718_8101	9.9	61 +/- 49%	-	10	9	0	1	yes	-	dme-miR-193-5p	-	-	cugggauucggagagaaucccgu	ugggauucggaaagaaucccgu	ugggauucggaaagaaucccgucugggauucggagagaaucccgucugggauucggagagaaucccgu	NIGP01000718:15894..15962:-
NIGP01000718_8100	4.3	82 +/- 23%	-	9	9	0	0	yes	-	dme-miR-193-5p	-	-	cugggauucggagagaaucccgu	gggauucggagagaaucccgac	gggauucggagagaaucccgacugggauucggagagaaucccgucugggauucggagagaaucccgu	NIGP01000718:14932..14999:-
1_5109	4.2	82 +/- 23%	-	9	7	0	2	yes	-	dme-miR-193-5p	-	-	cugggauucggagagaaucccgu	cugggauucggagagaauccc	cugggauucggagagaaucccgucugggauucggagagaauccc	1:39888465..39888509:+
3_2819	2.3	81 +/- 22%	-	6	6	0	0	yes	-	dme-miR-971-3p	-	-	uugguguuauaucuuacagugag	ggcuguaaguauuacagcaagc	ggcuguaaguauuacagcaagcuugcuauucgaaaggcgcuugguguuauaucuuacagugag	3:82678953..82679016:+
1_5110	0.7	72 +/- 21%	-	2	2	0	0	yes	-	dme-miR-193-5p	-	-	cugggauucggagagaauccc	gauucggagagaaucccgacu	gauucggagagaaucccgacugggauucggagagaaucccgacugggauucggagagaauccc	1:39888492..39888555:+
1_5592	0.3	72 +/- 21%	-	1	1	0	0	yes	-	dme-miR-4982-5p	-	-	cugcaauucaaguuucggug	ccgaaacuugaauuguggcu	cugcaauucaaguuucggugaaaugauucgcacucacucacucacucauuucauuucaccgaaacuugaauuguggcu	1:204834275..204834353:+
2_183	0.2	72 +/- 21%	-	2	2	0	0	yes	-	dme-miR-9384-3p	-	-	gguguguuuacugggagcuu	guucccgguugcacccag	guucccgguugcacccagcucggcacguuuuguguccguugcguuccgguguguuuacugggagcuu	2:75394583..75394650:+
3_3942	0.1	72 +/- 21%	-	9	9	0	0	yes	-	-	-	-	guaggccggcggaaacuacuugc	aagggguuucuuucggccuccag	aagggguuucuuucggccuccagcggcauuagauaguuguaggccggcggaaacuacuugc	3:6069685..6069746:-



mature miRBase miRNAs detected by miRDeep2
tag id	miRDeep2 score	estimated probability that the miRNA is a true positive	rfam alert	total read count	mature read count	loop read count	star read count	significant randfold p-value	mature miRBase miRNA	example miRBase miRNA with the same seed	UCSC browser	NCBI blastn	consensus mature sequence	consensus star sequence	consensus precursor sequence	precursor coordinate
1_7777	3157.6	0 +/- 0%	-	6185	6179	0	6	yes	aae-miR-283	dme-miR-283-5p	-	-	caauaucagcugguaauucuggg	cggaauuccaacugauauccac	caauaucagcugguaauucugggcuuaccccaccguuauacgcuucccggaauuccaacugauauccac	1:305625600..305625669:-
1_7773	1392.1	0 +/- 0%	-	2723	2720	0	3	yes	aae-miR-12-5p	dme-miR-12-5p	-	-	ugaguauuacaucagguacuggu	caguacuuauguuaugcucucu	ugaguauuacaucagguacuggugucgauauucgaaucaccaacgaaucggguuccuuugauuaacuuaccaguacuuauguuaugcucucu	1:305613548..305613640:-
3_5010	752.1	0 +/- 0%	-	1467	1465	0	2	yes	aae-miR-308-5p	dme-miR-2a-3p	-	-	aaucacaggaguauacugugag	cgcgguauauucuuguggcuuga	cgcgguauauucuuguggcuugaugcauuugaaaaaucucaaaucacaggaguauacugugag	3:403338483..403338546:-
2_1452	654.1	0 +/- 0%	-	1274	1270	0	4	yes	aae-miR-2c	dme-miR-2a-3p	-	-	uaucacagccagcuuugaugagcu	acucucaaaguggcugugaaaug	acucucaaaguggcugugaaaugguuugauuuugcucauaucacagccagcuuugaugagcu	2:107235884..107235946:-
3_3201	321.6	0 +/- 0%	-	634	633	0	1	no	aae-bantam-5p	dme-bantam-3p	-	-	ugagaucauuuugaaagcugauu	cgguuuucauuuucgaucugacu	cgguuuucauuuucgaucugacuuauuugauuuaacaagagugagaucauuuugaaagcugauu	3:178082831..178082895:+
3_3681	292.5	0 +/- 0%	-	567	565	0	2	yes	aae-miR-8-5p	dme-miR-8-3p	-	-	uaauacugucagguaaagauguc	caucuuaccgggcagcauuaga	caucuuaccgggcagcauuagauauuuuugaaauacuucuaauacugucagguaaagauguc	3:328527955..328528017:+
2_1433	225.3	0 +/- 0%	-	434	392	0	42	yes	aae-miR-281-5p	dme-miR-281-2-5p	-	-	aagagagcuauccgucgacagu	ugucauggaauugcucucuuua	aagagagcuauccgucgacaguagggauaugauucacugucauggaauugcucucuuua	2:96469361..96469420:-
1_6551	212.5	0 +/- 0%	-	410	357	0	53	yes	aae-miR-252-5p	dme-miR-252-5p	-	-	cuaaguacuagugccgcaggag	ccugcugcccaagugcuuaucg	cuaaguacuagugccgcaggagagauuugaaccccugcugcccaagugcuuaucg	1:175818157..175818212:-
3_4100	184	0 +/- 0%	-	352	347	0	5	yes	aae-miR-11-5p	dme-miR-2a-3p	-	-	caucacagucugaguucuugcu	cgagaacuccggcugugaccug	cgagaacuccggcugugaccuguguacacuuuauccaaaucacaucacagucugaguucuugcu	3:75489864..75489928:-
2_1456	182.2	0 +/- 0%	-	349	335	0	14	yes	aae-miR-13-5p	dme-miR-2a-3p	-	-	uaucacagccauuuugacgaguu	ucguaaaaaugguugugcugu	ucguaaaaaugguugugcuguguuguuacgcucgaaauucauaucacagccauuuugacgaguu	2:107237649..107237713:-
2_1386	123.6	0 +/- 0%	-	234	223	0	11	yes	aae-miR-276-5p	dme-miR-276a-3p	-	-	uaggaacuucauaccgugcucu	agcgagguauagaguuccuacg	agcgagguauagaguuccuacguugcgugugcgaaauugguaggaacuucauaccgugcucu	2:73120452..73120514:-
2_1392	119	0 +/- 0%	-	225	224	0	1	yes	aae-miR-276-3p	dme-miR-276a-3p	-	-	uaggaacuucauaccgugcucu	agcgagguauagaguuccua	agcgagguauagaguuccuaugcguucggauaaaauauuccauaggaacuucauaccgugcucu	2:73509399..73509463:-
2_1461	99.9	0 +/- 0%	-	194	128	0	66	yes	aae-miR-71-5p	-	-	-	agaaagacauggguagugagau	ucucacuaccuugucuuucaug	agaaagacauggguagugagauaguuucacccuauugcacugggaucucacuaccuugucuuucaug	2:107238287..107238354:-
2_1315	75.9	0 +/- 0%	-	141	138	0	3	yes	aae-miR-190	dme-miR-190-5p	-	-	agauauguuugauauucuugguug	cccaggaaucaaacauauuauu	agauauguuugauauucuugguuguuaaauuuuauauuaucacccaggaaucaaacauauuauu	2:48811878..48811942:-
1_6145	73.3	0 +/- 0%	-	135	132	0	3	yes	aae-miR-33	dme-miR-33-5p	-	-	gugcauuguaguugcauugca	caauacuucugcaaugcaagcca	gugcauuguaguugcauugcacuuuugcguucgauaacacggugcaauacuucugcaaugcaagcca	1:50888879..50888946:-
2_1437	71.6	0 +/- 0%	-	132	129	0	3	yes	aae-miR-282-5p	dme-miR-282-5p	-	-	uagccucuccuaggcuuugucu	acauagccugacagagguuagg	uagccucuccuaggcuuugucuguuaccuuccuugggaauuccacuagccagacauagccugacagagguuagg	2:96911966..96912040:-
3_3002	69.8	0 +/- 0%	-	131	130	0	1	yes	aae-miR-31	dme-miR-31b-5p	-	-	uggcaagauguuggcauagcug	agcuauucaacuucuugucuau	uggcaagauguuggcauagcugaaaguuuugaguuuagcuauucaacuucuugucuau	3:136174150..136174208:+
2_855	47.2	0 +/- 0%	-	85	84	0	1	yes	aae-miR-14	dme-miR-14-3p	-	-	ucagucuuuuucucucuccuau	ggagcgagauuaaggcuugcu	ggagcgagauuaaggcuugcuggucauuuauuacacucgaagucagucuuuuucucucuccuau	2:344767573..344767637:+
2_2229	34.2	0 +/- 0%	-	59	58	0	1	yes	aae-miR-9b	dme-miR-9a-5p	-	-	ucuuuggugauuuuagcuguaug	uauagcuuuaucaccaaaaacc	ucuuuggugauuuuagcuguaugcugauacguuucugauugcauauagcuuuaucaccaaaaacc	2:335780574..335780639:-
2_2235	31.6	0 +/- 0%	-	54	39	0	15	yes	aae-miR-9c-5p	dme-miR-9a-5p	-	-	ucuuugguauucuagcuguaga	uaaagcuuuaguaccagagguc	ucuuugguauucuagcuguagaauguugagcuuugugauaugguaucuucuaaagcuuuaguaccagagguc	2:335810364..335810436:-
3_3440	28.5	0 +/- 0%	-	47	17	0	30	yes	aae-miR-307	dme-miR-307a-5p	-	-	acucacucaaccugggugugau	ucacaaccuccuugagugagcga	acucacucaaccugggugugaugcuuauuugaaucaucacaaccuccuugagugagcga	3:244794376..244794435:+
2_239	15.3	0 +/- 0%	-	21	20	0	1	yes	aae-miR-988-5p	dme-miR-988-3p	-	-	ccccuuguugcaaaccucacgc	gugugcuuugugacaaugagau	gugugcuuugugacaaugagauucgguucgauaucauccccuuguugcaaaccucacgc	2:93351380..93351439:+
1_6246	8.1	61 +/- 49%	-	8	4	0	4	yes	aae-miR-87	dme-miR-87-3p	-	-	gugagcaaauuuucaggugugu	cagccugaaauuugcuaaaccug	cagccugaaauuugcuaaaccuguguguauuugauucaaacaaucaaggugagcaaauuuucaggugugu	1:80682401..80682471:-
3_4098	5.4	59 +/- 49%	-	93	93	0	0	yes	aae-miR-998	dme-miR-285-3p	-	-	uagcaccaugagauucagcuc	acugaacucucgugggucugca	acugaacucucgugggucugcaguugauauuucgaaagcuuguagcaccaugagauucagcuc	3:75489589..75489652:-
1_5578	5.4	59 +/- 49%	-	31	31	0	0	yes	aae-miR-929	dme-miR-929-5p	-	-	aaauugacucuaguagggagu	ucccuaacggagucagauuga	aaauugacucuaguagggaguccuuguguacgagugacucccuaacggagucagauuga	1:198495526..198495585:+
1_5835	5.3	59 +/- 49%	-	22	22	0	0	yes	aae-miR-999	dme-miR-999-3p	-	-	uguuaacuguaagacugugucu	acgcggucgugcaggaaauuauu	acgcggucgugcaggaaauuauuuggcauuagauucaaauguuaacuguaagacugugucu	1:252222293..252222354:+
3_4568	5.3	59 +/- 49%	-	112	112	0	0	yes	aae-miR-278-5p	dme-miR-278-3p	-	-	ucggugggacuuucguccguuu	acggacgauagucuucagcggcc	acggacgauagucuucagcggccgugcauuugauagaaguggucggugggacuuucguccguuu	3:243123888..243123952:-
2_773	5.2	59 +/- 49%	-	497	497	0	0	yes	aae-miR-275-5p	dme-miR-275-3p	-	-	ucagguaccugaaguagcgcgcg	cgcgcuaagcaggaaccgagacu	cgcgcuaagcaggaaccgagacuuugucauuugcuagcagucagguaccugaaguagcgcgcg	2:307135668..307135731:+
1_7756	5.2	59 +/- 49%	-	897	897	0	0	yes	aae-miR-317	dme-miR-317-3p	-	-	ugaacacagcuggugguaucuca	ggauacacccugugcucgcu	ggauacacccugugcucgcuuugcauucgaaacuagugaacacagcuggugguaucuca	1:302667131..302667190:-
1_7754	5.2	59 +/- 49%	-	2599	2599	0	0	yes	aae-miR-277-5p	dme-miR-277-3p	-	-	uaaaugcacuaucugguacgaca	gcgugucagaagugcauuuaca	gcgugucagaagugcauuuacauagguauuucccguuuagcaguauuuguaaaugcacuaucugguacgaca	1:302603812..302603884:-
2_1454	5.2	59 +/- 49%	-	5142	5142	0	0	yes	aae-miR-2a-5p	dme-miR-2a-3p	-	-	uaucacagccagcuuugaaga	ucaaagugguugugaaaug	ucaaagugguugugaaaugaguuacucuugaacgaucucauaucacagccagcuuugaaga	2:107237504..107237565:-
3_3934	5.2	59 +/- 49%	-	26	26	0	0	yes	aae-miR-980-5p	dme-miR-980-3p	-	-	uagcugccuagugaagggcaau	ggccguucauugggucaucuagc	ggccguucauugggucaucuagcucguguuggaaacaguuagcugccuagugaagggcaau	3:1054523..1054584:-
3_4152	5.1	59 +/- 49%	-	356	356	0	0	yes	aae-miR-92b-3p	dme-miR-92a-3p	-	-	aauugcacuugucccggccugc	aggucgugacuugugcccauuug	aggucgugacuugugcccauuugcugaauuuuaauggucaaauugcacuugucccggccugc	3:93418515..93418577:-
2_1460	5.1	59 +/- 49%	-	1053	1053	0	0	yes	aae-miR-2c	dme-miR-2a-3p	-	-	uaucacagccagcuuugauga	aucaaauuugguuguuuuagu	aucaaauuugguuguuuuaguacgaccucuuugaaaccccuaucacagccagcuuugauga	2:107237998..107238059:-
2_917	5.1	59 +/- 49%	-	61	61	0	0	yes	aae-miR-2945-5p	dme-miR-279-3p	-	-	ugacuagaggcagacucguuua	agcggguccguuucuagugucaug	agcggguccguuucuagugucaugugcuguauucgaauaucaugacuagaggcagacucguuua	2:374947142..374947206:+
1_5677	5	59 +/- 49%	-	332	332	0	0	yes	aae-miR-996	dme-miR-279-3p	-	-	ugacuagauuacaugcucgucu	gcgugcaugaaucuggugcacg	gcgugcaugaaucuggugcacgguuuuccaguuguaauaucgcuucgugacuagauuacaugcucgucu	1:207012536..207012605:+
2_2232	5	59 +/- 49%	-	26	26	0	0	yes	aae-miR-79-5p	dme-miR-9a-3p	-	-	uaaagcuagauuaccaaagcau	gcuuuggcgcuuuagcuguaug	gcuuuggcgcuuuagcuguaugauagaauuuaauauuucauaaagcuagauuaccaaagcau	2:335780884..335780946:-
2_2416	5	59 +/- 49%	-	4338	4338	0	0	yes	aae-miR-184	dme-miR-184-3p	-	-	uggacggagaacugauaagggc	ccuuaucauucuugcgccccgu	ccuuaucauucuugcgccccguguuauauuguuggcgacuggacggagaacugauaagggc	2:417599380..417599441:-
NIGP01000533_8036	4.9	82 +/- 23%	-	28	28	0	0	yes	aae-miR-970	dme-miR-970-3p	-	-	ucauaagacacacgcggcuau	agcuugcguuugucuuagcuggua	agcuugcguuugucuuagcugguauugaaugugauagguaucauaagacacacgcggcuau	NIGP01000533:10107..10168:-
2_1049	4.9	82 +/- 23%	-	197	197	0	0	yes	aae-miR-965	dme-miR-965-3p	-	-	uaagcguauagcuuuucccau	gggaaauccuguacgcuguaug	gggaaauccuguacgcuguauguuguauuugaauaauccauaagcguauagcuuuucccau	2:429778751..429778812:+
2_899	4.8	82 +/- 23%	-	32	32	0	0	yes	aae-miR-124	dme-miR-124-3p	-	-	uaaggcacgcggugaaugccaa	gguauccacugccggccuauaug	gguauccacugccggccuauauguccuauuucgguacucauaaggcacgcggugaaugccaa	2:369307279..369307341:+
2_922	4.8	82 +/- 23%	-	25	25	0	0	yes	aae-let-7	dme-let-7-5p	-	-	ugagguaguugguuguauagu	uaugcaaucugcuagcuuguc	ugagguaguugguuguauaguagugacugauuaaauaucugcuaugcaaucugcuagcuuguc	2:375131497..375131560:+
3_4908	4.8	82 +/- 23%	-	22	22	0	0	yes	aae-miR-989	dme-miR-989-3p	-	-	ugugaugugacguagugguac	gccgcuaccucgcuuucacuug	gccgcuaccucgcuuucacuugguaccgauuucccauaauccaugugaugugacguagugguac	3:366439082..366439146:-
3_4158	4.8	82 +/- 23%	-	56	56	0	0	yes	aae-miR-92a-5p	dme-miR-92a-3p	-	-	uauugcacuugucccggccuau	cgguacggacaggggcaacauu	cgguacggacaggggcaacauugugacauuugaaagcuaauauugcacuugucccggccuau	3:93477596..93477658:-
1_7794	4.7	82 +/- 23%	-	161	157	0	4	yes	aae-miR-1175-5p	dme-miR-958-3p	-	-	ugagauucuacuucuccgacuu	aaguggaguaguggucucaucg	aaguggaguaguggucucaucgcuuaguauuagaaaagugagauucuacuucuccgacuu	1:307010046..307010106:-
1_5475	4.7	82 +/- 23%	-	28	28	0	0	yes	aae-miR-970	dme-miR-970-3p	-	-	ucauaagacacacgcggcuau	agcuugcguuugucuuagcuggua	agcuugcguuugucuuagcugguauugaaugugauagguaucauaagacacacgcggcuau	1:157238423..157238484:+
1_5675	4.7	82 +/- 23%	-	163	163	0	0	yes	aae-miR-279	dme-miR-279-3p	-	-	ugacuagauccacacucauuaa	gaugggugugaaucuaguguuucaca	gaugggugugaaucuaguguuucacaugauuuucgauagccugugacuagauccacacucauuaa	1:207007788..207007853:+
2_2386	4.6	82 +/- 23%	-	283	283	0	0	yes	aae-miR-1	dme-miR-1-3p	-	-	uggaauguaaagaaguauggag	ccaugcuuccuugcauucaaua	ccaugcuuccuugcauucaauagugauucugaaagcauauggaauguaaagaaguauggag	2:399501023..399501084:-
2_819	4.6	82 +/- 23%	-	36	36	0	0	yes	aae-miR-133	dme-miR-133-3p	-	-	uugguccccuucaaccagcugu	agcugguugacuucgggucaaau	agcugguugacuucgggucaaaucgucaaauauuugcaaagauauuuccucagugaaauuauuugguccccuucaaccagcugu	2:330417065..330417149:+
2_282	4.5	82 +/- 23%	-	58	58	0	0	yes	aae-miR-9a	dme-miR-9a-5p	-	-	ucuuugguuaucuagcuguauga	auaaagcuagcauaccgaaguua	ucuuugguuaucuagcuguaugagugaauuuagaacaucauaaagcuagcauaccgaaguua	2:108461947..108462009:+
2_924	4.4	82 +/- 23%	-	12	12	0	0	yes	aae-miR-125-5p	dme-miR-125-5p	-	-	ucccugagacccuaacuuguga	acaaguuuugaucuccgguauu	ucccugagacccuaacuugugacuauaguugaaguuucacaaguuuugaucuccgguauu	2:375131781..375131841:+
1_5370	4.4	82 +/- 23%	-	2	1	0	1	yes	aae-miR-927	dme-miR-927-3p	-	-	caaagcguuuggguucugaaac	uuuagaauuccuacgcuuuacc	uuuagaauuccuacgcuuuaccgugauuuguugaaaguuuggcaaagcguuuggguucugaaac	1:115022929..115022993:+
2_536	4.3	82 +/- 23%	-	11	11	0	0	yes	aae-miR-932-5p	dme-miR-932-5p	-	-	ucaauuccguagugcauugcagu	ugcaagcaauguggaagugaag	ucaauuccguagugcauugcagugugcuuuagacgaacugcaagcaauguggaagugaag	2:231381156..231381216:+
2_2288	4.2	82 +/- 23%	-	8	5	0	3	yes	aae-miR-1891	-	-	-	acacguccauuaacucuggua	ugaggaguuaauuugcguguuu	ugaggaguuaauuugcguguuuuuguauuugauuaaacacguccauuaacucuggua	2:360084868..360084925:-
2_776	4	82 +/- 23%	-	722	722	0	0	yes	aae-miR-305-5p	dme-miR-305-5p	-	-	auuguacuucaucaggugcucugg	ccggcacauguuggaguacacuua	auuguacuucaucaggugcucugguuguuuucgauacccggcacauguuggaguacacuua	2:307145445..307145506:+
2_1391	3.8	78 +/- 27%	-	224	224	0	0	yes	aae-miR-276-3p	dme-miR-276a-3p	-	-	uaggaacuucauaccgugcucu	gguaaugguggaaguucguggc	uaggaacuucauaccgugcucuuggauugcuuggaagucaucgagaggguaaugguggaaguucguggc	2:73509352..73509421:-
2_500	3.7	78 +/- 27%	-	120	120	0	0	yes	aae-miR-7	dme-miR-7-5p	-	-	uggaagacuagugauuuuguuguu	uaacaauaaaucucaagucuuucuac	uggaagacuagugauuuuguuguuuugcuuacgauaauaacaauaaaucucaagucuuucuac	2:222802544..222802607:+
2_1635	3.1	78 +/- 27%	-	9	9	0	0	yes	aae-miR-263b-5p	dme-miR-263b-5p	-	-	cuuggcacugggagaauucacag	guggaucuuuucgugccaucgu	cuuggcacugggagaauucacaggcgcuauuugcuaucauucuguggaucuuuucgugccaucgu	2:153371131..153371196:-
2_920	2.7	81 +/- 22%	-	7	7	0	0	yes	aae-miR-100	dme-miR-100-5p	-	-	aacccguagauccgaacuugug	caagaacggauguaugggauuc	aacccguagauccgaacuugugcugccguuucacauguuacaagaacggauguaugggauuc	2:375117351..375117413:+
NIGP01001634_8043	2.1	81 +/- 22%	-	6	4	0	2	yes	aae-miR-10365	dme-miR-927-5p	-	-	auuagaauguggaaucuguuu	aaaaguuuucauauucuugcgg	auuagaauguggaaucuguuuuuguacaucaaguguuacgaaacgaagcaaaaaaguuuucauauucuugcgg	NIGP01001634:30709..30782:-
3_4755	2.1	81 +/- 22%	-	6	4	0	2	yes	aae-miR-10365	dme-miR-927-5p	-	-	auuagaauguggaaucuguuu	aaaaguuuucauauucuugcgg	auuagaauguggaaucuguuuuuguacaucaaguguuacgaaacgaagcaaaaaaguuuucauauucuugcgg	3:320775621..320775694:-
2_1348	2	81 +/- 22%	-	81	81	0	0	yes	aae-miR-11894a	-	-	-	uuuaccauuucaagaugaccua	ggucgucuugaaaugguaaaga	ggucgucuugaaaugguaaagagugucaaucaucaucuuuaccauuucaagaugaccua	2:58786284..58786343:-
2_1346	2	81 +/- 22%	-	81	81	0	0	yes	aae-miR-11894a	-	-	-	uuuaccauuucaagaugaccua	ggucgucuugaaaugguaaaga	ggucgucuugaaaugguaaagagugucaaucaucaucuuuaccauuucaagaugaccua	2:58785850..58785909:-
2_1350	1.9	76 +/- 24%	-	81	81	0	0	yes	aae-miR-11894a	-	-	-	uuuaccauuucaagaugaccua	ggucgucuugaaaugguaaaga	ggucgucuugaaaugguaaagagugucaaucaucaucuuuaccauuucaagaugaccua	2:58787426..58787485:-
2_1352	1.9	76 +/- 24%	-	81	81	0	0	yes	aae-miR-11894a	-	-	-	uuuaccauuucaagaugaccua	ggucgucuugaaaugguaaaga	ggucgucuugaaaugguaaagagugucaaucaucaucuuuaccauuucaagaugaccua	2:58787948..58788007:-
2_14	1.7	76 +/- 24%	-	6	6	0	0	yes	aae-miR-219	dme-miR-219-5p	-	-	ugauuguccaaacgcaauucuug	agaguugugacuggacauccgug	ugauuguccaaacgcaauucuuguuuuauucgaauaugauauccaagaguugugacuggacauccgug	2:3715261..3715329:+
3_4177	1.4	76 +/- 24%	-	121	121	0	0	yes	aae-miR-2765	-	-	-	ugguaacuccaccaccguuggc	caaugggagcuggaguucccgcg	ugguaacuccaccaccguuggcgauauuugacagccaaugggagcuggaguucccgcg	3:101895454..101895512:-
2_2408	1.4	76 +/- 24%	-	67	67	0	0	yes	aae-miR-1890	-	-	-	ugaaaucuuugauuaggucugg	agagcuaauuggagaguucuug	agagcuaauuggagaguucuugaauaguguugugaaccuucaugaaaucuuugauuaggucugg	2:413654961..413655025:-
2_240	1	76 +/- 24%	-	20	20	0	0	no	aae-miR-988-3p	dme-miR-988-3p	-	-	ccccuuguugcaaaccucacgc	ggcagguaggggcaaugggggc	ccccuuguugcaaaccucacgcuugcgguagguuccacaacugcugagagguggcagguaggggcaaugggggc	2:93351417..93351491:+
2_2251	0.7	72 +/- 21%	-	4	4	0	0	yes	aae-miR-263a-5p	dme-miR-263a-5p	-	-	aauggcacuggaagaauucacg	uguucuggcaguggcauccc	aauggcacuggaagaauucacggguauauuuugaaauccccguguucuggcaguggcauccc	2:348784448..348784510:-
3_3883	0.4	72 +/- 21%	-	2	2	0	0	yes	aae-miR-957	dme-miR-957-3p	-	-	ugaaaccguccaaaacugaggc	guuaguuuugggcggguuuuagu	guuaguuuugggcggguuuuaguguauuucgauuagaguaucaauugaaaccguccaaaacugaggc	3:398466624..398466691:+
1_5145	0.2	72 +/- 21%	-	39	39	0	0	no	aae-miR-210	dme-miR-210-3p	-	-	cuugugcgugugacaacggcuau	agcugcugaccacugcacaagau	agcugcugaccacugcacaagauuagauuaugacucuugugcgugugacaacggcuau	1:54892617..54892675:+
1_7799	0.1	72 +/- 21%	-	3	3	0	0	yes	aae-miR-iab-4-5p	dme-miR-iab-4-5p	-	-	acguauacugaauguauccuga	gguauaccuucaguauacguaa	acguauacugaauguauccugagugcuaucuauccgguauaccuucaguauacguaa	1:308965424..308965481:-
3_4093	-0.4	51 +/- 21%	-	2	2	0	0	yes	aae-miR-1000	dme-miR-1000-5p	-	-	auauuguccugucacagcagu	uguuguuucgggacauuuaca	auauuguccugucacagcaguacuguuacaaauuuacuguuguuucgggacauuuaca	3:74204061..74204119:-
1_7804	-0.6	51 +/- 21%	-	1	1	0	0	yes	aae-miR-993	dme-miR-993-3p	-	-	gaagcucguuucuauagaggu	ccuguaguuccgggcuuuug	ccuguaguuccgggcuuuugugguuucuuuuauuguuaauuaucagaagcucguuucuauagaggu	1:310672024..310672090:-
2_774	-1	51 +/- 21%	-	497	497	0	0	no	aae-miR-275-3p	dme-miR-275-3p	-	-	ucagguaccugaaguagcgcgcg	ucaucaagcgacaacagaggcgugaaa	ucagguaccugaaguagcgcgcgugaucaaacaggaagcgucaucaagcgacaacagaggcgugaaa	2:307135708..307135775:+
2_1434	-2.3	0 +/- 1%	-	392	392	0	0	no	aae-miR-281-5p	dme-miR-281-2-5p	-	-	aagagagcuauccgucgacagu	cguugacgugggauuuuuuug	cguugacgugggauuuuuuuguucauuuuguucuuucgcugguuucgaauaugaaaauaaagagagcuauccgucgacagu	2:96469398..96469479:-
2_1344	-2.4	0 +/- 1%	-	3	3	0	0	yes	aae-miR-11894b	-	-	-	uuuaccauuucaauaugaccua	ggucguauugaaaugguaaaga	ggucguauugaaaugguaaagagugucaaucaucaucuuuaccauuucaauaugaccua	2:58784590..58784649:-
2_2026	-2.4	0 +/- 1%	-	5	5	0	0	yes	aae-miR-2941	-	-	-	uaguacggcuagaacuccacgga	cgugguguuuagacguauuaca	cgugguguuuagacguauuacaugauuuuuugaacauaacuguaguacggcuagaacuccacgga	2:268456010..268456075:-
3_5014	-3.7	36 +/- 7%	-	4	4	0	0	no	aae-miR-285	dme-miR-285-3p	-	-	uagcaccauucgaaauca	gcuuccaaaggugaguaga	gcuuccaaaggugaguagauggcauucgauacacucuagcaccauucgaaauca	3:406875050..406875104:-
2_2613	-4.2	9 +/- 7%	-	1	1	0	0	yes	aae-miR-11914	-	-	-	agucacuuuuuagugacuugguc	ccuggucacuaaaaagucacuau	agucacuuuuuagugacuuggucacuuuuuucgaccuggucacuaaaaagucacuau	2:464015429..464015486:-
2_1560	-7.7	0 +/- 0%	-	1	1	0	0	no	aae-miR-11919	-	-	-	uagcuagguugcggugcacugc	aguguacucugccuggccggc	aguguacucugccuggccggcgcugcugcgagucuagcuagguugcggugcacugc	2:129145074..129145130:-
2_921	-7.7	0 +/- 0%	-	25	25	0	0	no	aae-let-7	dme-let-7-5p	-	-	ugagguaguugguuguauagu	auuacaguacugcuucuuc	auuacaguacugcuucuuccacguugagguaguugguuguauagu	2:375131473..375131518:+
2_627	-8.2	0 +/- 0%	-	5	5	0	0	no	aae-miR-11893	-	-	-	uuccugacuuauacgcuuaccu	guaaguagauaaaucagaaaga	guaaguagauaaaucagaaagacguuuauaucguuucuuccugacuuauacgcuuaccu	2:257889040..257889099:+

#miRBase miRNAs not detected by miRDeep2
miRBase precursor id	total read count	mature read count(s)	star read count	remaining reads	UCSC browser	NCBI blastn	miRBase mature sequence(s)	miRBase star sequence(s)	miRBase precursor sequence
1221	1221	0	0	-	-	ucagguacugagugacucucag	gagagcaccucgguaucuaagc	-	cauucgcaauuucaccgguucagguacugagugacucucagaugugcauuucucaagcaaucucguccucaggaccugagguugaaaaacccugagagcaccucgguaucuaagccaguguugcgaaaa	
637	637	0	0	-	-	cacguuacagauugggguuucc	uaaucucaaauuguaacagugg	-	gagguaaucucaaauuguaacaguggguugauuuuccuggugaaucccggccuuguccuccgucacaagugugacaagugucucgaaaacguguucgcuauacccacguuacagauugggguuucccc	
526	526	0	0	-	-	caaccacuauccgcccugccgcc	uggcagugugguuagcugguug	-	caaggcaauacgcuauggcagugugguuagcugguuguguagaacuuuggggggcuuccguggcguucgcgcgcacacgggggcucagauucacaaccacuauccgcccugccgccgcgaggugccagg	
648	648	0	0	-	-	ugguuuaucuuaucugucgaggc	gucgacagggagauaaaucacu	-	cauugguuuaucuuaucugucgaggcaaguuauuuuaccggauaguguuucuuuucgugagcaaucaccacuauccagcucuucuugucgacagggagauaaaucacug	
78	78	0	0	-	-	ugucuuuuuccgcuuacugccg	-	ccaacauuuugauugauuugucuuuuuccgcuuacugccgguggcauuugaaauucucgacagcaaaccgaaaaaggcgccucaaucaauu	
40	40	0	0	-	-	uucaugcauucacuucugcuga	-	gauaagcaggagugaaugcaugaguuuggcauuugaaacuaauucaugcauucacuucugcugauc	
8	4	0	4	-	-	ucagaucuacuuaauacccau	-	acuccaauucuggguauuuuagauccuuggcauaguuacgugauugaaugcacuguucuucuuugguuuacccaguaucgaacacgcgucaaucugucagaucuacuuaauacccaua	
2	2	0	0	-	-	gaugccucguaaagcaacuggac	-	gccucaguugcuuuccgagcguagcacaguuuggaugcgggcccgugcaucguccacggugaugccucguaaagcaacuggacu	
1	1	0	0	-	-	uucguugucgacgaaaccugca	-	aaaccuugccuggaucggguuucgcggcgaacgggcuuccaccaugaugaauagcaguucguugucgacgaaaccugcacauugcaaggca	
1	1	0	0	-	-	cuuucgagcaguaaucaaaguc	uuuugauuguugcucagaaagc	-	aguguuucuauaaaauuuugauuguugcucagaaagccgugcauuugaaacgggucgcuuucgagcaguaaucaaagucaaauaaaacacca	
1	1	0	0	-	-	aaaugggacugauaugcgaguau	-	ccauucucgcauaacaguaccauauucuugggauuucucauauaaaugggacugauaugcgaguaugg	
1	1	0	0	-	-	cugaaaacuuaaucgauugguc	-	uaaccugaaaacuuaaucgauuggucacuagcugcgcggugaccaaucgauuaaguuuucagcuua	





1	0	0	1	-	-	cgagauacggagagauugcgaca	-	cagucgccucuucacaucucgauaucgaagggaccaucgagauacggagagauugcgacaa	





































