miRDeep2 score	novel miRNAs reported by miRDeep2	novel miRNAs, estimated false positives	novel miRNAs, estimated true positives	known miRNAs in species	known miRNAs in data	known miRNAs detected by miRDeep2	estimated signal-to-noise	excision gearing
10	0	0 +/- 0	0 +/- 0 (0 +/- 0%)	164	7	0 (0%)	0	2
9	0	0 +/- 0	0 +/- 0 (0 +/- 0%)	164	7	0 (0%)	0	2
8	0	0 +/- 0	0 +/- 0 (0 +/- 0%)	164	7	0 (0%)	0	2
7	0	0 +/- 0	0 +/- 0 (0 +/- 0%)	164	7	0 (0%)	0	2
6	0	0 +/- 0	0 +/- 0 (0 +/- 0%)	164	7	0 (0%)	0	2
5	0	0 +/- 0	0 +/- 0 (0 +/- 0%)	164	7	0 (0%)	0	2
4	0	0 +/- 0	0 +/- 0 (0 +/- 0%)	164	7	0 (0%)	0	2
3	0	0 +/- 0	0 +/- 0 (0 +/- 0%)	164	7	0 (0%)	0	2
2	0	0 +/- 0	0 +/- 0 (0 +/- 0%)	164	7	0 (0%)	0	2
1	0	0 +/- 0	0 +/- 0 (0 +/- 0%)	164	7	2 (29%)	3	2
0	1	2 +/- 1	0 +/- 0 (17 +/- 38%)	164	7	2 (29%)	1.9	2
-1	3	3 +/- 1	1 +/- 1 (23 +/- 29%)	164	7	2 (29%)	1.8	2
-2	5	5 +/- 2	1 +/- 1 (15 +/- 22%)	164	7	2 (29%)	1.3	2
-3	16	8 +/- 3	8 +/- 3 (50 +/- 18%)	164	7	2 (29%)	2.2	2
-4	39	15 +/- 4	24 +/- 4 (62 +/- 9%)	164	7	2 (29%)	2.7	2
-5	56	44 +/- 6	13 +/- 6 (22 +/- 10%)	164	7	2 (29%)	1.3	2
-6	75	97 +/- 8	0 +/- 0 (0 +/- 0%)	164	7	2 (29%)	0.8	2
-7	89	152 +/- 10	0 +/- 0 (0 +/- 0%)	164	7	2 (29%)	0.6	2
-8	127	206 +/- 11	0 +/- 0 (0 +/- 0%)	164	7	2 (29%)	0.6	2
-9	161	265 +/- 12	0 +/- 0 (0 +/- 0%)	164	7	2 (29%)	0.6	2
-10	206	315 +/- 13	0 +/- 0 (0 +/- 0%)	164	7	2 (29%)	0.7	2



novel miRNAs predicted by miRDeep2
provisional id	miRDeep2 score	estimated probability that the miRNA candidate is a true positive	rfam alert	total read count	mature read count	loop read count	star read count	significant randfold p-value	miRBase miRNA	example miRBase miRNA with the same seed	UCSC browser	NCBI blastn	consensus mature sequence	consensus star sequence	consensus precursor sequence	precursor coordinate
2_821	0.2	17 +/- 38%	-	3	3	0	0	yes	-	dme-miR-3645-5p	-	-	uugagugcucuaucgaaucacaa	augaggccgguaaagcacucgucg	augaggccgguaaagcacucgucguauuucuuacgggaaauacgauccauuuugagugcucuaucgaaucacaa	2:102061852..102061926:+



mature miRBase miRNAs detected by miRDeep2
tag id	miRDeep2 score	estimated probability that the miRNA is a true positive	rfam alert	total read count	mature read count	loop read count	star read count	significant randfold p-value	mature miRBase miRNA	example miRBase miRNA with the same seed	UCSC browser	NCBI blastn	consensus mature sequence	consensus star sequence	consensus precursor sequence	precursor coordinate
2_4136	1.9	0 +/- 0%	-	22	22	0	0	yes	aae-miR-11894b	-	-	-	uuuaccauuucaauaugaccua	ggucguauugaaaugguaaaga	ggucguauugaaaugguaaagagugucaaucaucaucuuuaccauuucaauaugaccua	2:58784590..58784649:-
2_6766	1.7	0 +/- 0%	-	14	14	0	0	yes	aae-miR-11895	-	-	-	uucaugcauucacuucugcuga	agcaggagugaaugcaugaguu	agcaggagugaaugcaugaguuugacaucugaaacuaauucaugcauucacuucugcuga	2:324949494..324949554:-

#miRBase miRNAs not detected by miRDeep2
miRBase precursor id	total read count	mature read count(s)	star read count	remaining reads	UCSC browser	NCBI blastn	miRBase mature sequence(s)	miRBase star sequence(s)	miRBase precursor sequence
316	316	0	0	-	-	uuuaccauuucaagaugaccua	-	gauggguugucuugaaaugguaaagagugucaaccaucaucuuuaccauuucaagaugaccuauu	
3	3	0	0	-	-	ugguuuaucuuaucugucgaggc	gucgacagggagauaaaucacu	-	cauugguuuaucuuaucugucgaggcaaguuauuuuaccggauaguguuucuuuucgugagcaaucaccacuauccagcucuucuugucgacagggagauaaaucacug	
3	3	0	0	-	-	uggacggagaacugauaagggc	-	ccgguguauucguacccuuaucauucuugcgccccguguuauauuguuggcgacuggacggagaacugauaagggcccgggucaccuu	
2	2	0	0	-	-	gcuuuggcgcuuuagcuguauga	uaaagcuagauuaccaaagcau	-	gaacccaucguccaugcuuuggcgcuuuagcuguaugauagaauuuaauauuucauaaagcuagauuaccaaagcauggaaggcuugggcgguguc	
1	1	0	0	-	-	uaucacagccagcuuugaugagc	-	ugcguuggcaucaaauuugguuguuuuaguacgaccucuuugaaaccccuaucacagccagcuuugaugagcaacgca	
1	1	0	0	-	-	ucauaagacacacgcggcuau	-	aacgguauugcggcuuucauagguagcuugcguuugucuuagcugguauugaaugugauagguaucauaagacacacgcggcuauuuuugagaguaucaagcaucuug	
1	1	0	0	-	-	uaaguacuagugccgcaggag	cugcugcccaagugcuuaucg	-	gaauucuuuacuaaguacuagugccgcaggagagauuugaaccccugcugcccaagugcuuaucgaagagu	
1	1	0	0	-	-	caguacuuauguuaugcucucu	ugaguauuacaucagguacuggu	-	uucggacugaguauuacaucagguacuggugucgauauucgaaucaccaacgaaucggguuccuuugauuaacuuaccaguacuuauguuaugcucucuccg	
2	1	0	1	-	-	cugaaaacuuaaucgauugguc	-	uaaccugaaaacuuaaucgauuggucacuagcugcgcggugaccaaucgauuaaguuuucagcuua	





















5	0	0	5	-	-	cgagauacggagagauugcgaca	-	cagucgccucuucacaucucgauaucgaagggaccaucgagauacggagagauugcgacaa	










1	0	0	1	-	-	aauguuggacaacugcaaggu	-	auaaaauguuggacaacugcaagguacuucaagguuuuuauuucgucuuuaauacaggguaucugcagugaucgauuuucucu	













































3	0	0	3	-	-	accguuacgcgcauauaauuug	-	gcagaccguuacgcgcauauaauuuggccauuuacggcauaauccaauggaaguggccaaacuauauuauaucgcucagu	

































1	0	0	1	-	-	ugacuagaccgaacacucgcguccu	-	aucguuauuuggggcgauugucggacuagucgcugcguacaaaacggaacuauuucaacuagugacuagaccgaacacucgcguccuaaagcacgau	




1	0	0	1	-	-	uuggacuggcaugcguuuaugg	-	cccauaaacgcauaauugucccaugugaauagaaaauccagccacauuggacuggcaugcguuuauggg	
