miRDeep2 score	novel miRNAs reported by miRDeep2	novel miRNAs, estimated false positives	novel miRNAs, estimated true positives	known miRNAs in species	known miRNAs in data	known miRNAs detected by miRDeep2	estimated signal-to-noise	excision gearing
10	0	0 +/- 0	0 +/- 0 (0 +/- 0%)	164	43	2 (5%)	16.7	1
9	0	0 +/- 0	0 +/- 0 (0 +/- 0%)	164	43	2 (5%)	15.4	1
8	0	0 +/- 0	0 +/- 0 (0 +/- 0%)	164	43	2 (5%)	15.4	1
7	0	0 +/- 0	0 +/- 0 (0 +/- 0%)	164	43	2 (5%)	14.3	1
6	0	0 +/- 0	0 +/- 0 (0 +/- 0%)	164	43	2 (5%)	12.5	1
5	0	0 +/- 0	0 +/- 0 (0 +/- 0%)	164	43	3 (7%)	15.8	1
4	0	0 +/- 0	0 +/- 0 (0 +/- 0%)	164	43	5 (12%)	19	1
3	0	0 +/- 0	0 +/- 0 (0 +/- 0%)	164	43	7 (16%)	16.1	1
2	1	0 +/- 1	1 +/- 0 (70 +/- 46%)	164	43	8 (19%)	21.7	1
1	2	1 +/- 1	1 +/- 1 (71 +/- 35%)	164	43	12 (28%)	18.5	1
0	5	2 +/- 1	3 +/- 1 (62 +/- 28%)	164	43	20 (47%)	9.9	1
-1	12	5 +/- 2	7 +/- 2 (60 +/- 17%)	164	43	27 (63%)	6.2	1
-2	19	15 +/- 3	4 +/- 3 (23 +/- 16%)	164	43	29 (67%)	2.6	1
-3	34	27 +/- 5	7 +/- 5 (22 +/- 13%)	164	43	30 (70%)	2.1	1
-4	111	45 +/- 6	66 +/- 6 (59 +/- 5%)	164	43	34 (79%)	3	1
-5	193	112 +/- 8	81 +/- 8 (42 +/- 4%)	164	43	35 (81%)	1.9	1
-6	236	317 +/- 13	0 +/- 0 (0 +/- 0%)	164	43	35 (81%)	0.8	1
-7	267	525 +/- 18	0 +/- 0 (0 +/- 0%)	164	43	35 (81%)	0.6	1
-8	325	738 +/- 20	0 +/- 0 (0 +/- 0%)	164	43	35 (81%)	0.5	1
-9	479	906 +/- 22	0 +/- 0 (0 +/- 0%)	164	43	35 (81%)	0.6	1
-10	660	1056 +/- 22	0 +/- 0 (0 +/- 0%)	164	43	35 (81%)	0.6	1



novel miRNAs predicted by miRDeep2
provisional id	miRDeep2 score	estimated probability that the miRNA candidate is a true positive	rfam alert	total read count	mature read count	loop read count	star read count	significant randfold p-value	miRBase miRNA	example miRBase miRNA with the same seed	UCSC browser	NCBI blastn	consensus mature sequence	consensus star sequence	consensus precursor sequence	precursor coordinate
1_22352	2.3	70 +/- 46%	-	3	2	0	1	yes	-	-	-	-	uguguuucucguccuccggug	ccggggugaauuuggaagcac	ccggggugaauuuggaagcacucuagggcgcgaaaaaaaauuuggguuguuuuuuuuugcagaaauguguuucucguccuccggug	1:65313718..65313804:-
1_19421	1.1	71 +/- 35%	-	20	20	0	0	yes	-	-	-	-	aagcuucuccaacagcagcaca	uguugcaguugguggccaug	uguugcaguugguggccauggagccuccugguggacuuccaccggauaaagauggacauaagcuucuccaacagcagcaca	1:129529110..129529191:+
1_24731	0.9	62 +/- 28%	-	2	2	0	0	yes	-	dme-miR-4978-5p	-	-	accuggaauuccuccaggg	cuccagggauuccaccugg	cuccagggauuccaccuggaauuccuccagggauuccaccuggaauuccuccagggauuccaccuggaauuccuccaggg	1:237860974..237861054:-
1_24732	0.8	62 +/- 28%	-	2	2	0	0	yes	-	dme-miR-4978-5p	-	-	accuggaauuccuccaggg	cuccagggauuccaccugg	cuccagggauuccaccuggaauuccuccagggauuccaccuggaauuccuccaggg	1:237861046..237861102:-
1_22819	0	62 +/- 28%	-	1	1	0	0	yes	-	dme-miR-967-5p	-	-	cgagauacccaacuucggaag	uccgaugcaggguaucuugca	cgagauacccaacuucggaaguggugcauucgauuugcauucggauguacacuaaugcacccuacuuccgaugcaggguaucuugca	1:117946941..117947028:-



mature miRBase miRNAs detected by miRDeep2
tag id	miRDeep2 score	estimated probability that the miRNA is a true positive	rfam alert	total read count	mature read count	loop read count	star read count	significant randfold p-value	mature miRBase miRNA	example miRBase miRNA with the same seed	UCSC browser	NCBI blastn	consensus mature sequence	consensus star sequence	consensus precursor sequence	precursor coordinate
1_25325	14.5	0 +/- 0%	-	20	19	0	1	yes	aae-miR-283	dme-miR-283-5p	-	-	caauaucagcugguaauucuggg	cggaauuccaacugauauccac	caauaucagcugguaauucugggcuuaccccaccguuauacgcuucccggaauuccaacugauauccac	1:305625600..305625669:-
2_8964	11.8	0 +/- 0%	-	15	14	0	1	yes	aae-miR-184	dme-miR-184-3p	-	-	uggacggagaacugauaagggc	ccuuaucauucuugcgccccg	ccuuaucauucuugcgccccguguuauauuguuggcgacuggacggagaacugauaagggc	2:417599380..417599441:-
1_20560	5.5	0 +/- 0%	-	3	2	0	1	yes	aae-miR-279	dme-miR-279-3p	-	-	ugacuagauccacacucauuaa	gaugggugugaaucuaguguuucac	gaugggugugaaucuaguguuucacaugauuuucgauagccugugacuagauccacacucauuaa	1:207007788..207007853:+
3_18169	4.4	0 +/- 0%	-	7	5	0	2	yes	aae-miR-308-5p	-	-	-	cgcgguauauucuuguggcuug	aaucacaggaguauacugugag	cgcgguauauucuuguggcuugaugcauuugaaaaaucucaaaucacaggaguauacugugag	3:403338483..403338546:-
1_23403	3.9	0 +/- 0%	-	11	11	0	0	yes	aae-miR-252-5p	dme-miR-252-5p	-	-	cuaaguacuagugccgcagga	cugcugcccaagugcuuaucg	cuaaguacuagugccgcaggagagauuugaaccccugcugcccaagugcuuaucg	1:175818157..175818212:-
2_5052	2.1	70 +/- 46%	-	573	573	0	0	yes	aae-miR-11894a	-	-	-	uuuaccauuucaagaugaccua	ggucgucuugaaaugguaaaga	ggucgucuugaaaugguaaagagugucaaucaucaucuuuaccauuucaagaugaccua	2:58785158..58785217:-
2_5054	2	70 +/- 46%	-	573	573	0	0	yes	aae-miR-11894a	-	-	-	uuuaccauuucaagaugaccua	ggucgucuugaaaugguaaaga	ggucgucuugaaaugguaaagagugucaaucaucaucuuuaccauuucaagaugaccua	2:58785850..58785909:-
2_5060	2	70 +/- 46%	-	573	573	0	0	yes	aae-miR-11894a	-	-	-	uuuaccauuucaagaugaccua	ggucgucuugaaaugguaaaga	ggucgucuugaaaugguaaagagugucaaucaucaucuuuaccauuucaagaugaccua	2:58787948..58788007:-
2_5058	2	70 +/- 46%	-	573	573	0	0	yes	aae-miR-11894a	-	-	-	uuuaccauuucaagaugaccua	ggucgucuugaaaugguaaaga	ggucgucuugaaaugguaaagagugucaaucaucaucuuuaccauuucaagaugaccua	2:58787426..58787485:-
2_5050	1.9	71 +/- 35%	-	79	79	0	0	yes	aae-miR-11894b	-	-	-	uuuaccauuucaauaugaccua	ggucguauugaaaugguaaaga	ggucguauugaaaugguaaagagugucaaucaucaucuuuaccauuucaauaugaccua	2:58784590..58784649:-
2_5056	1.9	71 +/- 35%	-	573	573	0	0	yes	aae-miR-11894a	-	-	-	uuuaccauuucaagaugaccua	ggucgucuugaaaugguaaaga	ggucgucuugaaaugguaaagagugucaaucaucaucuuuaccauuucaagaugaccua	2:58786284..58786343:-
2_5490	1.8	71 +/- 35%	-	5	5	0	0	yes	aae-miR-2a-5p	dme-miR-2a-3p	-	-	uaucacagccagcuuugaagagcg	cucucaaagugguugugaaaug	cucucaaagugguugugaaaugaguuacucuugaacgaucucauaucacagccagcuuugaagagcg	2:107237501..107237568:-
2_8128	1.7	71 +/- 35%	-	809	809	0	0	yes	aae-miR-11895	-	-	-	uucaugcauucacuucugcuga	agcaggagugaaugcaugaguu	agcaggagugaaugcaugaguuugacaucugaaacuaauucaugcauucacuucugcuga	2:324949494..324949554:-
1_25286	0.7	62 +/- 28%	-	3	3	0	0	yes	aae-miR-277-5p	dme-miR-277-3p	-	-	uaaaugcacuaucugguacgaca	gcgugucagaagugcauuuaca	gcgugucagaagugcauuuacauagguauuucccguuuagcaguauuuguaaaugcacuaucugguacgaca	1:302603812..302603884:-
3_11411	0.6	62 +/- 28%	-	6	6	0	0	yes	aae-bantam-5p	dme-bantam-3p	-	-	ugagaucauuuugaaagcugau	cgguuuucauuuucgaucugacu	cgguuuucauuuucgaucugacuuauuugauuuaacaagagugagaucauuuugaaagcugau	3:178082831..178082894:+
2_5488	0	62 +/- 28%	-	1	1	0	0	yes	aae-miR-2c	dme-miR-2a-3p	-	-	uaucacagccagcuuugaugagcu	cucucaaaguggcugugaaaug	cucucaaaguggcugugaaaugguuugauuuugcucauaucacagccagcuuugaugagcu	2:107235884..107235945:-
3_14636	0	62 +/- 28%	-	1	1	0	0	yes	aae-miR-11-5p	dme-miR-2a-3p	-	-	caucacagucugaguucuugcu	cgagaacuccggcugugaccugug	cgagaacuccggcugugaccuguguacacuuuauccaaaucacaucacagucugaguucuugcu	3:75489864..75489928:-
2_4967	-0.4	60 +/- 17%	-	1	1	0	0	yes	aae-miR-190	dme-miR-190-5p	-	-	agauauguuugauauucuugguugu	acccaggaaucaaacauauuauua	agauauguuugauauucuugguuguuaaauuuuauauuaucacccaggaaucaaacauauuauua	2:48811877..48811942:-
2_5492	-0.4	60 +/- 17%	-	1	1	0	0	yes	aae-miR-13-3p	dme-miR-2a-3p	-	-	uaucacagccauuuugacgagu	ucguaaaaaugguugugcugug	ucguaaaaaugguugugcuguguuguuacgcucgaaauucauaucacagccauuuugacgagu	2:107237650..107237713:-
2_5382	-0.5	60 +/- 17%	-	1	1	0	0	yes	aae-miR-281-5p	dme-miR-281-3p	-	-	ugucauggaauugcucucuuua	aagagagcuauccgucgacagu	aagagagcuauccgucgacaguagggauaugauucacugucauggaauugcucucuuua	2:96469361..96469420:-
3_14800	-0.6	60 +/- 17%	-	1	1	0	0	yes	aae-miR-92a-5p	dme-miR-92a-3p	-	-	uauugcacuugucccggccu	guacggacaggggcaacauu	guacggacaggggcaacauugugacauuugaaagcuaauauugcacuugucccggccu	3:93477598..93477656:-
2_3022	-1.4	23 +/- 16%	-	1	1	0	0	yes	aae-miR-305-5p	dme-miR-305-5p	-	-	auuguacuucaucaggugcucugg	ccggcacauguuggaguacacuua	auuguacuucaucaggugcucugguuguuuucgauacccggcacauguuggaguacacuua	2:307145445..307145506:+
3_15893	-2.6	22 +/- 13%	-	1	1	0	0	yes	aae-miR-11917	-	-	-	cugaaaacuuaaucgauuggu	caaucgauuaaguuuucagcu	cugaaaacuuaaucgauuggucacgagcugguggugaccaaucgauuaaguuuucagcu	3:191110425..191110484:-
2_5496	-2.9	22 +/- 13%	-	3	3	0	0	yes	aae-miR-2c	-	-	-	ucacagccagcuuugaugagca	ggcaucaaauuugguuguuuua	ggcaucaaauuugguuguuuuaguacgaccucuuugaaaccccuaucacagccagcuuugaugagca	2:107237995..107238062:-
1_22189	-3.2	59 +/- 5%	-	2	2	0	0	yes	aae-miR-33	-	-	-	ggugcauuguaguugcauugca	caauacuucugcaaugcaagcca	ggugcauuguaguugcauugcacuuuugcguucgauaacacggugcaauacuucugcaaugcaagcca	1:50888879..50888947:-
3_14879	-3.4	59 +/- 5%	-	2	2	0	0	yes	aae-miR-2765	-	-	-	ugguaacuccaccaccguuggc	caaugggagcuggaguucccgcg	ugguaacuccaccaccguuggcgauauuugacagccaaugggagcuggaguucccgcg	3:101895454..101895512:-
2_5497	-3.7	59 +/- 5%	-	1	1	0	0	yes	aae-miR-71-5p	-	-	-	agaaagacauggguaguga	acuaccuugucuuucaug	agaaagacauggguagugagauaguuucacccuauugcacugggaucucacuaccuugucuuucaug	2:107238287..107238354:-
1_25290	-4.2	42 +/- 4%	-	1	1	0	0	no	aae-miR-317	dme-miR-317-3p	-	-	ugaacacagcuggugguaucu	auacacccugugcucgcu	auacacccugugcucgcuuugcauucgaaacuagugaacacagcuggugguaucu	1:302667133..302667188:-

#miRBase miRNAs not detected by miRDeep2
miRBase precursor id	total read count	mature read count(s)	star read count	remaining reads	UCSC browser	NCBI blastn	miRBase mature sequence(s)	miRBase star sequence(s)	miRBase precursor sequence
7	7	0	0	-	-	ucagguacugagugacucucag	gagagcaccucgguaucuaagc	-	cauucgcaauuucaccgguucagguacugagugacucucagaugugcauuucucaagcaaucucguccucaggaccugagguugaaaaacccugagagcaccucgguaucuaagccaguguugcgaaaa	
6	5	0	1	-	-	caguacuuauguuaugcucucu	ugaguauuacaucagguacuggu	-	uucggacugaguauuacaucagguacuggugucgauauucgaaucaccaacgaaucggguuccuuugauuaacuuaccaguacuuauguuaugcucucuccg	
4	4	0	0	-	-	cacguuacagauugggguuucc	uaaucucaaauuguaacagugg	-	gagguaaucucaaauuguaacaguggguugauuuuccuggugaaucccggccuuguccuccgucacaagugugacaagugucucgaaaacguguucgcuauacccacguuacagauugggguuucccc	
5	5	0	0	-	-	ugguuuaucuuaucugucgaggc	gucgacagggagauaaaucacu	-	cauugguuuaucuuaucugucgaggcaaguuauuuuaccggauaguguuucuuuucgugagcaaucaccacuauccagcucuucuugucgacagggagauaaaucacug	
2	2	0	0	-	-	caaccacuauccgcccugccgcc	uggcagugugguuagcugguug	-	caaggcaauacgcuauggcagugugguuagcugguuguguagaacuuuggggggcuuccguggcguucgcgcgcacacgggggcucagauucacaaccacuauccgcccugccgccgcgaggugccagg	
1	1	0	0	-	-	ucacuuuuuagugacuugguc	-	caagucacuuuuuagugacuuggucacuuuuuucaaucuggucacuaaaaagucacuau	
1	1	0	0	-	-	gugagcaaauuuucaggugugu	-	accagauugucacuggccagccugaaauuugcuaaaccuguguguauuugauucaaacaaucaaggugagcaaauuuucaggugugucggagaacaaucgcaaucau	







































































2	0	0	2	-	-	gugugugaaccguuggcggc	-	agcagugugugaaccguuggcggcgcaacgccugaugguauugaugcugcu	


























