miRDeep2 score	novel miRNAs reported by miRDeep2	novel miRNAs, estimated false positives	novel miRNAs, estimated true positives	known miRNAs in species	known miRNAs in data	known miRNAs detected by miRDeep2	estimated signal-to-noise	excision gearing
10	0	0 +/- 0	0 +/- 0 (0 +/- 0%)	164	103	24 (23%)	44.7	1
9	0	0 +/- 0	0 +/- 0 (0 +/- 0%)	164	103	24 (23%)	34	1
8	0	0 +/- 0	0 +/- 0 (0 +/- 0%)	164	103	27 (26%)	36.4	1
7	0	0 +/- 0	0 +/- 0 (0 +/- 0%)	164	103	27 (26%)	28.2	1
6	0	0 +/- 0	0 +/- 0 (0 +/- 0%)	164	103	27 (26%)	22.7	1
5	0	0 +/- 0	0 +/- 0 (0 +/- 0%)	164	103	45 (44%)	28.8	1
4	3	1 +/- 1	2 +/- 1 (55 +/- 32%)	164	103	62 (60%)	31.8	1
3	4	2 +/- 1	2 +/- 1 (44 +/- 32%)	164	103	64 (62%)	20.6	1
2	11	4 +/- 2	7 +/- 2 (66 +/- 16%)	164	103	69 (67%)	15.7	1
1	19	7 +/- 3	12 +/- 3 (62 +/- 14%)	164	103	77 (75%)	9.8	1
0	29	17 +/- 4	12 +/- 4 (42 +/- 14%)	164	103	86 (83%)	5.2	1
-1	43	36 +/- 6	7 +/- 6 (17 +/- 13%)	164	103	89 (86%)	2.9	1
-2	72	69 +/- 8	5 +/- 6 (7 +/- 8%)	164	103	90 (87%)	2	1
-3	119	125 +/- 10	2 +/- 4 (2 +/- 3%)	164	103	93 (90%)	1.5	1
-4	209	230 +/- 13	0 +/- 1 (0 +/- 0%)	164	103	94 (91%)	1.2	1
-5	270	400 +/- 15	0 +/- 0 (0 +/- 0%)	164	103	97 (94%)	0.9	1
-6	341	622 +/- 18	0 +/- 0 (0 +/- 0%)	164	103	97 (94%)	0.7	1
-7	439	825 +/- 21	0 +/- 0 (0 +/- 0%)	164	103	97 (94%)	0.6	1
-8	585	997 +/- 24	0 +/- 0 (0 +/- 0%)	164	103	97 (94%)	0.7	1
-9	769	1141 +/- 27	0 +/- 0 (0 +/- 0%)	164	103	97 (94%)	0.7	1
-10	928	1256 +/- 27	0 +/- 0 (0 +/- 0%)	164	103	97 (94%)	0.8	1



novel miRNAs predicted by miRDeep2
provisional id	miRDeep2 score	estimated probability that the miRNA candidate is a true positive	rfam alert	total read count	mature read count	loop read count	star read count	significant randfold p-value	miRBase miRNA	example miRBase miRNA with the same seed	UCSC browser	NCBI blastn	consensus mature sequence	consensus star sequence	consensus precursor sequence	precursor coordinate
1_16303	4.5	55 +/- 32%	-	9	9	0	0	yes	-	dme-miR-193-5p	-	-	cugggauucggagagaaucccgu	gggauucggagagaaucccgucu	gggauucggagagaaucccgucugggauucggagagaaucccgucugggauucggagagaaucccgu	1:39891818..39891885:+
1_16304	4.4	55 +/- 32%	-	9	9	0	0	yes	-	dme-miR-193-5p	-	-	cugggauucggagagaaucccgu	gggauucugagagaaucccgac	cugggauucggagagaaucccgucugggauucggagagaaucccgacugggauucugagagaaucccgac	1:39891885..39891955:+
NIGP01000718_23548	4.3	55 +/- 32%	-	9	9	0	0	yes	-	dme-miR-193-5p	-	-	cugggauucggagagaaucccgu	gggauucggagagaaucccgac	gggauucggagagaaucccgacugggauucggagagaaucccgucugggauucggagagaaucccgu	NIGP01000718:14932..14999:-
1_17879	3	44 +/- 32%	-	12	6	3	3	no	-	-	-	-	cggguaacgugccuugggggg	aucaggcgcacguucgaccug	cggguaacgugccuuggggggccauggcucggcggggucgucagggaggacgacagcuucagccaucaggcgcacguucgaccug	1:205694507..205694592:+
2_365	2.7	66 +/- 16%	-	11	11	0	0	yes	-	-	-	-	cuagaggcagcaacagccgcu	cggcuguugcugcaucuaggc	cuagaggcagcaacagccgcuccaaaauuuccuugcgcggcuguugcugcaucuaggc	2:58769427..58769485:+
3_12718	2.6	66 +/- 16%	-	12	6	6	0	yes	-	-	-	-	agacggccuuacaguugaggu	cucaacuguaaggccgucuug	cucaacuguaaggccgucuugucauguacuagacuccacuagagucuaguacacgacacugaagacggccuuacaguugaggu	3:68235935..68236018:-
3_8981	2.3	66 +/- 16%	-	6	6	0	0	yes	-	dme-miR-971-3p	-	-	uugguguuauaucuuacagugag	ggcuguaaguauuacagcaagc	ggcuguaaguauuacagcaagcuugcuauucgaaaggcgcuugguguuauaucuuacagugag	3:82678953..82679016:+
2_713	2.2	66 +/- 16%	-	55	41	11	3	yes	-	-	-	-	aaauccaauccaaauccaauc	uuggauuggauuuggauu	uuggauuggauuuggauuggauuuggauuggauuuggauugauuccaauccaauuucuauccaaauccaauccaaauccaauc	2:92227473..92227556:+
1_16580	2.2	66 +/- 16%	-	12	12	0	0	yes	-	-	-	-	uaagcugaaaacuuaaucgauu	ucgauuagguuuucagcucaaa	uaagcugaaaacuuaaucgauuagucacuagcugguggugacaaaucgauuagguuuucagcucaaa	1:71647657..71647724:+
NIGP01000718_23543	2	66 +/- 16%	-	5	5	0	0	yes	-	dme-miR-193-5p	-	-	cugggauucugagagaaucccgu	gggauucuaagagaauccagugu	cugggauucugagagaaucccgucugggauuucugagagaaucucguuugggauucuaagagaauccagugu	NIGP01000718:10810..10882:-
1_16305	2	66 +/- 16%	-	5	5	0	0	yes	-	dme-miR-193-5p	-	-	cugggauucugagagaaucccgu	gugauucugagacaaucccguc	gugauucugagacaaucccgucugggauucugagagaaucccgacugggauucugagagaaucccgu	1:39892025..39892092:+
1_19771	1.9	62 +/- 14%	-	12	12	0	0	yes	-	-	-	-	uaagcugaaaacuuaaucgauu	ucgauuagguuuucagcucaaa	uaagcugaaaacuuaaucgauugaucacuagcugguggugccuaaucgauuagguuuucagcucaaa	1:92484037..92484104:-
NIGP01001771_22772	1.7	62 +/- 14%	-	32	32	0	0	yes	-	-	-	-	gaagauagucagacguggugu	accgcgguugaugaauacauc	gaagauagucagacgugguguggugacacaccgcgguugaugaauacauc	NIGP01001771:6887..6937:+
3_13573	1.7	62 +/- 14%	-	9	9	0	0	yes	-	-	-	-	caauugucgacucgagugaag	ucacucgagucgacaauuguc	caauugucgacucgagugaagugacucgccguguaaaucaaauggagagucacuucacucgagucgacaauuguc	3:155906085..155906160:-
2_3841	1.7	62 +/- 14%	-	11	11	0	0	yes	-	-	-	-	cuagaggcagcaacagccgcu	cggcugucgcugccucaaggc	cuagaggcagcaacagccgcucaaaauuuccuugcgcggcugucgcugccucaaggc	2:1678097..1678154:-
3_15297	1.7	62 +/- 14%	-	11	11	0	0	yes	-	-	-	-	ccaaacauccguugagcuga	agcuuaaacggaugcuugguu	ccaaacauccguugagcugaaaaccuaaucaacuggucaccaccagcuuaaacggaugcuugguu	3:326338987..326339052:-
2_6739	1.5	62 +/- 14%	-	17	11	3	3	yes	-	-	-	-	auuggauuuggauuggauuugg	uuggauuggauuuggauu	auuggauuuggauuggauuuggauuggauuuggauuggauuuggauuggauuuggauuggauuuggauuggauuuggauggauuuggauuggauuuggauu	2:311032039..311032140:-
2_367	1.4	62 +/- 14%	-	34	34	0	0	yes	-	-	-	-	uuuaccauuucaagacgac	caucuugaaaugguaaaga	caucuugaaaugguaaagaugaugauugacacucuuuaccauuucaagacgac	2:58787431..58787484:+
1_22441	1	62 +/- 14%	-	11	11	0	0	yes	-	-	-	-	cuauuaaacucauaauauggguau	acuuauauuaugaguaaagccgcu	cuauuaaacucauaauauggguauaauuuaccaauaaaaauugguaaaguucacuuauauuaugaguaaagccgcu	1:286155484..286155560:-
3_13321	0.8	42 +/- 14%	-	15	15	0	0	yes	-	-	-	-	uggugauccacuuaccccacc	uggggcaagugguucauuugg	uggugauccacuuaccccaccaugguggggcaagugguucauuugg	3:128537743..128537789:-
3_12581	0.7	42 +/- 14%	-	10	10	0	0	yes	-	-	-	-	cgacgaauuucccuuggaaa	ucccuuggaaauuccgacga	ucccuuggaaauuccgacgaauuucccuuggaaauuccgacgaauuucccuuggaaauuccgacgaauuucccuuggaaauuccgacgaauuucccuuggaaa	3:53340995..53341098:-
3_12579	0.7	42 +/- 14%	-	10	10	0	0	yes	-	-	-	-	cgacgaauuucccuuggaaa	ucccuuggaaauuccgacga	ucccuuggaaauuccgacgaauuucccuuggaaauuccgacgaauuucccuuggaaauuccgacgaauuucccuuggaaauuccgacgaauuucccuuggaaa	3:53339644..53339747:-
3_13047	0.4	42 +/- 14%	-	5	4	1	0	yes	-	dme-miR-190-5p	-	-	ggauauguuggugggaugccu	caauuccacgaacuacaauauccuc	ggauauguuggugggaugccuuuaucaauccgcaucuccugaauuggauuuguaccaauuccacgaacuacaauauccuc	3:105990281..105990361:-
1_18245	0.4	42 +/- 14%	-	5	5	0	0	yes	-	dme-miR-4977-5p	-	-	auucuuuugcguaaguuaaagc	cguaacaaauucgagagaugg	cguaacaaauucgagagaugggugaguuuccgaaagaaaacgcacaaucauucuuuugcguaaguuaaagc	1:224794347..224794418:+
3_12580	0.4	42 +/- 14%	-	10	10	0	0	yes	-	-	-	-	cgacgaauuucccuuggaaa	ucccuuggaaauuccgacga	ucccuuggaaauuccgacgaauuucccuuggaaauuccgacgaauuucccuuggaaauuccgacgaauuucccuuggaaa	3:53339713..53339793:-
1_22196	0.1	42 +/- 14%	-	8	8	0	0	yes	-	-	-	-	agaguaucuucguaccugcc	aggguugacugaagauacucucu	aggguugacugaagauacucucuaugcccugggaaauuuucucgacuuuccagggcauagagaguaucuucguaccugcc	1:253571815..253571895:-
1_19268	0	42 +/- 14%	-	9	9	0	0	yes	-	-	-	-	aucaucugaaaaacgguggccaac	uggacgacggcgaaggugggguga	uggacgacggcgaagguggggugauuguggguggccugaagccaaucagcgaucaucaucugaaaaacgguggccaac	1:35662727..35662805:-
NIGP01000718_23546	0	42 +/- 14%	-	1	1	0	0	yes	-	dme-miR-4986-5p	-	-	ugggauucugagaggaucccgu	gggauucagaaagaaucccgua	gggauucagaaagaaucccguaugagauucugagagaaucccgucugggauucugagaggaucccgu	NIGP01000718:14509..14576:-
3_9855	0	42 +/- 14%	-	2	2	0	0	yes	-	dme-miR-10404-5p	-	-	aauugaaguuuacaugac	cauguaaaaauguguuau	cauguaaaaauguguuauaugucauguaaucacucaggauccuguuggauuacaugauauauaauugaaguuuacaugac	3:173678677..173678757:+



mature miRBase miRNAs detected by miRDeep2
tag id	miRDeep2 score	estimated probability that the miRNA is a true positive	rfam alert	total read count	mature read count	loop read count	star read count	significant randfold p-value	mature miRBase miRNA	example miRBase miRNA with the same seed	UCSC browser	NCBI blastn	consensus mature sequence	consensus star sequence	consensus precursor sequence	precursor coordinate
2_4366	2032	0 +/- 0%	-	3983	3982	0	1	yes	aae-miR-11894a	-	-	-	uuuaccauuucaagaugaccua	ggucgucuugaaaugguaa	ggucgucuugaaaugguaaagagugucaaucaucaucuuuaccauuucaagaugaccua	2:58785158..58785217:-
2_4370	2031.9	0 +/- 0%	-	3983	3982	0	1	yes	aae-miR-11894a	-	-	-	uuuaccauuucaagaugaccua	ggucgucuugaaaugguaa	ggucgucuugaaaugguaaagagugucaaucaucaucuuuaccauuucaagaugaccua	2:58786284..58786343:-
2_4372	2031.8	0 +/- 0%	-	3983	3982	0	1	yes	aae-miR-11894a	-	-	-	uuuaccauuucaagaugaccua	ggucgucuugaaaugguaa	ggucgucuugaaaugguaaagagugucaaucaucaucuuuaccauuucaagaugaccua	2:58787426..58787485:-
2_4374	2031.8	0 +/- 0%	-	3983	3982	0	1	yes	aae-miR-11894a	-	-	-	uuuaccauuucaagaugaccua	ggucgucuugaaaugguaa	ggucgucuugaaaugguaaagagugucaaucaucaucuuuaccauuucaagaugaccua	2:58787948..58788007:-
2_4368	2031.8	0 +/- 0%	-	3983	3982	0	1	yes	aae-miR-11894a	-	-	-	uuuaccauuucaagaugaccua	ggucgucuugaaaugguaa	ggucgucuugaaaugguaaagagugucaaucaucaucuuuaccauuucaagaugaccua	2:58785850..58785909:-
1_22564	508.1	0 +/- 0%	-	988	987	0	1	yes	aae-miR-277-5p	dme-miR-277-3p	-	-	uaaaugcacuaucugguacgaca	cgugucagaagugcauuuaca	cgugucagaagugcauuuacauagguauuucccguuuagcaguauuuguaaaugcacuaucugguacgaca	1:302603812..302603883:-
3_11381	133.5	0 +/- 0%	-	255	254	0	1	yes	aae-miR-8-5p	dme-miR-8-3p	-	-	uaauacugucagguaaagauguc	caucuuaccgggcagcauu	caucuuaccgggcagcauuagauauuuuugaaauacuucuaauacugucagguaaagauguc	3:328527955..328528017:+
3_15880	109.8	0 +/- 0%	-	207	185	0	22	yes	aae-miR-308-5p	dme-miR-2a-3p	-	-	aaucacaggaguauacugugag	cgcgguauauucuuguggcuug	cgcgguauauucuuguggcuugaugcauuugaaaaaucucaaaucacaggaguauacugugag	3:403338483..403338546:-
2_4641	96.9	0 +/- 0%	-	182	171	0	11	yes	aae-miR-281-5p	dme-miR-281-2-5p	-	-	aagagagcuauccgucgacagu	ugucauggaauugcucucuuua	aagagagcuauccgucgacaguagggauaugauucacugucauggaauugcucucuuua	2:96469361..96469420:-
3_9891	75.8	0 +/- 0%	-	152	151	0	1	no	aae-bantam-5p	dme-bantam-3p	-	-	ugagaucauuuugaaagcugauu	ccgguuuucauuuucgaucugacu	ccgguuuucauuuucgaucugacuuauuugauuuaacaagagugagaucauuuugaaagcugauu	3:178082830..178082895:+
1_20489	45.1	0 +/- 0%	-	89	80	0	9	no	aae-miR-252-5p	dme-miR-252-5p	-	-	cuaaguacuagugccgcagga	ccugcugcccaagugcuuaucg	cuaaguacuagugccgcaggagagauuugaaccccugcugcccaagugcuuaucg	1:175818157..175818212:-
2_4746	37.4	0 +/- 0%	-	65	55	0	10	yes	aae-miR-13-5p	dme-miR-2a-3p	-	-	uaucacagccauuuugacgaguu	ucguaaaaaugguugugcugug	ucguaaaaaugguugugcuguguuguuacgcucgaaauucauaucacagccauuuugacgaguu	2:107237649..107237713:-
2_4475	23.7	0 +/- 0%	-	38	30	0	8	yes	aae-miR-276-5p	dme-miR-276a-3p	-	-	uaggaacuucauaccgugcucu	agcgagguauagaguuccuacg	agcgagguauagaguuccuacguugcgugugcgaaauugguaggaacuucauaccgugcucu	2:73120452..73120514:-
3_12788	22.4	0 +/- 0%	-	35	34	0	1	yes	aae-miR-11-5p	dme-miR-2a-3p	-	-	caucacagucugaguucuugcu	cgagaacuccggcugugaccugug	cgagaacuccggcugugaccuguguacacuuuauccaaaucacaucacagucugaguucuugcu	3:75489864..75489928:-
2_4751	18.8	0 +/- 0%	-	35	28	0	7	yes	aae-miR-71-5p	-	-	-	agaaagacauggguagugagau	ucucacuaccuugucuuucau	agaaagacauggguagugagauaguuucacccuauugcacugggaucucacuaccuugucuuucau	2:107238288..107238354:-
2_832	12.9	0 +/- 0%	-	18	17	0	1	yes	aae-miR-9a	dme-miR-9a-5p	-	-	ucuuugguuaucuagcuguauga	uaaagcuagcauaccgaaguua	ucuuugguuaucuagcuguaugagugaauuuagaacaucauaaagcuagcauaccgaaguua	2:108461947..108462009:+
2_6977	10.2	0 +/- 0%	-	12	11	0	1	yes	aae-miR-9c-5p	dme-miR-9a-5p	-	-	ucuuugguauucuagcuguaga	uaaagcuuuaguaccagagguc	ucuuugguauucuagcuguagaauguugagcuuugugauaugguaucuucuaaagcuuuaguaccagagguc	2:335810364..335810436:-
2_7171	8.9	0 +/- 0%	-	17	16	0	1	yes	aae-miR-1891	-	-	-	ugaggaguuaauuugcguguuu	acacguccauuaacucugguac	ugaggaguuaauuugcguguuuuuguauuugauuaaacacguccauuaacucugguac	2:360084867..360084925:-
3_10611	8.1	0 +/- 0%	-	7	6	0	1	yes	aae-miR-307	dme-miR-307a-3p	-	-	ucacaaccuccuugagugagcga	acucacucaaccugggugugaug	acucacucaaccugggugugaugcuuauuugaaucaucacaaccuccuugagugagcga	3:244794376..244794435:+
1_18014	8	0 +/- 0%	-	15	8	0	7	yes	aae-miR-279	-	-	-	gaugggugugaaucuaguguuuc	ugacuagauccacacucauuaa	gaugggugugaaucuaguguuucacaugauuuucgauagccugugacuagauccacacucauuaa	1:207007788..207007853:+
1_17710	5.4	0 +/- 0%	-	14	14	0	0	yes	aae-miR-929	dme-miR-929-5p	-	-	aaauugacucuaguagggagu	ucccuaacggagucagauuga	aaauugacucuaguagggaguccuuguguacgagugacucccuaacggagucagauuga	1:198495526..198495585:+
2_4742	5.4	0 +/- 0%	-	106	106	0	0	yes	aae-miR-2c	dme-miR-2a-3p	-	-	uaucacagccagcuuugaugagcu	cucucaaaguggcugugaaaug	cucucaaaguggcugugaaaugguuugauuuugcucauaucacagccagcuuugaugagcu	2:107235884..107235945:-
1_17006	5.4	0 +/- 0%	-	4	1	0	3	yes	aae-miR-927	dme-miR-927-5p	-	-	uuuagaauuccuacgcuuuacc	caaagcguuuggguucugaaac	uuuagaauuccuacgcuuuaccgugauuuguugaaaguuuggcaaagcguuuggguucugaaac	1:115022929..115022993:+
3_14484	5.3	0 +/- 0%	-	13	13	0	0	yes	aae-miR-278-5p	dme-miR-278-3p	-	-	ucggugggacuuucguccguuu	acggacgauagucuucagcggcc	acggacgauagucuucagcggccgugcauuugauagaaguggucggugggacuuucguccguuu	3:243123888..243123952:-
2_4494	5.3	0 +/- 0%	-	30	30	0	0	yes	aae-miR-276-3p	dme-miR-276a-3p	-	-	uaggaacuucauaccgugcucu	agcgagguauagaguuccuaug	agcgagguauagaguuccuaugcguucggauaaaauauuccauaggaacuucauaccgugcucu	2:73509399..73509463:-
1_19405	5.3	0 +/- 0%	-	16	16	0	0	yes	aae-miR-33	dme-miR-33-5p	-	-	gugcauuguaguugcauugca	caauacuucugcaaugcaagc	gugcauuguaguugcauugcacuuuugcguucgauaacacggugcaauacuucugcaaugcaagc	1:50888881..50888946:-
1_22568	5.2	0 +/- 0%	-	178	178	0	0	yes	aae-miR-317	dme-miR-317-3p	-	-	ugaacacagcuggugguaucuca	ggauacacccugugcucgcu	ggauacacccugugcucgcuuugcauucgaaacuagugaacacagcuggugguaucuca	1:302667131..302667190:-
2_4744	5.2	0 +/- 0%	-	286	286	0	0	yes	aae-miR-2a-5p	dme-miR-2a-3p	-	-	uaucacagccagcuuugaaga	ucaaagugguugugaaaug	ucaaagugguugugaaaugaguuacucuugaacgaucucauaucacagccagcuuugaaga	2:107237504..107237565:-
2_2473	5.2	0 +/- 0%	-	47	47	0	0	yes	aae-miR-275-5p	dme-miR-275-3p	-	-	ucagguaccugaaguagcgcg	cgcuaagcaggaaccgagacu	cgcuaagcaggaaccgagacuuugucauuugcuagcagucagguaccugaaguagcgcg	2:307135670..307135729:+
3_12888	5.1	0 +/- 0%	-	27	27	0	0	yes	aae-miR-92b-3p	dme-miR-92a-3p	-	-	aauugcacuugucccggccugc	aggucgugacuugugcccauuug	aggucgugacuugugcccauuugcugaauuuuaauggucaaauugcacuugucccggccugc	3:93418515..93418577:-
2_4643	5.1	0 +/- 0%	-	13	13	0	0	yes	aae-miR-282-5p	dme-miR-282-5p	-	-	uagccucuccuaggcuuugucug	gacauagccugacagagguuagg	uagccucuccuaggcuuugucuguuaccuuccuugggaauuccacuagccagacauagccugacagagguuagg	2:96911966..96912040:-
1_22605	5.1	0 +/- 0%	-	449	449	0	0	yes	aae-miR-283	dme-miR-283-5p	-	-	caauaucagcugguaauucuggg	cggaauuccaacugauauccac	caauaucagcugguaauucugggcuuaccccaccguuauacgcuucccggaauuccaacugauauccac	1:305625600..305625669:-
2_7616	5	0 +/- 0%	-	281	281	0	0	yes	aae-miR-184	dme-miR-184-3p	-	-	uggacggagaacugauaagggc	ccuuaucauucuugcgccccgu	ccuuaucauucuugcgccccguguuauauuguuggcgacuggacggagaacugauaagggc	2:417599380..417599441:-
1_18015	5	0 +/- 0%	-	34	34	0	0	yes	aae-miR-996	dme-miR-279-3p	-	-	ugacuagauuacaugcucgucu	gcgugcaugaaucuggugcacg	gcgugcaugaaucuggugcacgguuuuccaguuguaauaucgcuucgugacuagauuacaugcucgucu	1:207012536..207012605:+
2_3339	4.9	55 +/- 32%	-	18	18	0	0	yes	aae-miR-965	dme-miR-965-3p	-	-	uaagcguauagcuuuucccauu	ggggaaauccuguacgcuguaug	ggggaaauccuguacgcuguauguuguauuugaauaauccauaagcguauagcuuuucccauu	2:429778750..429778813:+
2_6971	4.9	55 +/- 32%	-	12	12	0	0	yes	aae-miR-9b	dme-miR-9a-5p	-	-	ucuuuggugauuuuagcuguaug	uauagcuuuaucaccaaaaacc	ucuuuggugauuuuagcuguaugcugauacguuucugauugcauauagcuuuaucaccaaaaacc	2:335780574..335780639:-
2_2895	4.8	55 +/- 32%	-	17	17	0	0	yes	aae-miR-124	dme-miR-124-3p	-	-	uaaggcacgcggugaaugcca	guauccacugccggccuauaug	guauccacugccggccuauauguccuauuucgguacucauaaggcacgcggugaaugcca	2:369307280..369307340:+
2_2948	4.8	55 +/- 32%	-	17	17	0	0	yes	aae-let-7	dme-let-7-5p	-	-	ugagguaguugguuguauagu	uaugcaaucugcuagcuuguc	ugagguaguugguuguauaguagugacugauuaaauaucugcuaugcaaucugcuagcuuguc	2:375131497..375131560:+
1_22626	4.7	55 +/- 32%	-	97	95	0	2	yes	aae-miR-1175-5p	dme-miR-958-3p	-	-	ugagauucuacuucuccgacuu	aaguggaguaguggucucaucgcu	aaguggaguaguggucucaucgcuuaguauuagaaaagugagauucuacuucuccgacuu	1:307010046..307010106:-
1_22601	4.6	55 +/- 32%	-	247	247	0	0	yes	aae-miR-12-5p	dme-miR-12-5p	-	-	ugaguauuacaucagguacuggu	caguacuuauguuaugcucucu	ugaguauuacaucagguacuggugucgauauucgaaucaccaacgaaucggguuccuuugauuaacuuaccaguacuuauguuaugcucucu	1:305613548..305613640:-
2_2741	4.6	55 +/- 32%	-	18	18	0	0	yes	aae-miR-14	dme-miR-14-3p	-	-	ucagucuuuuucucucuccuau	gggagcgagauuaaggcuugcu	gggagcgagauuaaggcuugcuggucauuuauuacacucgaagucagucuuuuucucucuccuau	2:344767572..344767637:+
2_2635	4.6	55 +/- 32%	-	17	17	0	0	yes	aae-miR-133	dme-miR-133-3p	-	-	uugguccccuucaaccagcugu	agcugguugacuucgggucaaau	agcugguugacuucgggucaaaucgucaaauauuugcaaagauauuuccucagugaaauuauuugguccccuucaaccagcugu	2:330417065..330417149:+
2_7506	4.6	55 +/- 32%	-	111	111	0	0	yes	aae-miR-1	dme-miR-1-3p	-	-	uggaauguaaagaaguauggag	ccaugcuuccuugcauucaaua	ccaugcuuccuugcauucaauagugauucugaaagcauauggaauguaaagaaguauggag	2:399501023..399501084:-
2_2950	4.4	55 +/- 32%	-	19	19	0	0	yes	aae-miR-125-5p	dme-miR-125-5p	-	-	ucccugagacccuaacuuguga	acaaguuuugaucuccgguauu	ucccugagacccuaacuugugacuauaguugaaguuucacaaguuuugaucuccgguauu	2:375131781..375131841:+
2_4305	4.4	55 +/- 32%	-	11	11	0	0	yes	aae-miR-190	dme-miR-190-5p	-	-	agauauguuugauauucuugguug	cccaggaaucaaacauauuauua	agauauguuugauauucuugguuguuaaauuuuauauuaucacccaggaaucaaacauauuauua	2:48811877..48811942:-
3_12084	4.3	55 +/- 32%	-	10	10	0	0	yes	aae-miR-980-5p	dme-miR-980-3p	-	-	uagcugccuagugaagggcaau	ggccguucauugggucaucuagc	ggccguucauugggucaucuagcucguguuggaaacaguuagcugccuagugaagggcaau	3:1054523..1054584:-
2_2476	4	55 +/- 32%	-	103	103	0	0	yes	aae-miR-305-5p	dme-miR-305-5p	-	-	auuguacuucaucaggugcucugg	ccggcacauguuggaguacacuua	auuguacuucaucaggugcucugguuguuuucgauacccggcacauguuggaguacacuua	2:307145445..307145506:+
2_2945	3.3	44 +/- 32%	-	5	4	0	1	yes	aae-miR-100	-	-	-	caagaacggauguaugggauuc	aacccguagauccgaacuugu	aacccguagauccgaacuugugcugccguuucacauguuacaagaacggauguaugggauuc	2:375117351..375117413:+
1_17377	3	44 +/- 32%	-	8	8	0	0	yes	aae-miR-970	dme-miR-970-3p	-	-	ucauaagacacacgcggcuau	agcuugcguuugucuuagcuggua	agcuugcguuugucuuagcugguauugaaugugauagguaucauaagacacacgcggcuau	1:157238423..157238484:+
NIGP01000533_23356	3	44 +/- 32%	-	8	8	0	0	yes	aae-miR-970	dme-miR-970-3p	-	-	ucauaagacacacgcggcuau	agcuugcguuugucuuagcuggua	agcuugcguuugucuuagcugguauugaaugugauagguaucauaagacacacgcggcuau	NIGP01000533:10107..10168:-
3_12896	2.9	66 +/- 16%	-	8	8	0	0	yes	aae-miR-92a-5p	dme-miR-92a-3p	-	-	uauugcacuugucccggccua	gguacggacaggggcaacauu	gguacggacaggggcaacauugugacauuugaaagcuaauauugcacuugucccggccua	3:93477597..93477657:-
2_6974	2.5	66 +/- 16%	-	7	7	0	0	yes	aae-miR-79-5p	dme-miR-4-3p	-	-	auaaagcuagauuaccaaagc	uuuggcgcuuuagcuguauga	uuuggcgcuuuagcuguaugauagaauuuaauauuucauaaagcuagauuaccaaagc	2:335780886..335780944:-
2_3446	2.4	66 +/- 16%	-	17	17	0	0	yes	aae-miR-11917	-	-	-	uaagcugaaaacuuaaucgauu	ucgauuagguuuucagcucaaa	uaagcugaaaacuuaaucgauuggucucuagcugguggugaccaaucgauuagguuuucagcucaaa	2:440906316..440906383:+
2_4362	2	66 +/- 16%	-	3982	3982	0	0	yes	aae-miR-11894a	-	-	-	uuuaccauuucaagaugaccua	gguugucuugaaaugguaaaga	gguugucuugaaaugguaaagagugucaaccaucaucuuuaccauuucaagaugaccua	2:58783350..58783409:-
2_4364	1.9	62 +/- 14%	-	512	512	0	0	yes	aae-miR-11894b	-	-	-	uuuaccauuucaauaugaccua	ggucguauugaaaugguaaaga	ggucguauugaaaugguaaagagugucaaucaucaucuuuaccauuucaauaugaccua	2:58784590..58784649:-
2_6860	1.7	62 +/- 14%	-	3987	3987	0	0	yes	aae-miR-11895	-	-	-	uucaugcauucacuucugcuga	agcaggagugaaugcaugaguu	agcaggagugaaugcaugaguuugacaucugaaacuaauucaugcauucacuucugcuga	2:324949494..324949554:-
2_2941	1.6	62 +/- 14%	-	5	5	0	0	yes	aae-miR-2945-5p	dme-miR-279-3p	-	-	ugacuagaggcagacucguuua	agcggguccguuucuagugucaug	agcggguccguuucuagugucaugugcuguauucgaauaucaugacuagaggcagacucguuua	2:374947142..374947206:+
2_4750	1.5	62 +/- 14%	-	67	67	0	0	yes	aae-miR-2c	-	-	-	ucacagccagcuuugaugagca	ggcaucaaauuugguuguuuua	ggcaucaaauuugguuguuuuaguacgaccucuuugaaaccccuaucacagccagcuuugaugagca	2:107237995..107238062:-
3_13001	1.4	62 +/- 14%	-	16	16	0	0	yes	aae-miR-2765	-	-	-	ugguaacuccaccaccguugg	aaugggagcuggaguucccgcg	ugguaacuccaccaccguuggcgauauuugacagccaaugggagcuggaguucccgcg	3:101895454..101895512:-
2_7590	1.4	62 +/- 14%	-	29	29	0	0	yes	aae-miR-1890	-	-	-	ugaaaucuuugauuaggucugg	agagcuaauuggagaguucuug	agagcuaauuggagaguucuugaauaguguugugaaccuucaugaaaucuuugauuaggucugg	2:413654961..413655025:-
3_15574	1.4	62 +/- 14%	-	5	5	0	0	yes	aae-miR-989	dme-miR-989-3p	-	-	ugugaugugacguagugguac	gccgcuaccucgcuuucacuug	gccgcuaccucgcuuucacuugguaccgauuucccauaauccaugugaugugacguagugguac	3:366439082..366439146:-
2_1728	1.3	62 +/- 14%	-	7	7	0	0	yes	aae-miR-7	dme-miR-7-5p	-	-	uggaagacuagugauuuuguuguu	uaacaauaaaucucaagucuuucuac	uggaagacuagugauuuuguuguuuugcuuacgauaauaacaauaaaucucaagucuuucuac	2:222802544..222802607:+
2_721	0.9	42 +/- 14%	-	3	3	0	0	yes	aae-miR-988-5p	dme-miR-988-3p	-	-	ccccuuguugcaaaccucacgc	gugugcuuugugacaaugag	gugugcuuugugacaaugagauucgguucgauaucauccccuuguugcaaaccucacgc	2:93351380..93351439:+
1_18521	0.9	42 +/- 14%	-	3	3	0	0	yes	aae-miR-999	dme-miR-999-3p	-	-	uguuaacuguaagacugugucu	acgcggucgugcaggaaauuauu	acgcggucgugcaggaaauuauuuggcauuagauucaaauguuaacuguaagacugugucu	1:252222293..252222354:+
2_1812	0.7	42 +/- 14%	-	4	4	0	0	yes	aae-miR-932-5p	dme-miR-932-5p	-	-	ucaauuccguagugcauugcagu	ugcaagcaauguggaagugaag	ucaauuccguagugcauugcagugugcuuuagacgaacugcaagcaauguggaagugaag	2:231381156..231381216:+
1_16401	0.2	42 +/- 14%	-	23	23	0	0	no	aae-miR-210	dme-miR-210-3p	-	-	cuugugcgugugacaacggcuau	agcugcugaccacugcacaagau	agcugcugaccacugcacaagauuagauuaugacucuugugcgugugacaacggcuau	1:54892617..54892675:+
3_12786	0	42 +/- 14%	-	1	1	0	0	yes	aae-miR-998	dme-miR-285-3p	-	-	uagcaccaugagauucagcuc	acugaacucucgugggucugca	acugaacucucgugggucugcaguugauauuucgaaagcuuguagcaccaugagauucagcuc	3:75489589..75489652:-
3_9440	0	42 +/- 14%	-	58	58	0	0	no	aae-miR-31	dme-miR-31b-5p	-	-	uggcaagauguuggcauagcug	gcuauucaacuucuugucuau	uggcaagauguuggcauagcugaaaguuuugaguuuagcuauucaacuucuugucuau	3:136174150..136174208:+
3_15908	0	42 +/- 14%	-	4	4	0	0	yes	aae-miR-285	dme-miR-285-3p	-	-	uagcaccauucgaaaucaguac	acuggcuuccaaaggugaguaga	acuggcuuccaaaggugaguagauggcauucgauacacucuagcaccauucgaaaucaguac	3:406875046..406875108:-
2_5133	-0.4	17 +/- 13%	-	2	2	0	0	yes	aae-miR-263b-5p	dme-miR-263b-5p	-	-	cuuggcacugggagaauucacag	guggaucuuuucgugccaucgu	cuuggcacugggagaauucacaggcgcuauuugcuaucauucuguggaucuuuucgugccaucgu	2:153371131..153371196:-
2_22	-0.6	17 +/- 13%	-	1	1	0	0	yes	aae-miR-219	dme-miR-219-5p	-	-	ugauuguccaaacgcaauucuug	agaguugugacuggacauccgug	ugauuguccaaacgcaauucuuguuuuauucgaauaugauauccaagaguugugacuggacauccgug	2:3715261..3715329:+
2_2474	-1	17 +/- 13%	-	47	47	0	0	no	aae-miR-275-3p	dme-miR-275-3p	-	-	ucagguaccugaaguagcgcg	agcgacaacagaggcgugaaa	ucagguaccugaaguagcgcgcgugaucaaacaggaagcgucaucaagcgacaacagaggcgugaaa	2:307135708..307135775:+
1_16525	-1.9	7 +/- 8%	-	5	5	0	0	yes	aae-miR-11901	-	-	-	uaaaguuuuguaacaagu	uugucacaaaacaucaca	uugucacaaaacaucacagaauuguuuuuacugauaaggaacuauguguaaaaauaauucuguaaaguuuuguaacaagu	1:68805966..68806046:+
2_4642	-2.3	2 +/- 3%	-	171	171	0	0	no	aae-miR-281-5p	dme-miR-281-2-5p	-	-	aagagagcuauccgucgacagu	cguugacgugggauuuuuuug	cguugacgugggauuuuuuuguucauuuuguucuuucgcugguuucgaauaugaaaauaaagagagcuauccgucgacagu	2:96469398..96469479:-
2_7075	-2.5	2 +/- 3%	-	5	5	0	0	no	aae-miR-263a-5p	dme-miR-263a-5p	-	-	aauggcacuggaagaauucac	guucuggcaguggcauccc	aauggcacuggaagaauucacggguauauuuugaaauccccguguucuggcaguggcauccc	2:348784448..348784510:-
2_6260	-2.9	2 +/- 3%	-	3	3	0	0	yes	aae-miR-2946	-	-	-	uaguacggaaaagauauggggauu	ucgccauauuuuuaccgcuacugca	ucgccauauuuuuaccgcuacugcauuucauuguaauaauuguaguacggaaaagauauggggauu	2:268456439..268456505:-
2_722	-3.3	0 +/- 0%	-	3	3	0	0	no	aae-miR-988-3p	dme-miR-988-3p	-	-	ccccuuguugcaaaccucacgc	ggcagguaggggcaaugggggc	ccccuuguugcaaaccucacgcuugcgguagguuccacaacugcugagagguggcagguaggggcaaugggggc	2:93351417..93351491:+
2_6258	-3.4	0 +/- 0%	-	3	3	0	0	yes	aae-miR-2941	-	-	-	uaguacggcuagaacuccacgga	cgugguguuuagacguauuaca	cgugguguuuagacguauuacaugauuuuuugaacauaacuguaguacggcuagaacuccacgga	2:268456010..268456075:-
2_5396	-4.3	0 +/- 0%	-	1	1	0	0	yes	aae-miR-11899	-	-	-	uaugaccgauuuaauauaugg	auguaugauuucggucaugua	auguaugauuucggucauguaugcaguugaaaauaauuauaugaccgauuuaauauaugg	2:182319043..182319103:-
2_7517	-4.7	0 +/- 0%	-	1	1	0	0	no	aae-miR-2944a-5p	dme-miR-5-5p	-	-	gaaggaacuucugcugugaucu	aucacaguaguuguacuuuaa	gaaggaacuucugcugugaucugaguuagauacauaucacaguaguuguacuuuaa	2:402152658..402152714:-
2_2947	-7.7	0 +/- 0%	-	17	17	0	0	no	aae-let-7	dme-let-7-5p	-	-	ugagguaguugguuguauagu	auuacaguacugcuucuuc	auuacaguacugcuucuuccacguugagguaguugguuguauagu	2:375131473..375131518:+

#miRBase miRNAs not detected by miRDeep2
miRBase precursor id	total read count	mature read count(s)	star read count	remaining reads	UCSC browser	NCBI blastn	miRBase mature sequence(s)	miRBase star sequence(s)	miRBase precursor sequence
180	180	0	0	-	-	caaccacuauccgcccugccgcc	uggcagugugguuagcugguug	-	caaggcaauacgcuauggcagugugguuagcugguuguguagaacuuuggggggcuuccguggcguucgcgcgcacacgggggcucagauucacaaccacuauccgcccugccgccgcgaggugccagg	
100	100	0	0	-	-	ucagguacugagugacucucag	gagagcaccucgguaucuaagc	-	cauucgcaauuucaccgguucagguacugagugacucucagaugugcauuucucaagcaaucucguccucaggaccugagguugaaaaacccugagagcaccucgguaucuaagccaguguugcgaaaa	
53	45	0	8	-	-	cacguuacagauugggguuucc	uaaucucaaauuguaacagugg	-	gagguaaucucaaauuguaacaguggguugauuuuccuggugaaucccggccuuguccuccgucacaagugugacaagugucucgaaaacguguucgcuauacccacguuacagauugggguuucccc	
33	33	0	0	-	-	ugucuuuuuccgcuuacugccg	-	ccaacauuuugauugauuugucuuuuuccgcuuacugccgguggcauuugaaauucucgacagcaaaccgaaaaaggcgccucaaucaauu	
47	47	0	0	-	-	ugguuuaucuuaucugucgaggc	gucgacagggagauaaaucacu	-	cauugguuuaucuuaucugucgaggcaaguuauuuuaccggauaguguuucuuuucgugagcaaucaccacuauccagcucuucuugucgacagggagauaaaucacug	
2	2	0	0	-	-	auauuguccugucacagcagu	-	cgauuuuugcuagaaaccgauuauauuguccugucacagcaguacuguuacaaauuuacuguuguuucgggacauuuacauugauucuagccgucac	
1	1	0	0	-	-	ucagaucuacuuaauacccau	-	acuccaauucuggguauuuuagauccuuggcauaguuacgugauugaaugcacuguucuucuuugguuuacccaguaucgaacacgcgucaaucugucagaucuacuuaauacccaua	
1	1	0	0	-	-	cuuucgagcaguaaucaaaguc	uuuugauuguugcucagaaagc	-	aguguuucuauaaaauuuugauuguugcucagaaagccgugcauuugaaacgggucgcuuucgagcaguaaucaaagucaaauaaaacacca	
1	1	0	0	-	-	ugaaaccguccaaaacugaggc	-	uccggcguuaguuuugggcggguuuuaguguauuucgauuagaguaucaauugaaaccguccaaaacugaggccggcg	











4	0	0	4	-	-	aauguuggacaacugcaaggu	-	auaaaauguuggacaacugcaagguacuucaagguuuuuauuucgucuuuaauacaggguaucugcagugaucgauuuucucu	





































