miRDeep2 score	novel miRNAs reported by miRDeep2	novel miRNAs, estimated false positives	novel miRNAs, estimated true positives	known miRNAs in species	known miRNAs in data	known miRNAs detected by miRDeep2	estimated signal-to-noise	excision gearing
10	1	0 +/- 1	1 +/- 0 (74 +/- 44%)	164	98	21 (21%)	45	1
9	1	0 +/- 1	1 +/- 0 (73 +/- 45%)	164	98	21 (21%)	41.9	1
8	1	0 +/- 1	1 +/- 0 (72 +/- 45%)	164	98	23 (23%)	40.4	1
7	1	0 +/- 1	1 +/- 0 (69 +/- 46%)	164	98	24 (24%)	38.5	1
6	4	0 +/- 1	4 +/- 1 (89 +/- 18%)	164	98	24 (24%)	39.7	1
5	4	1 +/- 1	3 +/- 1 (87 +/- 19%)	164	98	36 (37%)	49.2	1
4	4	1 +/- 1	3 +/- 1 (83 +/- 21%)	164	98	49 (50%)	46	1
3	4	1 +/- 1	3 +/- 1 (78 +/- 22%)	164	98	55 (56%)	39.7	1
2	7	1 +/- 1	6 +/- 1 (81 +/- 14%)	164	98	61 (62%)	29.4	1
1	13	2 +/- 2	11 +/- 2 (81 +/- 12%)	164	98	69 (70%)	20.1	1
0	23	6 +/- 3	17 +/- 3 (73 +/- 11%)	164	98	73 (74%)	10.2	1
-1	42	15 +/- 4	27 +/- 4 (65 +/- 9%)	164	98	77 (79%)	6	1
-2	64	38 +/- 6	26 +/- 6 (40 +/- 9%)	164	98	80 (82%)	3.1	1
-3	97	69 +/- 7	28 +/- 7 (29 +/- 8%)	164	98	82 (84%)	2.2	1
-4	227	127 +/- 10	100 +/- 10 (44 +/- 5%)	164	98	84 (86%)	2.2	1
-5	346	306 +/- 14	40 +/- 14 (11 +/- 4%)	164	98	85 (87%)	1.3	1
-6	432	670 +/- 18	0 +/- 0 (0 +/- 0%)	164	98	85 (87%)	0.7	1
-7	521	1041 +/- 24	0 +/- 0 (0 +/- 0%)	164	98	85 (87%)	0.6	1
-8	695	1369 +/- 27	0 +/- 0 (0 +/- 0%)	164	98	85 (87%)	0.6	1
-9	994	1669 +/- 29	0 +/- 0 (0 +/- 0%)	164	98	85 (87%)	0.6	1
-10	1311	1898 +/- 32	0 +/- 0 (0 +/- 0%)	164	98	86 (88%)	0.7	1



novel miRNAs predicted by miRDeep2
provisional id	miRDeep2 score	estimated probability that the miRNA candidate is a true positive	rfam alert	total read count	mature read count	loop read count	star read count	significant randfold p-value	miRBase miRNA	example miRBase miRNA with the same seed	UCSC browser	NCBI blastn	consensus mature sequence	consensus star sequence	consensus precursor sequence	precursor coordinate
1_33183	28.4	74 +/- 44%	-	54	33	0	21	yes	-	-	-	-	caauccaauccaaacccaaucc	auuggguuuggauuggauuagga	auuggguuuggauuggauuaggauugcauuugaacuccaauccaauccaaacccaaucc	1:9914681..9914740:-
2_1320	6.5	89 +/- 18%	-	10	9	0	1	yes	-	-	-	-	ccauggguugaauuccgccgg	cggcggaauucaacccaugacu	ccauggguugaauuccgccgguuuguuccgauacaucggcggaauucaacccaugacu	2:93632918..93632976:+
2_8185	6.5	89 +/- 18%	-	10	9	0	1	yes	-	-	-	-	ccauggguugaauuccgccgg	cggcggaauucaacccaugacu	ccauggguugaauuccgccgguuuguuccgauacaucggcggaauucaacccaugacu	2:101138860..101138918:-
2_5596	6.5	89 +/- 18%	-	10	9	0	1	yes	-	-	-	-	ccauggguugaauuccgccgg	cggcggaauucaacccaugacu	ccauggguugaauuccgccgguuuguuccgauacaucggcggaauucaacccaugacu	2:404562446..404562504:+
3_18925	2.5	81 +/- 14%	-	16	15	0	1	yes	-	-	-	-	cuagaggcagcaacagccgcu	uguugcugccucaaggcggaaa	cuagaggcagcaacagccgcucaaaauuuccuugcgcggcuguugcugccucaaggcggaaa	3:265158530..265158592:+
1_31040	2.4	81 +/- 14%	-	15	15	0	0	yes	-	-	-	-	cuagaggcagcaacagccgcu	cggcuguugcugccuuaaggc	cuagaggcagcaacagccgcucaaaauuuccuugcgcggcuguugcugccuuaaggc	1:194259872..194259929:+
2_3850	2.3	81 +/- 14%	-	15	15	0	0	yes	-	-	-	-	cuagaggcagcaacagccgcu	cggcugaugcugccucuaggc	cuagaggcagcaacagccgcucaaaauuuccuugcgcggcugaugcugccucuaggc	2:266326731..266326788:+
2_13765	1.8	81 +/- 12%	-	3	2	0	1	yes	-	-	-	-	ggugagcucguuucaugc	gugggacggaaucaagau	gugggacggaaucaagaucaaucggcucgcauugugcgaguaugaggauggauuaucaacuggugagcucguuucaugc	2:448652250..448652329:-
1_32676	1.8	81 +/- 12%	-	5	5	0	0	yes	-	dme-miR-4986-5p	-	-	ugggauucuuccaggagu	accugggauucauccagg	ugggauucuuccaggaguucguccuggaauuuauccaggacuuccaccugggauucauccagg	1:284074191..284074254:+
NIGP01000522_40380	1.5	81 +/- 12%	-	6	4	0	2	yes	-	-	-	-	guuuuggugccagaaguu	acuauuggcgccagaaaaauu	guuuuggugccagaaguuacacuauuggcgccagaaaaauu	NIGP01000522:17743..17784:+
NIGP01000718_40671	1.3	81 +/- 12%	-	3	3	0	0	yes	-	dme-miR-4986-5p	-	-	ugggauucugagaggaucccgu	gggauuuuugagagaaucccauc	ugggauucugagaggaucccgucugggaaucugagaggaucccgucugggauuuuugagagaaucccauc	NIGP01000718:14461..14531:-
2_779	1.2	81 +/- 12%	-	90	90	0	0	yes	-	-	-	-	uuuaccauuucaagacgaccca	ggucaucuugaaaugguaaaga	ggucaucuugaaaugguaaagaugaugauugacacucuuuaccauuucaagacgaccca	2:58787950..58788009:+
NIGP01000718_40672	1	81 +/- 12%	-	3	3	0	0	yes	-	dme-miR-4986-5p	-	-	ugggauucugagaggaucccgu	gggauucagaaagaaucccgua	gggauucagaaagaaucccguaugagauucugagagaaucccgucugggauucugagaggaucccgu	NIGP01000718:14509..14576:-
2_775	0.8	73 +/- 11%	-	12	12	0	0	yes	-	-	-	-	uuuaccauuucaauacgaccca	ggucauauugaaaugguaaaga	ggucauauugaaaugguaaagaugaugauugacacucuuuaccauuucaauacgaccca	2:58784592..58784651:+
1_31728	0.6	73 +/- 11%	-	2	2	0	0	yes	-	dme-miR-4970-5p	-	-	uugggagcuucucuccag	cuccagaagcuugggagc	cuccagaagcuugggagcuucucuccagaagcuugggagcuucucuccagaagcuugggagcuucucuccagaagcuugggagcuucucuccag	1:219386365..219386459:+
3_15414	0.5	73 +/- 11%	-	7	5	0	2	yes	-	-	-	-	cuguaagucgcagacgaaaua	gucuucgacuuacagacu	gucuucgacuuacagacuucuucagugucgagugcucgacacugaagaagucuguaagucgcagacgaaaua	3:65106082..65106154:+
1_31727	0.5	73 +/- 11%	-	2	2	0	0	yes	-	dme-miR-4970-5p	-	-	uugggagcuucucuccag	cuccagaagcuugggagc	cuccagaagcuugggagcuucucuccagaagcuugggagcuucucuccagaagcuugggagcuucucuccag	1:219386321..219386393:+
1_31757	0.4	73 +/- 11%	-	1	1	0	0	yes	-	dme-miR-2494-5p	-	-	auaagugcgcugaagacaccaa	gaugucuucagcgcacucauuc	gaugucuucagcgcacucauucauuauaaaucguagaauaagugcgcugaagacaccaa	1:220398492..220398551:+
2_12548	0.3	73 +/- 11%	-	1	1	0	0	yes	-	dme-miR-992-3p	-	-	aguacacgacacuaaagacgg	aucuucgguuucguguacuag	aucuucgguuucguguacuagagucgagucuaguacacgacacuaaagacgg	2:357492015..357492067:-
2_6863	0.2	73 +/- 11%	-	2	2	0	0	yes	-	dme-miR-287-3p	-	-	gguguugacguugcauagcacgug	ugacggugcaugugacguugcaccug	gguguugacguugcauagcacguggcagugguccgauccaaaggugaugacggugcaugugacguugcaccug	2:14520843..14520916:-
3_15275	0.1	73 +/- 11%	-	2	2	0	0	yes	-	dme-miR-2496-5p	-	-	cugcgugucaucuguagucga	guuugcggaugacacaggc	guuugcggaugacacaggcuucuccgccaaaggacgaagccugcgugucaucuguagucga	3:52629371..52629432:+
2_8156	0	73 +/- 11%	-	2	2	0	0	yes	-	dme-miR-10404-5p	-	-	aauugaaguuuacaugac	cauguaaaaauguguuau	cauguaaaaauguguuauaugucauguaaucauucaggauccugcuggauuacaugacauauaauugaaguuuacaugac	2:98691501..98691581:-
2_1636	0	73 +/- 11%	-	1	1	0	0	yes	-	dme-miR-3645-3p	-	-	cuuggaagcuauucagcaga	ucagcagaagcuucgaagcu	cuuggaagcuauucagcagaagcuugaaacucaucgaaagaagcuuaaaagcuucucagcagaagcuucgaagcu	2:117295518..117295593:+



mature miRBase miRNAs detected by miRDeep2
tag id	miRDeep2 score	estimated probability that the miRNA is a true positive	rfam alert	total read count	mature read count	loop read count	star read count	significant randfold p-value	mature miRBase miRNA	example miRBase miRNA with the same seed	UCSC browser	NCBI blastn	consensus mature sequence	consensus star sequence	consensus precursor sequence	precursor coordinate
2_7642	7380	74 +/- 44%	-	14473	14470	0	3	yes	aae-miR-11894a	-	-	-	uuuaccauuucaagaugaccua	ggucgucuugaaaugguaaagagugu	ggucgucuugaaaugguaaagagugucaaucaucaucuuuaccauuucaagaugaccua	2:58785158..58785217:-
2_7646	7379.9	74 +/- 44%	-	14473	14470	0	3	yes	aae-miR-11894a	-	-	-	uuuaccauuucaagaugaccua	ggucgucuugaaaugguaaagagugu	ggucgucuugaaaugguaaagagugucaaucaucaucuuuaccauuucaagaugaccua	2:58786284..58786343:-
2_7650	7379.9	74 +/- 44%	-	14473	14470	0	3	yes	aae-miR-11894a	-	-	-	uuuaccauuucaagaugaccua	ggucgucuugaaaugguaaagagugu	ggucgucuugaaaugguaaagagugucaaucaucaucuuuaccauuucaagaugaccua	2:58787948..58788007:-
2_7644	7379.9	74 +/- 44%	-	14473	14470	0	3	yes	aae-miR-11894a	-	-	-	uuuaccauuucaagaugaccua	ggucgucuugaaaugguaaagagugu	ggucgucuugaaaugguaaagagugucaaucaucaucuuuaccauuucaagaugaccua	2:58785850..58785909:-
2_7648	7379.9	74 +/- 44%	-	14473	14470	0	3	yes	aae-miR-11894a	-	-	-	uuuaccauuucaagaugaccua	ggucgucuugaaaugguaaagagugu	ggucgucuugaaaugguaaagagugucaaucaucaucuuuaccauuucaagaugaccua	2:58787426..58787485:-
3_27979	200.7	74 +/- 44%	-	392	352	0	40	yes	aae-miR-308-5p	-	-	-	cgcgguauauucuuguggcuug	aaucacaggaguauacugugag	cgcgguauauucuuguggcuugaugcauuugaaaaaucucaaaucacaggaguauacugugag	3:403338483..403338546:-
3_20141	169.1	74 +/- 44%	-	325	314	0	11	yes	aae-miR-8-5p	dme-miR-8-3p	-	-	uaauacugucagguaaagauguc	caucuuaccgggcagcauuaga	caucuuaccgggcagcauuagauauuuuugaaauacuucuaauacugucagguaaagauguc	3:328527955..328528017:+
1_35837	110.4	74 +/- 44%	-	217	216	0	1	no	aae-miR-252-5p	dme-miR-252-5p	-	-	cuaaguacuagugccgcagga	ccugcugcccaagugcuuaucg	cuaaguacuagugccgcaggagagauuugaaccccugcugcccaagugcuuaucg	1:175818157..175818212:-
2_8137	76.5	74 +/- 44%	-	142	134	0	8	yes	aae-miR-281-5p	dme-miR-281-1-5p	-	-	aaagagagcuauccgucgacag	ugucauggaauugcucucuuua	aaagagagcuauccgucgacaguagggauaugauucacugucauggaauugcucucuuua	2:96469361..96469421:-
1_39139	54.8	74 +/- 44%	-	99	98	0	1	yes	aae-miR-283	dme-miR-283-5p	-	-	caauaucagcugguaauucuggg	cggaauuccaacugauaucc	caauaucagcugguaauucugggcuuaccccaccguuauacgcuucccggaauuccaacugauaucc	1:305625602..305625669:-
2_13320	50.6	74 +/- 44%	-	91	90	0	1	yes	aae-miR-184	dme-miR-184-3p	-	-	uggacggagaacugauaagggc	ccuuaucauucuugcgccccgu	ccuuaucauucuugcgccccguguuauauuguuggcgacuggacggagaacugauaagggc	2:417599380..417599441:-
2_13110	48.2	74 +/- 44%	-	87	84	0	3	yes	aae-miR-1	dme-miR-1-3p	-	-	uggaauguaaagaaguauggag	ccaugcuuccuugcauucaaua	ccaugcuuccuugcauucaauagugauucugaaagcauauggaauguaaagaaguauggag	2:399501023..399501084:-
1_39070	27.3	74 +/- 44%	-	45	13	0	32	yes	aae-miR-317	dme-miR-317-5p	-	-	cgggauacacccugugcucgcu	ugaacacagcuggugguaucucagu	cgggauacacccugugcucgcuuugcauucgaaacuagugaacacagcuggugguaucucagu	1:302667129..302667192:-
2_8290	26.7	74 +/- 44%	-	44	31	0	13	yes	aae-miR-13-5p	dme-miR-2a-3p	-	-	uaucacagccauuuugacgaguu	ucguaaaaaugguugugcugug	ucguaaaaaugguugugcuguguuguuacgcucgaaauucauaucacagccauuuugacgaguu	2:107237649..107237713:-
3_22454	16.3	74 +/- 44%	-	23	11	0	12	yes	aae-miR-11-5p	dme-miR-2a-3p	-	-	caucacagucugaguucuugcu	cgagaacuccggcugugaccugug	cgagaacuccggcugugaccuguguacacuuuauccaaaucacaucacagucugaguucuugcu	3:75489864..75489928:-
3_17335	14.7	74 +/- 44%	-	31	18	0	13	no	aae-bantam-5p	dme-bantam-3p	-	-	ugagaucauuuugaaagcugauu	ccgguuuucauuuucgaucugacu	ccgguuuucauuuucgaucugacuuauuugauuuaacaagagugagaucauuuugaaagcugauu	3:178082830..178082895:+
2_12233	11.2	74 +/- 44%	-	14	12	0	2	yes	aae-miR-9c-5p	dme-miR-9a-5p	-	-	ucuuugguauucuagcuguaga	uaaagcuuuaguaccagagguc	ucuuugguauucuagcuguagaauguugagcuuugugauaugguaucuucuaaagcuuuaguaccagagguc	2:335810364..335810436:-
2_8293	8.6	72 +/- 45%	-	15	12	0	3	yes	aae-miR-71-5p	-	-	-	agaaagacauggguagugagau	ucucacuaccuugucuuucau	agaaagacauggguagugagauaguuucacccuauugcacugggaucucacuaccuugucuuucau	2:107238288..107238354:-
2_1505	7.1	69 +/- 46%	-	7	4	0	3	yes	aae-miR-9a	dme-miR-4-3p	-	-	auaaagcuagcauaccgaaguua	ucuuugguuaucuagcugu	ucuuugguuaucuagcuguaugagugaauuuagaacaucauaaagcuagcauaccgaaguua	2:108461947..108462009:+
1_31082	5.4	87 +/- 19%	-	21	21	0	0	yes	aae-miR-929	dme-miR-929-5p	-	-	aaauugacucuaguagggaguc	cucccuaacggagucagauuga	aaauugacucuaguagggaguccuuguguacgagugacucccuaacggagucagauuga	1:198495526..198495585:+
2_8286	5.4	87 +/- 19%	-	16	16	0	0	yes	aae-miR-2c	dme-miR-2a-3p	-	-	uaucacagccagcuuugaugagcu	cucucaaaguggcugugaaaug	cucucaaaguggcugugaaaugguuugauuuugcucauaucacagccagcuuugaugagcu	2:107235884..107235945:-
1_33895	5.3	87 +/- 19%	-	13	13	0	0	yes	aae-miR-33	dme-miR-33-5p	-	-	gugcauuguaguugcauugca	caauacuucugcaaugcaagc	gugcauuguaguugcauugcacuuuugcguucgauaacacggugcaauacuucugcaaugcaagc	1:50888881..50888946:-
2_7880	5.2	87 +/- 19%	-	14	14	0	0	yes	aae-miR-276-3p	dme-miR-276a-3p	-	-	uaggaacuucauaccgugcucu	agcgagguauagaguuccuaug	agcgagguauagaguuccuaugcguucggauaaaauauuccauaggaacuucauaccgugcucu	2:73509399..73509463:-
2_4451	5.2	87 +/- 19%	-	23	23	0	0	yes	aae-miR-275-5p	dme-miR-275-3p	-	-	ucagguaccugaaguagcgcgc	gcgcuaagcaggaaccgagacu	gcgcuaagcaggaaccgagacuuugucauuugcuagcagucagguaccugaaguagcgcgc	2:307135669..307135730:+
1_39062	5.2	87 +/- 19%	-	1258	1258	0	0	yes	aae-miR-277-5p	dme-miR-277-3p	-	-	uaaaugcacuaucugguacgaca	gcgugucagaagugcauuuaca	gcgugucagaagugcauuuacauagguauuucccguuuagcaguauuuguaaaugcacuaucugguacgaca	1:302603812..302603884:-
2_8288	5.2	87 +/- 19%	-	42	42	0	0	yes	aae-miR-2a-5p	dme-miR-2a-3p	-	-	uaucacagccagcuuugaaga	ucaaagugguugugaaaug	ucaaagugguugugaaaugaguuacucuugaacgaucucauaucacagccagcuuugaaga	2:107237504..107237565:-
2_7854	5.1	87 +/- 19%	-	14	14	0	0	yes	aae-miR-276-5p	dme-miR-276a-3p	-	-	uaggaacuucauaccgugcucu	agcgagguauagaguuccuacg	agcgagguauagaguuccuacguugcgugugcgaaauugguaggaacuucauaccgugcucu	2:73120452..73120514:-
2_12228	4.9	83 +/- 21%	-	13	13	0	0	yes	aae-miR-79-5p	dme-miR-4-3p	-	-	auaaagcuagauuaccaaagc	uuuggcgcuuuagcuguauga	uuuggcgcuuuagcuguaugauagaauuuaauauuucauaaagcuagauuaccaaagc	2:335780886..335780944:-
3_27448	4.8	83 +/- 21%	-	53	53	0	0	yes	aae-miR-989	dme-miR-989-3p	-	-	ugugaugugacguagugguacc	cgccgcuaccucgcuuucacuug	cgccgcuaccucgcuuucacuugguaccgauuucccauaauccaugugaugugacguagugguacc	3:366439081..366439147:-
2_7505	4.8	83 +/- 21%	-	25	25	0	0	yes	aae-miR-190	dme-miR-190-5p	-	-	agauauguuugauauucuugguug	cccaggaaucaaacauauuauua	agauauguuugauauucuugguuguuaaauuuuauauuaucacccaggaaucaaacauauuauua	2:48811877..48811942:-
2_12395	4.8	83 +/- 21%	-	9	7	0	2	no	aae-miR-263a-5p	dme-miR-263a-5p	-	-	aauggcacuggaagaauucacggg	cguguucuggcaguggcauccc	aauggcacuggaagaauucacggguauauuuugaaauccccguguucuggcaguggcauccc	2:348784448..348784510:-
1_39135	4.6	83 +/- 21%	-	92	92	0	0	yes	aae-miR-12-5p	dme-miR-12-5p	-	-	ugaguauuacaucagguacuggu	caguacuuauguuaugcucucu	ugaguauuacaucagguacuggugucgauauucgaaucaccaacgaaucggguuccuuugauuaacuuaccaguacuuauguuaugcucucu	1:305613548..305613640:-
2_4757	4.6	83 +/- 21%	-	14	14	0	0	yes	aae-miR-133	dme-miR-133-3p	-	-	uugguccccuucaaccagcugu	agcugguugacuucgggucaaau	agcugguugacuucgggucaaaucgucaaauauuugcaaagauauuuccucagugaaauuauuugguccccuucaaccagcugu	2:330417065..330417149:+
2_5286	4.4	83 +/- 21%	-	19	19	0	0	yes	aae-miR-125-5p	dme-miR-125-5p	-	-	ucccugagacccuaacuuguga	acaaguuuugaucuccgguauu	ucccugagacccuaacuugugacuauaguugaaguuucacaaguuuugaucuccgguauu	2:375131781..375131841:+
1_31475	4.2	83 +/- 21%	-	10	9	0	1	yes	aae-miR-996	dme-miR-279-3p	-	-	ugacuagauuacaugcucgucua	cgugcaugaaucuggugcacg	cgugcaugaaucuggugcacgguuuuccaguuguaauaucgcuucgugacuagauuacaugcucgucua	1:207012537..207012606:+
2_4454	4	83 +/- 21%	-	25	25	0	0	yes	aae-miR-305-5p	dme-miR-305-5p	-	-	auuguacuucaucaggugcucugg	ccggcacauguuggaguacacuua	auuguacuucaucaggugcucugguuguuuucgauacccggcacauguuggaguacacuua	2:307145445..307145506:+
3_16532	3.8	78 +/- 22%	-	19	19	0	0	yes	aae-miR-31	dme-miR-31b-5p	-	-	uggcaagauguuggcauagcug	gcuauucaacuucuugucuau	uggcaagauguuggcauagcugaaaguuuugaguuuagcuauucaacuucuugucuau	3:136174150..136174208:+
2_12225	3.5	78 +/- 22%	-	9	9	0	0	yes	aae-miR-9b	dme-miR-9a-5p	-	-	ucuuuggugauuuuagcuguau	auagcuuuaucaccaaaaacc	ucuuuggugauuuuagcuguaugcugauacguuucugauugcauauagcuuuaucaccaaaaacc	2:335780574..335780639:-
1_34384	3.4	78 +/- 22%	-	9	9	0	0	yes	aae-miR-87	dme-miR-87-3p	-	-	gugagcaaauuuucaggugugu	cagccugaaauuugcuaaaccu	cagccugaaauuugcuaaaccuguguguauuugauucaaacaaucaaggugagcaaauuuucaggugugu	1:80682401..80682471:-
3_22451	3.1	78 +/- 22%	-	4	2	0	2	yes	aae-miR-998	-	-	-	acugaacucucgugggucugc	uagcaccaugagauucagcuc	acugaacucucgugggucugcaguugauauuucgaaagcuuguagcaccaugagauucagcuc	3:75489589..75489652:-
2_5867	3	78 +/- 22%	-	8	8	0	0	yes	aae-miR-965	dme-miR-965-3p	-	-	uaagcguauagcuuuucccauu	ggggaaauccuguacgcuguaug	ggggaaauccuguacgcuguauguuguauuugaauaauccauaagcguauagcuuuucccauu	2:429778750..429778813:+
1_30539	3	78 +/- 22%	-	8	8	0	0	yes	aae-miR-970	dme-miR-970-3p	-	-	ucauaagacacacgcggcuau	agcuugcguuugucuuagcuggua	agcuugcguuugucuuagcugguauugaaugugauagguaucauaagacacacgcggcuau	1:157238423..157238484:+
NIGP01000533_40384	2.8	81 +/- 14%	-	8	8	0	0	yes	aae-miR-970	dme-miR-970-3p	-	-	ucauaagacacacgcggcuau	agcuugcguuugucuuagcuggua	agcuugcguuugucuuagcugguauugaaugugauagguaucauaagacacacgcggcuau	NIGP01000533:10107..10168:-
3_22700	2.4	81 +/- 14%	-	7	7	0	0	yes	aae-miR-92a-5p	dme-miR-92a-3p	-	-	uauugcacuugucccggc	acggacaggggcaacauu	acggacaggggcaacauugugacauuugaaagcuaauauugcacuugucccggc	3:93477600..93477654:-
1_39232	2.3	81 +/- 14%	-	4	3	0	1	yes	aae-miR-iab-4-5p	-	-	-	guauaccuucaguauacguaac	acguauacugaauguauccu	acguauacugaauguauccugagugcuaucuauccgguauaccuucaguauacguaac	1:308965423..308965481:-
2_5273	2.1	81 +/- 14%	-	6	6	0	0	yes	aae-miR-2945-5p	dme-miR-279-3p	-	-	ugacuagaggcagacucguuua	agcggguccguuucuagugucaug	agcggguccguuucuagugucaugugcuguauucgaauaucaugacuagaggcagacucguuua	2:374947142..374947206:+
2_7640	1.9	81 +/- 12%	-	1716	1716	0	0	yes	aae-miR-11894b	-	-	-	uuuaccauuucaauaugaccua	ggucguauugaaaugguaaaga	ggucguauugaaaugguaaagagugucaaucaucaucuuuaccauuucaauaugaccua	2:58784590..58784649:-
2_12044	1.7	81 +/- 12%	-	14230	14230	0	0	yes	aae-miR-11895	-	-	-	uucaugcauucacuucugcuga	agcaggagugaaugcaugaguu	agcaggagugaaugcaugaguuugacaucugaaacuaauucaugcauucacuucugcuga	2:324949494..324949554:-
2_4913	1.7	81 +/- 12%	-	6	6	0	0	yes	aae-miR-14	dme-miR-14-3p	-	-	ucagucuuuuucucucuccuau	gggagcgagauuaaggcuugcu	gggagcgagauuaaggcuugcuggucauuuauuacacucgaagucagucuuuuucucucuccuau	2:344767572..344767637:+
2_5281	1.5	81 +/- 12%	-	106	106	0	0	yes	aae-miR-100	-	-	-	caagaacggauguaugggauuc	aacccguagauccgaacuugug	aacccguagauccgaacuugugcugccguuucacauguuacaagaacggauguaugggauuc	2:375117351..375117413:+
2_8292	1.5	81 +/- 12%	-	15	15	0	0	yes	aae-miR-2c	-	-	-	ucacagccagcuuugaugagc	gcaucaaauuugguuguuuua	gcaucaaauuugguuguuuuaguacgaccucuuugaaaccccuaucacagccagcuuugaugagc	2:107237996..107238061:-
2_13258	1.4	81 +/- 12%	-	83	83	0	0	yes	aae-miR-1890	-	-	-	ugaaaucuuugauuaggucugg	agagcuaauuggagaguucuug	agagcuaauuggagaguucuugaauaguguugugaaccuucaugaaaucuuugauuaggucugg	2:413654961..413655025:-
3_22823	1.4	81 +/- 12%	-	31	31	0	0	yes	aae-miR-2765	-	-	-	ugguaacuccaccaccguuggc	caaugggagcuggaguucccgcg	ugguaacuccaccaccguuggcgauauuugacagccaaugggagcuggaguucccgcg	3:101895454..101895512:-
2_9468	1.1	81 +/- 12%	-	19	19	0	0	yes	aae-miR-11899	-	-	-	uaugaccgauuuaauauauggcu	ccauguaugauuucggucaugua	ccauguaugauuucggucauguaugcaguugaaaauaauuauaugaccgauuuaauauauggcu	2:182319041..182319105:-
2_12581	1	81 +/- 12%	-	60	60	0	0	yes	aae-miR-1891	-	-	-	ugaggaguuaauuugcguguuu	acacguccauuaacucugguac	ugaggaguuaauuugcguguuuuuguauuugauuaaacacguccauuaacucugguac	2:360084867..360084925:-
2_5191	0.9	73 +/- 11%	-	4	4	0	0	yes	aae-miR-124	dme-miR-124-3p	-	-	uaaggcacgcggugaaugccaa	gguauccacugccggccuauaug	gguauccacugccggccuauauguccuauuucgguacucauaaggcacgcggugaaugccaa	2:369307279..369307341:+
3_18594	0.8	73 +/- 11%	-	3	3	0	0	yes	aae-miR-307	dme-miR-307a-5p	-	-	acucacucaaccugggugugau	cacaaccuccuugagugagcga	acucacucaaccugggugugaugcuuauuugaaucaucacaaccuccuugagugagcga	3:244794376..244794435:+
2_66	0.3	73 +/- 11%	-	3	3	0	0	yes	aae-miR-219	dme-miR-219-5p	-	-	ugauuguccaaacgcaauucuug	agaguugugacuggacauccgug	ugauuguccaaacgcaauucuuguuuuauucgaauaugauauccaagaguugugacuggacauccgug	2:3715261..3715329:+
3_22690	0.1	73 +/- 11%	-	2	2	0	0	yes	aae-miR-92b-3p	dme-miR-92a-3p	-	-	aauugcacuugucccggccugc	aggucgugacuugugcccauuug	aggucgugacuugugcccauuugcugaauuuuaauggucaaauugcacuugucccggccugc	3:93418515..93418577:-
2_1313	-0.1	65 +/- 9%	-	1	1	0	0	yes	aae-miR-988-5p	dme-miR-988-3p	-	-	ccccuuguugcaaaccucac	gugcuuugugacaaugag	gugcuuugugacaaugagauucgguucgauaucauccccuuguugcaaaccucac	2:93351382..93351437:+
2_8141	-0.2	65 +/- 9%	-	1	1	0	0	yes	aae-miR-282-5p	dme-miR-282-5p	-	-	uagccucuccuaggcuuugucug	gacauagccugacagagguuagg	uagccucuccuaggcuuugucuguuaccuuccuugggaauuccacuagccagacauagccugacagagguuagg	2:96911966..96912040:-
2_4452	-0.5	65 +/- 9%	-	23	23	0	0	no	aae-miR-275-3p	dme-miR-275-3p	-	-	ucagguaccugaaguagcgcgc	aagcgacaacagaggcgugaaa	ucagguaccugaaguagcgcgcgugaucaaacaggaagcgucaucaagcgacaacagaggcgugaaa	2:307135708..307135775:+
2_12483	-1.2	40 +/- 9%	-	5	5	0	0	yes	aae-miR-11917	-	-	-	uaagcugaaaacuuaaucgauu	ucgauuaaguuaucagcucuaa	uaagcugaaaacuuaaucgauuggucacuagcugguggugaccaaucgauuaaguuaucagcucuaa	2:353152129..353152196:-
2_3108	-1.2	40 +/- 9%	-	2	2	0	0	yes	aae-miR-7	dme-miR-7-5p	-	-	uggaagacuagugauuuuguug	acaauaaaucucaagucuuucuac	uggaagacuagugauuuuguuguuuugcuuacgauaauaacaauaaaucucaagucuuucuac	2:222802544..222802607:+
3_26486	-1.6	40 +/- 9%	-	1	1	0	0	yes	aae-miR-309a	dme-miR-3-3p	-	-	ucacugggcaaaguuugucgc	gacuaacuucguucaguuuggug	gacuaacuucguucaguuuggugucauacgaagguuuccaguuucaucacugggcaaaguuugucgc	3:309335452..309335519:-
3_25477	-2.1	29 +/- 8%	-	4	3	0	1	yes	aae-miR-278-5p	-	-	-	acggacgauagucuucagcggcc	ggugggacuuucguccguuu	acggacgauagucuucagcggccgugcauuugauagaaguggucggugggacuuucguccguuu	3:243123888..243123952:-
2_8138	-2.8	29 +/- 8%	-	134	134	0	0	no	aae-miR-281-5p	dme-miR-281-1-5p	-	-	aaagagagcuauccgucgacag	guugacgugggauuuuuuugu	guugacgugggauuuuuuuguucauuuuguucuuucgcugguuucgaauaugaaaauaaagagagcuauccgucgacag	2:96469399..96469478:-
1_28849	-3.7	44 +/- 5%	-	11	11	0	0	no	aae-miR-210	-	-	-	uugugcgugugacaacggcuau	agcugcugaccacugcacaaga	agcugcugaccacugcacaagauuagauuaugacucuugugcgugugacaacggcuau	1:54892617..54892675:+
2_2618	-3.8	44 +/- 5%	-	2	2	0	0	yes	aae-miR-137	-	-	-	acgcguauucuuggguuauuaac	uauugcuugagaauacacguag	acgcguauucuuggguuauuaacacacuguuuauguuguuauugcuugagaauacacguag	2:189612067..189612128:+
2_1314	-4.4	11 +/- 4%	-	1	1	0	0	no	aae-miR-988-3p	dme-miR-988-3p	-	-	ccccuuguugcaaaccucac	cagguaggggcaaugggggc	ccccuuguugcaaaccucacgcuugcgguagguuccacaacugcugagagguggcagguaggggcaaugggggc	2:93351417..93351491:+
2_4845	-5	11 +/- 4%	-	1	1	0	0	no	aae-miR-375	dme-miR-375-3p	-	-	uuuguucguuuggcucgaguua	acuuaagcccaacguacagaaacu	acuuaagcccaacguacagaaacuugaaucugaaugccguucuagauuggcuugcuagaaguuuguucguuuggcucgaguua	2:337876532..337876615:+
NIGP01000443_40325	-9.2	0 +/- 0%	-	3	3	0	0	no	aae-miR-11893	-	-	-	uccugacuuauacgcuuaccuc	gguaaguagauaaaucagaaag	gguaaguagauaaaucagaaagacguuuauaucguuucuuccugacuuauacgcuuaccuc	NIGP01000443:52101..52162:+

#miRBase miRNAs not detected by miRDeep2
miRBase precursor id	total read count	mature read count(s)	star read count	remaining reads	UCSC browser	NCBI blastn	miRBase mature sequence(s)	miRBase star sequence(s)	miRBase precursor sequence
140	138	0	2	-	-	ugagauucuacuucuccgacuuaa	aaguggaguaguggucucaucg	-	acgauaugaaauaaguggaguaguggucucaucgcuuaguauuagaaaagugagauucuacuucuccgacuuaauucauaucua	
88	83	0	5	-	-	ugguuuaucuuaucugucgaggc	gucgacagggagauaaaucacu	-	cauugguuuaucuuaucugucgaggcaaguuauuuuaccggauaguguuucuuuucgugagcaaucaccacuauccagcucuucuugucgacagggagauaaaucacug	
70	70	0	0	-	-	ucagguacugagugacucucag	gagagcaccucgguaucuaagc	-	cauucgcaauuucaccgguucagguacugagugacucucagaugugcauuucucaagcaaucucguccucaggaccugagguugaaaaacccugagagcaccucgguaucuaagccaguguugcgaaaa	
59	59	0	0	-	-	caaccacuauccgcccugccgcc	uggcagugugguuagcugguug	-	caaggcaauacgcuauggcagugugguuagcugguuguguagaacuuuggggggcuuccguggcguucgcgcgcacacgggggcucagauucacaaccacuauccgcccugccgccgcgaggugccagg	
31	28	0	3	-	-	cacguuacagauugggguuucc	uaaucucaaauuguaacagugg	-	gagguaaucucaaauuguaacaguggguugauuuuccuggugaaucccggccuuguccuccgucacaagugugacaagugucucgaaaacguguucgcuauacccacguuacagauugggguuucccc	
10	9	0	1	-	-	ugucuuuuuccgcuuacugccg	-	ccaacauuuugauugauuugucuuuuuccgcuuacugccgguggcauuugaaauucucgacagcaaaccgaaaaaggcgccucaaucaauu	
9	8	0	1	-	-	ugagguaguugguuguauagu	-	cacguugagguaguugguuguauaguagugacugauuaaauaucugcuaugcaaucugcuagcuugucgug	
7	7	0	0	-	-	uagcugccuagugaagggc	cggccguucauugggucaucuagc	-	acuacaauucggccguucauugggucaucuagcucguguuggaaacaguuagcugccuagugaagggcaauauugu	
3	3	0	0	-	-	ucaauuccguagugcauugcag	ugcaagcaauguggaagugaag	-	guaaucauagaauagcuucaauuccguagugcauugcagugugcuuuagacgaacugcaagcaauguggaagugaagcgauucucaaugaucauc	



10	0	0	10	-	-	ucagaucuacuuaauacccau	-	acuccaauucuggguauuuuagauccuuggcauaguuacgugauugaaugcacuguucuucuuugguuuacccaguaucgaacacgcgucaaucugucagaucuacuuaauacccaua	









3	0	0	3	-	-	aauguuggacaacugcaaggu	-	auaaaauguuggacaacugcaagguacuucaagguuuuuauuucgucuuuaauacaggguaucugcagugaucgauuuucucu	











8	0	0	8	-	-	ugacuagauccacacucauuaa	-	acaucccaacgguugucgaugggugugaaucuaguguuucacaugauuuucgauagccugugacuagauccacacucauuaacaaaaguugccgg	




















1	0	0	1	-	-	auuuuuuugacuguaauuuuauag	-	augguaaaauuacguugaaaaaucgucucccucaaaaaaugaaaccugagacuaacaggagauuuuuuugacuguaauuuuauagu	






1	0	0	1	-	-	aacguuacaaaucguaaggcgag	-	agcaacguuacaaaucguaaggcgaguuauauguuuuuugaaacucaccauaugauuuguaacugugcu	


