miRDeep2 score	novel miRNAs reported by miRDeep2	novel miRNAs, estimated false positives	novel miRNAs, estimated true positives	known miRNAs in species	known miRNAs in data	known miRNAs detected by miRDeep2	estimated signal-to-noise	excision gearing
10	2	0 +/- 0	2 +/- 0 (94 +/- 17%)	164	46	4 (9%)	35.7	2
9	2	0 +/- 0	2 +/- 0 (94 +/- 17%)	164	46	4 (9%)	35.7	2
8	2	0 +/- 0	2 +/- 0 (93 +/- 17%)	164	46	4 (9%)	33.3	2
7	2	0 +/- 0	2 +/- 0 (93 +/- 18%)	164	46	6 (13%)	37.5	2
6	2	0 +/- 0	2 +/- 0 (93 +/- 18%)	164	46	6 (13%)	37.5	2
5	2	0 +/- 0	2 +/- 0 (93 +/- 18%)	164	46	14 (30%)	57.9	2
4	2	0 +/- 0	2 +/- 0 (92 +/- 20%)	164	46	17 (37%)	56.5	2
3	2	0 +/- 0	2 +/- 0 (87 +/- 23%)	164	46	20 (43%)	36.6	2
2	2	0 +/- 1	2 +/- 1 (84 +/- 26%)	164	46	23 (50%)	32.1	2
1	2	0 +/- 1	2 +/- 1 (81 +/- 28%)	164	46	31 (67%)	31	2
0	2	1 +/- 1	1 +/- 1 (54 +/- 38%)	164	46	37 (80%)	15.6	2
-1	2	2 +/- 1	0 +/- 1 (23 +/- 34%)	164	46	41 (89%)	9.2	2
-2	2	6 +/- 2	0 +/- 0 (0 +/- 0%)	164	46	41 (89%)	4	2
-3	4	8 +/- 3	0 +/- 0 (2 +/- 7%)	164	46	41 (89%)	3.4	2
-4	10	10 +/- 3	1 +/- 2 (12 +/- 17%)	164	46	41 (89%)	3.2	2
-5	12	19 +/- 4	0 +/- 1 (1 +/- 5%)	164	46	41 (89%)	1.9	2
-6	16	32 +/- 5	0 +/- 0 (0 +/- 0%)	164	46	41 (89%)	1.3	2
-7	18	42 +/- 6	0 +/- 0 (0 +/- 0%)	164	46	41 (89%)	1	2
-8	21	54 +/- 6	0 +/- 0 (0 +/- 0%)	164	46	41 (89%)	0.9	2
-9	26	61 +/- 6	0 +/- 0 (0 +/- 0%)	164	46	41 (89%)	0.9	2
-10	29	66 +/- 7	0 +/- 0 (0 +/- 0%)	164	46	41 (89%)	0.8	2



novel miRNAs predicted by miRDeep2
provisional id	miRDeep2 score	estimated probability that the miRNA candidate is a true positive	rfam alert	total read count	mature read count	loop read count	star read count	significant randfold p-value	miRBase miRNA	example miRBase miRNA with the same seed	UCSC browser	NCBI blastn	consensus mature sequence	consensus star sequence	consensus precursor sequence	precursor coordinate
3_1339	33.9	94 +/- 17%	-	79	63	0	16	no	-	-	-	-	augaccaaaggucgcaugag	ucauaugaccaaaggucgcaugag	ucauaugaccaaaggucgcaugagugcgaaaguuuuauauaaaaguucuucaaucaagucgucaucauaugaccaaaggucgcaugag	3:233125180..233125268:+
3_1205	32.8	94 +/- 17%	-	79	45	0	34	no	-	-	-	-	augaccaaaggucgcaugag	auaugaccaaaggucgcaugag	augaccaaaggucgcaugagugcgaaaguuuuauauaaaaguucuucaaucaagucgucaucauaugaccaaaggucgcaugag	3:136448715..136448799:+



mature miRBase miRNAs detected by miRDeep2
tag id	miRDeep2 score	estimated probability that the miRNA is a true positive	rfam alert	total read count	mature read count	loop read count	star read count	significant randfold p-value	mature miRBase miRNA	example miRBase miRNA with the same seed	UCSC browser	NCBI blastn	consensus mature sequence	consensus star sequence	consensus precursor sequence	precursor coordinate
1_3795	267.9	94 +/- 17%	-	517	516	0	1	yes	aae-miR-283	dme-miR-283-5p	-	-	caauaucagcugguaauucuggg	cggaauuccaacugauaucca	caauaucagcugguaauucugggcuuaccccaccguuauacgcuucccggaauuccaacugauaucca	1:305625601..305625669:-
2_570	50.3	94 +/- 17%	-	90	89	0	1	yes	aae-miR-2a-5p	dme-miR-2a-3p	-	-	uaucacagccagcuuugaagagcg	acucucaaagugguugugaaaug	acucucaaagugguugugaaaugaguuacucuugaacgaucucauaucacagccagcuuugaagagcg	2:107237501..107237569:-
2_501	11.1	94 +/- 17%	-	14	13	0	1	yes	aae-miR-190	dme-miR-190-5p	-	-	agauauguuugauauucuugguug	cccaggaaucaaacauauuauua	agauauguuugauauucuugguuguuaaauuuuauauuaucacccaggaaucaaacauauuauua	2:48811877..48811942:-
2_530	7.9	93 +/- 18%	-	7	5	0	2	yes	aae-miR-276-5p	dme-miR-276a-3p	-	-	uaggaacuucauaccgugcucu	agcgagguauagaguuccuacg	agcgagguauagaguuccuacguugcgugugcgaaauugguaggaacuucauaccgugcucu	2:73120452..73120514:-
1_3786	5.2	93 +/- 18%	-	15	15	0	0	yes	aae-miR-277-5p	dme-miR-277-3p	-	-	uaaaugcacuaucugguacgaca	gcgugucagaagugcauuuaca	gcgugucagaagugcauuuacauagguauuucccguuuagcaguauuuguaaaugcacuaucugguacgaca	1:302603812..302603884:-
1_3788	5.2	93 +/- 18%	-	48	48	0	0	yes	aae-miR-317	dme-miR-317-3p	-	-	ugaacacagcuggugguaucuca	ggauacacccugugcucgcu	ggauacacccugugcucgcuuugcauucgaaacuagugaacacagcuggugguaucuca	1:302667131..302667190:-
2_882	5	93 +/- 18%	-	28	28	0	0	yes	aae-miR-79-5p	dme-miR-9a-3p	-	-	uaaagcuagauuaccaaagcau	gcuuuggcgcuuuagcuguaug	gcuuuggcgcuuuagcuguaugauagaauuuaauauuucauaaagcuagauuaccaaagcau	2:335780884..335780946:-
3_2084	5	93 +/- 18%	-	497	497	0	0	yes	aae-miR-308-3p	dme-miR-2a-3p	-	-	aaucacaggaguauacugugag	cgcgguauauucuuguggcuug	cgcgguauauucuuguggcuugaugcauuugaaaaaucucaaaucacaggaguauacugugag	3:403338483..403338546:-
2_950	5	93 +/- 18%	-	414	414	0	0	yes	aae-miR-184	dme-miR-184-3p	-	-	uggacggagaacugauaaggg	cuuaucauucuugcgccccgu	cuuaucauucuugcgccccguguuauauuguuggcgacuggacggagaacugauaaggg	2:417599381..417599440:-
1_2413	4.7	92 +/- 20%	-	38	38	0	0	yes	aae-miR-279	dme-miR-279-3p	-	-	ugacuagauccacacucauuaa	gaugggugugaaucuaguguuucaca	gaugggugugaaucuaguguuucacaugauuuucgauagccugugacuagauccacacucauuaa	1:207007788..207007853:+
2_316	4	92 +/- 20%	-	106	106	0	0	yes	aae-miR-305-5p	dme-miR-305-5p	-	-	auuguacuucaucaggugcucugg	ccggcacauguuggaguacacuua	auuguacuucaucaggugcucugguuguuuucgauacccggcacauguuggaguacacuua	2:307145445..307145506:+
2_313	3.8	87 +/- 23%	-	9	9	0	0	yes	aae-miR-275-5p	dme-miR-275-3p	-	-	ucagguaccugaaguagcgcgcg	cgcgcuaagcaggaaccgagacu	cgcgcuaagcaggaaccgagacuuugucauuugcuagcagucagguaccugaaguagcgcgcg	2:307135668..307135731:+
3_1668	3.5	87 +/- 23%	-	8	8	0	0	yes	aae-miR-998	dme-miR-285-3p	-	-	uagcaccaugagauucagcuc	acugaacucucgugggucugca	acugaacucucgugggucugcaguugauauuucgaaagcuuguagcaccaugagauucagcuc	3:75489589..75489652:-
3_1670	2.4	84 +/- 26%	-	6	6	0	0	yes	aae-miR-11-5p	dme-miR-9382-5p	-	-	aucacagucugaguucuugcu	cgagaacuccggcugugaccugu	cgagaacuccggcugugaccuguguacacuuuauccaaaucacaucacagucugaguucuugcu	3:75489864..75489928:-
2_518	2	84 +/- 26%	-	13	13	0	0	yes	aae-miR-11894a	-	-	-	uuuaccauuucaagaugaccua	ggucgucuugaaaugguaaaga	ggucgucuugaaaugguaaagagugucaaucaucaucuuuaccauuucaagaugaccua	2:58787948..58788007:-
2_577	1.8	81 +/- 28%	-	67	65	0	2	yes	aae-miR-71-5p	-	-	-	agaaagacauggguagugagau	ucucacuaccuugucuuucau	agaaagacauggguagugagauaguuucacccuauugcacugggaucucacuaccuugucuuucau	2:107238288..107238354:-
2_568	1.8	81 +/- 28%	-	32	32	0	0	yes	aae-miR-2c	-	-	-	aucacagccagcuuugaugagc	ucucaaaguggcugugaaau	ucucaaaguggcugugaaaugguuugauuuugcucauaucacagccagcuuugaugagc	2:107235885..107235944:-
2_576	1.5	81 +/- 28%	-	42	42	0	0	yes	aae-miR-2c	-	-	-	ucacagccagcuuugaugagca	ggcaucaaauuugguuguuuua	ggcaucaaauuugguuguuuuaguacgaccucuuugaaaccccuaucacagccagcuuugaugagca	2:107237995..107238062:-
2_572	1.4	81 +/- 28%	-	85	85	0	0	yes	aae-miR-13-5p	-	-	-	aucacagccauuuugacgaguu	aucguaaaaaugguugugcugu	aucguaaaaaugguugugcuguguuguuacgcucgaaauucauaucacagccauuuugacgaguu	2:107237649..107237714:-
2_552	1.2	81 +/- 28%	-	4	4	0	0	yes	aae-miR-282-5p	dme-miR-282-3p	-	-	acauagccugacagagguuagg	uagccucuccuaggcuuugucu	uagccucuccuaggcuuugucuguuaccuuccuugggaauuccacuagccagacauagccugacagagguuagg	2:96911966..96912040:-
2_393	0.9	54 +/- 38%	-	4	4	0	0	yes	aae-miR-965	dme-miR-965-3p	-	-	uaagcguauagcuuuuccc	gaaauccuguacgcuguaug	gaaauccuguacgcuguauguuguauuugaauaauccauaagcguauagcuuuuccc	2:429778753..429778810:+
2_886	0.9	54 +/- 38%	-	4	3	0	1	yes	aae-miR-9c-5p	dme-miR-9c-3p	-	-	uaaagcuuuaguaccagagguc	uauucuagcuguagaaug	uauucuagcuguagaauguugagcuuugugauaugguaucuucuaaagcuuuaguaccagagguc	2:335810364..335810429:-
2_222	0.8	54 +/- 38%	-	6	6	0	0	yes	aae-miR-7	dme-miR-7-5p	-	-	uggaagacuagugauuuuguuguu	uaacaauaaaucucaagucuuucuac	uggaagacuagugauuuuguuguuuugcuuacgauaauaacaauaaaucucaagucuuucuac	2:222802544..222802607:+
3_1479	0.6	54 +/- 38%	-	18	18	0	0	yes	aae-miR-8-5p	-	-	-	aauacugucagguaaagaugu	aucuuaccgggcagcauuag	aucuuaccgggcagcauuagauauuuuugaaauacuucuaauacugucagguaaagaugu	3:328527956..328528016:+
2_936	-0.2	23 +/- 34%	-	2	2	0	0	yes	aae-miR-1	dme-miR-1-3p	-	-	uggaauguaaagaaguauggag	ccaugcuuccuugcauucaaua	ccaugcuuccuugcauucaauagugauucugaaagcauauggaauguaaagaaguauggag	2:399501023..399501084:-
3_1273	-0.2	23 +/- 34%	-	66	66	0	0	no	aae-bantam-5p	dme-bantam-3p	-	-	ugagaucauuuugaaagcugauu	ccgguuuucauuuucgaucugacu	ccgguuuucauuuucgaucugacuuauuugauuuaacaagagugagaucauuuugaaagcugauu	3:178082830..178082895:+
1_2415	-0.4	23 +/- 34%	-	8	8	0	0	yes	aae-miR-996	-	-	-	gugacuagauuacaugcucgucu	gcgugcaugaaucuggugcacgg	gcgugcaugaaucuggugcacgguuuuccaguuguaauaucgcuucgugacuagauuacaugcucgucu	1:207012536..207012605:+
2_314	-1.9	0 +/- 0%	-	9	9	0	0	no	aae-miR-275-3p	dme-miR-275-3p	-	-	ucagguaccugaaguagcgcgcg	ucaucaagcgacaacagaggcgugaaa	ucagguaccugaaguagcgcgcgugaucaaacaggaagcgucaucaagcgacaacagaggcgugaaa	2:307135708..307135775:+

#miRBase miRNAs not detected by miRDeep2
miRBase precursor id	total read count	mature read count(s)	star read count	remaining reads	UCSC browser	NCBI blastn	miRBase mature sequence(s)	miRBase star sequence(s)	miRBase precursor sequence
283	283	0	0	-	-	caguacuuauguuaugcucucu	ugaguauuacaucagguacuggu	-	uucggacugaguauuacaucagguacuggugucgauauucgaaucaccaacgaaucggguuccuuugauuaacuuaccaguacuuauguuaugcucucuccg	
253	253	0	0	-	-	cacguuacagauugggguuucc	uaaucucaaauuguaacagugg	-	gagguaaucucaaauuguaacaguggguugauuuuccuggugaaucccggccuuguccuccgucacaagugugacaagugucucgaaaacguguucgcuauacccacguuacagauugggguuucccc	
142	142	0	0	-	-	ugguuuaucuuaucugucgaggc	gucgacagggagauaaaucacu	-	cauugguuuaucuuaucugucgaggcaaguuauuuuaccggauaguguuucuuuucgugagcaaucaccacuauccagcucuucuugucgacagggagauaaaucacug	
29	29	0	0	-	-	uaaguacuagugccgcaggag	cugcugcccaagugcuuaucg	-	gaauucuuuacuaaguacuagugccgcaggagagauuugaaccccugcugcccaagugcuuaucgaagagu	
28	28	0	0	-	-	ucagguacugagugacucucag	gagagcaccucgguaucuaagc	-	cauucgcaauuucaccgguucagguacugagugacucucagaugugcauuucucaagcaaucucguccucaggaccugagguugaaaaacccugagagcaccucgguaucuaagccaguguugcgaaaa	
8	8	0	0	-	-	agcggguccguuucuagugucaug	ugacuagaggcagacucguuua	-	ucugaucugagcggguccguuucuagugucaugugcuguauucgaauaucaugacuagaggcagacucguuuaggucuggga	
3	3	0	0	-	-	aagagagcuauccgucgac	ugucauggaauugcucucuuua	-	ugguuucgaauaugaaaauaaagagagcuauccgucgacaguagggauaugauucacugucauggaauugcucucuuuauguacaauucgauauuca	
2	2	0	0	-	-	ucauaagacacacgcggcuau	-	aacgguauugcggcuuucauagguagcuugcguuugucuuagcugguauugaaugugauagguaucauaagacacacgcggcuauuuuugagaguaucaagcaucuug	
2	2	0	0	-	-	cacaaccuccuugagugagcga	-	cuaguuucccggcagucgaucacucacucaaccugggugugaugcuuauuugaaucaucacaaccuccuugagugagcgaccgauugaugg	
2	2	0	0	-	-	uuuaccauuucaauaugaccua	-	gaugggucguauugaaaugguaaagagugucaaucaucaucuuuaccauuucaauaugaccuauu	
1	1	0	0	-	-	caaccacuauccgcccugccgcc	uggcagugugguuagcugguug	-	caaggcaauacgcuauggcagugugguuagcugguuguguagaacuuuggggggcuuccguggcguucgcgcgcacacgggggcucagauucacaaccacuauccgcccugccgccgcgaggugccagg	
2	1	0	1	-	-	ucuuuggugauuuuagcuguaugc	-	ucacguuuauuggaucuuuggugauuuuagcuguaugcugauacguuucugauugcauauagcuuuaucaccaaaaaccuaaugaaugguga	
1	1	0	0	-	-	uagcugccuagugaagggc	cggccguucauugggucaucuagc	-	acuacaauucggccguucauugggucaucuagcucguguuggaaacaguuagcugccuagugaagggcaauauugu	
2	1	0	1	-	-	cugaaaacuuaaucgauugguc	-	uaaccugaaaacuuaaucgauuggucacuagcugcgcggugaccaaucgauuaaguuuucagcuua	







1	0	0	1	-	-	gugcauuguaguugcauugca	-	ccacccgggugcauuguaguugcauugcacuuuugcguucgauaacacggugcaauacuucugcaaugcaagccaggugg	






1	0	0	1	-	-	cgagauacggagagauugcgaca	-	cagucgccucuucacaucucgauaucgaagggaccaucgagauacggagagauugcgacaa	








































1	0	0	1	-	-	ucagucuuuuucucucuccuau	-	guggaauuacaccucaacgaauuugaacucugcucuacccgauaagccugugggagcgagauuaaggcuugcuggucauuuauuacacucgaagucagucuuuuucucucuccuauugguauaacgguguuucaacgaguccgaguucccgcaccguagucauccacaucauc	































