miRDeep2 score	novel miRNAs reported by miRDeep2	novel miRNAs, estimated false positives	novel miRNAs, estimated true positives	known miRNAs in species	known miRNAs in data	known miRNAs detected by miRDeep2	estimated signal-to-noise	excision gearing
10	1	1 +/- 1	1 +/- 1 (53 +/- 50%)	164	69	3 (4%)	3.9	1
9	1	1 +/- 1	1 +/- 1 (51 +/- 50%)	164	69	3 (4%)	3.8	1
8	1	1 +/- 1	1 +/- 1 (50 +/- 50%)	164	69	3 (4%)	3.6	1
7	1	1 +/- 1	1 +/- 1 (50 +/- 50%)	164	69	3 (4%)	3.6	1
6	1	1 +/- 1	0 +/- 1 (49 +/- 50%)	164	69	3 (4%)	3.5	1
5	2	1 +/- 1	1 +/- 1 (63 +/- 39%)	164	69	22 (32%)	19.1	1
4	2	1 +/- 1	1 +/- 1 (59 +/- 39%)	164	69	39 (57%)	26.4	1
3	2	8 +/- 3	0 +/- 0 (0 +/- 0%)	164	69	45 (65%)	4	1
2	4	13 +/- 3	0 +/- 0 (0 +/- 0%)	164	69	47 (68%)	2.7	1
1	11	16 +/- 3	0 +/- 0 (1 +/- 4%)	164	69	57 (83%)	3.1	1
0	16	30 +/- 4	0 +/- 0 (0 +/- 0%)	164	69	63 (91%)	2	1
-1	27	65 +/- 6	0 +/- 0 (0 +/- 0%)	164	69	63 (91%)	1.1	1
-2	30	109 +/- 8	0 +/- 0 (0 +/- 0%)	164	69	63 (91%)	0.7	1
-3	40	140 +/- 9	0 +/- 0 (0 +/- 0%)	164	69	63 (91%)	0.6	1
-4	68	174 +/- 11	0 +/- 0 (0 +/- 0%)	164	69	63 (91%)	0.6	1
-5	98	199 +/- 11	0 +/- 0 (0 +/- 0%)	164	69	63 (91%)	0.7	1
-6	121	218 +/- 12	0 +/- 0 (0 +/- 0%)	164	69	63 (91%)	0.8	1
-7	141	238 +/- 12	0 +/- 0 (0 +/- 0%)	164	69	63 (91%)	0.8	1
-8	167	253 +/- 13	0 +/- 0 (0 +/- 0%)	164	69	63 (91%)	0.8	1
-9	185	267 +/- 13	0 +/- 0 (0 +/- 0%)	164	69	63 (91%)	0.8	1
-10	201	281 +/- 13	0 +/- 0 (0 +/- 0%)	164	69	63 (91%)	0.9	1



novel miRNAs predicted by miRDeep2
provisional id	miRDeep2 score	estimated probability that the miRNA candidate is a true positive	rfam alert	total read count	mature read count	loop read count	star read count	significant randfold p-value	miRBase miRNA	example miRBase miRNA with the same seed	UCSC browser	NCBI blastn	consensus mature sequence	consensus star sequence	consensus precursor sequence	precursor coordinate
2_56	15.8	53 +/- 50%	-	67	43	18	6	no	-	-	-	-	uucgugaugaucaacaaaaa	uuauaaugauucguuacuguuuc	uucgugaugaucaacaaaaauauaaguucggacuuauuaauuuuuauaaugauucguuacuguuuc	2:13888807..13888873:+
2_358	5	63 +/- 39%	-	169	169	0	0	yes	-	dme-miR-932-5p	-	-	acaauuccggagccuguugagu	gcaacagaugauccgggugauuguga	acaauuccggagccuguugaguauagcaacagaugauccgggugauuguga	2:149601880..149601931:+
2_1010	2.8	0 +/- 0%	-	34	34	0	0	yes	-	dme-miR-4943-5p	-	-	auuuauuuaucguagugaguaacuu	uuuacucacuuuugaguaaaugu	auuuauuuaucguagugaguaacuuucugcucuguuguucuagauuuuaguuuuacucacuuuugaguaaaugu	2:434219653..434219727:+
3_3968	2.5	0 +/- 0%	-	167	167	0	0	yes	-	-	-	-	auaccauguugaaaacaau	uguuuucaacaugguaugc	uguuuucaacaugguaugcaagcaagcaacggucaacaaucauaccauguugaaaacaau	3:192815586..192815646:-
2_1279	1.9	1 +/- 4%	-	32	32	0	0	yes	-	-	-	-	ccccgaauucacaauuaucuugac	ccccaugauuguggaauucggggua	ccccgaauucacaauuaucuugacaugaugauauugaugacauuuccccaugauuguggaauucggggua	2:54932612..54932682:-
2_1202	1.6	1 +/- 4%	-	24	24	0	0	yes	-	-	-	-	uccugacagaaacugcgucag	uaugcagguacugucuaaagca	uaugcagguacugucuaaagcaaccauguccugacagaaacugcgucag	2:31198553..31198602:-
2_1928	1.6	1 +/- 4%	-	24	24	0	0	yes	-	-	-	-	aaguagguguagaugggc	uguucuacgcauauuugu	uguucuacgcauauuuguccagcgguuuauaagguuuacauagaacaugggacaaguagguguagaugggc	2:290436857..290436928:-
2_627	1.5	1 +/- 4%	-	22	22	0	0	yes	-	-	-	-	augagggcaggaucaaacaugucgc	uucuguuugaucuuucgaccuugacg	uucuguuugaucuuucgaccuugacgcuugcuucuuugggagcgggugaugagggcaggaucaaacaugucgc	2:256435595..256435668:+
3_3568	1.5	1 +/- 4%	-	26	26	0	0	yes	-	-	-	-	augauagguaaugaaguuu	aguucaauuauuauuu	augauagguaaugaaguuuacaguucaauuauuauuu	3:25440406..25440443:-
3_4049	1.2	1 +/- 4%	-	21	21	0	0	yes	-	-	-	-	ccagaaggcggggaaacggcaauc	uugcaauuucugcgcauccuugaa	ccagaaggcggggaaacggcaaucaaagaaaaucgccaguucuucgauugcaauuucugcgcauccuugaa	3:234041003..234041074:-
2_411	1.2	1 +/- 4%	-	23	23	0	0	yes	-	-	-	-	auggacgugcucaaguucgaacc	uucgauccaguacgauaucg	uucgauccaguacgauaucgccaccgguaaggugauggacgugcucaaguucgaacc	2:178995374..178995431:+
1_4541	0.9	0 +/- 0%	-	28	28	0	0	yes	-	-	-	-	gcgcguaauauuuccgggaggagca	cuccgcuuuuuugcguguag	cuccgcuuuuuugcguguagaguaguuggaguaggcgaaguucgcggauuuauagaugugcgcguaauauuuccgggaggagca	1:51852770..51852854:+
3_3231	0.8	0 +/- 0%	-	23	23	0	0	yes	-	-	-	-	aagaaucauaccggauuggagu	cccaaucugguuauugguuucauu	cccaaucugguuauugguuucauucuaagaaucauaccggauuggagu	3:305491196..305491244:+
3_3544	0.8	0 +/- 0%	-	100	100	0	0	yes	-	-	-	-	auccuggucacggcaccaa	gguguuugaccggggaag	gguguuugaccggggaaggaaugggccgcaaauccuggucacggcaccaa	3:12759845..12759895:-
1_5120	0.1	0 +/- 0%	-	31	31	0	0	yes	-	-	-	-	guuuaguguaccauagagagcau	guuguguguggcccacagaaga	guuuaguguaccauagagagcauagaucauaaagugaguguaauguuguguguggcccacagaaga	1:291258841..291258907:+
3_2898	0	0 +/- 0%	-	41	41	0	0	yes	-	-	-	-	aucauaugaccaaaggucgcaugag	cauaugaccaaaggucgcaugagug	cauaugaccaaaggucgcaugagugcgaaaguuuuuuuuuuaaaguucuucaaccaagucgucaucauaugaccaaaggucgcaugag	3:158081548..158081636:+



mature miRBase miRNAs detected by miRDeep2
tag id	miRDeep2 score	estimated probability that the miRNA is a true positive	rfam alert	total read count	mature read count	loop read count	star read count	significant randfold p-value	mature miRBase miRNA	example miRBase miRNA with the same seed	UCSC browser	NCBI blastn	consensus mature sequence	consensus star sequence	consensus precursor sequence	precursor coordinate
2_1335	106.8	53 +/- 50%	-	201	139	0	62	yes	aae-miR-276-5p	dme-miR-276a-3p	-	-	uaggaacuucauaccgugcucu	agcgagguauagaguuccuacg	agcgagguauagaguuccuacguugcgugugcgaaauugguaggaacuucauaccgugcucu	2:73120452..73120514:-
2_2160	19	53 +/- 50%	-	37	21	0	16	yes	aae-miR-1891	-	-	-	acacguccauuaacucuggua	ugaggaguuaauuugcguguuuuu	ugaggaguuaauuugcguguuuuuguauuugauuaaacacguccauuaacucuggua	2:360084868..360084925:-
NIGP01001012_6948	5.5	63 +/- 39%	-	26	26	0	0	yes	aae-miR-957	dme-miR-957-3p	-	-	ugaaaccguccaaaacugagg	uuaguuuugggcggguuuuagu	uuaguuuugggcggguuuuaguguauuucgauuagaguaucaauugaaaccguccaaaacugagg	NIGP01001012:27491..27556:-
1_4898	5.4	63 +/- 39%	-	50	40	0	10	yes	aae-miR-929	dme-miR-929-5p	-	-	aaauugacucuaguagggagu	acucccuaacggagucagauuga	aaauugacucuaguagggaguccuuguguacgagugacucccuaacggagucagauuga	1:198495526..198495585:+
3_3670	5.4	63 +/- 39%	-	60	60	0	0	yes	aae-miR-998	dme-miR-285-3p	-	-	uagcaccaugagauucagcuc	acugaacucucgugggucugca	acugaacucucgugggucugcaguugauauuucgaaagcuuguagcaccaugagauucagcuc	3:75489589..75489652:-
2_1402	5.2	63 +/- 39%	-	463	463	0	0	yes	aae-miR-2a-5p	dme-miR-2a-3p	-	-	uaucacagccagcuuugaag	ucaaagugguugugaaaug	ucaaagugguugugaaaugaguuacucuugaacgaucucauaucacagccagcuuugaag	2:107237505..107237565:-
1_6702	5.2	63 +/- 39%	-	1232	1232	0	0	yes	aae-miR-317	dme-miR-317-3p	-	-	ugaacacagcuggugguaucuca	ggauacacccugugcucgcu	ggauacacccugugcucgcuuugcauucgaaacuagugaacacagcuggugguaucuca	1:302667131..302667190:-
3_3510	5.2	63 +/- 39%	-	281	281	0	0	yes	aae-miR-980-5p	dme-miR-980-3p	-	-	uagcugccuagugaagggcaau	ggccguucauugggucaucuagc	ggccguucauugggucaucuagcucguguuggaaacaguuagcugccuagugaagggcaau	3:1054523..1054584:-
1_6698	5.2	63 +/- 39%	-	45136	45136	0	0	yes	aae-miR-277-5p	dme-miR-277-3p	-	-	uaaaugcacuaucugguacgaca	gcgugucagaagugcauuuaca	gcgugucagaagugcauuuacauagguauuucccguuuagcaguauuuguaaaugcacuaucugguacgaca	1:302603812..302603884:-
2_1338	5.1	63 +/- 39%	-	139	139	0	0	yes	aae-miR-276-3p	dme-miR-276a-3p	-	-	uaggaacuucauaccgugcucu	agcgagguauagaguuccuaug	agcgagguauagaguuccuaugcguucggauaaaauauuccauaggaacuucauaccgugcucu	2:73509399..73509463:-
2_906	5.1	63 +/- 39%	-	148	148	0	0	yes	aae-miR-100	dme-miR-100-5p	-	-	aacccguagauccgaacuugug	caagaacggauguaugggauuc	aacccguagauccgaacuugugcugccguuucacauguuacaagaacggauguaugggauuc	2:375117351..375117413:+
1_5174	5	63 +/- 39%	-	31	31	0	0	yes	aae-miR-10	dme-miR-10-5p	-	-	acccuguagauccgaauuuguu	caaauucgguucuagagagguuu	acccuguagauccgaauuuguuugaauauuuaacaagcgacaaauucgguucuagagagguuu	1:310530475..310530538:+
3_4422	5	63 +/- 39%	-	4088	4088	0	0	yes	aae-miR-308-5p	dme-miR-2a-3p	-	-	aaucacaggaguauacugugag	cgcgguauauucuuguggcuug	cgcgguauauucuuguggcuugaugcauuugaaaaaucucaaaucacaggaguauacugugag	3:403338483..403338546:-
2_1404	5	63 +/- 39%	-	152	152	0	0	yes	aae-miR-13-5p	dme-miR-2a-3p	-	-	uaucacagccauuuugacgaguu	aucguaaaaaugguugugcugug	aucguaaaaaugguugugcuguguuguuacgcucgaaauucauaucacagccauuuugacgaguu	2:107237649..107237714:-
2_2108	5	63 +/- 39%	-	211	211	0	0	yes	aae-miR-79-5p	dme-miR-4-3p	-	-	auaaagcuagauuaccaaagcau	gcuuuggcgcuuuagcuguauga	gcuuuggcgcuuuagcuguaugauagaauuuaauauuucauaaagcuagauuaccaaagcau	2:335780884..335780946:-
2_2284	5	63 +/- 39%	-	2381	2381	0	0	yes	aae-miR-184	dme-miR-184-3p	-	-	uggacggagaacugauaaggg	cuuaucauucuugcgccccgu	cuuaucauucuugcgccccguguuauauuguuggcgacuggacggagaacugauaaggg	2:417599381..417599440:-
2_1377	4.9	59 +/- 39%	-	2139	2139	0	0	yes	aae-miR-281-5p	dme-miR-281-2-5p	-	-	aagagagcuauccgucgacagu	ugucauggaauugcucucuuua	aagagagcuauccgucgacaguagggauaugauucacugucauggaauugcucucuuua	2:96469361..96469420:-
2_556	4.7	59 +/- 39%	-	115	92	0	23	yes	aae-miR-932-5p	dme-miR-932-5p	-	-	ucaauuccguagugcauugcagug	gcaagcaauguggaagugaag	ucaauuccguagugcauugcagugugcuuuagacgaacugcaagcaauguggaagugaag	2:231381156..231381216:+
1_6726	4.7	59 +/- 39%	-	273	273	0	0	yes	aae-miR-1175-5p	dme-miR-958-3p	-	-	ugagauucuacuucuccgacuuaa	aaguggaguaguggucucaucgcu	aaguggaguaguggucucaucgcuuaguauuagaaaagugagauucuacuucuccgacuuaa	1:307010044..307010106:-
2_433	4.6	59 +/- 39%	-	20	20	0	0	yes	aae-miR-137	dme-miR-137-3p	-	-	uauugcuugagaauacacguag	acgcguauucuuggguuauuaac	acgcguauucuuggguuauuaacacacuguuuauguuguuauugcuugagaauacacguag	2:189612067..189612128:+
2_2240	4.6	59 +/- 39%	-	29906	29906	0	0	yes	aae-miR-1	dme-miR-1-3p	-	-	uggaauguaaagaaguauggag	ccaugcuuccuugcauucaaua	ccaugcuuccuugcauucaauagugauucugaaagcauauggaauguaaagaaguauggag	2:399501023..399501084:-
2_1535	4.5	59 +/- 39%	-	31	31	0	0	yes	aae-miR-263b-5p	dme-miR-263b-5p	-	-	cuuggcacugggagaauucacag	guggaucuuuucgugccaucgu	cuuggcacugggagaauucacaggcgcuauuugcuaucauucuguggaucuuuucgugccaucgu	2:153371131..153371196:-
1_6735	4.5	59 +/- 39%	-	52	52	0	0	yes	aae-miR-iab-4-5p	dme-miR-iab-4-5p	-	-	acguauacugaauguauccuga	gguauaccuucaguauacguaa	acguauacugaauguauccugagugcuaucuauccgguauaccuucaguauacguaa	1:308965424..308965481:-
3_3323	4.4	59 +/- 39%	-	13448	13448	0	0	yes	aae-miR-8-3p	dme-miR-8-3p	-	-	uaauacugucagguaaagauguc	caucuuaccgggcagcauuaga	caucuuaccgggcagcauuagauauuuuugaaauacuucuaauacugucagguaaagauguc	3:328527955..328528017:+
1_4720	4.2	59 +/- 39%	-	28	28	0	0	yes	aae-miR-927	dme-miR-927-5p	-	-	uuuagaauuccuacgcuuuacc	caaagcguuuggguucugaaac	uuuagaauuccuacgcuuuaccgugauuuguugaaaguuuggcaaagcguuuggguucugaaac	1:115022929..115022993:+
2_772	4	59 +/- 39%	-	161	161	0	0	yes	aae-miR-305-5p	dme-miR-305-5p	-	-	auuguacuucaucaggugcucugg	ccggcacauguuggaguacacuua	auuguacuucaucaggugcucugguuguuuucgauacccggcacauguuggaguacacuua	2:307145445..307145506:+
3_2808	3.8	0 +/- 0%	-	373	373	0	0	yes	aae-miR-31	dme-miR-31b-5p	-	-	uggcaagauguuggcauagcuga	agcuauucaacuucuugucuau	uggcaagauguuggcauagcugaaaguuuugaguuuagcuauucaacuucuugucuau	3:136174150..136174208:+
2_514	3.7	0 +/- 0%	-	29	29	0	0	yes	aae-miR-7	dme-miR-7-5p	-	-	uggaagacuagugauuuuguuguu	uaacaauaaaucucaagucuuucuac	uggaagacuagugauuuuguuguuuugcuuacgauaauaacaauaaaucucaagucuuucuac	2:222802544..222802607:+
3_2933	3.5	0 +/- 0%	-	2090	2090	0	0	yes	aae-bantam-5p	dme-bantam-3p	-	-	ugagaucauuuugaaagcugauu	ccgguuuucauuuucgaucugacu	ccgguuuucauuuucgaucugacuuauuugauuuaacaagagugagaucauuuugaaagcugauu	3:178082830..178082895:+
2_2112	3.5	0 +/- 0%	-	9	9	0	0	yes	aae-miR-9c-5p	dme-miR-9c-3p	-	-	uaaagcuuuaguaccagagguc	ucuuugguauucuagcuguaga	ucuuugguauucuagcuguagaauguugagcuuugugauaugguaucuucuaaagcuuuaguaccagagguc	2:335810364..335810436:-
2_1380	2.2	0 +/- 0%	-	6	6	0	0	yes	aae-miR-282-5p	dme-miR-282-3p	-	-	acauagccugacagagguua	gccucuccuaggcuuugucu	gccucuccuaggcuuugucuguuaccuuccuugggaauuccacuagccagacauagccugacagagguua	2:96911968..96912038:-
2_1400	1.8	1 +/- 4%	-	181	181	0	0	yes	aae-miR-2c	-	-	-	aucacagccagcuuugauga	cucaaaguggcugugaaau	cucaaaguggcugugaaaugguuugauuuugcucauaucacagccagcuuugauga	2:107235887..107235943:-
2_1409	1.7	1 +/- 4%	-	757	757	0	0	yes	aae-miR-71-5p	-	-	-	agaaagacauggguagugag	cacuaccuugucuuucaug	agaaagacauggguagugagauaguuucacccuauugcacugggaucucacuaccuugucuuucaug	2:107238287..107238354:-
2_1408	1.5	1 +/- 4%	-	265	265	0	0	yes	aae-miR-2c	-	-	-	aucacagccagcuuugauga	aucaaauuugguuguuuuag	aucaaauuugguuguuuuaguacgaccucuuugaaaccccuaucacagccagcuuugauga	2:107237998..107238059:-
2_1874	1.5	1 +/- 4%	-	167	167	0	0	yes	aae-miR-2946	-	-	-	uaguacggaaaagauaugggga	gccauauuuuuaccgcuacugca	gccauauuuuuaccgcuacugcauuucauuguaauaauuguaguacggaaaagauaugggga	2:268456441..268456503:-
1_6717	1.5	1 +/- 4%	-	666	666	0	0	yes	aae-miR-283	-	-	-	aauaucagcugguaauucugg	ggaauuccaacugauaucca	aauaucagcugguaauucugggcuuaccccaccguuauacgcuucccggaauuccaacugauaucca	1:305625601..305625668:-
2_2268	1.4	1 +/- 4%	-	36	36	0	0	yes	aae-miR-1890	-	-	-	ugaaaucuuugauuaggucugg	agagcuaauuggagaguucuug	agagcuaauuggagaguucuugaauaguguugugaaccuucaugaaaucuuugauuaggucugg	2:413654961..413655025:-
NIGP01000533_6918	1.3	1 +/- 4%	-	46	46	0	0	yes	aae-miR-970	-	-	-	cauaagacacacgcggcuau	agcuugcguuugucuuagcuggu	agcuugcguuugucuuagcugguauugaaugugauagguaucauaagacacacgcggcuau	NIGP01000533:10107..10168:-
2_885	1.1	1 +/- 4%	-	1938	1938	0	0	yes	aae-miR-124	-	-	-	aaggcacgcggugaaugccaa	gguauccacugccggccuauau	gguauccacugccggccuauauguccuauuucgguacucauaaggcacgcggugaaugccaa	2:369307279..369307341:+
2_1606	1.1	1 +/- 4%	-	33	33	0	0	yes	aae-miR-11899	-	-	-	augaccgauuuaauauauggc	cauguaugauuucggucaugu	cauguaugauuucggucauguaugcaguugaaaauaauuauaugaccgauuuaauauauggc	2:182319042..182319104:-
2_1870	0.9	0 +/- 0%	-	49	49	0	0	yes	aae-miR-2941	-	-	-	aguacggcuagaacuccacgg	gugguguuuagacguauuac	gugguguuuagacguauuacaugauuuuuugaacauaacuguaguacggcuagaacuccacgg	2:268456011..268456074:-
2_1872	0.9	0 +/- 0%	-	103	103	0	0	yes	aae-miR-2941	-	-	-	uaguacggcuagaacuccacggaca	uucgugaagcucagcugcauuaca	uucgugaagcucagcugcauuacacgauauggaauacgguuuguaguacggcuagaacuccacggaca	2:268456312..268456380:-
2_2129	0.7	0 +/- 0%	-	120	120	0	0	no	aae-miR-263a-5p	dme-miR-263a-5p	-	-	aauggcacuggaagaauucac	guucuggcaguggcauccc	aauggcacuggaagaauucacggguauauuuugaaauccccguguucuggcaguggcauccc	2:348784448..348784510:-
1_5665	0.5	0 +/- 0%	-	97	97	0	0	no	aae-miR-252-5p	dme-miR-252-5p	-	-	cuaaguacuagugccgcagga	cugcugcccaagugcuuaucg	cuaaguacuagugccgcaggagagauuugaaccccugcugcccaagugcuuaucg	1:175818157..175818212:-
3_4432	0.1	0 +/- 0%	-	289	289	0	0	no	aae-miR-285	dme-miR-285-3p	-	-	uagcaccauucgaaaucaguac	acuggcuuccaaaggugaguaga	acuggcuuccaaaggugaguagauggcauucgauacacucuagcaccauucgaaaucaguac	3:406875046..406875108:-
2_1378	-2.3	0 +/- 0%	-	2139	2139	0	0	no	aae-miR-281-5p	dme-miR-281-2-5p	-	-	aagagagcuauccgucgacagu	cguugacgugggauuuuuuug	cguugacgugggauuuuuuuguucauuuuguucuuucgcugguuucgaauaugaaaauaaagagagcuauccgucgacagu	2:96469398..96469479:-

#miRBase miRNAs not detected by miRDeep2
miRBase precursor id	total read count	mature read count(s)	star read count	remaining reads	UCSC browser	NCBI blastn	miRBase mature sequence(s)	miRBase star sequence(s)	miRBase precursor sequence
1311	1311	0	0	-	-	caguacuuauguuaugcucucu	ugaguauuacaucagguacuggu	-	uucggacugaguauuacaucagguacuggugucgauauucgaaucaccaacgaaucggguuccuuugauuaacuuaccaguacuuauguuaugcucucuccg	
1201	1201	0	0	-	-	cacguuacagauugggguuucc	uaaucucaaauuguaacagugg	-	gagguaaucucaaauuguaacaguggguugauuuuccuggugaaucccggccuuguccuccgucacaagugugacaagugucucgaaaacguguucgcuauacccacguuacagauugggguuucccc	
331	331	0	0	-	-	ugguuuaucuuaucugucgaggc	gucgacagggagauaaaucacu	-	cauugguuuaucuuaucugucgaggcaaguuauuuuaccggauaguguuucuuuucgugagcaaucaccacuauccagcucuucuugucgacagggagauaaaucacug	
123	123	0	0	-	-	ucagguacugagugacucucag	gagagcaccucgguaucuaagc	-	cauucgcaauuucaccgguucagguacugagugacucucagaugugcauuucucaagcaaucucguccucaggaccugagguugaaaaacccugagagcaccucgguaucuaagccaguguugcgaaaa	
53	53	0	0	-	-	ugagguaguugguuguauagu	-	cacguugagguaguugguuguauaguagugacugauuaaauaucugcuaugcaaucugcuagcuugucgug	
51	51	0	0	-	-	ucccugagacccuaacuuguga	-	uuaguuuuguuucugcugauucccugagacccuaacuugugacuauaguugaaguuucacaaguuuugaucuccgguauuagcggucgagauuca	
50	50	0	0	-	-	ucagguaccugaaguagcgc	cgcgcuaagcaggaaccgagac	-	auccuuucgauuucgcgcgcuaagcaggaaccgagacuuugucauuugcuagcagucagguaccugaaguagcgcgcgugauc	
25	25	0	0	-	-	agcggguccguuucuagugucaug	ugacuagaggcagacucguuua	-	ucugaucugagcggguccguuucuagugucaugugcuguauucgaauaucaugacuagaggcagacucguuuaggucuggga	
24	24	0	0	-	-	agauauguuugauauucuugguug	-	gggugauuccggugagauauguuugauauucuugguuguuaaauuuuauauuaucacccaggaaucaaacauauuauuacuguggucaucaugagacuucg	
20	20	0	0	-	-	ucagaucuacuuaauacccau	-	acuccaauucuggguauuuuagauccuuggcauaguuacgugauugaaugcacuguucuucuuugguuuacccaguaucgaacacgcgucaaucugucagaucuacuuaauacccaua	











































































