miRDeep2 score	novel miRNAs reported by miRDeep2	novel miRNAs, estimated false positives	novel miRNAs, estimated true positives	known miRNAs in species	known miRNAs in data	known miRNAs detected by miRDeep2	estimated signal-to-noise	excision gearing
10	4	2 +/- 1	2 +/- 1 (57 +/- 32%)	164	114	35 (31%)	14	1
9	4	2 +/- 1	2 +/- 1 (56 +/- 32%)	164	114	35 (31%)	13.8	1
8	4	2 +/- 1	2 +/- 1 (56 +/- 31%)	164	114	35 (31%)	13.7	1
7	4	2 +/- 1	2 +/- 1 (55 +/- 31%)	164	114	35 (31%)	13.4	1
6	7	2 +/- 1	5 +/- 1 (73 +/- 20%)	164	114	35 (31%)	14.6	1
5	8	2 +/- 2	6 +/- 2 (75 +/- 19%)	164	114	63 (55%)	22.6	1
4	11	2 +/- 2	9 +/- 2 (79 +/- 14%)	164	114	87 (76%)	27	1
3	13	12 +/- 3	2 +/- 2 (13 +/- 16%)	164	114	89 (78%)	6.2	1
2	15	16 +/- 4	1 +/- 2 (6 +/- 11%)	164	114	90 (79%)	5	1
1	40	21 +/- 4	19 +/- 4 (46 +/- 11%)	164	114	98 (86%)	5.1	1
0	64	56 +/- 6	8 +/- 5 (13 +/- 8%)	164	114	100 (88%)	2.4	1
-1	76	123 +/- 8	0 +/- 0 (0 +/- 0%)	164	114	101 (89%)	1.2	1
-2	86	189 +/- 11	0 +/- 0 (0 +/- 0%)	164	114	101 (89%)	0.9	1
-3	125	253 +/- 13	0 +/- 0 (0 +/- 0%)	164	114	103 (90%)	0.8	1
-4	190	308 +/- 14	0 +/- 0 (0 +/- 0%)	164	114	103 (90%)	0.9	1
-5	257	361 +/- 15	0 +/- 0 (0 +/- 0%)	164	114	105 (92%)	0.9	1
-6	309	441 +/- 16	0 +/- 0 (0 +/- 0%)	164	114	105 (92%)	0.9	1
-7	357	516 +/- 17	0 +/- 0 (0 +/- 0%)	164	114	105 (92%)	0.8	1
-8	409	575 +/- 18	0 +/- 0 (0 +/- 0%)	164	114	105 (92%)	0.8	1
-9	478	630 +/- 18	0 +/- 0 (0 +/- 0%)	164	114	105 (92%)	0.9	1
-10	533	680 +/- 17	0 +/- 0 (0 +/- 0%)	164	114	105 (92%)	0.9	1



novel miRNAs predicted by miRDeep2
provisional id	miRDeep2 score	estimated probability that the miRNA candidate is a true positive	rfam alert	total read count	mature read count	loop read count	star read count	significant randfold p-value	miRBase miRNA	example miRBase miRNA with the same seed	UCSC browser	NCBI blastn	consensus mature sequence	consensus star sequence	consensus precursor sequence	precursor coordinate
3_6658	942.4	57 +/- 32%	-	1847	1741	0	106	yes	-	-	-	-	guaggccggcggaaacuacuugc	agggguuucuuucggccuccag	agggguuucuuucggccuccagcggcauuagauaguuguaggccggcggaaacuacuugc	3:6069685..6069745:-
2_4439	106.6	57 +/- 32%	-	253	192	0	61	no	-	-	-	-	auggaccuguucugaaaccu	auuucugacaccucuucugacguug	auggaccuguucugaaaccuucuguguugaaaaacgauugcauuucugacaccucuucugacguug	2:453147674..453147740:-
2_4512	36.7	57 +/- 32%	-	62	35	0	27	yes	-	dme-miR-2491-5p	-	-	ggcuguugcugccucaagg	cuagaggcagcaacagccgcu	cuagaggcagcaacagccgcucaaaauuuccuugcgcggcuguugcugccucaagg	2:463149716..463149772:-
3_4785	30	57 +/- 32%	-	57	56	0	1	yes	-	-	-	-	ugaggcgucuucugguggcug	agucaccaucugauacugacgg	agucaccaucugauacugacggaggauggaugugcuccgugaggcgucuucugguggcug	3:38407097..38407157:+
NIGP01000245_12724	6.4	73 +/- 20%	-	21	20	0	1	no	-	-	-	-	aagucucucaauuucuugggaa	uccgaauuauugaggguccgca	aagucucucaauuucuugggaaguacccgcauucuuuccgaauuauugaggguccgca	NIGP01000245:2896..2954:-
1_9766	6.1	73 +/- 20%	-	21	20	0	1	no	-	-	-	-	aagucucucaauuucuugggaa	uccgaauuauugaggguccgca	aagucucucaauuucuugggaaguacccgcauucuuuccgaauuauugaggguccgca	1:301860828..301860886:+
2_1266	6.1	73 +/- 20%	-	21	20	0	1	no	-	-	-	-	aagucucucaauuucuugggaa	uccgaauuauugaggguccgca	aagucucucaauuucuugggaaguacccgcauucuuuccgaauuauugaggguccgca	2:282883533..282883591:+
3_4993	5.2	75 +/- 19%	-	1904	1904	0	0	yes	-	dme-miR-971-3p	-	-	uugguguuauaucuuacagugag	ggcuguaaguauuacagcaagc	ggcuguaaguauuacagcaagcuugcuauucgaaaggcgcuugguguuauaucuuacagugag	3:82678953..82679016:+
NIGP01000710_12706	4.7	79 +/- 14%	-	26	26	0	0	yes	-	dme-miR-4986-5p	-	-	agggauuccguuagcaau	uccuuuagcaauaccucca	agggauuccguuagcaauaccuccaaggauuccuucaggaauuccuucagggauuccuuuagcaauaccucca	NIGP01000710:34979..35052:+
2_1639	4.5	79 +/- 14%	-	11	11	0	0	yes	-	dme-miR-973-3p	-	-	ccuguucaggauuugaacac	aacaggauccuguucaggau	aacaggauccuguucaggauucaaacagaguccuguucaggauuugaacac	2:371242994..371243045:+
1_9798	4.2	79 +/- 14%	-	392	392	0	0	yes	-	dme-miR-iab-8-5p	-	-	uuacguauacugaagguauacc	gauacauucaguauacguucau	uuacguauacugaagguauaccggauagauagcacucaggauacauucaguauacguucau	1:308965424..308965485:+
NIGP01002131_12813	3.6	13 +/- 16%	-	34	15	0	19	no	-	-	-	-	acuggcuucguugccguu	guuuacaggcggggauuu	guuuacaggcggggauuuauuuauuuuuuuauacuuuacuggcuucguugccguu	NIGP01002131:388..443:-
3_7931	3	13 +/- 16%	-	27	27	0	0	yes	-	-	-	-	cuagaggcagcaacagccgcu	cggcuguugcugccucuaggc	cuagaggcagcaacagccgcucaaaauuuccuugcgcggcuguugcugccucuaggc	3:294106011..294106068:-
3_5057	2.3	6 +/- 11%	-	28	28	0	0	yes	-	-	-	-	auaaaugggacuguuaugcgag	cgcauaacagucccauauuacauguau	cgcauaacagucccauauuacauguauaugggauuucauauauaaaugggacuguuaugcgag	3:89602100..89602163:+
3_5183	2	6 +/- 11%	-	2	1	0	1	yes	-	-	-	-	agucaccaucugauacugacgg	ugaggcgucuucugguggcua	agucaccaucugauacugacggaggauggaugugcuccccaaagcacgguccuccgugaggcgucuucugguggcua	3:124646931..124647008:+
3_5559	1.9	46 +/- 11%	-	43	43	0	0	yes	-	-	-	-	caugggacaauuaugcguuuau	aaaugcaugucagucccacguu	aaaugcaugucagucccacguuugcuggaguuccuauucacaugggacaauuaugcguuuau	3:195269650..195269712:+
2_4200	1.9	46 +/- 11%	-	2	1	0	1	yes	-	-	-	-	agucaccaucugauacugacgg	ugaggcgucuucuguuggcug	agucaccaucugauacugacggaggauggaugcacgguccuccgugaggcgucuucuguuggcug	2:399584745..399584810:-
1_8567	1.9	46 +/- 11%	-	43	43	0	0	yes	-	-	-	-	caugggacaauuaugcguuuau	aaacgcaugucagucccauguu	aaacgcaugucagucccauguuugcuggauuuccuauucacaugggacaauuaugcguuuau	1:49225592..49225654:+
3_6275	1.9	46 +/- 11%	-	43	43	0	0	yes	-	-	-	-	caugggacaauuaugcguuuau	aaacgcaugucaaccccauguu	aaacgcaugucaaccccauguuugcuggauuuccuauucacaugggacaauuaugcguuuau	3:324367484..324367546:+
2_2508	1.8	46 +/- 11%	-	43	43	0	0	yes	-	-	-	-	auaaaugggacuguuaugcgag	cgcauaacaguccuauuuucuau	cgcauaacaguccuauuuucuaugggauuuccuauauaaaugggacuguuaugcgag	2:98458108..98458165:-
1_9858	1.8	46 +/- 11%	-	41	41	0	0	yes	-	-	-	-	agaagcuuccaagcuucc	aagcuuccuggaagaagcuuc	aagcuuccuggaagaagcuuccaagcuuccuggaagaagcuuccaagcuuccuggaagaagcuuccaagcuucc	1:9970666..9970740:-
3_4949	1.8	46 +/- 11%	-	66	66	0	0	yes	-	-	-	-	ugaggcgucuucugguggcug	gacaccaucugauacugacg	gacaccaucugauacugacggaggauggaugugcuucccaaagcacgguccuccgugaggcgucuucugguggcug	3:77632476..77632552:+
2_2533	1.8	46 +/- 11%	-	24	24	0	0	yes	-	-	-	-	aaccuggaugucuggauccgu	ggaaaccguccauccuggcaac	aaccuggaugucuggauccguccuguucgcacgcucgagcuugggagcuguacgcggaaaccguccauccuggcaac	2:102803486..102803563:-
1_11729	1.8	46 +/- 11%	-	32	32	0	0	yes	-	-	-	-	ggacgcucguacguaccgc	cauccguacgaacgugucugg	ggacgcucguacguaccgcaccaccgcauccguacgaacgugucugg	1:205685770..205685817:-
3_4862	1.7	46 +/- 11%	-	52	52	0	0	yes	-	-	-	-	gcuuggaagcuucuucuccaaaagc	uucuuauccagaagcuuggaagcuu	gcuuggaagcuucuucuccaaaagcuuggaagcuucuucuccagaagcuugaaagcuucuuauccagaagcuuggaagcuu	3:52248666..52248747:+
1_9857	1.7	46 +/- 11%	-	41	41	0	0	yes	-	-	-	-	agaagcuuccaagcuucc	aagcuuccuggaagaagcuuc	aagcuuccuggaagaagcuuccaagcuuccuggaagaagcuuccaagcuuccuggaagaagcuuccaagcuuccuggaagaagcuuccaagcuucc	1:9970600..9970696:-
3_5062	1.7	46 +/- 11%	-	46	46	0	0	yes	-	-	-	-	gcugaugguggcucccgg	uggaguggacaacaacggcgg	gcugaugguggcucccgggauggaguggacaacaacggcgg	3:90661953..90661994:+
2_3334	1.7	46 +/- 11%	-	43	43	0	0	yes	-	-	-	-	caugggacaauuaugcguuuau	aaacacguaucagucccaugau	aaacacguaucagucccaugauugcuuggauuccuauucacaugggacaauuaugcguuuau	2:250253421..250253483:-
2_1937	1.6	46 +/- 11%	-	17	17	0	0	yes	-	-	-	-	uccugaggugaaaaaaugcuga	ggcauuuuuucacuuuagacc	ggcauuuuuucacuuuagaccgauuggcagcgaugcaaucuugcguccugaggugaaaaaaugcuga	2:448367172..448367239:+
2_3802	1.6	46 +/- 11%	-	22	22	0	0	yes	-	-	-	-	cguuaacggcguuucguugaua	ucaacgauuaacgccguuaacguu	ucaacgauuaacgccguuaacguuaguuuuucucgagaucaacguuaacggcguuucguugaua	2:327167077..327167141:-
3_6680	1.6	46 +/- 11%	-	17	17	0	0	yes	-	-	-	-	gucaucauuccggccggaguuc	gcucuggccaaugccgacau	gcucuggccaaugccgacaucgucaucauuccggccggaguuc	3:10090695..10090738:-
NIGP01000892_12451	1.5	46 +/- 11%	-	34	34	0	0	yes	-	-	-	-	ggauuggauuuggauuggau	uggauuuggauuggauuugg	uggauuuggauuggauuuggauuggauuuggauuggauuuggauuggauuuggauuggauuuggaugggauuuggauuggauuuggauuggau	NIGP01000892:893..986:+
2_391	1.5	46 +/- 11%	-	25	25	0	0	yes	-	-	-	-	gcaagggcugauugcugcuagc	uaguagcauuucaggccuuauca	uaguagcauuucaggccuuaucacaguuugauaguagucugaacuacuagacugcaaaacuacggcaagggcugauugcugcuagc	2:90304626..90304712:+
2_987	1.5	46 +/- 11%	-	25	25	0	0	yes	-	-	-	-	gcaagggcugauugcugcuagc	uaguagcauuucaggccuuauca	uaguagcauuucaggccuuaucauaguuugauaguaguuugaacuacuagacugcaaagcuacggcaagggcugauugcugcuagc	2:232826773..232826859:+
NIGP01000892_12452	1.4	46 +/- 11%	-	37	34	3	0	yes	-	-	-	-	ggauuggauuuggauuggau	uggauuuggauuggauuugg	uggauuuggauuggauuuggaugggauuuggauuggauuuggauuggauuuggauuggauuuggauuggauuuggauuggauuuggauuggauuuggauuggau	NIGP01000892:937..1041:+
2_2468	1.2	46 +/- 11%	-	34	34	0	0	yes	-	-	-	-	ggauuggauuuggauuggau	uggauuuggauuggauuugc	uggauuuggauuggauuugcauuggauuugaauuggauuuggauuggauuuggauuggguuuggauuggauuuggauuggauuuggauuggau	2:82920357..82920450:-
3_7659	1.2	46 +/- 11%	-	34	34	0	0	yes	-	-	-	-	ggauuggauuuggauuggau	uggauuuggauuggauuauu	uggauuuggauuggauuauuggauuuggauuggauuuggauuggauuuggauuggauuuggauuggauuuggauuggauuuggauuggauuuggauuggau	3:228750044..228750145:-
3_8070	1.1	46 +/- 11%	-	29	29	0	0	yes	-	-	-	-	uuuuuacacuuaauauaagg	uuauauugguaauaucg	uuauauugguaauaucgaauuuuuacacuuaauauaagg	3:325564957..325564996:-
3_6136	1.1	46 +/- 11%	-	16	16	0	0	yes	-	-	-	-	gauuuaguuuuaaguuuu	aacuuaaaaucaaauuuc	gauuuaguuuuaaguuuuucuccgcuauaaauugccaaauuaaagcggagaaaaacuuaaaaucaaauuuc	3:306553804..306553875:+
2_1786	1	46 +/- 11%	-	59	59	0	0	yes	-	-	-	-	aucaggaaggucgacggguacu	aacuggcgaccuuccaagaucc	aucaggaaggucgacggguacucuucuucaaauuuggcaacuggcgaccuuccaagaucc	2:404325201..404325261:+
3_7736	0.9	13 +/- 8%	-	33	33	0	0	yes	-	-	-	-	ugagaagcuccagucugaugga	caucaucuggaucagcucaga	caucaucuggaucagcucagauaucaauuugagaagcuccagucugaugga	3:240398416..240398467:-
1_8477	0.8	13 +/- 8%	-	10	10	0	0	yes	-	-	-	-	uucccggagccggaggcg	ccuccgguucgggcagc	ccuccgguucgggcagcaguugcguucccggagccggaggcg	1:24374493..24374535:+
2_4411	0.8	13 +/- 8%	-	17	17	0	0	yes	-	-	-	-	cgugauggagagaaacgac	cguucccgggaacgug	cguucccgggaacgugaucgugauggagagaaacgac	2:445997244..445997281:-
1_9626	0.8	13 +/- 8%	-	32	32	0	0	yes	-	-	-	-	uuccaggugggaguuaucu	aauuuuccaucugaacg	uuccaggugggaguuaucugauaugugaauaugguaccauaacagaauuuuccaucugaacg	1:267388610..267388672:+
2_1568	0.8	13 +/- 8%	-	26	26	0	0	yes	-	-	-	-	uggacccgcucuagugucaa	gaccgaguugguuuagu	uggacccgcucuagugucaacaaucuuugaccgaguugguuuagu	2:351105788..351105833:+
3_6550	0.7	13 +/- 8%	-	34	34	0	0	yes	-	-	-	-	ggauuggauuuggauuggau	uggauuuggauuggauuugg	uggauuuggauuggauuuggauuggauuuggauuggaauuggauuggaauuggauuggauuggauuggauuuggauuggauuuggauuggau	3:388996802..388996894:+
1_11955	0.7	13 +/- 8%	-	80	80	0	0	yes	-	-	-	-	uggauuuggauuggauuuc	auuucgauucaaauucgau	uggauuuggauuggauuucgaaaggauuucgauucaaauucgau	1:212651921..212651965:-
3_7660	0.6	13 +/- 8%	-	34	34	0	0	yes	-	-	-	-	ggauuggauuuggauuggau	uggauuuggauuggauuugg	uggauuuggauuggauuuggauuggauuauuggauuuggauuggauuuggauuggau	3:228750099..228750156:-
3_6549	0.6	13 +/- 8%	-	34	34	0	0	yes	-	-	-	-	ggauuggauuuggauuggau	uggauuggaauuggauugga	uggauuggaauuggauuggauuuggauuggauuuggauuggauuuggauuggauuuggauuggau	3:388996764..388996829:+
3_5264	0.6	13 +/- 8%	-	18	18	0	0	yes	-	-	-	-	uuuagcugaaacuaaucguac	cugaguuaguuucaggauu	uuuagcugaaacuaaucguacuccuuuugauuuugcugaaggggagucugaguuaguuucaggauu	3:135910179..135910245:+
2_4094	0.6	13 +/- 8%	-	32	32	0	0	yes	-	-	-	-	uugcguugauuuuuaggagcc	cuuuuucugacuugaacguuucg	cuuuuucugacuugaacguuucguugauucguugacguuaauuguaacgaucaacgaauuuugcguugauuuuuaggagcc	2:381857603..381857684:-
1_9615	0.5	13 +/- 8%	-	17	17	0	0	yes	-	-	-	-	gauuuuaugaggguggcaauc	uuguccccacaugaggugag	uuguccccacaugaggugaggagugucauuaucuguuucgacgaccgcccaccugauuuuaugaggguggcaauc	1:260112465..260112540:+
2_2199	0.5	13 +/- 8%	-	29	29	0	0	yes	-	-	-	-	uuggacuuguagcucuggu	caaugcacgaguucacua	uuggacuuguagcucugguucucaauggaccaaugcacgaguucacua	2:31172695..31172743:-
2_848	0.5	13 +/- 8%	-	30	30	0	0	yes	-	-	-	-	aaauuggaaugcucguucu	gaugagcuguuuaauuuuc	aaauuggaaugcucguucucugaaugguaaagaggaugagcuguuuaauuuuc	2:203480973..203481026:+
NIGP01000675_12528	0.3	13 +/- 8%	-	49	49	0	0	yes	-	-	-	-	gagaaguauaagcugcauc	ugcugcuuaacuucagcuccg	gagaaguauaagcugcaucacugguccuaugcugacauucaucgagcaguccaugcugcuuaacuucagcuccg	NIGP01000675:51366..51440:+
3_7663	0.3	13 +/- 8%	-	45	45	0	0	yes	-	-	-	-	uaugagagacuguuuauc	uaaaaccccucuaaaca	uaugagagacuguuuaucguacacugcuacaacuuugaucagaucggggggauagcagugcuugauaaaaccccucuaaaca	3:229783499..229783581:-
2_742	0.3	13 +/- 8%	-	39	39	0	0	yes	-	-	-	-	gaaguuaaguaucuagggc	ucuagauaagaauuuaacuuuga	gaaguuaaguaucuagggcucauucuagauaagaauuuaacuuuga	2:173408923..173408969:+
2_1202	0.3	13 +/- 8%	-	49	49	0	0	yes	-	-	-	-	gagaaguauaagcugcauc	ugcugcuuaacuucagcuccg	gagaaguauaagcugcaucacugguccuaugcugacauucaucgagcaguccaugcugcuuaacuucagcuccg	2:269154352..269154426:+
3_5023	0.2	13 +/- 8%	-	51	51	0	0	yes	-	-	-	-	guuucacgcguucgacac	aucgaaugcugcuacau	aucgaaugcugcuacauaacuuguuucacgcguucgacac	3:87790034..87790074:+
1_12215	0.1	13 +/- 8%	-	61	61	0	0	yes	-	-	-	-	guuaagaaugaacgaauu	uauguuuauuuaacuuac	guuaagaaugaacgaauugaaaaauauguuuauuuaacuuac	1:286844723..286844765:-
2_576	0	13 +/- 8%	-	67	67	0	0	yes	-	-	-	-	ugaaauggaauaggaggggcuaac	augcguguucagugccguuuugac	ugaaauggaauaggaggggcuaacguuugaaacuaagcgaaggaauaugauuuuccuucgacaaaugaaugcguguucagugccguuuugac	2:127864491..127864583:+
3_4753	0	13 +/- 8%	-	32	32	0	0	yes	-	-	-	-	ucucaggauguugaggaaaaucuu	gaacuucucucaaaauuucgaggga	gaacuucucucaaaauuucgagggaaauccucucaggaugucgagguaaauccucucaggauguugaggaaaaucuu	3:30185903..30185980:+
2_4293	0	13 +/- 8%	-	25	25	0	0	yes	-	-	-	-	cuuugaauccugcgauccgag	cgguggaaccucguuuuuuucguguc	cuuugaauccugcgauccgaguucaaaucucgguggaaccucguuuuuuucguguc	2:422629570..422629626:-
2_736	0	13 +/- 8%	-	34	34	0	0	yes	-	-	-	-	ggauuggauuuggauuggau	uggauuuggauuggauuugg	uggauuuggauuggauuuggauuggauuugauuggauuugauuggauuggauuggauuuggauuggauuuggauuggau	2:172887602..172887681:+



mature miRBase miRNAs detected by miRDeep2
tag id	miRDeep2 score	estimated probability that the miRNA is a true positive	rfam alert	total read count	mature read count	loop read count	star read count	significant randfold p-value	mature miRBase miRNA	example miRBase miRNA with the same seed	UCSC browser	NCBI blastn	consensus mature sequence	consensus star sequence	consensus precursor sequence	precursor coordinate
1_12284	120647.9	57 +/- 32%	-	236637	236628	0	9	yes	aae-miR-277-5p	dme-miR-277-3p	-	-	uaaaugcacuaucugguacgaca	cgugucagaagugcauuuaca	cgugucagaagugcauuuacauagguauuucccguuuagcaguauuuguaaaugcacuaucugguacgaca	1:302603812..302603883:-
3_8380	18612.8	57 +/- 32%	-	36500	36494	0	6	yes	aae-miR-308-5p	dme-miR-2a-3p	-	-	aaucacaggaguauacugugag	cgcgguauauucuuguggcuug	cgcgguauauucuuguggcuugaugcauuugaaaaaucucaaaucacaggaguauacugugag	3:403338483..403338546:-
1_10701	8332.1	57 +/- 32%	-	16336	15869	0	467	yes	aae-miR-252-5p	dme-miR-252-5p	-	-	cuaaguacuagugccgcaggag	ccugcugcccaagugcuuaucg	cuaaguacuagugccgcaggagagauuugaaccccugcugcccaagugcuuaucg	1:175818157..175818212:-
3_5497	8123.7	57 +/- 32%	-	15929	15922	0	7	yes	aae-bantam-5p	dme-bantam-3p	-	-	ugagaucauuuugaaagcugauu	ccgguuuucauuuucgaucugacu	ccgguuuucauuuucgaucugacuuauuugauuuaacaagagugagaucauuuugaaagcugauu	3:178082830..178082895:+
2_2432	5191.8	57 +/- 32%	-	10175	8780	0	1395	yes	aae-miR-276-5p	dme-miR-276a-3p	-	-	uaggaacuucauaccgugcucu	agcgagguauagaguuccuacg	agcgagguauagaguuccuacguugcgugugcgaaauugguaggaacuucauaccgugcucu	2:73120452..73120514:-
2_2434	4488.4	57 +/- 32%	-	8795	8704	0	91	yes	aae-miR-276-3p	dme-miR-276a-3p	-	-	uaggaacuucauaccgugcucu	agcgagguauagaguuccua	agcgagguauagaguuccuaugcguucggauaaaauauuccauaggaacuucauaccgugcucu	2:73509399..73509463:-
1_12322	3975.5	57 +/- 32%	-	7790	7274	0	516	yes	aae-miR-1175-5p	dme-miR-958-3p	-	-	ugagauucuacuucuccgacuuaa	aaguggaguaguggucucaucg	aaguggaguaguggucucaucgcuuaguauuagaaaagugagauucuacuucuccgacuuaa	1:307010044..307010106:-
3_8240	3522.3	57 +/- 32%	-	6908	6897	0	11	yes	aae-miR-989	-	-	-	gaugugacguagugguac	cgccgcuaccucgcuuucacu	cgccgcuaccucgcuuucacuugguaccgauuucccauaauccaugugaugugacguagugguac	3:366439082..366439147:-
2_480	2053.7	57 +/- 32%	-	4021	3886	0	135	yes	aae-miR-9a	dme-miR-9a-5p	-	-	ucuuugguuaucuagcuguaug	uaaagcuagcauaccgaaguua	ucuuugguuaucuagcuguaugagugaauuuagaacaucauaaagcuagcauaccgaaguua	2:108461947..108462009:+
2_3997	1869.2	57 +/- 32%	-	3666	3361	0	305	yes	aae-miR-1891	-	-	-	ugaggaguuaauuugcguguuu	acacguccauuaacucugguac	ugaggaguuaauuugcguguuuuuguauuugauuaaacacguccauuaacucugguac	2:360084867..360084925:-
2_1531	1648.5	57 +/- 32%	-	3226	3223	0	3	yes	aae-miR-14	dme-miR-14-3p	-	-	ucagucuuuuucucucuccuau	gggagcgagauuaaggcuugcu	gggagcgagauuaaggcuugcuggucauuuauuacacucgaagucagucuuuuucucucuccuau	2:344767572..344767637:+
2_2564	1324.2	57 +/- 32%	-	2589	2585	0	4	yes	aae-miR-13-5p	dme-miR-2a-3p	-	-	uaucacagccauuuugacgaguu	ucguaaaaaugguugugcugu	ucguaaaaaugguugugcuguguuguuacgcucgaaauucauaucacagccauuuugacgaguu	2:107237649..107237713:-
3_6954	1098.7	57 +/- 32%	-	2146	2130	0	16	yes	aae-miR-11-5p	dme-miR-2a-3p	-	-	caucacagucugaguucuugcu	cgagaacuccggcugugaccug	cgagaacuccggcugugaccuguguacacuuuauccaaaucacaucacagucugaguucuugcu	3:75489864..75489928:-
2_3883	1083.4	57 +/- 32%	-	2117	1795	0	322	yes	aae-miR-9c-5p	dme-miR-9a-5p	-	-	ucuuugguauucuagcuguaga	uaaagcuuuaguaccagagguc	ucuuugguauucuagcuguagaauguugagcuuugugauaugguaucuucuaaagcuuuaguaccagagguc	2:335810364..335810436:-
2_2569	1075.7	57 +/- 32%	-	2108	1594	0	514	yes	aae-miR-71-5p	-	-	-	agaaagacauggguagugagau	ucucacuaccuugucuuucaug	agaaagacauggguagugagauaguuucacccuauugcacugggaucucacuaccuugucuuucaug	2:107238287..107238354:-
3_8404	896.1	57 +/- 32%	-	1759	1754	0	5	no	aae-miR-285	dme-miR-285-3p	-	-	uagcaccauucgaaaucaguac	acuggcuuccaaaggugaguag	acuggcuuccaaaggugaguagauggcauucgauacacucuagcaccauucgaaaucaguac	3:406875046..406875108:-
3_5820	802.4	57 +/- 32%	-	1565	881	0	684	yes	aae-miR-307	dme-miR-307a-5p	-	-	acucacucaaccugggugugau	ucacaaccuccuugagugagcga	acucacucaaccugggugugaugcuuauuugaaucaucacaaccuccuugagugagcga	3:244794376..244794435:+
2_2323	779.5	57 +/- 32%	-	1521	1516	0	5	yes	aae-miR-190	dme-miR-190-5p	-	-	agauauguuugauauucuugguug	cccaggaaucaaacauauuauu	agauauguuugauauucuugguuguuaaauuuuauauuaucacccaggaaucaaacauauuauu	2:48811878..48811942:-
2_970	302.2	57 +/- 32%	-	585	549	0	36	yes	aae-miR-932-5p	dme-miR-932-5p	-	-	ucaauuccguagugcauugcag	ugcaagcaauguggaagugaag	ucaauuccguagugcauugcagugugcuuuagacgaacugcaagcaauguggaagugaag	2:231381156..231381216:+
1_10232	254.9	57 +/- 32%	-	492	474	0	18	yes	aae-miR-87	dme-miR-87-3p	-	-	gugagcaaauuuucaggugugu	cagccugaaauuugcuaaaccu	cagccugaaauuugcuaaaccuguguguauuugauucaaacaaucaaggugagcaaauuuucaggugugu	1:80682401..80682471:-
1_8870	167.6	57 +/- 32%	-	322	163	0	159	yes	aae-miR-927	dme-miR-927-5p	-	-	uuuagaauuccuacgcuuuacc	caaagcguuuggguucuga	uuuagaauuccuacgcuuuaccgugauuuguugaaaguuuggcaaagcguuuggguucuga	1:115022929..115022990:+
3_6452	156.3	57 +/- 32%	-	308	290	0	18	yes	aae-miR-193	-	-	-	ugggauuuuguggaccagaag	uacuggccuacuaagucccaac	ugggauuuuguggaccagaagauuuccuccauucgauaauagcuacuggccuacuaagucccaac	3:360501795..360501860:+
1_12331	104.2	57 +/- 32%	-	197	196	0	1	yes	aae-miR-iab-4-5p	dme-miR-iab-4-5p	-	-	acguauacugaauguauccuga	cgguauaccuucaguauacgua	acguauacugaauguauccugagugcuaucuauccgguauaccuucaguauacgua	1:308965425..308965481:-
1_12335	11.1	57 +/- 32%	-	21	13	0	8	yes	aae-miR-993	-	-	-	ccuguaguuccgggcuuuu	gaagcucguuucuauagagg	ccuguaguuccgggcuuuugugguuucuuuuauuguuaauuaucagaagcucguuucuauagagg	1:310672025..310672090:-
2_2560	5.4	75 +/- 19%	-	4829	4829	0	0	yes	aae-miR-2c	dme-miR-2a-3p	-	-	uaucacagccagcuuugaugag	cucaaaguggcugugaaaug	cucaaaguggcugugaaaugguuugauuuugcucauaucacagccagcuuugaugag	2:107235886..107235943:-
1_9573	5.4	75 +/- 19%	-	2819	2819	0	0	yes	aae-miR-999	dme-miR-999-3p	-	-	uguuaacuguaagacugugucu	acgcggucgugcaggaaauuauu	acgcggucgugcaggaaauuauuuggcauuagauucaaauguuaacuguaagacugugucu	1:252222293..252222354:+
3_6952	5.4	75 +/- 19%	-	625	625	0	0	yes	aae-miR-998	dme-miR-285-3p	-	-	uagcaccaugagauucagcuc	acugaacucucgugggucugca	acugaacucucgugggucugcaguugauauuucgaaagcuuguagcaccaugagauucagcuc	3:75489589..75489652:-
1_9260	5.4	75 +/- 19%	-	1737	1737	0	0	yes	aae-miR-929	dme-miR-929-5p	-	-	aaauugacucuaguagggagu	ucccuaacggagucagauuga	aaauugacucuaguagggaguccuuguguacgagugacucccuaacggagucagauuga	1:198495526..198495585:+
1_10105	5.3	75 +/- 19%	-	631	631	0	0	yes	aae-miR-33	dme-miR-33-5p	-	-	gugcauuguaguugcauugca	caauacuucugcaaugcaagc	gugcauuguaguugcauugcacuuuugcguucgauaacacggugcaauacuucugcaaugcaagc	1:50888881..50888946:-
3_6579	5.3	75 +/- 19%	-	154	154	0	0	yes	aae-miR-957	dme-miR-957-3p	-	-	ugaaaccguccaaaacugaggc	guuaguuuugggcggguuuuagu	guuaguuuugggcggguuuuaguguauuucgauuagaguaucaauugaaaccguccaaaacugaggc	3:398466624..398466691:+
2_411	5.3	75 +/- 19%	-	95	95	0	0	yes	aae-miR-988-5p	dme-miR-988-3p	-	-	ccccuuguugcaaaccucacgc	gugugcuuugugacaaugag	gugugcuuugugacaaugagauucgguucgauaucauccccuuguugcaaaccucacgc	2:93351380..93351439:+
2_2562	5.2	75 +/- 19%	-	14444	14444	0	0	yes	aae-miR-2a-5p	dme-miR-2a-3p	-	-	uaucacagccagcuuugaaga	ucaaagugguugugaaaug	ucaaagugguugugaaaugaguuacucuugaacgaucucauaucacagccagcuuugaaga	2:107237504..107237565:-
3_6644	5.2	75 +/- 19%	-	2050	2050	0	0	yes	aae-miR-980-5p	dme-miR-980-3p	-	-	uagcugccuagugaagggcaau	ggccguucauugggucaucuagc	ggccguucauugggucaucuagcucguguuggaaacaguuagcugccuagugaagggcaau	3:1054523..1054584:-
2_1385	5.2	75 +/- 19%	-	6732	6722	0	10	yes	aae-miR-275-5p	dme-miR-275-3p	-	-	ucagguaccugaaguagcgcg	cgcgcuaagcaggaaccgagacu	cgcgcuaagcaggaaccgagacuuugucauuugcuagcagucagguaccugaaguagcgcg	2:307135668..307135729:+
2_2503	5.1	75 +/- 19%	-	794	709	0	85	yes	aae-miR-282-5p	dme-miR-282-5p	-	-	uagccucuccuaggcuuugucu	auagccugacagagguuag	uagccucuccuaggcuuugucuguuaccuuccuugggaauuccacuagccagacauagccugacagagguuag	2:96911967..96912040:-
1_12313	5.1	75 +/- 19%	-	40944	40944	0	0	yes	aae-miR-283	dme-miR-283-5p	-	-	caauaucagcugguaauucuggg	cggaauuccaacugauauccac	caauaucagcugguaauucugggcuuaccccaccguuauacgcuucccggaauuccaacugauauccac	1:305625600..305625669:-
2_2568	5.1	75 +/- 19%	-	4048	4048	0	0	yes	aae-miR-2c	dme-miR-2a-3p	-	-	uaucacagccagcuuugaugag	caucaaauuugguuguuuuagu	caucaaauuugguuguuuuaguacgaccucuuugaaaccccuaucacagccagcuuugaugag	2:107237997..107238060:-
2_1663	5.1	75 +/- 19%	-	3176	3176	0	0	yes	aae-miR-2945-5p	dme-miR-279-3p	-	-	ugacuagaggcagacucguuua	agcggguccguuucuagugucaug	agcggguccguuucuagugucaugugcuguauucgaauaucaugacuagaggcagacucguuua	2:374947142..374947206:+
3_7022	5.1	75 +/- 19%	-	835	835	0	0	yes	aae-miR-92b-3p	dme-miR-92a-3p	-	-	aauugcacuugucccggccugc	aggucgugacuugugcccauuug	aggucgugacuugugcccauuugcugaauuuuaauggucaaauugcacuugucccggccugc	3:93418515..93418577:-
1_12286	5.1	75 +/- 19%	-	52001	52001	0	0	yes	aae-miR-317	dme-miR-317-3p	-	-	ugaacacagcuggugguaucuc	gauacacccugugcucgcu	gauacacccugugcucgcuuugcauucgaaacuagugaacacagcuggugguaucuc	1:302667132..302667189:-
2_1666	5.1	75 +/- 19%	-	439	439	0	0	yes	aae-miR-100	dme-miR-100-5p	-	-	aacccguagauccgaacuugug	caagaacggauguaugggauuc	aacccguagauccgaacuugugcugccguuucacauguuacaagaacggauguaugggauuc	2:375117351..375117413:+
2_4274	5	75 +/- 19%	-	13671	13670	0	1	yes	aae-miR-184	dme-miR-184-3p	-	-	uggacggagaacugauaagggc	uuaucauucuugcgccccgu	uuaucauucuugcgccccguguuauauuguuggcgacuggacggagaacugauaagggc	2:417599380..417599439:-
1_9375	5	75 +/- 19%	-	3902	3902	0	0	yes	aae-miR-996	dme-miR-279-3p	-	-	ugacuagauuacaugcucgucu	gcgugcaugaaucuggugcacg	gcgugcaugaaucuggugcacgguuuuccaguuguaauaucgcuucgugacuagauuacaugcucgucu	1:207012536..207012605:+
2_3880	5	75 +/- 19%	-	494	494	0	0	yes	aae-miR-79-5p	dme-miR-4-3p	-	-	auaaagcuagauuaccaaagcau	gcuuuggcgcuuuagcuguauga	gcuuuggcgcuuuagcuguaugauagaauuuaauauuucauaaagcuagauuaccaaagcau	2:335780884..335780946:-
1_9806	5	75 +/- 19%	-	102	102	0	0	yes	aae-miR-10	dme-miR-10-5p	-	-	acccuguagauccgaauuuguu	caaauucgguucuagagagguuu	acccuguagauccgaauuuguuugaauauuuaacaagcgacaaauucgguucuagagagguuu	1:310530475..310530538:+
2_2501	4.9	79 +/- 14%	-	34596	30310	0	4286	yes	aae-miR-281-5p	dme-miR-281-2-5p	-	-	aagagagcuauccgucgacagu	cauggaauugcucucuuu	aagagagcuauccgucgacaguagggauaugauucacugucauggaauugcucucuuu	2:96469362..96469420:-
2_1877	4.9	79 +/- 14%	-	205	203	0	2	yes	aae-miR-965	dme-miR-965-3p	-	-	uaagcguauagcuuuucccau	gggggaaauccuguacgcuguau	gggggaaauccuguacgcuguauguuguauuugaauaauccauaagcguauagcuuuucccau	2:429778749..429778812:+
1_9057	4.9	79 +/- 14%	-	1040	1040	0	0	yes	aae-miR-970	dme-miR-970-3p	-	-	ucauaagacacacgcggcuau	agcuugcguuugucuuagcuggua	agcuugcguuugucuuagcugguauugaaugugauagguaucauaagacacacgcggcuau	1:157238423..157238484:+
2_3877	4.9	79 +/- 14%	-	1556	1556	0	0	yes	aae-miR-9b	dme-miR-9a-5p	-	-	ucuuuggugauuuuagcuguaug	uauagcuuuaucaccaaaaacc	ucuuuggugauuuuagcuguaugcugauacguuucugauugcauauagcuuuaucaccaaaaacc	2:335780574..335780639:-
2_1668	4.8	79 +/- 14%	-	3599	3599	0	0	yes	aae-let-7	dme-let-7-5p	-	-	ugagguaguugguuguauagu	uaugcaaucugcuagcuuguc	ugagguaguugguuguauaguagugacugauuaaauaucugcuaugcaaucugcuagcuuguc	2:375131497..375131560:+
3_7026	4.8	79 +/- 14%	-	290	290	0	0	yes	aae-miR-92a-5p	dme-miR-92a-3p	-	-	uauugcacuugucccggccuau	cgguacggacaggggcaacauu	cgguacggacaggggcaacauugugacauuugaaagcuaauauugcacuugucccggccuau	3:93477596..93477658:-
2_1633	4.8	79 +/- 14%	-	1543	1543	0	0	yes	aae-miR-124	dme-miR-124-3p	-	-	uaaggcacgcggugaaugccaa	gguauccacugccggccuauaug	gguauccacugccggccuauauguccuauuucgguacucauaaggcacgcggugaaugccaa	2:369307279..369307341:+
NIGP01000533_12644	4.8	79 +/- 14%	-	1040	1040	0	0	yes	aae-miR-970	dme-miR-970-3p	-	-	ucauaagacacacgcggcuau	agcuugcguuugucuuagcuggua	agcuugcguuugucuuagcugguauugaaugugauagguaucauaagacacacgcggcuau	NIGP01000533:10107..10168:-
1_9373	4.7	79 +/- 14%	-	299	299	0	0	yes	aae-miR-279	dme-miR-279-3p	-	-	ugacuagauccacacucauuaa	gaugggugugaaucuaguguuucaca	gaugggugugaaucuaguguuucacaugauuuucgauagccugugacuagauccacacucauuaa	1:207007788..207007853:+
2_4198	4.6	79 +/- 14%	-	108933	108933	0	0	yes	aae-miR-1	dme-miR-1-3p	-	-	uggaauguaaagaaguauggag	ccaugcuuccuugcauucaaua	ccaugcuuccuugcauucaauagugauucugaaagcauauggaauguaaagaaguauggag	2:399501023..399501084:-
2_1487	4.6	79 +/- 14%	-	3622	3615	0	7	yes	aae-miR-133	dme-miR-133-3p	-	-	uugguccccuucaaccagcugu	gguugacuucgggucaaau	gguugacuucgggucaaaucgucaaauauuugcaaagauauuuccucagugaaauuauuugguccccuucaaccagcugu	2:330417069..330417149:+
2_3927	4.6	79 +/- 14%	-	2809	2809	0	0	yes	aae-miR-263a-5p	dme-miR-263a-5p	-	-	aauggcacuggaagaauucacg	uguucuggcaguggcauccc	aauggcacuggaagaauucacggguauauuuugaaauccccguguucuggcaguggcauccc	2:348784448..348784510:-
2_34	4.6	79 +/- 14%	-	692	692	0	0	yes	aae-miR-219	dme-miR-219-5p	-	-	ugauuguccaaacgcaauucuug	agaguugugacuggacauccgug	ugauuguccaaacgcaauucuuguuuuauucgaauaugauauccaagaguugugacuggacauccgug	2:3715261..3715329:+
2_789	4.6	79 +/- 14%	-	17	17	0	0	yes	aae-miR-137	dme-miR-137-3p	-	-	uauugcuugagaauacacguag	acgcguauucuuggguuauuaac	acgcguauucuuggguuauuaacacacuguuuauguuguuauugcuugagaauacacguag	2:189612067..189612128:+
2_1670	4.6	79 +/- 14%	-	3763	3763	0	0	yes	aae-miR-125-5p	dme-miR-125-5p	-	-	ucccugagacccuaacuuguga	acaaguuuugaucuccgguauu	ucccugagacccuaacuugugacuauaguugaaguuucacaaguuuugaucuccgguauu	2:375131781..375131841:+
1_12309	4.6	79 +/- 14%	-	81097	81097	0	0	yes	aae-miR-12-5p	dme-miR-12-5p	-	-	ugaguauuacaucagguacuggu	caguacuuauguuaugcucucu	ugaguauuacaucagguacuggugucgauauucgaaucaccaacgaaucggguuccuuugauuaacuuaccaguacuuauguuaugcucucu	1:305613548..305613640:-
2_2789	4.5	79 +/- 14%	-	5005	5005	0	0	yes	aae-miR-263b-5p	dme-miR-263b-5p	-	-	cuuggcacugggagaauucacag	guggaucuuuucgugccaucgu	cuuggcacugggagaauucacaggcgcuauuugcuaucauucuguggaucuuuucgugccaucgu	2:153371131..153371196:-
3_6945	4.5	79 +/- 14%	-	189	189	0	0	yes	aae-miR-1000	dme-miR-1000-5p	-	-	auauuguccugucacagcag	guuguuucgggacauuuaca	auauuguccugucacagcaguacuguuacaaauuuacuguuguuucgggacauuuaca	3:74204061..74204119:-
2_1388	4	79 +/- 14%	-	16660	16660	0	0	yes	aae-miR-305-5p	dme-miR-305-5p	-	-	auuguacuucaucaggugcucugg	ccggcacauguuggaguacacuua	auuguacuucaucaggugcucugguuguuuucgauacccggcacauguuggaguacacuua	2:307145445..307145506:+
3_5268	3.8	13 +/- 16%	-	31826	31742	0	84	yes	aae-miR-31	dme-miR-31b-5p	-	-	uggcaagauguuggcauagcug	uagcuauucaacuucuugucuau	uggcaagauguuggcauagcugaaaguuuugaguuuagcuauucaacuucuugucuau	3:136174150..136174208:+
2_924	3.7	13 +/- 16%	-	3676	3676	0	0	yes	aae-miR-7	dme-miR-7-5p	-	-	uggaagacuagugauuuuguuguu	uaacaauaaaucucaagucuuucuac	uggaagacuagugauuuuguuguuuugcuuacgauaauaacaauaaaucucaagucuuucuac	2:222802544..222802607:+
2_2360	2	6 +/- 11%	-	402	402	0	0	yes	aae-miR-11894a	-	-	-	uuuaccauuucaagaugaccua	ggucgucuugaaaugguaaaga	ggucgucuugaaaugguaaagagugucaaucaucaucuuuaccauuucaagaugaccua	2:58787426..58787485:-
2_2358	2	6 +/- 11%	-	402	402	0	0	yes	aae-miR-11894a	-	-	-	uuuaccauuucaagaugaccua	ggucgucuugaaaugguaaaga	ggucgucuugaaaugguaaagagugucaaucaucaucuuuaccauuucaagaugaccua	2:58786284..58786343:-
2_2362	2	6 +/- 11%	-	402	402	0	0	yes	aae-miR-11894a	-	-	-	uuuaccauuucaagaugaccua	ggucgucuugaaaugguaaaga	ggucgucuugaaaugguaaagagugucaaucaucaucuuuaccauuucaagaugaccua	2:58787948..58788007:-
2_2354	2	6 +/- 11%	-	402	402	0	0	yes	aae-miR-11894a	-	-	-	uuuaccauuucaagaugaccua	gguugucuugaaaugguaaaga	gguugucuugaaaugguaaagagugucaaccaucaucuuuaccauuucaagaugaccua	2:58783350..58783409:-
2_2356	1.9	46 +/- 11%	-	38	38	0	0	yes	aae-miR-11894b	-	-	-	uuuaccauuucaauaugaccua	ggucguauugaaaugguaaaga	ggucguauugaaaugguaaagagugucaaucaucaucuuuaccauuucaauaugaccua	2:58784590..58784649:-
2_3794	1.7	46 +/- 11%	-	67	67	0	0	yes	aae-miR-11895	-	-	-	uucaugcauucacuucugcuga	agcaggagugaaugcaugaguu	agcaggagugaaugcaugaguuugacaucugaaacuaauucaugcauucacuucugcuga	2:324949494..324949554:-
3_7744	1.7	46 +/- 11%	-	2709	2709	0	0	yes	aae-miR-278-5p	-	-	-	ggugggacuuucguccguuu	acggacgauagucuucagcgg	acggacgauagucuucagcggccgugcauuugauagaaguggucggugggacuuucguccguuu	3:243123888..243123952:-
2_3468	1.5	46 +/- 11%	-	19	19	0	0	yes	aae-miR-2946	-	-	-	uaguacggaaaagauauggggauug	aucgccauauuuuuaccgcuacugca	aucgccauauuuuuaccgcuacugcauuucauuguaauaauuguaguacggaaaagauauggggauug	2:268456438..268456506:-
2_4258	1.4	46 +/- 11%	-	3799	3799	0	0	yes	aae-miR-1890	-	-	-	ugaaaucuuugauuaggucugg	agagcuaauuggagaguucuug	agagcuaauuggagaguucuugaauaguguugugaaccuucaugaaaucuuugauuaggucugg	2:413654961..413655025:-
3_7063	1.4	46 +/- 11%	-	534	534	0	0	yes	aae-miR-2765	-	-	-	ugguaacuccaccaccguugg	aaugggagcuggaguucccgcg	ugguaacuccaccaccguuggcgauauuugacagccaaugggagcuggaguucccgcg	3:101895454..101895512:-
1_8877	1.1	46 +/- 11%	-	76	76	0	0	yes	aae-miR-981	-	-	-	guugucgacgaaaccugc	ggguuucgcggcgaacgg	ggguuucgcggcgaacgggcuuccaccaugaugaauagcaguucguugucgacgaaaccugc	1:118556349..118556411:+
2_412	1	46 +/- 11%	-	95	95	0	0	no	aae-miR-988-3p	dme-miR-988-3p	-	-	ccccuuguugcaaaccucacgc	ggcagguaggggcaaugggggc	ccccuuguugcaaaccucacgcuugcgguagguuccacaacugcugagagguggcagguaggggcaaugggggc	2:93351417..93351491:+
2_1521	0.4	13 +/- 8%	-	39	39	0	0	no	aae-miR-375	dme-miR-375-3p	-	-	uuuguucguuuggcucgaguuau	uacuuaagcccaacguacagaaacu	uacuuaagcccaacguacagaaacuugaaucugaaugccguucuagauuggcuugcuagaaguuuguucguuuggcucgaguuau	2:337876531..337876616:+
3_7980	0.2	13 +/- 8%	-	148	148	0	0	yes	aae-miR-309a	-	-	-	acugggcaaaguuugucgc	gacuaacuucguucaguuu	gacuaacuucguucaguuuggugucauacgaagguuuccaguuucaucacugggcaaaguuugucgc	3:309335452..309335519:-
3_8043	-0.3	0 +/- 0%	-	1	1	0	0	yes	aae-miR-10365	dme-miR-927-5p	-	-	auuagaauguggaaucuguuuu	aaaguuuucauauucuugcgg	auuagaauguggaaucuguuuuuguacaucaaguguuacgaaacgaagcaaaaaaguuuucauauucuugcgg	3:320775621..320775694:-
2_1386	-0.5	0 +/- 0%	-	6722	6722	0	0	no	aae-miR-275-3p	dme-miR-275-3p	-	-	ucagguaccugaaguagcgcg	agcgacaacagaggcgugaaa	ucagguaccugaaguagcgcgcgugaucaaacaggaagcgucaucaagcgacaacagaggcgugaaa	2:307135708..307135775:+
2_2502	-2.3	0 +/- 0%	-	30310	30310	0	0	no	aae-miR-281-5p	dme-miR-281-2-5p	-	-	aagagagcuauccgucgacagu	cguugacgugggauuuuuuug	cguugacgugggauuuuuuuguucauuuuguucuuucgcugguuucgaauaugaaaauaaagagagcuauccgucgacagu	2:96469398..96469479:-
3_4600	-3	0 +/- 0%	-	5	5	0	0	yes	aae-miR-315-5p	-	-	-	gauuguugcucagaaagcc	cuuucgagcaguaaucaa	gauuguugcucagaaagccgugcauuugaaacgggucgcuuucgagcaguaaucaa	3:3444771..3444827:+
1_9451	-4.6	0 +/- 0%	-	2	2	0	0	yes	aae-miR-11900	-	-	-	auuuuuuugacuguaauuuuauag	guaaaauuacguugaaaaaucgucu	guaaaauuacguugaaaaaucgucucccucaaaaaaugaaaccugagacuaacaggagauuuuuuugacuguaauuuuauag	1:223944070..223944152:+
NIGP01000443_12631	-4.8	0 +/- 0%	-	56	56	0	0	no	aae-miR-11893	-	-	-	uuccugacuuauacgcuuaccu	guaaguagauaaaucagaaaga	guaaguagauaaaucagaaagacguuuauaucguuucuuccugacuuauacgcuuaccu	NIGP01000443:52102..52161:+
2_1161	-4.8	0 +/- 0%	-	56	56	0	0	no	aae-miR-11893	-	-	-	uuccugacuuauacgcuuaccu	guaaguagauaaaucagaaaga	guaaguagauaaaucagaaagacguuuauaucguuucuuccugacuuauacgcuuaccu	2:257889040..257889099:+
2_1667	-7.7	0 +/- 0%	-	3599	3599	0	0	no	aae-let-7	dme-let-7-5p	-	-	ugagguaguugguuguauagu	auuacaguacugcuucuuc	auuacaguacugcuucuuccacguugagguaguugguuguauagu	2:375131473..375131518:+

#miRBase miRNAs not detected by miRDeep2
miRBase precursor id	total read count	mature read count(s)	star read count	remaining reads	UCSC browser	NCBI blastn	miRBase mature sequence(s)	miRBase star sequence(s)	miRBase precursor sequence
89010	88996	0	14	-	-	caaccacuauccgcccugccgcc	uggcagugugguuagcugguug	-	caaggcaauacgcuauggcagugugguuagcugguuguguagaacuuuggggggcuuccguggcguucgcgcgcacacgggggcucagauucacaaccacuauccgcccugccgccgcgaggugccagg	
21457	21457	0	0	-	-	caucuuaccgggcagcauuaga	uaauacugucagguaaagauguc	-	gucuguucacaucuuaccgggcagcauuagauauuuuugaaauacuucuaauacugucagguaaagaugucguccgaac	
11118	11118	0	0	-	-	cacguuacagauugggguuucc	uaaucucaaauuguaacagugg	-	gagguaaucucaaauuguaacaguggguugauuuuccuggugaaucccggccuuguccuccgucacaagugugacaagugucucgaaaacguguucgcuauacccacguuacagauugggguuucccc	
8209	8209	0	0	-	-	ugucuuuuuccgcuuacugccg	-	ccaacauuuugauugauuugucuuuuuccgcuuacugccgguggcauuugaaauucucgacagcaaaccgaaaaaggcgccucaaucaauu	
7117	7117	0	0	-	-	cuugugcgugugacaacgg	-	cucauugcagcugcugaccacugcacaagauuagauuaugacucuugugcgugugacaacggcuauug	
4987	4987	0	0	-	-	ucagguacugagugacucucag	gagagcaccucgguaucuaagc	-	cauucgcaauuucaccgguucagguacugagugacucucagaugugcauuucucaagcaaucucguccucaggaccugagguugaaaaacccugagagcaccucgguaucuaagccaguguugcgaaaa	
3178	3177	0	1	-	-	ugguuuaucuuaucugucgaggc	gucgacagggagauaaaucacu	-	cauugguuuaucuuaucugucgaggcaaguuauuuuaccggauaguguuucuuuucgugagcaaucaccacuauccagcucuucuugucgacagggagauaaaucacug	
68	68	0	0	-	-	uaguacggcuagaacuccacgg	-	caagaauggcgauuguucgugaagcucagcugcauuacacgauauggaauacgguuuguaguacggcuagaacuccacggacaauuacauuugua	
28	28	0	0	-	-	aaaugggacugauaugcgaguau	-	ccauucucgcauaacaguaccauauucuugggauuucucauauaaaugggacugauaugcgaguaugg	









































