miRDeep2 score	novel miRNAs reported by miRDeep2	novel miRNAs, estimated false positives	novel miRNAs, estimated true positives	known miRNAs in species	known miRNAs in data	known miRNAs detected by miRDeep2	estimated signal-to-noise	excision gearing
10	10	2 +/- 1	8 +/- 1 (82 +/- 14%)	164	116	37 (32%)	17.5	1
9	10	2 +/- 1	8 +/- 1 (82 +/- 14%)	164	116	37 (32%)	17.5	1
8	10	2 +/- 1	8 +/- 1 (82 +/- 14%)	164	116	37 (32%)	17.5	1
7	10	2 +/- 1	8 +/- 1 (82 +/- 14%)	164	116	37 (32%)	17.4	1
6	10	2 +/- 1	8 +/- 1 (82 +/- 14%)	164	116	37 (32%)	17.2	1
5	13	2 +/- 1	11 +/- 1 (85 +/- 11%)	164	116	64 (55%)	27.5	1
4	15	2 +/- 2	13 +/- 2 (84 +/- 10%)	164	116	87 (75%)	29.4	1
3	16	9 +/- 3	7 +/- 3 (44 +/- 19%)	164	116	89 (77%)	8.9	1
2	23	12 +/- 4	11 +/- 4 (49 +/- 16%)	164	116	90 (78%)	7.6	1
1	42	16 +/- 4	26 +/- 4 (63 +/- 10%)	164	116	97 (84%)	7	1
0	64	48 +/- 6	16 +/- 6 (26 +/- 9%)	164	116	99 (85%)	2.9	1
-1	82	97 +/- 9	0 +/- 1 (0 +/- 1%)	164	116	100 (86%)	1.6	1
-2	98	153 +/- 10	0 +/- 0 (0 +/- 0%)	164	116	100 (86%)	1.1	1
-3	131	209 +/- 11	0 +/- 0 (0 +/- 0%)	164	116	100 (86%)	1	1
-4	196	264 +/- 14	0 +/- 0 (0 +/- 0%)	164	116	100 (86%)	1	1
-5	259	333 +/- 14	0 +/- 0 (0 +/- 0%)	164	116	101 (87%)	1	1
-6	304	426 +/- 16	0 +/- 0 (0 +/- 0%)	164	116	102 (88%)	0.9	1
-7	364	510 +/- 16	0 +/- 0 (0 +/- 0%)	164	116	102 (88%)	0.9	1
-8	411	582 +/- 18	0 +/- 0 (0 +/- 0%)	164	116	102 (88%)	0.8	1
-9	482	646 +/- 18	0 +/- 0 (0 +/- 0%)	164	116	102 (88%)	0.9	1
-10	544	696 +/- 19	0 +/- 0 (0 +/- 0%)	164	116	102 (88%)	0.9	1



novel miRNAs predicted by miRDeep2
provisional id	miRDeep2 score	estimated probability that the miRNA candidate is a true positive	rfam alert	total read count	mature read count	loop read count	star read count	significant randfold p-value	miRBase miRNA	example miRBase miRNA with the same seed	UCSC browser	NCBI blastn	consensus mature sequence	consensus star sequence	consensus precursor sequence	precursor coordinate
3_6770	2652.9	82 +/- 14%	-	5202	4827	0	375	yes	-	-	-	-	guaggccggcggaaacuacuugc	agggguuucuuucggccuccag	agggguuucuuucggccuccagcggcauuagauaguuguaggccggcggaaacuacuugc	3:6069685..6069745:-
1_11071	139.3	82 +/- 14%	-	263	151	0	112	yes	-	dme-miR-2491-5p	-	-	ggcuguugcugccucaagg	cuagaggcagcaacagccgcu	cuagaggcagcaacagccgcucaaaauuuacuuacgcggcuguugcugccucaagg	1:194940402..194940458:-
1_11928	128.4	82 +/- 14%	-	260	167	45	48	no	-	-	-	-	uguuguuguuguucuaucc	guagucagcaagcaaacacac	guagucagcaagcaaacacacacccguaagcgagaucggccguucguucugccgucgcauacacacguuguuguuguuguucuaucc	1:205679393..205679480:-
3_6916	84.3	82 +/- 14%	-	181	172	0	9	no	-	-	-	-	aaaacuaggucguuuuagaauauu	uguuuuagaaauucguuuuuu	aaaacuaggucguuuuagaauauuugcgaaagcuuaauaccaaaccacuuugauuucggauauguuuuagaaauucguuuuuu	3:41156913..41156996:-
3_8051	83.2	82 +/- 14%	-	154	151	0	3	yes	-	dme-miR-2491-5p	-	-	ggcuguugcugccucaagg	cuagaggcagcaccagccgcu	cuagaggcagcaccagccgcucaaaauuuccuugcgcggcuguugcugccucaagg	3:296833420..296833476:-
3_6913	77.5	82 +/- 14%	-	181	172	0	9	no	-	-	-	-	aaaacuaggucguuuuagaauauu	uguuuuagaaauucguuuuuu	aaaacuaggucguuuuagaauauuugcgaaagcuuaauaccaaaccacuuuaauuucggauauguuuuagaaauucguuuuuu	3:41156762..41156845:-
2_4393	69.5	82 +/- 14%	-	180	179	0	1	no	-	-	-	-	auuccuguccacgccguauc	gcggauggaucuaugaauaaaaaau	auuccuguccacgccguaucaucuuuauccuuuuugccuacucugaacuuuuaaugcggauggaucuaugaauaaaaaau	2:428799349..428799429:-
2_4511	61.7	82 +/- 14%	-	167	157	0	10	no	-	-	-	-	cauggaccuguucugaaaccu	auuucugacaccucuucugacguug	cauggaccuguucugaaaccuucuguguugaaaaacgauugcauuucugacaccucuucugacguug	2:453147674..453147741:-
NIGP01000662_12739	59.4	82 +/- 14%	-	114	113	0	1	yes	-	-	-	-	cuagaggcagcaacagccgcu	ggcuguuggugccucaagg	cuagaggcagcaacagccgcucaaaauuuccuugugcggcuguuggugccucaagg	NIGP01000662:13974..14030:-
2_589	59	82 +/- 14%	-	113	112	0	1	yes	-	-	-	-	cuagaggcagcaacagccgcu	ggcucuugcugccucaagg	cuagaggcagcaacagccgcucaaaauuuccuugcgcggcucuugcugccucaagg	2:126243800..126243856:+
2_598	5.8	85 +/- 11%	-	2	1	0	1	yes	-	dme-miR-2491-5p	-	-	ggcuguugcugccuccagg	cuagagccagcaacagccgcu	cuagagccagcaacagccgcucuaaaauuccuugcccggcuguugcugccuccagg	2:127663670..127663726:+
1_9862	5.4	85 +/- 11%	-	243	243	0	0	yes	-	dme-miR-1015-3p	-	-	uccugggagaauucacag	gggagaauucucaggaga	uccugggagaauucacaggagaauccggagagaauucucaggagaauccugggagaauucucaggaga	1:264070426..264070494:+
3_5049	5.2	85 +/- 11%	-	5809	5809	0	0	yes	-	dme-miR-971-3p	-	-	uugguguuauaucuuacagugag	ggcuguaaguauuacagcaagc	ggcuguaaguauuacagcaagcuugcuauucgaaaggcgcuugguguuauaucuuacagugag	3:82678953..82679016:+
2_1713	4.9	84 +/- 10%	-	55	55	0	0	yes	-	dme-miR-973-3p	-	-	ccuguucaggauuugaacac	aacaggauccuguucaggau	aacaggauccuguucaggauucaaacagaguccuguucaggauuugaacac	2:371242994..371243045:+
1_10070	4.2	84 +/- 10%	-	710	710	0	0	yes	-	dme-miR-iab-8-5p	-	-	uuacguauacugaagguauaccg	gauacauucaguauacguucau	uuacguauacugaagguauaccggauagauagcacucaggauacauucaguauacguucau	1:308965424..308965485:+
3_5332	3.1	44 +/- 19%	-	39	38	0	1	no	-	-	-	-	acuggcuucguugccguu	guuuacaggcgggguuuu	guuuacaggcgggguuuuauuuauuauuuuauacuuuacuggcuucguugccguu	3:135875175..135875230:+
3_6211	2.5	49 +/- 16%	-	103	103	0	0	yes	-	-	-	-	uccugaggugaaaaaaugcuga	agcauuuuuucacuucagaccg	agcauuuuuucacuucagaccgcuuggcagcaaugcaaucuugcguccugaggugaaaaaaugcuga	3:300323680..300323747:+
1_8625	2.3	49 +/- 16%	-	103	103	0	0	yes	-	-	-	-	uccugaggugaaaaaaugcuga	aguauuuuuucacuucaggacg	aguauuuuuucacuucaggacgccaggcagcgauccaauguuccguccugaggugaaaaaaugcuga	1:23502499..23502566:+
1_8746	2.3	49 +/- 16%	-	3	2	0	1	yes	-	dme-miR-283-3p	-	-	uggaauuuggaauuuggaauuug	aauuuggaauuuugaauuu	uggaauuuggaauuuggaauuuggaauuuggaauuuggaauuuggaauuuugaauuu	1:48099329..48099386:+
2_1981	2.2	49 +/- 16%	-	144	144	0	0	yes	-	-	-	-	auaaaugggacuguuaugcgag	cgcauaacagucccauauuauau	cgcauaacagucccauauuauaugggauuuccuauauaaaugggacuguuaugcgag	2:431881096..431881153:+
NIGP01002127_12723	2.2	49 +/- 16%	-	24	24	0	0	yes	-	-	-	-	uuugacguuuuagcggugccgu	ggcaccgcucaaacgucaaauu	uuugacguuuuagcggugccguguuauuuauguuaccauggaaaccagugaauucggcaccgcucaaacgucaaauu	NIGP01002127:64971..65048:-
3_5603	2.1	49 +/- 16%	-	144	144	0	0	yes	-	-	-	-	auaaaugggacuguuaugcgag	cgcauaacagucccauauuccc	cgcauaacagucccauauucccuauauaaaugggacuguuaugcgag	3:187672105..187672152:+
3_7874	2.1	49 +/- 16%	-	84	84	0	0	yes	-	-	-	-	augggacaauuaugcguu	cgcaugucagucccaugu	cgcaugucagucccauguuugcuggauuuccuauucacaugggacaauuaugcguu	3:258548179..258548235:-
2_193	1.9	63 +/- 10%	-	84	84	0	0	yes	-	-	-	-	augggacaauuaugcguu	cgcaugucagucccaugu	cgcaugucagucccauguuugcuggguuuccuauucacaugggacaauuaugcguu	2:33882763..33882819:+
3_6127	1.8	63 +/- 10%	-	146	146	0	0	yes	-	-	-	-	auaaaugggacuguuaugcgag	cgcauaacaguccccuauucuau	cgcauaacaguccccuauucuaugggauucccuauauaaaugggacuguuaugcgag	3:285672457..285672514:+
2_2610	1.8	63 +/- 10%	-	307	307	0	0	yes	-	-	-	-	auaaaugggacuguuaugcgaga	ucgcauaacaguccuauuuucuau	ucgcauaacaguccuauuuucuaugggauuuccuauauaaaugggacuguuaugcgaga	2:98458107..98458166:-
1_10800	1.7	63 +/- 10%	-	95	95	0	0	yes	-	-	-	-	gcaagggcugauugcugcuagc	uaguagcauuucaggccuuauca	uaguagcauuucaggccuuaucauaguuugauaguagucugaaauacuagacugcaaaacuacggcaagggcugauugcugcuagc	1:153724626..153724712:-
1_8633	1.7	63 +/- 10%	-	46	46	0	0	yes	-	-	-	-	uucccggagccggaggcg	ccuccgguucgggcagc	ccuccgguucgggcagcaguugcguucccggagccggaggcg	1:24374493..24374535:+
2_181	1.6	63 +/- 10%	-	84	84	0	0	yes	-	-	-	-	augggacaauuaugcguu	ugcaugacagucccaugu	ugcaugacagucccauguuugcuggauuuccuauucacaugggacaauuaugcguu	2:29536220..29536276:+
3_6792	1.6	63 +/- 10%	-	119	119	0	0	yes	-	-	-	-	gucaucauuccggccggaguuc	gcucuggccaaugccgacau	gcucuggccaaugccgacaucgucaucauuccggccggaguuc	3:10090695..10090738:-
1_10678	1.6	63 +/- 10%	-	102	102	0	0	yes	-	-	-	-	acuguuauacgaguaugggcag	gcccauacucgcauaacagucc	gcccauacucgcauaacagucccauuuguacaggaaaucccauagaacaugagacuguuauacgaguaugggcag	1:123417387..123417462:-
3_5731	1.5	63 +/- 10%	-	157	157	0	0	yes	-	-	-	-	gcuuacggcagcugccccgggugga	ugccccauggcgggucgguaccaguua	ugccccauggcgggucgguaccaguuacgcuuacggcagcugccccgggugga	3:210141429..210141482:+
1_12091	1.4	63 +/- 10%	-	892	886	3	3	yes	-	-	-	-	uuagugaggucuuugaaggugaaca	aaguugaccgaacuugau	uuagugaggucuuugaaggugaacauuugcuagucccucgggauuacauuugaaucgcugaaguugaccgaacuugau	1:205736733..205736811:-
3_4916	1.4	63 +/- 10%	-	423	423	0	0	yes	-	-	-	-	ucugggagaauucacaga	uugagaaaucccuugagu	ucugggagaauucacagaggauauucuugagaaaucccuugagu	3:53872438..53872482:+
1_11723	1.4	63 +/- 10%	-	892	886	3	3	yes	-	-	-	-	uuagugaggucuuugaaggugaaca	aaguugaccgaacuugau	uuagugaggucuuugaaggugaacauuugcuagucccucgggauuacauuugaaucgcugaaguugaccgaacuugau	1:205653618..205653696:-
1_11102	1.3	63 +/- 10%	-	3	3	0	0	yes	-	dme-miR-2491-5p	-	-	ggcuguugcagccucaagg	uagagguagcaacagccgc	uagagguagcaacagccgcucaaaauuuccuugcucggcuguugcagccucaagg	1:200241298..200241353:-
1_11591	1.2	63 +/- 10%	-	892	886	3	3	yes	-	-	-	-	uuagugaggucuuugaaggugaaca	aaguugaccgaacuugau	uuagugaggucuuugaaggugaacauuugcuagucccucgggauuacauuugaaucgcugaaguugaccgaacuugau	1:205636446..205636524:-
1_11785	1.2	63 +/- 10%	-	892	886	3	3	yes	-	-	-	-	uuagugaggucuuugaaggugaaca	aaguugaccgaacuugau	uuagugaggucuuugaaggugaacauuugcuagucccucgggauuacauuugaaucgcugaaguugaccgaacuugau	1:205660258..205660336:-
1_10826	1.1	63 +/- 10%	-	6	6	0	0	yes	-	dme-miR-184-5p	-	-	acuuaucauaguauauuuacag	guaaguauacuaucacaguau	guaaguauacuaucacaguauacuuacuuaguauacuuaucauaguauauuuacag	1:158676111..158676167:-
2_4431	1.1	63 +/- 10%	-	17	17	0	0	yes	-	-	-	-	gaucgggacugauccgagugc	ugaaggaucacccgaaguu	gaucgggacugauccgagugcgugaguucacuaugugugaaauugaacauuucugugacccucagcugaaggaucacccgaaguu	2:437307908..437307993:-
2_1870	1	63 +/- 10%	-	261	261	0	0	yes	-	-	-	-	aucaggaaggucgacggguacu	aacuggcgaccuuccaagaucc	aucaggaaggucgacggguacucuucuucaaauuuggcaacuggcgaccuuccaagaucc	2:404325201..404325261:+
2_3007	1	63 +/- 10%	-	117	117	0	0	yes	-	-	-	-	uguggcucuagugguccu	ggccuucgguuaugccgcaca	uguggcucuagugguccucuaucuggccuucgguuaugccgcaca	2:169945729..169945774:-
2_1281	0.9	26 +/- 9%	-	2	2	0	0	yes	-	dme-miR-2491-5p	-	-	ggcuguugcugacucaagg	uagagacagcaacagccgc	uagagacagcaacagccgcucaaaauuuccuugcgcggcuguugcugacucaagg	2:265968856..265968911:+
3_7487	0.8	26 +/- 9%	-	110	110	0	0	yes	-	-	-	-	uuccaggugggaguuaucu	aauuuuccaucugaacg	uuccaggugggaguuaucugauaugugaauaugguaccauaacagaauuuuccaucugaacg	3:169246612..169246674:-
3_6279	0.6	26 +/- 9%	-	2	2	0	0	yes	-	dme-miR-4984-3p	-	-	gauucuuucugaaacguc	uucuuucagaaucgucc	uucuuucagaaucguccccugagggggauucuuucagaaucguccccugagggggauucuuucugaaacguc	3:313637068..313637140:+
2_4138	0.6	26 +/- 9%	-	149	149	0	0	yes	-	-	-	-	uugcguugauuuuuaggagcc	cuuuuucugacuugaacguuucg	cuuuuucugacuugaacguuucguugauucguugacguuaauuguaacgaucaacgaauuuugcguugauuuuuaggagcc	2:381857603..381857684:-
NIGP01001000_13025	0.6	26 +/- 9%	-	27	27	0	0	yes	-	-	-	-	gcaggcaccuccguaaaca	uuccagguuuuugugcugcug	gcaggcaccuccguaaacaauucucuugcuuugccuguuaguuuagucagagccaauugaauuguuccagguuuuugugcugcug	NIGP01001000:15299..15384:-
1_9999	0.6	26 +/- 9%	-	2	2	0	0	yes	-	dme-miR-2491-5p	-	-	ggcuguugcuuccucaagg	augaggcagcaacagccac	augaggcagcaacagccacucaaaauuucuuugugcggcuguugcuuccucaagg	1:297987978..297988033:+
3_6432	0.5	26 +/- 9%	-	8	8	0	0	yes	-	-	-	-	cuagaggcagcaacggccgcu	cggcugcugcugccucaaggc	cuagaggcagcaacggccgcucaaaauuuccuuacgcggcugcugcugccucaaggc	3:337608849..337608906:+
2_4376	0.5	26 +/- 9%	-	10	10	0	0	yes	-	-	-	-	uuucggcuuguucggccuaacg	uuaggcccaaugagugaaaac	uuaggcccaaugagugaaaacaaauaaaugauaaaaaacguuuucggcuuguucggccuaacg	2:426910024..426910087:-
3_6280	0.4	26 +/- 9%	-	2	2	0	0	yes	-	dme-miR-4984-3p	-	-	gauucuuucugaaacguc	ucuuucagaaucgucc	gauucuuucugaaacguccccugaugggaauucuuucagaaacguccccugaugggaauucuuucagaaucgucc	3:313637122..313637197:+
1_8745	0.4	26 +/- 9%	-	3	2	0	1	yes	-	dme-miR-283-3p	-	-	uggaauuuggaauuuggaauuug	aauuuggaauuuugaauuu	uggaauuuggaauuuggaauuugaauuuggaauuuggaauuuggaauuuggaauuuggaauuuggaauuuggaauuuggaauuuggaauuuggaauuuugaauuu	1:48099281..48099386:+
3_7757	0.3	26 +/- 9%	-	148	148	0	0	yes	-	-	-	-	uaugagagacuguuuauc	uaaaaccccucuaaaca	uaugagagacuguuuaucguacacugcuacaacuuugaucagaucggggggauagcagugcuugauaaaaccccucuaaaca	3:229783499..229783581:-
2_3655	0.3	26 +/- 9%	-	110	110	0	0	yes	-	-	-	-	uuccaggugggaguuaucu	aauuuuucaucugaacg	uuccaggugggaguuaucugauaugugaauaugguaccauaacagaauuuuucaucugaacg	2:294830807..294830869:-
NIGP01000675_12770	0.3	26 +/- 9%	-	203	203	0	0	yes	-	-	-	-	gagaaguauaagcugcauc	ugcugcuuaacuucagcuccg	gagaaguauaagcugcaucacugguccuaugcugacauucaucgagcaguccaugcugcuuaacuucagcuccg	NIGP01000675:51366..51440:+
NIGP01001961_12863	0.3	26 +/- 9%	-	104	104	0	0	yes	-	-	-	-	aguuacacgcagcuuggau	cucauucgcugcuuuguaacuag	cucauucgcugcuuuguaacuaggugcaguuacacgcagcuuggau	NIGP01001961:51887..51933:+
3_6455	0.3	26 +/- 9%	-	10	10	0	0	yes	-	-	-	-	aagaauggcgucgagaagggcaa	gccaagcuugccccauuccuca	gccaagcuugccccauuccucaagaaggccuugaagaauggcgucgagaagggcaa	3:341885434..341885490:+
3_7726	0.3	26 +/- 9%	-	104	104	0	0	yes	-	-	-	-	aguuacacgcagcuuggau	cucauucgcugcuuuguaacuag	cucauucgcugcuuuguaacuaggugcaguuacacgcagcuuggau	3:221319856..221319902:-
2_4411	0.1	26 +/- 9%	-	38	38	0	0	yes	-	-	-	-	ggaaauucagguuugacu	ugacucaggauugauug	ggaaauucagguuugacuugaacauggaguaaacaaaaaucaugucaaauucacuccauguucaagugacucaggauugauug	2:434358116..434358199:-
3_5199	0.1	26 +/- 9%	-	2	2	0	0	yes	-	dme-miR-2281-3p	-	-	aaucuguacccgcucuaguguca	acauuugagugggcacgcucccg	acauuugagugggcacgcucccguauggucucuacguaaucuguacccgcucuaguguca	3:107467760..107467820:+
3_5230	0	26 +/- 9%	-	149	149	0	0	yes	-	-	-	-	aaauuggaaugcucguucu	gacgagcuguuuaauuuuc	aaauuggaaugcucguucucugaaugguaaagaggacgagcuguuuaauuuuc	3:116673887..116673940:+
2_1275	0	26 +/- 9%	-	55	55	0	0	yes	-	-	-	-	acugaagaagucuguaag	uaaagacuuuuacaugu	uaaagacuuuuacaugucgagcacucgacacugaagaagucuguaag	2:263818839..263818886:+
2_478	0	26 +/- 9%	-	545	545	0	0	yes	-	-	-	-	ugucaggaaaagauguca	acgucugacuaccgucgcauu	ugucaggaaaagaugucaaacugacuuugacgucugacuaccgucgcauu	2:99037580..99037630:+
3_5500	0	26 +/- 9%	-	4	4	0	0	yes	-	dme-miR-9377-3p	-	-	uuugauggagagaucaacgacu	acguugaucuucagaucuucaagc	uuugauggagagaucaacgacuuauuuguugaugacaugaacaauuucgauguugugaacguugaucuucagaucuucaagc	3:161695091..161695173:+



mature miRBase miRNAs detected by miRDeep2
tag id	miRDeep2 score	estimated probability that the miRNA is a true positive	rfam alert	total read count	mature read count	loop read count	star read count	significant randfold p-value	mature miRBase miRNA	example miRBase miRNA with the same seed	UCSC browser	NCBI blastn	consensus mature sequence	consensus star sequence	consensus precursor sequence	precursor coordinate
1_12502	335778.8	82 +/- 14%	-	658607	658564	0	43	yes	aae-miR-277-5p	dme-miR-277-3p	-	-	uaaaugcacuaucugguacgaca	cgugucagaagugcauuuaca	cgugucagaagugcauuuacauagguauuucccguuuagcaguauuuguaaaugcacuaucugguacgaca	1:302603812..302603883:-
2_4248	159516.9	82 +/- 14%	-	312878	312874	0	4	yes	aae-miR-1	dme-miR-1-3p	-	-	uggaauguaaagaaguauggag	ccaugcuuccuugcauucaaua	ccaugcuuccuugcauucaauagugauucugaaagcauauggaauguaaagaaguauggag	2:399501023..399501084:-
3_8508	51894.7	82 +/- 14%	-	101781	101733	0	48	yes	aae-miR-308-5p	dme-miR-2a-3p	-	-	aaucacaggaguauacugugag	cgcgguauauucuuguggcuug	cgcgguauauucuuguggcuugaugcauuugaaaaaucucaaaucacaggaguauacugugag	3:403338483..403338546:-
3_5571	24677.2	82 +/- 14%	-	48398	48384	0	14	yes	aae-bantam-5p	dme-bantam-3p	-	-	ugagaucauuuugaaagcugauu	ccgguuuucauuuucgaucugacu	ccgguuuucauuuucgaucugacuuauuugauuuaacaagagugagaucauuuugaaagcugauu	3:178082830..178082895:+
1_10963	19568.1	82 +/- 14%	-	38375	37445	0	930	yes	aae-miR-252-5p	dme-miR-252-5p	-	-	cuaaguacuagugccgcaggag	ccugcugcccaagugcuuaucg	cuaaguacuagugccgcaggagagauuugaaccccugcugcccaagugcuuaucg	1:175818157..175818212:-
2_2515	12757.1	82 +/- 14%	-	25014	20968	0	4046	yes	aae-miR-276-5p	dme-miR-276a-3p	-	-	uaggaacuucauaccgugcucu	agcgagguauagaguuccuacg	agcgagguauagaguuccuacguugcgugugcgaaauugguaggaacuucauaccgugcucu	2:73120452..73120514:-
1_12534	11413.8	82 +/- 14%	-	22380	20723	0	1657	yes	aae-miR-1175-5p	dme-miR-958-3p	-	-	ugagauucuacuucuccgacuuaa	aaguggaguaguggucucaucg	aaguggaguaguggucucaucgcuuaguauuagaaaagugagauucuacuucuccgacuuaa	1:307010044..307010106:-
3_8354	9961.4	82 +/- 14%	-	19538	19485	0	53	yes	aae-miR-989	-	-	-	gaugugacguagugguac	cgccgcuaccucgcuuucacu	cgccgcuaccucgcuuucacuugguaccgauuucccauaauccaugugaugugacguagugguac	3:366439082..366439147:-
2_516	5160.6	82 +/- 14%	-	10115	9681	0	434	yes	aae-miR-9a	dme-miR-9a-5p	-	-	ucuuugguuaucuagcuguauga	auaaagcuagcauaccgaaguua	ucuuugguuaucuagcuguaugagugaauuuagaacaucauaaagcuagcauaccgaaguua	2:108461947..108462009:+
2_4045	4388.8	82 +/- 14%	-	8608	7360	0	1248	yes	aae-miR-1891	-	-	-	ugaggaguuaauuugcguguuu	acacguccauuaacucugguac	ugaggaguuaauuugcguguuuuuguauuugauuaaacacguccauuaacucugguac	2:360084867..360084925:-
2_2662	3666.3	82 +/- 14%	-	7183	7173	0	10	yes	aae-miR-13-5p	dme-miR-2a-3p	-	-	uaucacagccauuuugacgaguu	ucguaaaaaugguugugcugu	ucguaaaaaugguugugcuguguuguuacgcucgaaauucauaucacagccauuuugacgaguu	2:107237649..107237713:-
3_7064	3419.9	82 +/- 14%	-	6699	6623	0	76	yes	aae-miR-11-5p	dme-miR-2a-3p	-	-	caucacagucugaguucuugcu	cgagaacuccggcugugaccug	cgagaacuccggcugugaccuguguacacuuuauccaaaucacaucacagucugaguucuugcu	3:75489864..75489928:-
2_3921	2949.3	82 +/- 14%	-	5777	4973	0	804	yes	aae-miR-9c-5p	dme-miR-9a-5p	-	-	ucuuugguauucuagcuguaga	uaaagcuuuaguaccagagguc	ucuuugguauucuagcuguagaauguugagcuuugugauaugguaucuucuaaagcuuuaguaccagagguc	2:335810364..335810436:-
2_2667	2885.6	82 +/- 14%	-	5658	3956	0	1702	yes	aae-miR-71-5p	-	-	-	agaaagacauggguagugagau	ucucacuaccuugucuuucaug	agaaagacauggguagugagauaguuucacccuauugcacugggaucucacuaccuugucuuucaug	2:107238287..107238354:-
2_2375	2594.9	82 +/- 14%	-	5082	5069	0	13	yes	aae-miR-190	dme-miR-190-5p	-	-	agauauguuugauauucuugguug	cccaggaaucaaacauauuauu	agauauguuugauauucuugguuguuaaauuuuauauuaucacccaggaaucaaacauauuauu	2:48811878..48811942:-
3_5920	2315	82 +/- 14%	-	4532	2693	0	1839	yes	aae-miR-307	dme-miR-307a-5p	-	-	acucacucaaccugggugugau	ucacaaccuccuugagugagcga	acucacucaaccugggugugaugcuuauuugaaucaucacaaccuccuugagugagcga	3:244794376..244794435:+
3_8538	2087.6	82 +/- 14%	-	4096	4067	0	29	no	aae-miR-285	dme-miR-285-3p	-	-	uagcaccauucgaaaucaguac	acuggcuuccaaaggugaguag	acuggcuuccaaaggugaguagauggcauucgauacacucuagcaccauucgaaaucaguac	3:406875046..406875108:-
3_7126	1017.8	82 +/- 14%	-	1988	1987	0	1	yes	aae-miR-92b-3p	dme-miR-92a-3p	-	-	aauugcacuugucccggccugc	aggucgugacuugugcccauuu	aggucgugacuugugcccauuugcugaauuuuaauggucaaauugcacuugucccggccugc	3:93418515..93418577:-
1_10480	928.8	82 +/- 14%	-	1814	1689	0	125	yes	aae-miR-87	dme-miR-87-3p	-	-	gugagcaaauuuucaggugugu	cagccugaaauuugcuaaaccu	cagccugaaauuugcuaaaccuguguguauuugauucaaacaaucaaggugagcaaauuuucaggugugu	1:80682401..80682471:-
1_10341	761.1	82 +/- 14%	-	1484	1483	0	1	yes	aae-miR-33	dme-miR-33-5p	-	-	gugcauuguaguugcauugca	caauacuucugcaaugcaagc	gugcauuguaguugcauugcacuuuugcguucgauaacacggugcaauacuucugcaaugcaagc	1:50888881..50888946:-
2_1052	681.5	82 +/- 14%	-	1329	1324	0	5	yes	aae-miR-932-5p	dme-miR-932-5p	-	-	ucaauuccguagugcauugcag	ugcaagcaauguggaagugaag	ucaauuccguagugcauugcagugugcuuuagacgaacugcaagcaauguggaagugaag	2:231381156..231381216:+
1_12561	228	82 +/- 14%	-	447	441	0	6	yes	aae-miR-iab-4-5p	-	-	-	guauacugaauguauccuga	cgguauaccuucaguauacgua	guauacugaauguauccugagugcuaucuauccgguauaccuucaguauacgua	1:308965425..308965479:-
3_6534	218	82 +/- 14%	-	429	370	0	59	yes	aae-miR-193	-	-	-	ugggauuuuguggaccagaag	uacuggccuacuaagucccaac	ugggauuuuguggaccagaagauuuccuccauucgauaauagcuacuggccuacuaagucccaac	3:360501795..360501860:+
1_9118	193.1	82 +/- 14%	-	372	223	0	149	yes	aae-miR-927	dme-miR-927-5p	-	-	uuuagaauuccuacgcuuuacc	caaagcguuuggguucugaaa	uuuagaauuccuacgcuuuaccgugauuuguugaaaguuuggcaaagcguuuggguucugaaa	1:115022929..115022992:+
1_12567	64.1	82 +/- 14%	-	125	93	0	32	yes	aae-miR-993	-	-	-	ccuguaguuccgggcuuuu	gaagcucguuucuauagagg	ccuguaguuccgggcuuuugugguuucuuuuauuguuaauuaucagaagcucguuucuauagagg	1:310672025..310672090:-
NIGP01001012_12978	5.5	85 +/- 11%	-	352	352	0	0	yes	aae-miR-957	dme-miR-957-3p	-	-	ugaaaccguccaaaacugaggc	guuaguuuugggcggguuuuagu	guuaguuuugggcggguuuuaguguauuucgauuagaguaucaauugaaaccguccaaaacugaggc	NIGP01001012:27490..27557:-
1_9464	5.4	85 +/- 11%	-	3424	3424	0	0	yes	aae-miR-929	dme-miR-929-5p	-	-	aaauugacucuaguagggagucc	acucccuaacggagucagauuga	aaauugacucuaguagggaguccuuguguacgagugacucccuaacggagucagauuga	1:198495526..198495585:+
2_2658	5.4	85 +/- 11%	-	11837	11835	0	2	yes	aae-miR-2c	dme-miR-2a-3p	-	-	uaucacagccagcuuugaugag	cucucaaaguggcugugaaaug	cucucaaaguggcugugaaaugguuugauuuugcucauaucacagccagcuuugaugag	2:107235886..107235945:-
3_7062	5.4	85 +/- 11%	-	1865	1865	0	0	yes	aae-miR-998	dme-miR-285-3p	-	-	uagcaccaugagauucagcuc	acugaacucucgugggucugca	acugaacucucgugggucugcaguugauauuucgaaagcuuguagcaccaugagauucagcuc	3:75489589..75489652:-
1_9813	5.4	85 +/- 11%	-	6544	6544	0	0	yes	aae-miR-999	dme-miR-999-3p	-	-	uguuaacuguaagacugugucu	acgcggucgugcaggaaauuauu	acgcggucgugcaggaaauuauuuggcauuagauucaaauguuaacuguaagacugugucu	1:252222293..252222354:+
3_6681	5.3	85 +/- 11%	-	352	352	0	0	yes	aae-miR-957	dme-miR-957-3p	-	-	ugaaaccguccaaaacugaggc	guuaguuuugggcggguuuuagu	guuaguuuugggcggguuuuaguguauuucgauuagaguaucaauugaaaccguccaaaacugaggc	3:398466624..398466691:+
2_455	5.3	85 +/- 11%	-	521	521	0	0	yes	aae-miR-988-5p	dme-miR-988-3p	-	-	ccccuuguugcaaaccucacgc	gugugcuuugugacaaugag	gugugcuuugugacaaugagauucgguucgauaucauccccuuguugcaaaccucacgc	2:93351380..93351439:+
2_2518	5.3	85 +/- 11%	-	21133	20958	0	175	yes	aae-miR-276-3p	dme-miR-276a-3p	-	-	uaggaacuucauaccgugcucu	gagguauagaguuccuaug	gagguauagaguuccuaugcguucggauaaaauauuccauaggaacuucauaccgugcucu	2:73509399..73509460:-
3_6746	5.2	85 +/- 11%	-	6113	6113	0	0	yes	aae-miR-980-5p	dme-miR-980-3p	-	-	uagcugccuagugaagggcaau	ggccguucauugggucaucuagc	ggccguucauugggucaucuagcucguguuggaaacaguuagcugccuagugaagggcaau	3:1054523..1054584:-
2_1463	5.2	85 +/- 11%	-	15011	14940	0	71	yes	aae-miR-275-5p	dme-miR-275-3p	-	-	ucagguaccugaaguagcgcg	cgcgcuaagcaggaaccgagacu	cgcgcuaagcaggaaccgagacuuugucauuugcuagcagucagguaccugaaguagcgcg	2:307135668..307135729:+
2_2660	5.2	85 +/- 11%	-	30121	30121	0	0	yes	aae-miR-2a-5p	dme-miR-2a-3p	-	-	uaucacagccagcuuugaaga	ucaaagugguugugaaaug	ucaaagugguugugaaaugaguuacucuugaacgaucucauaucacagccagcuuugaaga	2:107237504..107237565:-
1_12504	5.1	85 +/- 11%	-	148763	148761	0	2	yes	aae-miR-317	dme-miR-317-3p	-	-	ugaacacagcuggugguaucuc	gggauacacccugugcucgcu	gggauacacccugugcucgcuuugcauucgaaacuagugaacacagcuggugguaucuc	1:302667132..302667191:-
NIGP01001634_12885	5.1	85 +/- 11%	-	15	14	0	1	yes	aae-miR-10365	dme-miR-927-5p	-	-	auuagaauguggaaucuguuu	aaaaguuuucauauucuugcgg	auuagaauguggaaucuguuuuuguacaucaaguguuacgaaacgaagcaaaaaaguuuucauauucuugcgg	NIGP01001634:30709..30782:-
2_2605	5.1	85 +/- 11%	-	1994	1716	0	278	yes	aae-miR-282-5p	dme-miR-282-5p	-	-	uagccucuccuaggcuuugucu	auagccugacagagguuag	uagccucuccuaggcuuugucuguuaccuuccuugggaauuccacuagccagacauagccugacagagguuag	2:96911967..96912040:-
2_2666	5.1	85 +/- 11%	-	10636	10636	0	0	yes	aae-miR-2c	dme-miR-2a-3p	-	-	uaucacagccagcuuugaugag	caucaaauuugguuguuuuagu	caucaaauuugguuguuuuaguacgaccucuuugaaaccccuaucacagccagcuuugaugag	2:107237997..107238060:-
2_1740	5.1	85 +/- 11%	-	987	987	0	0	yes	aae-miR-100	dme-miR-100-5p	-	-	aacccguagauccgaacuugug	caagaacggauguaugggauuc	aacccguagauccgaacuugugcugccguuucacauguuacaagaacggauguaugggauuc	2:375117351..375117413:+
1_12529	5.1	85 +/- 11%	-	77800	77800	0	0	yes	aae-miR-283	dme-miR-283-5p	-	-	caauaucagcugguaauucuggg	cggaauuccaacugauauccac	caauaucagcugguaauucugggcuuaccccaccguuauacgcuucccggaauuccaacugauauccac	1:305625600..305625669:-
2_1737	5.1	85 +/- 11%	-	7512	7512	0	0	yes	aae-miR-2945-5p	dme-miR-279-3p	-	-	ugacuagaggcagacucguuua	agcggguccguuucuagugucaug	agcggguccguuucuagugucaugugcuguauucgaauaucaugacuagaggcagacucguuua	2:374947142..374947206:+
1_10082	5	85 +/- 11%	-	158	158	0	0	yes	aae-miR-10	dme-miR-10-5p	-	-	acccuguagauccgaauuuguu	caaauucgguucuagagagguuu	acccuguagauccgaauuuguuugaauauuuaacaagcgacaaauucgguucuagagagguuu	1:310530475..310530538:+
1_9589	5	85 +/- 11%	-	11730	11730	0	0	yes	aae-miR-996	dme-miR-279-3p	-	-	ugacuagauuacaugcucgucu	gcgugcaugaaucuggugcacg	gcgugcaugaaucuggugcacgguuuuccaguuguaauaucgcuucgugacuagauuacaugcucgucu	1:207012536..207012605:+
2_4328	5	85 +/- 11%	-	36805	36805	0	0	yes	aae-miR-184	dme-miR-184-3p	-	-	uggacggagaacugauaagggc	ccuuaucauucuugcgccccgu	ccuuaucauucuugcgccccguguuauauuguuggcgacuggacggagaacugauaagggc	2:417599380..417599441:-
2_3918	5	85 +/- 11%	-	1522	1522	0	0	yes	aae-miR-79-5p	dme-miR-9a-3p	-	-	uaaagcuagauuaccaaagcau	gcuuuggcgcuuuagcuguaug	gcuuuggcgcuuuagcuguaugauagaauuuaauauuucauaaagcuagauuaccaaagcau	2:335780884..335780946:-
NIGP01000533_12872	4.9	84 +/- 10%	-	3256	3256	0	0	yes	aae-miR-970	dme-miR-970-3p	-	-	ucauaagacacacgcggcuau	agcuugcguuugucuuagcuggua	agcuugcguuugucuuagcugguauugaaugugauagguaucauaagacacacgcggcuau	NIGP01000533:10107..10168:-
2_3915	4.9	84 +/- 10%	-	3002	3002	0	0	yes	aae-miR-9b	dme-miR-9a-5p	-	-	ucuuuggugauuuuagcuguaug	uauagcuuuaucaccaaaaacc	ucuuuggugauuuuagcuguaugcugauacguuucugauugcauauagcuuuaucaccaaaaacc	2:335780574..335780639:-
1_9307	4.9	84 +/- 10%	-	3256	3256	0	0	yes	aae-miR-970	dme-miR-970-3p	-	-	ucauaagacacacgcggcuau	agcuugcguuugucuuagcuggua	agcuugcguuugucuuagcugguauugaaugugauagguaucauaagacacacgcggcuau	1:157238423..157238484:+
2_1969	4.9	84 +/- 10%	-	396	381	0	15	yes	aae-miR-965	dme-miR-965-3p	-	-	uaagcguauagcuuuucccau	gggggaaauccuguacgcuguau	gggggaaauccuguacgcuguauguuguauuugaauaauccauaagcguauagcuuuucccau	2:429778749..429778812:+
2_2603	4.9	84 +/- 10%	-	95363	81835	0	13528	yes	aae-miR-281-5p	dme-miR-281-2-5p	-	-	aagagagcuauccgucgacagu	cauggaauugcucucuuu	aagagagcuauccgucgacaguagggauaugauucacugucauggaauugcucucuuu	2:96469362..96469420:-
2_3977	4.8	84 +/- 10%	-	7170	7170	0	0	yes	aae-miR-263a-5p	dme-miR-263a-5p	-	-	aauggcacuggaagaauucacggg	cguguucuggcaguggcauccc	aauggcacuggaagaauucacggguauauuuugaaauccccguguucuggcaguggcauccc	2:348784448..348784510:-
2_1742	4.8	84 +/- 10%	-	9352	9352	0	0	yes	aae-let-7	dme-let-7-5p	-	-	ugagguaguugguuguauagu	uaugcaaucugcuagcuuguc	ugagguaguugguuguauaguagugacugauuaaauaucugcuaugcaaucugcuagcuuguc	2:375131497..375131560:+
2_1705	4.8	84 +/- 10%	-	4894	4894	0	0	yes	aae-miR-124	dme-miR-124-3p	-	-	uaaggcacgcggugaaugccaa	gguauccacugccggccuauaug	gguauccacugccggccuauauguccuauuucgguacucauaaggcacgcggugaaugccaa	2:369307279..369307341:+
3_7128	4.8	84 +/- 10%	-	516	516	0	0	yes	aae-miR-92a-5p	dme-miR-92a-3p	-	-	uauugcacuugucccggccua	gguacggacaggggcaacauu	gguacggacaggggcaacauugugacauuugaaagcuaauauugcacuugucccggccua	3:93477597..93477657:-
1_9587	4.7	84 +/- 10%	-	633	633	0	0	yes	aae-miR-279	dme-miR-279-3p	-	-	ugacuagauccacacucauuaa	gaugggugugaaucuaguguuucaca	gaugggugugaaucuaguguuucacaugauuuucgauagccugugacuagauccacacucauuaa	1:207007788..207007853:+
1_12525	4.6	84 +/- 10%	-	205717	205717	0	0	yes	aae-miR-12-5p	dme-miR-12-5p	-	-	ugaguauuacaucagguacuggu	caguacuuauguuaugcucucu	ugaguauuacaucagguacuggugucgauauucgaaucaccaacgaaucggguuccuuugauuaacuuaccaguacuuauguuaugcucucu	1:305613548..305613640:-
2_1599	4.6	84 +/- 10%	-	7273	7273	0	0	yes	aae-miR-14	dme-miR-14-3p	-	-	ucagucuuuuucucucuccuau	gggagcgagauuaaggcuugcu	gggagcgagauuaaggcuugcuggucauuuauuacacucgaagucagucuuuuucucucuccuau	2:344767572..344767637:+
2_1557	4.6	84 +/- 10%	-	8638	8613	0	25	yes	aae-miR-133	dme-miR-133-3p	-	-	uugguccccuucaaccagcugu	gguugacuucgggucaaau	gguugacuucgggucaaaucgucaaauauuugcaaagauauuuccucagugaaauuauuugguccccuucaaccagcugu	2:330417069..330417149:+
2_32	4.6	84 +/- 10%	-	2101	2101	0	0	yes	aae-miR-219	dme-miR-219-5p	-	-	ugauuguccaaacgcaauucuu	gaguugugacuggacauccgug	ugauuguccaaacgcaauucuuguuuuauucgaauaugauauccaagaguugugacuggacauccgug	2:3715261..3715329:+
2_1744	4.6	84 +/- 10%	-	11193	11193	0	0	yes	aae-miR-125-5p	dme-miR-125-5p	-	-	ucccugagacccuaacuuguga	acaaguuuugaucuccgguauu	ucccugagacccuaacuugugacuauaguugaaguuucacaaguuuugaucuccgguauu	2:375131781..375131841:+
2_863	4.6	84 +/- 10%	-	121	121	0	0	yes	aae-miR-137	dme-miR-137-3p	-	-	uauugcuugagaauacacguag	acgcguauucuuggguuauuaac	acgcguauucuuggguuauuaacacacuguuuauguuguuauugcuugagaauacacguag	2:189612067..189612128:+
2_2903	4.5	84 +/- 10%	-	12867	12867	0	0	yes	aae-miR-263b-5p	dme-miR-263b-5p	-	-	cuuggcacugggagaauucacag	guggaucuuuucgugccaucgu	cuuggcacugggagaauucacaggcgcuauuugcuaucauucuguggaucuuuucgugccaucgu	2:153371131..153371196:-
2_1466	4	84 +/- 10%	-	44539	44539	0	0	yes	aae-miR-305-5p	dme-miR-305-5p	-	-	auuguacuucaucaggugcucugg	ccggcacauguuggaguacacuua	auuguacuucaucaggugcucugguuguuuucgauacccggcacauguuggaguacacuua	2:307145445..307145506:+
3_5362	3.8	44 +/- 19%	-	78515	78000	0	515	yes	aae-miR-31	dme-miR-31b-5p	-	-	uggcaagauguuggcauagcug	uagcuauucaacuucuugucuau	uggcaagauguuggcauagcugaaaguuuugaguuuagcuauucaacuucuugucuau	3:136174150..136174208:+
2_986	3.7	44 +/- 19%	-	9241	9241	0	0	yes	aae-miR-7	dme-miR-7-5p	-	-	uggaagacuagugauuuuguuguu	uaacaauaaaucucaagucuuucuac	uggaagacuagugauuuuguuguuuugcuuacgauaauaacaauaaaucucaagucuuucuac	2:222802544..222802607:+
2_1464	3.2	44 +/- 19%	-	14940	14940	0	0	yes	aae-miR-275-3p	dme-miR-275-3p	-	-	ucagguaccugaaguagcgcg	agcgacaacagaggcgugaaa	ucagguaccugaaguagcgcgcgugaucaaacaggaagcgucaucaagcgacaacagaggcgugaaa	2:307135708..307135775:+
2_2420	2.1	49 +/- 16%	-	244	244	0	0	yes	aae-miR-11894a	-	-	-	uuuaccauuucaagaugaccua	ggucgucuugaaaugguaaaga	ggucgucuugaaaugguaaagagugucaaucaucaucuuuaccauuucaagaugaccua	2:58785158..58785217:-
2_2416	2	49 +/- 16%	-	244	244	0	0	yes	aae-miR-11894a	-	-	-	uuuaccauuucaagaugaccua	gguugucuugaaaugguaaaga	gguugucuugaaaugguaaagagugucaaccaucaucuuuaccauuucaagaugaccua	2:58783350..58783409:-
2_2422	2	49 +/- 16%	-	244	244	0	0	yes	aae-miR-11894a	-	-	-	uuuaccauuucaagaugaccua	ggucgucuugaaaugguaaaga	ggucgucuugaaaugguaaagagugucaaucaucaucuuuaccauuucaagaugaccua	2:58785850..58785909:-
2_2424	1.9	63 +/- 10%	-	244	244	0	0	yes	aae-miR-11894a	-	-	-	uuuaccauuucaagaugaccua	ggucgucuugaaaugguaaaga	ggucgucuugaaaugguaaagagugucaaucaucaucuuuaccauuucaagaugaccua	2:58787948..58788007:-
2_2418	1.9	63 +/- 10%	-	177	177	0	0	yes	aae-miR-11894b	-	-	-	uuuaccauuucaauaugaccua	ggucguauugaaaugguaaaga	ggucguauugaaaugguaaagagugucaaucaucaucuuuaccauuucaauaugaccua	2:58784590..58784649:-
3_7826	1.7	63 +/- 10%	-	7295	7295	0	0	yes	aae-miR-278-5p	-	-	-	ggugggacuuucguccguuu	acggacgauagucuucagcgg	acggacgauagucuucagcggccgugcauuugauagaaguggucggugggacuuucguccguuu	3:243123888..243123952:-
3_7053	1.6	63 +/- 10%	-	6	6	0	0	yes	aae-miR-1000	dme-miR-1000-5p	-	-	auauuguccugucacagcag	guuguuucgggacauuuaca	auauuguccugucacagcaguacuguuacaaauuuacuguuguuucgggacauuuaca	3:74204061..74204119:-
2_3498	1.5	63 +/- 10%	-	95	95	0	0	yes	aae-miR-2946	-	-	-	uaguacggaaaagauauggggauug	aucgccauauuuuuaccgcuacugca	aucgccauauuuuuaccgcuacugcauuucauuguaauaauuguaguacggaaaagauauggggauug	2:268456438..268456506:-
3_7157	1.4	63 +/- 10%	-	1611	1611	0	0	yes	aae-miR-2765	-	-	-	ugguaacuccaccaccguugg	aaugggagcuggaguucccgcg	ugguaacuccaccaccguuggcgauauuugacagccaaugggagcuggaguucccgcg	3:101895454..101895512:-
2_4312	1.4	63 +/- 10%	-	11309	11309	0	0	yes	aae-miR-1890	-	-	-	ugaaaucuuugauuaggucugg	agagcuaauuggagaguucuug	agagcuaauuggagaguucuugaauaguguugugaaccuucaugaaaucuuugauuaggucugg	2:413654961..413655025:-
2_456	1	63 +/- 10%	-	521	521	0	0	no	aae-miR-988-3p	dme-miR-988-3p	-	-	ccccuuguugcaaaccucacgc	ggcagguaggggcaaugggggc	ccccuuguugcaaaccucacgcuugcgguagguuccacaacugcugagagguggcagguaggggcaaugggggc	2:93351417..93351491:+
2_3494	0.9	26 +/- 9%	-	303	303	0	0	yes	aae-miR-2941	-	-	-	uaguacggcuagaacuccacgga	cgugguguuuagacguauuaca	cgugguguuuagacguauuacaugauuuuuugaacauaacuguaguacggcuagaacuccacgga	2:268456010..268456075:-
2_3496	0.7	26 +/- 9%	-	304	304	0	0	yes	aae-miR-2941	-	-	-	uaguacggcuagaacuccacgga	cgugaagcucagcugcauuaca	cgugaagcucagcugcauuacacgauauggaauacgguuuguaguacggcuagaacuccacgga	2:268456314..268456378:-
3_8082	0.2	26 +/- 9%	-	461	461	0	0	yes	aae-miR-309a	-	-	-	acugggcaaaguuugucgc	gacuaacuucguucaguuu	gacuaacuucguucaguuuggugucauacgaagguuuccaguuucaucacugggcaaaguuugucgc	3:309335452..309335519:-
2_1587	-0.5	0 +/- 1%	-	201	201	0	0	no	aae-miR-375	dme-miR-375-3p	-	-	uuuguucguuuggcucgaguuau	uacuuaagcccaacguacagaaacu	uacuuaagcccaacguacagaaacuugaaucugaaugccguucuagauuggcuugcuagaaguuuguucguuuggcucgaguuau	2:337876531..337876616:+
2_2604	-2.3	0 +/- 0%	-	81835	81835	0	0	no	aae-miR-281-5p	dme-miR-281-2-5p	-	-	aagagagcuauccgucgacagu	cguugacgugggauuuuuuug	cguugacgugggauuuuuuuguucauuuuguucuuucgcugguuucgaauaugaaaauaaagagagcuauccgucgacagu	2:96469398..96469479:-
2_1239	-4.8	0 +/- 0%	-	307	307	0	0	no	aae-miR-11893	-	-	-	uuccugacuuauacgcuuaccu	guaaguagauaaaucagaaaga	guaaguagauaaaucagaaagacguuuauaucguuucuuccugacuuauacgcuuaccu	2:257889040..257889099:+
1_9653	-5.1	0 +/- 0%	-	1	1	0	0	yes	aae-miR-11900	-	-	-	auuuuuuugacuguaauuuuaua	uaaaauuacguugaaaaaucgucu	uaaaauuacguugaaaaaucgucucccucaaaaaaugaaaccugagacuaacaggagauuuuuuugacuguaauuuuaua	1:223944071..223944151:+
2_1741	-7.7	0 +/- 0%	-	9352	9352	0	0	no	aae-let-7	dme-let-7-5p	-	-	ugagguaguugguuguauagu	auuacaguacugcuucuuc	auuacaguacugcuucuuccacguugagguaguugguuguauagu	2:375131473..375131518:+

#miRBase miRNAs not detected by miRDeep2
miRBase precursor id	total read count	mature read count(s)	star read count	remaining reads	UCSC browser	NCBI blastn	miRBase mature sequence(s)	miRBase star sequence(s)	miRBase precursor sequence
267267	267222	0	45	-	-	caaccacuauccgcccugccgcc	uggcagugugguuagcugguug	-	caaggcaauacgcuauggcagugugguuagcugguuguguagaacuuuggggggcuuccguggcguucgcgcgcacacgggggcucagauucacaaccacuauccgcccugccgccgcgaggugccagg	
58982	58982	0	0	-	-	caucuuaccgggcagcauuaga	uaauacugucagguaaagauguc	-	gucuguucacaucuuaccgggcagcauuagauauuuuugaaauacuucuaauacugucagguaaagaugucguccgaac	
27599	27599	0	0	-	-	cacguuacagauugggguuucc	uaaucucaaauuguaacagugg	-	gagguaaucucaaauuguaacaguggguugauuuuccuggugaaucccggccuuguccuccgucacaagugugacaagugucucgaaaacguguucgcuauacccacguuacagauugggguuucccc	
20890	20890	0	0	-	-	ugucuuuuuccgcuuacugccg	-	ccaacauuuugauugauuugucuuuuuccgcuuacugccgguggcauuugaaauucucgacagcaaaccgaaaaaggcgccucaaucaauu	
20512	20503	0	9	-	-	cuugugcgugugacaacgg	-	cucauugcagcugcugaccacugcacaagauuagauuaugacucuugugcgugugacaacggcuauug	
11891	11891	0	0	-	-	ucagguacugagugacucucag	gagagcaccucgguaucuaagc	-	cauucgcaauuucaccgguucagguacugagugacucucagaugugcauuucucaagcaaucucguccucaggaccugagguugaaaaacccugagagcaccucgguaucuaagccaguguugcgaaaa	
9150	9150	0	0	-	-	ugguuuaucuuaucugucgaggc	gucgacagggagauaaaucacu	-	cauugguuuaucuuaucugucgaggcaaguuauuuuaccggauaguguuucuuuucgugagcaaucaccacuauccagcucuucuugucgacagggagauaaaucacug	
253	253	0	0	-	-	uucguugucgacgaaaccugca	-	aaaccuugccuggaucggguuucgcggcgaacgggcuuccaccaugaugaauagcaguucguugucgacgaaaccugcacauugcaaggca	
143	143	0	0	-	-	aaaugggacugauaugcgaguau	-	ccauucucgcauaacaguaccauauucuugggauuucucauauaaaugggacugauaugcgaguaugg	
45	45	0	0	-	-	cuuucgagcaguaaucaaaguc	uuuugauuguugcucagaaagc	-	aguguuucuauaaaauuuugauuguugcucagaaagccgugcauuugaaacgggucgcuuucgagcaguaaucaaagucaaauaaaacacca	
42	42	0	0	-	-	uucaugcauucacuucugcuga	-	gauaagcaggagugaaugcaugaguuuggcauuugaaacuaauucaugcauucacuucugcugauc	
1	1	0	0	-	-	uaugaccgauuuaauauauggcu	-	uguuccauguaugauuucggucauguaugcaguugaaaauaauuauaugaccgauuuaauauauggcuca	








































