miRDeep2 score	novel miRNAs reported by miRDeep2	novel miRNAs, estimated false positives	novel miRNAs, estimated true positives	known miRNAs in species	known miRNAs in data	known miRNAs detected by miRDeep2	estimated signal-to-noise	excision gearing
10	2	0 +/- 0	2 +/- 0 (99 +/- 9%)	164	123	51 (41%)	187	1
9	2	0 +/- 0	2 +/- 0 (99 +/- 9%)	164	123	52 (42%)	195.7	1
8	2	0 +/- 0	2 +/- 0 (99 +/- 9%)	164	123	52 (42%)	195.7	1
7	2	0 +/- 0	2 +/- 0 (99 +/- 9%)	164	123	52 (42%)	195.7	1
6	2	0 +/- 0	2 +/- 0 (99 +/- 9%)	164	123	52 (42%)	195.7	1
5	3	0 +/- 0	3 +/- 0 (98 +/- 7%)	164	123	72 (59%)	225.9	1
4	4	0 +/- 0	4 +/- 0 (98 +/- 7%)	164	123	87 (71%)	194.7	1
3	5	0 +/- 0	5 +/- 0 (95 +/- 9%)	164	123	90 (73%)	120	1
2	6	0 +/- 1	6 +/- 1 (93 +/- 10%)	164	123	90 (73%)	80	1
1	8	1 +/- 1	7 +/- 1 (90 +/- 11%)	164	123	101 (82%)	38.7	1
0	14	3 +/- 1	11 +/- 1 (82 +/- 10%)	164	123	105 (85%)	17.6	1
-1	23	8 +/- 2	15 +/- 2 (66 +/- 11%)	164	123	111 (90%)	9.1	1
-2	31	28 +/- 4	3 +/- 3 (11 +/- 11%)	164	123	111 (90%)	3.6	1
-3	55	52 +/- 6	4 +/- 5 (7 +/- 9%)	164	123	112 (91%)	2.5	1
-4	150	77 +/- 7	73 +/- 7 (49 +/- 5%)	164	123	113 (92%)	2.9	1
-5	224	167 +/- 10	57 +/- 10 (26 +/- 5%)	164	123	113 (92%)	1.8	1
-6	259	403 +/- 15	0 +/- 0 (0 +/- 0%)	164	123	114 (93%)	0.9	1
-7	291	645 +/- 18	0 +/- 0 (0 +/- 0%)	164	123	115 (93%)	0.6	1
-8	382	844 +/- 22	0 +/- 0 (0 +/- 0%)	164	123	115 (93%)	0.6	1
-9	551	1022 +/- 26	0 +/- 0 (0 +/- 0%)	164	123	115 (93%)	0.6	1
-10	728	1159 +/- 28	0 +/- 0 (0 +/- 0%)	164	123	115 (93%)	0.7	1



novel miRNAs predicted by miRDeep2
provisional id	miRDeep2 score	estimated probability that the miRNA candidate is a true positive	rfam alert	total read count	mature read count	loop read count	star read count	significant randfold p-value	miRBase miRNA	example miRBase miRNA with the same seed	UCSC browser	NCBI blastn	consensus mature sequence	consensus star sequence	consensus precursor sequence	precursor coordinate
3_14132	85.9	99 +/- 9%	-	167	165	0	2	yes	-	-	-	-	guaggccggcggaaacuacuugc	agggguuucuuucggccuccag	agggguuucuuucggccuccagcggcauuagauaguuguaggccggcggaaacuacuugc	3:6069685..6069745:-
1_21461	28.9	99 +/- 9%	-	55	40	0	15	yes	-	-	-	-	caauccaauccaaacccaaucc	auuggguuuggauuggauuagga	auuggguuuggauuggauuaggauugcauuugaacuccaauccaauccaaacccaaucc	1:9914681..9914740:-
3_10425	5.2	98 +/- 7%	-	126	126	0	0	yes	-	dme-miR-971-3p	-	-	uugguguuauaucuuacagugag	ggcuguaaguauuacagcaagc	ggcuguaaguauuacagcaagcuugcuauucgaaaggcgcuugguguuauaucuuacagugag	3:82678953..82679016:+
1_21344	4.2	98 +/- 7%	-	27	27	0	0	yes	-	dme-miR-iab-8-5p	-	-	uuacguauacugaagguauacc	gauacauucaguauacguucau	uuacguauacugaagguauaccggauagauagcacucaggauacauucaguauacguucau	1:308965424..308965485:+
2_6104	3	95 +/- 9%	-	4	3	0	1	yes	-	-	-	-	gauacagccauaccguggaag	uccacgcuaugccugaau	uccacgcuaugccugaaucaguaaaauuugaaaaucgaaugugcauucgauuuuuaaaauccacugauacagccauaccguggaag	2:154129243..154129329:-
3_11835	2	93 +/- 10%	-	2	1	0	1	yes	-	-	-	-	cuccgugcggcgucuucugg	caucugauacugacggaggau	caucugauacugacggaggaugguugugcucccccuaagcacgguccuccgugcggcgucuucugg	3:204975305..204975371:+
2_5040	1.6	90 +/- 11%	-	2	1	0	1	yes	-	-	-	-	caacgcuuauggcuuugugaa	auuuggccgugcgcgaugggag	auuuggccgugcgcgaugggaguuuucauccaacgcuuauggcuuugugaa	2:46280634..46280685:-
2_481	1.2	90 +/- 11%	-	70	70	0	0	yes	-	-	-	-	uuuaccauuucaagacgaccca	ggucaucuugaaaugguaaaga	ggucaucuugaaaugguaaagaugaugauugacacucuuuaccauuucaagacgaccca	2:58787950..58788009:+
1_18507	0.7	82 +/- 10%	-	2	2	0	0	yes	-	dme-miR-193-5p	-	-	cugggauucggagagaaucccgu	gggauucggagagaaucccgucu	gggauucggagagaaucccgucugggauucggagagaaucccgucugggauucggagagaaucccgu	1:39890589..39890656:+
NIGP01000904_26116	0.6	82 +/- 10%	-	1	1	0	0	yes	-	dme-miR-962-3p	-	-	ucuucagugucguguacugga	uaguacacgacacugaagacg	ucuucagugucguguacuggacucgacuuaguacacgacacugaagacg	NIGP01000904:11501..11550:+
3_14742	0.5	82 +/- 10%	-	8	6	0	2	yes	-	-	-	-	cuagaggcagcaacagccgcuc	ggcuguugcugucucaaggcgga	cuagaggcagcaacagccgcucaaaauuuccuugcgcggcuguugcugucucaaggcgga	3:80360443..80360503:-
3_10553	0.5	82 +/- 10%	-	2	2	0	0	yes	-	dme-miR-3645-3p	-	-	auuggaagaacuuccuccagac	cuggaggaaccucacccagacu	cuggaggaaccucacccagacuugcuggaggauccuccuccagacuuauuggaagaacuuccuccagac	3:94332038..94332107:+
3_10554	0.4	82 +/- 10%	-	2	2	0	0	yes	-	dme-miR-3645-3p	-	-	auuggaagaacuuccuccagac	caggaggaaccuccuccagauu	auuggaagaacuuccuccagacuugcuggaagaaccuccuccagacuugcaggaggaaccuccuccagauu	3:94332085..94332156:+
2_5517	0.3	82 +/- 10%	-	8	8	0	0	yes	-	-	-	-	ccauggguugaauuccgccggu	cggcggaauucaacccaugacu	ccauggguugaauuccgccgguuuguuccgauacaucggcggaauucaacccaugacu	2:101138860..101138918:-



mature miRBase miRNAs detected by miRDeep2
tag id	miRDeep2 score	estimated probability that the miRNA is a true positive	rfam alert	total read count	mature read count	loop read count	star read count	significant randfold p-value	mature miRBase miRNA	example miRBase miRNA with the same seed	UCSC browser	NCBI blastn	consensus mature sequence	consensus star sequence	consensus precursor sequence	precursor coordinate
1_25384	8957.4	99 +/- 9%	-	17561	17546	0	15	yes	aae-miR-277-5p	dme-miR-277-3p	-	-	uaaaugcacuaucugguacgaca	cgugucagaagugcauuuaca	cgugucagaagugcauuuacauagguauuucccguuuagcaguauuuguaaaugcacuaucugguacgaca	1:302603812..302603883:-
2_5152	8194.2	99 +/- 9%	-	16070	16069	0	1	yes	aae-miR-11894a	-	-	-	uuuaccauuucaagaugaccua	ggucgucuugaaaugguaaag	ggucgucuugaaaugguaaagagugucaaucaucaucuuuaccauuucaagaugaccua	2:58785158..58785217:-
2_5154	8194.1	99 +/- 9%	-	16070	16069	0	1	yes	aae-miR-11894a	-	-	-	uuuaccauuucaagaugaccua	ggucgucuugaaaugguaaag	ggucgucuugaaaugguaaagagugucaaucaucaucuuuaccauuucaagaugaccua	2:58785850..58785909:-
2_5156	8194.1	99 +/- 9%	-	16070	16069	0	1	yes	aae-miR-11894a	-	-	-	uuuaccauuucaagaugaccua	ggucgucuugaaaugguaaag	ggucgucuugaaaugguaaagagugucaaucaucaucuuuaccauuucaagaugaccua	2:58786284..58786343:-
2_5160	8194.1	99 +/- 9%	-	16070	16069	0	1	yes	aae-miR-11894a	-	-	-	uuuaccauuucaagaugaccua	ggucgucuugaaaugguaaag	ggucgucuugaaaugguaaagagugucaaucaucaucuuuaccauuucaagaugaccua	2:58787948..58788007:-
2_5158	8194	99 +/- 9%	-	16070	16069	0	1	yes	aae-miR-11894a	-	-	-	uuuaccauuucaagaugaccua	ggucgucuugaaaugguaaag	ggucgucuugaaaugguaaagagugucaaucaucaucuuuaccauuucaagaugaccua	2:58787426..58787485:-
3_13355	2477.6	99 +/- 9%	-	4853	4832	0	21	yes	aae-miR-8-5p	dme-miR-8-3p	-	-	uaauacugucagguaaagauguc	caucuuaccgggcagcauuaga	caucuuaccgggcagcauuagauauuuuugaaauacuucuaauacugucagguaaagauguc	3:328527955..328528017:+
2_5485	2054.1	99 +/- 9%	-	4021	3557	0	464	yes	aae-miR-281-5p	dme-miR-281-2-5p	-	-	aagagagcuauccgucgacagu	ugucauggaauugcucucuuua	aagagagcuauccgucgacaguagggauaugauucacugucauggaauugcucucuuua	2:96469361..96469420:-
2_8718	1401.8	99 +/- 9%	-	2742	2739	0	3	yes	aae-miR-1	dme-miR-1-3p	-	-	uggaauguaaagaaguaugga	ccaugcuuccuugcauucaaua	ccaugcuuccuugcauucaauagugauucugaaagcauauggaauguaaagaaguaugga	2:399501024..399501084:-
1_25423	1380.8	99 +/- 9%	-	2701	2699	0	2	yes	aae-miR-12-5p	dme-miR-12-5p	-	-	ugaguauuacaucagguacuggu	caguacuuauguuaugcucucu	ugaguauuacaucagguacuggugucgauauucgaaucaccaacgaaucggguuccuuugauuaacuuaccaguacuuauguuaugcucucu	1:305613548..305613640:-
3_11461	1037.4	99 +/- 9%	-	2038	2006	0	32	no	aae-bantam-5p	dme-bantam-3p	-	-	ugagaucauuuugaaagcugauu	ccgguuuucauuuucgaucugacu	ccgguuuucauuuucgaucugacuuauuugauuuaacaagagugagaucauuuugaaagcugauu	3:178082830..178082895:+
3_18026	1017.8	99 +/- 9%	-	1988	1737	0	251	yes	aae-miR-308-5p	dme-miR-2a-3p	-	-	aaucacaggaguauacugugag	cgcgguauauucuuguggcuug	cgcgguauauucuuguggcuugaugcauuugaaaaaucucaaaucacaggaguauacugugag	3:403338483..403338546:-
2_3082	543.1	99 +/- 9%	-	1059	1055	0	4	yes	aae-miR-305-5p	dme-miR-305-5p	-	-	auuguacuucaucaggugcucugg	cggcacauguuggaguacacuu	auuguacuucaucaggugcucugguuguuuucgauacccggcacauguuggaguacacuu	2:307145445..307145505:+
2_5299	416.2	99 +/- 9%	-	808	698	1	109	yes	aae-miR-276-5p	dme-miR-276a-3p	-	-	uaggaacuucauaccgugcucu	agcgagguauagaguuccuacg	agcgagguauagaguuccuacguugcgugugcgaaauugguaggaacuucauaccgugcucu	2:73120452..73120514:-
2_5314	366	99 +/- 9%	-	709	698	0	11	yes	aae-miR-276-3p	dme-miR-276a-3p	-	-	uaggaacuucauaccgugcucu	agcgagguauagaguuccu	agcgagguauagaguuccuaugcguucggauaaaauauuccauaggaacuucauaccgugcucu	2:73509399..73509463:-
1_23101	258.7	99 +/- 9%	-	508	468	0	40	no	aae-miR-252-5p	dme-miR-252-5p	-	-	cuaaguacuagugccgcagga	ccugcugcccaagugcuuaucg	cuaaguacuagugccgcaggagagauuugaaccccugcugcccaagugcuuaucg	1:175818157..175818212:-
2_966	246.4	99 +/- 9%	-	476	465	0	11	yes	aae-miR-9a	dme-miR-9a-5p	-	-	ucuuugguuaucuagcuguauga	uaaagcuagcauaccgaaguua	ucuuugguuaucuagcuguaugagugaauuuagaacaucauaaagcuagcauaccgaaguua	2:108461947..108462009:+
3_14706	244.7	99 +/- 9%	-	471	465	0	6	yes	aae-miR-11-5p	dme-miR-2a-3p	-	-	caucacagucugaguucuugcu	cgagaacuccggcugugaccug	cgagaacuccggcugugaccuguguacacuuuauccaaaucacaucacagucugaguucuugcu	3:75489864..75489928:-
3_17738	207.5	99 +/- 9%	-	399	389	0	10	yes	aae-miR-989	dme-miR-989-3p	-	-	ugugaugugacguagugguac	cgccgcuaccucgcuuucac	cgccgcuaccucgcuuucacuugguaccgauuucccauaauccaugugaugugacguagugguac	3:366439082..366439147:-
2_5590	179.1	99 +/- 9%	-	343	336	0	7	yes	aae-miR-13-5p	dme-miR-2a-3p	-	-	uaucacagccauuuugacgaguu	ucguaaaaaugguugugcugu	ucguaaaaaugguugugcuguguuguuacgcucgaaauucauaucacagccauuuugacgaguu	2:107237649..107237713:-
2_8187	164.7	99 +/- 9%	-	315	294	0	21	yes	aae-miR-9c-5p	dme-miR-9a-5p	-	-	ucuuugguauucuagcuguaga	uaaagcuuuaguaccagagguc	ucuuugguauucuagcuguagaauguugagcuuugugauaugguaucuucuaaagcuuuaguaccagagguc	2:335810364..335810436:-
2_8181	156.5	99 +/- 9%	-	299	297	0	2	yes	aae-miR-9b	dme-miR-9a-5p	-	-	ucuuuggugauuuuagcuguaug	uauagcuuuaucaccaaaaaccu	ucuuuggugauuuuagcuguaugcugauacguuucugauugcauauagcuuuaucaccaaaaaccu	2:335780573..335780639:-
3_16476	129	99 +/- 9%	-	244	242	0	2	yes	aae-miR-278-5p	dme-miR-278-3p	-	-	ucggugggacuuucguccguuu	acggacgauagucuucagcgg	acggacgauagucuucagcggccgugcauuugauagaaguggucggugggacuuucguccguuu	3:243123888..243123952:-
2_3369	124.1	99 +/- 9%	-	236	233	0	3	yes	aae-miR-14	dme-miR-14-3p	-	-	ucagucuuuuucucucuccuau	gggagcgagauuaaggcuugcug	gggagcgagauuaaggcuugcuggucauuuauuacacucgaagucagucuuuuucucucuccuau	2:344767572..344767637:+
3_14082	113.5	99 +/- 9%	-	214	208	0	6	yes	aae-miR-980-5p	dme-miR-980-3p	-	-	uagcugccuagugaagggcaau	cggccguucauugggucauc	cggccguucauugggucaucuagcucguguuggaaacaguuagcugccuagugaagggcaau	3:1054523..1054585:-
1_20229	104.2	99 +/- 9%	-	196	195	0	1	yes	aae-miR-996	dme-miR-279-3p	-	-	ugacuagauuacaugcucgucu	gcgugcaugaaucuggugcacg	gcgugcaugaaucuggugcacgguuuuccaguuguaauaucgcuucgugacuagauuacaugcucgucu	1:207012536..207012605:+
3_12303	88.6	99 +/- 9%	-	165	135	0	30	yes	aae-miR-307	dme-miR-307a-3p	-	-	ucacaaccuccuugagugagcg	acucacucaaccugggugugau	acucacucaaccugggugugaugcuuauuugaaucaucacaaccuccuugagugagcg	3:244794376..244794434:+
2_2216	80.4	99 +/- 9%	-	150	149	0	1	yes	aae-miR-932-5p	dme-miR-932-5p	-	-	ucaauuccguagugcauugcagu	ugcaagcaauguggaagugaag	ucaauuccguagugcauugcagugugcuuuagacgaacugcaagcaauguggaagugaag	2:231381156..231381216:+
2_5061	66.7	99 +/- 9%	-	123	122	0	1	yes	aae-miR-190	dme-miR-190-5p	-	-	agauauguuugauauucuugguug	cccaggaaucaaacauauua	agauauguuugauauucuugguuguuaaauuuuauauuaucacccaggaaucaaacauauua	2:48811880..48811942:-
3_14704	65.3	99 +/- 9%	-	119	117	0	2	yes	aae-miR-998	dme-miR-285-3p	-	-	uagcaccaugagauucagcuc	acugaacucucgugggucugca	acugaacucucgugggucugcaguugauauuucgaaagcuuguagcaccaugagauucagcuc	3:75489589..75489652:-
2_8417	62.4	99 +/- 9%	-	122	105	0	17	yes	aae-miR-1891	-	-	-	ugaggaguuaauuugcguguuu	acacguccauuaacucugguac	ugaggaguuaauuugcguguuuuuguauuugauuaaacacguccauuaacucugguac	2:360084867..360084925:-
2_3651	61.4	99 +/- 9%	-	119	65	0	54	yes	aae-miR-100	-	-	-	caagaacggauguaugggauuc	aacccguagauccgaacuugug	aacccguagauccgaacuugugcugccguuucacauguuacaagaacggauguaugggauuc	2:375117351..375117413:+
NIGP01000533_26162	59.2	99 +/- 9%	-	108	104	0	4	yes	aae-miR-970	dme-miR-970-3p	-	-	ucauaagacacacgcggcuau	agcuugcguuugucuuagcuggu	agcuugcguuugucuuagcugguauugaaugugauagguaucauaagacacacgcggcuau	NIGP01000533:10107..10168:-
1_19621	59.1	99 +/- 9%	-	108	104	0	4	yes	aae-miR-970	dme-miR-970-3p	-	-	ucauaagacacacgcggcuau	agcuugcguuugucuuagcuggu	agcuugcguuugucuuagcugguauugaaugugauagguaucauaagacacacgcggcuau	1:157238423..157238484:+
1_20227	53.9	99 +/- 9%	-	98	91	0	7	yes	aae-miR-279	dme-miR-279-3p	-	-	ugacuagauccacacucauuaa	gaugggugugaaucuaguguuucaca	gaugggugugaaucuaguguuucacaugauuuucgauagccugugacuagauccacacucauuaa	1:207007788..207007853:+
3_18072	32	99 +/- 9%	-	64	63	0	1	no	aae-miR-285	dme-miR-285-3p	-	-	uagcaccauucgaaaucaguac	acuggcuuccaaaggugaguaga	acuggcuuccaaaggugaguagauggcauucgauacacucuagcaccauucgaaaucaguac	3:406875046..406875108:-
1_21879	31	99 +/- 9%	-	52	51	0	1	yes	aae-miR-33	dme-miR-33-5p	-	-	gugcauuguaguugcauugc	caauacuucugcaaugcaa	gugcauuguaguugcauugcacuuuugcguucgauaacacggugcaauacuucugcaaugcaa	1:50888883..50888946:-
1_19220	25.3	99 +/- 9%	-	43	26	0	17	yes	aae-miR-927	dme-miR-927-5p	-	-	uuuagaauuccuacgcuuuacc	caaagcguuuggguucugaaac	uuuagaauuccuacgcuuuaccgugauuuguugaaaguuuggcaaagcguuuggguucugaaac	1:115022929..115022993:+
1_22144	21.4	99 +/- 9%	-	34	28	0	6	yes	aae-miR-87	dme-miR-87-3p	-	-	gugagcaaauuuucaggugugu	cagccugaaauuugcuaaaccu	cagccugaaauuugcuaaaccuguguguauuugauucaaacaaucaaggugagcaaauuuucaggugugu	1:80682401..80682471:-
2_1783	17	99 +/- 9%	-	26	25	0	1	yes	aae-miR-137	dme-miR-137-3p	-	-	uauugcuugagaauacacguag	acgcguauucuuggguuauuaac	acgcguauucuuggguuauuaacacacuguuuauguuguuauugcuugagaauacacguag	2:189612067..189612128:+
1_25479	16	99 +/- 9%	-	24	23	0	1	yes	aae-miR-iab-4-5p	dme-miR-iab-4-5p	-	-	acguauacugaauguauccuga	cgguauaccuucaguauacguaa	acguauacugaauguauccugagugcuaucuauccgguauaccuucaguauacguaa	1:308965424..308965481:-
NIGP01001634_26200	9.4	99 +/- 9%	-	10	5	0	5	yes	aae-miR-10365	dme-miR-927-5p	-	-	auuagaauguggaaucuguuuu	aaaaguuuucauauucuugcgg	auuagaauguggaaucuguuuuuguacaucaaguguuacgaaacgaagcaaaaaaguuuucauauucuugcgg	NIGP01001634:30709..30782:-
3_17311	9.4	99 +/- 9%	-	10	5	0	5	yes	aae-miR-10365	dme-miR-927-5p	-	-	auuagaauguggaaucuguuuu	aaaaguuuucauauucuugcgg	auuagaauguggaaucuguuuuuguacaucaaguguuacgaaacgaagcaaaaaaguuuucauauucuugcgg	3:320775621..320775694:-
NIGP01001012_26416	5.5	98 +/- 7%	-	41	41	0	0	yes	aae-miR-957	dme-miR-957-3p	-	-	ugaaaccguccaaaacugaggc	guuaguuuugggcggguuuuagu	guuaguuuugggcggguuuuaguguauuucgauuagaguaucaauugaaaccguccaaaacugaggc	NIGP01001012:27490..27557:-
1_19972	5.4	98 +/- 7%	-	267	267	0	0	yes	aae-miR-929	dme-miR-929-5p	-	-	aaauugacucuaguagggaguc	cucccuaacggagucagauuga	aaauugacucuaguagggaguccuuguguacgagugacucccuaacggagucagauuga	1:198495526..198495585:+
2_5586	5.4	98 +/- 7%	-	559	559	0	0	yes	aae-miR-2c	dme-miR-2a-3p	-	-	uaucacagccagcuuugauga	cucaaaguggcugugaaaug	cucaaaguggcugugaaaugguuugauuuugcucauaucacagccagcuuugauga	2:107235887..107235943:-
3_13909	5.3	98 +/- 7%	-	41	41	0	0	yes	aae-miR-957	dme-miR-957-3p	-	-	ugaaaccguccaaaacugaggc	guuaguuuugggcggguuuuagu	guuaguuuugggcggguuuuaguguauuucgauuagaguaucaauugaaaccguccaaaacugaggc	3:398466624..398466691:+
1_20785	5.3	98 +/- 7%	-	106	106	0	0	yes	aae-miR-999	dme-miR-999-3p	-	-	uguuaacuguaagacugugucu	acgcggucgugcaggaaauuauu	acgcggucgugcaggaaauuauuuggcauuagauucaaauguuaacuguaagacugugucu	1:252222293..252222354:+
2_835	5.3	98 +/- 7%	-	17	17	0	0	yes	aae-miR-988-5p	dme-miR-988-3p	-	-	ccccuuguugcaaaccucacgc	gugugcuuugugacaaugag	gugugcuuugugacaaugagauucgguucgauaucauccccuuguugcaaaccucacgc	2:93351380..93351439:+
2_3079	5.2	98 +/- 7%	-	759	758	0	1	yes	aae-miR-275-5p	dme-miR-275-3p	-	-	ucagguaccugaaguagcgcg	cgcgcuaagcaggaaccgagacu	cgcgcuaagcaggaaccgagacuuugucauuugcuagcagucagguaccugaaguagcgcg	2:307135668..307135729:+
2_5588	5.2	98 +/- 7%	-	2227	2227	0	0	yes	aae-miR-2a-5p	dme-miR-2a-3p	-	-	uaucacagccagcuuugaaga	ucaaagugguugugaaaug	ucaaagugguugugaaaugaguuacucuugaacgaucucauaucacagccagcuuugaaga	2:107237504..107237565:-
2_3647	5.1	98 +/- 7%	-	142	142	0	0	yes	aae-miR-2945-5p	dme-miR-279-3p	-	-	ugacuagaggcagacucguuua	agcggguccguuucuagugucaug	agcggguccguuucuagugucaugugcuguauucgaauaucaugacuagaggcagacucguuua	2:374947142..374947206:+
2_5489	5.1	98 +/- 7%	-	33	33	0	0	yes	aae-miR-282-5p	dme-miR-282-5p	-	-	uagccucuccuaggcuuugucu	acauagccugacagagguuagg	uagccucuccuaggcuuugucuguuaccuuccuugggaauuccacuagccagacauagccugacagagguuagg	2:96911966..96912040:-
3_14848	5.1	98 +/- 7%	-	58	58	0	0	yes	aae-miR-92b-3p	dme-miR-92a-3p	-	-	aauugcacuugucccggccugc	aggucgugacuugugcccauuug	aggucgugacuugugcccauuugcugaauuuuaauggucaaauugcacuugucccggccugc	3:93418515..93418577:-
1_25427	5.1	98 +/- 7%	-	1679	1679	0	0	yes	aae-miR-283	dme-miR-283-5p	-	-	caauaucagcugguaauucugg	ggaauuccaacugauauccac	caauaucagcugguaauucugggcuuaccccaccguuauacgcuucccggaauuccaacugauauccac	1:305625600..305625669:-
2_5594	5.1	98 +/- 7%	-	528	528	0	0	yes	aae-miR-2c	dme-miR-2a-3p	-	-	uaucacagccagcuuugauga	aucaaauuugguuguuuuagu	aucaaauuugguuguuuuaguacgaccucuuugaaaccccuaucacagccagcuuugauga	2:107237998..107238059:-
2_8878	5	98 +/- 7%	-	2429	2429	0	0	yes	aae-miR-184	dme-miR-184-3p	-	-	uggacggagaacugauaagggc	ccuuaucauucuugcgccccgu	ccuuaucauucuugcgccccguguuauauuguuggcgacuggacggagaacugauaagggc	2:417599380..417599441:-
2_8184	5	98 +/- 7%	-	38	37	0	1	yes	aae-miR-79-5p	dme-miR-9a-3p	-	-	uaaagcuagauuaccaaagcau	uuuggcgcuuuagcuguau	uuuggcgcuuuagcuguaugauagaauuuaauauuucauaaagcuagauuaccaaagcau	2:335780884..335780944:-
2_4039	4.9	98 +/- 7%	-	236	236	0	0	yes	aae-miR-965	dme-miR-965-3p	-	-	uaagcguauagcuuuucccauu	ggggaaauccuguacgcuguaug	ggggaaauccuguacgcuguauguuguauuugaauaauccauaagcguauagcuuuucccauu	2:429778750..429778813:+
2_3654	4.8	98 +/- 7%	-	327	327	0	0	yes	aae-let-7	dme-let-7-5p	-	-	ugagguaguugguuguauagu	uaugcaaucugcuagcuuguc	ugagguaguugguuguauaguagugacugauuaaauaucugcuaugcaaucugcuagcuuguc	2:375131497..375131560:+
2_3589	4.8	98 +/- 7%	-	524	524	0	0	yes	aae-miR-124	dme-miR-124-3p	-	-	uaaggcacgcggugaaugccaa	gguauccacugccggccuauaug	gguauccacugccggccuauauguccuauuucgguacucauaaggcacgcggugaaugccaa	2:369307279..369307341:+
1_25458	4.7	98 +/- 7%	-	2111	2091	0	20	yes	aae-miR-1175-5p	dme-miR-958-3p	-	-	ugagauucuacuucuccgacuu	aaguggaguaguggucucaucgcu	aaguggaguaguggucucaucgcuuaguauuagaaaagugagauucuacuucuccgacuu	1:307010046..307010106:-
1_19239	4.7	98 +/- 7%	-	50	50	0	0	yes	aae-miR-981	dme-miR-981-3p	-	-	uucguugucgacgaaaccugc	ggguuucgcggcgaacgggcu	ggguuucgcggcgaacgggcuuccaccaugaugaauagcaguucguugucgacgaaaccugc	1:118556349..118556411:+
2_3253	4.6	98 +/- 7%	-	462	462	0	0	yes	aae-miR-133	dme-miR-133-3p	-	-	uugguccccuucaaccagcugu	agcugguugacuucgggucaaau	agcugguugacuucgggucaaaucgucaaauauuugcaaagauauuuccucagugaaauuauuugguccccuucaaccagcugu	2:330417065..330417149:+
3_14687	4.5	98 +/- 7%	-	17	17	0	0	yes	aae-miR-1000	dme-miR-1000-5p	-	-	auauuguccugucacagcagu	uguuguuucgggacauuuaca	auauuguccugucacagcaguacuguuacaaauuuacuguuguuucgggacauuuaca	3:74204061..74204119:-
2_6091	4.5	98 +/- 7%	-	120	120	0	0	yes	aae-miR-263b-5p	dme-miR-263b-5p	-	-	cuuggcacugggagaauucacag	guggaucuuuucgugccaucgu	cuuggcacugggagaauucacaggcgcuauuugcuaucauucuguggaucuuuucgugccaucgu	2:153371131..153371196:-
2_48	4.5	98 +/- 7%	-	39	39	0	0	yes	aae-miR-219	dme-miR-219-5p	-	-	ugauuguccaaacgcaauucuu	gaguugugacuggacauccgug	ugauuguccaaacgcaauucuuguuuuauucgaauaugauauccaagaguugugacuggacauccgug	2:3715261..3715329:+
2_3656	4.4	98 +/- 7%	-	273	273	0	0	yes	aae-miR-125-5p	dme-miR-125-5p	-	-	ucccugagacccuaacuuguga	acaaguuuugaucuccgguauu	ucccugagacccuaacuugugacuauaguugaaguuucacaaguuuugaucuccgguauu	2:375131781..375131841:+
2_3315	4.2	98 +/- 7%	-	12	12	0	0	yes	aae-miR-375	dme-miR-375-3p	-	-	uuuguucguuuggcucgaguua	acuuaagcccaacguacagaaacu	acuuaagcccaacguacagaaacuugaaucugaaugccguucuagauuggcuugcuagaaguuuguucguuuggcucgaguua	2:337876532..337876615:+
3_9654	4	98 +/- 7%	-	14	14	0	0	yes	aae-miR-315-5p	dme-miR-315-5p	-	-	uuuugauuguugcucagaaagcc	cuuucgagcaguaaucaaaguc	uuuugauuguugcucagaaagccgugcauuugaaacgggucgcuuucgagcaguaaucaaaguc	3:3444767..3444831:+
3_10966	3.8	95 +/- 9%	-	1530	1513	0	17	yes	aae-miR-31	dme-miR-31b-5p	-	-	uggcaagauguuggcauagcug	uagcuauucaacuucuugucua	uggcaagauguuggcauagcugaaaguuuugaguuuagcuauucaacuucuugucua	3:136174150..136174207:+
2_2082	3.7	95 +/- 9%	-	207	207	0	0	yes	aae-miR-7	dme-miR-7-5p	-	-	uggaagacuagugauuuuguuguu	uaacaauaaaucucaagucuuucuac	uggaagacuagugauuuuguuguuuugcuuacgauaauaacaauaaaucucaagucuuucuac	2:222802544..222802607:+
3_17122	3.4	95 +/- 9%	-	11	11	0	0	yes	aae-miR-309a	dme-miR-3-3p	-	-	ucacugggcaaaguuugucgc	gacuaacuucguucaguuuggug	gacuaacuucguucaguuuggugucauacgaagguuuccaguuucaucacugggcaaaguuugucgc	3:309335452..309335519:-
2_5148	2	93 +/- 10%	-	16069	16069	0	0	yes	aae-miR-11894a	-	-	-	uuuaccauuucaagaugaccua	gguugucuugaaaugguaaaga	gguugucuugaaaugguaaagagugucaaccaucaucuuuaccauuucaagaugaccua	2:58783350..58783409:-
3_14852	1.9	90 +/- 11%	-	6	6	0	0	yes	aae-miR-92a-5p	dme-miR-92a-3p	-	-	uauugcacuugucccggccuau	cgguacggacaggggcaacauu	cgguacggacaggggcaacauugugacauuugaaagcuaauauugcacuugucccggccuau	3:93477596..93477658:-
2_5150	1.9	90 +/- 11%	-	1615	1615	0	0	yes	aae-miR-11894b	-	-	-	uuuaccauuucaauaugaccua	ggucguauugaaaugguaaaga	ggucguauugaaaugguaaagagugucaaucaucaucuuuaccauuucaauaugaccua	2:58784590..58784649:-
2_5595	1.7	90 +/- 11%	-	255	216	0	39	yes	aae-miR-71-5p	-	-	-	agaaagacauggguagugaga	ucucacuaccuugucuuucaug	agaaagacauggguagugagauaguuucacccuauugcacugggaucucacuaccuugucuuucaug	2:107238287..107238354:-
2_8058	1.7	90 +/- 11%	-	14127	14127	0	0	yes	aae-miR-11895	-	-	-	uucaugcauucacuucugcuga	agcaggagugaaugcaugaguu	agcaggagugaaugcaugaguuugacaucugaaacuaauucaugcauucacuucugcuga	2:324949494..324949554:-
2_7344	1.5	90 +/- 11%	-	16	16	0	0	yes	aae-miR-2946	-	-	-	uaguacggaaaagauauggggauu	ucgccauauuuuuaccgcuacugca	ucgccauauuuuuaccgcuacugcauuucauuguaauaauuguaguacggaaaagauauggggauu	2:268456439..268456505:-
3_14969	1.4	90 +/- 11%	-	37	37	0	0	yes	aae-miR-2765	-	-	-	ugguaacuccaccaccguugg	aaugggagcuggaguucccgcg	ugguaacuccaccaccguuggcgauauuugacagccaaugggagcuggaguucccgcg	3:101895454..101895512:-
2_8852	1.4	90 +/- 11%	-	404	404	0	0	yes	aae-miR-1890	-	-	-	ugaaaucuuugauuaggucugg	agagcuaauuggagaguucuug	agagcuaauuggagaguucuugaauaguguugugaaccuucaugaaaucuuugauuaggucugg	2:413654961..413655025:-
1_25386	1.3	90 +/- 11%	-	2569	2568	0	1	no	aae-miR-317	dme-miR-317-3p	-	-	ugaacacagcuggugguaucuc	gggauacacccugugcucgcu	gggauacacccugugcucgcuuugcauucgaaacuagugaacacagcuggugguaucuc	1:302667132..302667191:-
2_6380	1.1	90 +/- 11%	-	29	29	0	0	yes	aae-miR-11899	-	-	-	uaugaccgauuuaauauauggc	cauguaugauuucggucaugua	cauguaugauuucggucauguaugcaguugaaaauaauuauaugaccgauuuaauauauggc	2:182319042..182319104:-
2_836	1	90 +/- 11%	-	17	17	0	0	no	aae-miR-988-3p	dme-miR-988-3p	-	-	ccccuuguugcaaaccucacgc	ggcagguaggggcaaugggggc	ccccuuguugcaaaccucacgcuugcgguagguuccacaacugcugagagguggcagguaggggcaaugggggc	2:93351417..93351491:+
2_7342	0.9	82 +/- 10%	-	41	41	0	0	yes	aae-miR-2941	-	-	-	uaguacggcuagaacuccacgga	cgugaagcucagcugcauuaca	cgugaagcucagcugcauuacacgauauggaauacgguuuguaguacggcuagaacuccacgga	2:268456314..268456378:-
2_7340	0.9	82 +/- 10%	-	39	39	0	0	yes	aae-miR-2941	-	-	-	uaguacggcuagaacuccacgga	cgugguguuuagacguauuaca	cgugguguuuagacguauuacaugauuuuuugaacauaacuguaguacggcuagaacuccacgga	2:268456010..268456075:-
2_8289	0.7	82 +/- 10%	-	102	102	0	0	no	aae-miR-263a-5p	dme-miR-263a-5p	-	-	aauggcacuggaagaauucac	guucuggcaguggcauccc	aauggcacuggaagaauucacggguauauuuugaaauccccguguucuggcaguggcauccc	2:348784448..348784510:-
1_18615	0.2	82 +/- 10%	-	476	473	0	3	no	aae-miR-210	dme-miR-210-3p	-	-	cuugugcgugugacaacggcuau	cugcugaccacugcacaagau	cugcugaccacugcacaagauuagauuaugacucuugugcgugugacaacggcuau	1:54892619..54892675:+
1_25486	-0.6	66 +/- 11%	-	1	1	0	0	yes	aae-miR-993	dme-miR-993-3p	-	-	gaagcucguuucuauagaggu	ccuguaguuccgggcuuuug	ccuguaguuccgggcuuuugugguuucuuuuauuguuaauuaucagaagcucguuucuauagaggu	1:310672024..310672090:-
2_8759	-0.7	66 +/- 11%	-	1	1	0	0	yes	aae-miR-2944b-5p	dme-miR-5-5p	-	-	gaaggaacucccggugugauau	aucacagcaguaguuaccugaua	gaaggaacucccggugugauauaugacucgauuauaucacagcaguaguuaccugaua	2:402152794..402152852:-
3_13627	-0.9	66 +/- 11%	-	3	3	0	0	yes	aae-miR-193	dme-miR-193-3p	-	-	uacuggccuacuaagucccaa	gggauuuuguggaccagaaga	gggauuuuguggaccagaagauuuccuccauucgauaauagcuacuggccuacuaagucccaa	3:360501796..360501859:+
2_8757	-0.9	66 +/- 11%	-	1	1	0	0	yes	aae-miR-2944a-5p	dme-miR-5-5p	-	-	gaaggaacuucugcugugaucu	aucacaguaguuguacuuuaa	gaaggaacuucugcugugaucugaguuagauacauaucacaguaguuguacuuuaa	2:402152658..402152714:-
2_3080	-1	66 +/- 11%	-	758	758	0	0	no	aae-miR-275-3p	dme-miR-275-3p	-	-	ucagguaccugaaguagcgcg	agcgacaacagaggcgugaaa	ucagguaccugaaguagcgcgcgugaucaaacaggaagcgucaucaagcgacaacagaggcgugaaa	2:307135708..307135775:+
2_8717	-1.4	11 +/- 11%	-	2739	2739	0	0	no	aae-miR-1	dme-miR-1-3p	-	-	uggaauguaaagaaguaugga	uucuucaaaaaacggaaccaag	uggaauguaaagaaguauggagcgcucgggcaaacucgacgugggaucuucuucaaaaaacggaaccaag	2:399500975..399501045:-
2_5486	-2.3	7 +/- 9%	-	3557	3557	0	0	no	aae-miR-281-5p	dme-miR-281-2-5p	-	-	aagagagcuauccgucgacagu	cguugacgugggauuuuuuug	cguugacgugggauuuuuuuguucauuuuguucuuucgcugguuucgaauaugaaaauaaagagagcuauccgucgacagu	2:96469398..96469479:-
2_6397	-3	7 +/- 9%	-	1	1	0	0	yes	aae-miR-11917	-	-	-	gagcauccguucaagcugaa	cagcucaaacggauguuugg	gagcauccguucaagcugaaaacuuaaucgauuggucaccagcugcuggugaccaaucgauuagguuuucagcucaaacggauguuugg	2:184046420..184046509:-
2_5852	-3.9	49 +/- 5%	-	1	1	0	0	yes	aae-miR-11919	-	-	-	uagcuagguugcggugcacug	guguacucugccuggccggc	guguacucugccuggccggcgcugcugcgagucuagcuagguugcggugcacug	2:129145075..129145129:-
1_20457	-5.1	0 +/- 0%	-	1	1	0	0	yes	aae-miR-11900	-	-	-	auuuuuuugacuguaauuuuau	aaaauuacguugaaaaaucgucu	aaaauuacguugaaaaaucgucucccucaaaaaaugaaaccugagacuaacaggagauuuuuuugacuguaauuuuau	1:223944072..223944150:+
NIGP01000443_26123	-6.7	0 +/- 0%	-	8	8	0	0	no	aae-miR-11893	-	-	-	uuccugacuuauacgcuuaccu	guaaguagauaaaucagaaaga	guaaguagauaaaucagaaagacguuuauaucguuucuuccugacuuauacgcuuaccu	NIGP01000443:52102..52161:+
2_2569	-6.7	0 +/- 0%	-	8	8	0	0	no	aae-miR-11893	-	-	-	uuccugacuuauacgcuuaccu	guaaguagauaaaucagaaaga	guaaguagauaaaucagaaagacguuuauaucguuucuuccugacuuauacgcuuaccu	2:257889040..257889099:+
2_3653	-7.7	0 +/- 0%	-	327	327	0	0	no	aae-let-7	dme-let-7-5p	-	-	ugagguaguugguuguauagu	auuacaguacugcuucuuc	auuacaguacugcuucuuccacguugagguaguugguuguauagu	2:375131473..375131518:+

#miRBase miRNAs not detected by miRDeep2
miRBase precursor id	total read count	mature read count(s)	star read count	remaining reads	UCSC browser	NCBI blastn	miRBase mature sequence(s)	miRBase star sequence(s)	miRBase precursor sequence
3273	3271	0	2	-	-	caaccacuauccgcccugccgcc	uggcagugugguuagcugguug	-	caaggcaauacgcuauggcagugugguuagcugguuguguagaacuuuggggggcuuccguggcguucgcgcgcacacgggggcucagauucacaaccacuauccgcccugccgccgcgaggugccagg	
1086	1086	0	0	-	-	ucagguacugagugacucucag	gagagcaccucgguaucuaagc	-	cauucgcaauuucaccgguucagguacugagugacucucagaugugcauuucucaagcaaucucguccucaggaccugagguugaaaaacccugagagcaccucgguaucuaagccaguguugcgaaaa	
702	702	0	0	-	-	ugucuuuuuccgcuuacugccg	-	ccaacauuuugauugauuugucuuuuuccgcuuacugccgguggcauuugaaauucucgacagcaaaccgaaaaaggcgccucaaucaauu	
416	416	0	0	-	-	cacguuacagauugggguuucc	uaaucucaaauuguaacagugg	-	gagguaaucucaaauuguaacaguggguugauuuuccuggugaaucccggccuuguccuccgucacaagugugacaagugucucgaaaacguguucgcuauacccacguuacagauugggguuucccc	
396	365	0	31	-	-	ugguuuaucuuaucugucgaggc	gucgacagggagauaaaucacu	-	cauugguuuaucuuaucugucgaggcaaguuauuuuaccggauaguguuucuuuucgugagcaaucaccacuauccagcucuucuugucgacagggagauaaaucacug	
30	20	0	10	-	-	ucagaucuacuuaauacccau	-	acuccaauucuggguauuuuagauccuuggcauaguuacgugauugaaugcacuguucuucuuugguuuacccaguaucgaacacgcgucaaucugucagaucuacuuaauacccaua	
9	4	0	5	-	-	acccuguagauccgaauuuguu	-	uuuguucuacaucuacccuguagauccgaauuuguuugaauauuuaacaagcgacaaauucgguucuagagagguuuguguggggcauu	
1	1	0	0	-	-	accguuacgcgcauauaauuug	-	gcagaccguuacgcgcauauaauuuggccauuuacggcauaauccaauggaaguggccaaacuauauuauaucgcucagu	




1	0	0	1	-	-	cgagauacggagagauugcgaca	-	cagucgccucuucacaucucgauaucgaagggaccaucgagauacggagagauugcgacaa	






























