miRDeep2 score	novel miRNAs reported by miRDeep2	novel miRNAs, estimated false positives	novel miRNAs, estimated true positives	known miRNAs in species	known miRNAs in data	known miRNAs detected by miRDeep2	estimated signal-to-noise	excision gearing
10	1	0 +/- 0	1 +/- 0 (95 +/- 22%)	164	41	7 (17%)	83.3	2
9	1	0 +/- 0	1 +/- 0 (95 +/- 22%)	164	41	7 (17%)	83.3	2
8	1	0 +/- 0	1 +/- 0 (95 +/- 22%)	164	41	7 (17%)	83.3	2
7	1	0 +/- 0	1 +/- 0 (94 +/- 24%)	164	41	7 (17%)	71.4	2
6	1	0 +/- 0	1 +/- 0 (94 +/- 24%)	164	41	7 (17%)	71.4	2
5	1	0 +/- 0	1 +/- 0 (94 +/- 24%)	164	41	18 (44%)	171.4	2
4	1	0 +/- 0	1 +/- 0 (94 +/- 24%)	164	41	22 (54%)	187.5	2
3	2	0 +/- 0	2 +/- 0 (95 +/- 15%)	164	41	26 (63%)	126.7	2
2	2	0 +/- 0	2 +/- 0 (88 +/- 24%)	164	41	28 (68%)	60	2
1	4	0 +/- 1	4 +/- 1 (91 +/- 15%)	164	41	31 (76%)	42.4	2
0	4	1 +/- 1	3 +/- 1 (80 +/- 24%)	164	41	36 (88%)	20.9	2
-1	4	2 +/- 1	2 +/- 1 (58 +/- 31%)	164	41	36 (88%)	10.9	2
-2	4	4 +/- 2	1 +/- 1 (13 +/- 21%)	164	41	37 (90%)	5.4	2
-3	5	6 +/- 2	0 +/- 1 (7 +/- 14%)	164	41	38 (93%)	4.1	2
-4	8	8 +/- 2	1 +/- 1 (14 +/- 16%)	164	41	38 (93%)	3.6	2
-5	11	16 +/- 3	0 +/- 0 (0 +/- 1%)	164	41	38 (93%)	2	2
-6	14	27 +/- 4	0 +/- 0 (0 +/- 0%)	164	41	38 (93%)	1.4	2
-7	18	37 +/- 5	0 +/- 0 (0 +/- 0%)	164	41	38 (93%)	1.1	2
-8	19	45 +/- 6	0 +/- 0 (0 +/- 0%)	164	41	38 (93%)	0.9	2
-9	23	55 +/- 6	0 +/- 0 (0 +/- 0%)	164	41	38 (93%)	0.9	2
-10	32	61 +/- 7	0 +/- 0 (0 +/- 0%)	164	41	38 (93%)	0.9	2



novel miRNAs predicted by miRDeep2
provisional id	miRDeep2 score	estimated probability that the miRNA candidate is a true positive	rfam alert	total read count	mature read count	loop read count	star read count	significant randfold p-value	miRBase miRNA	example miRBase miRNA with the same seed	UCSC browser	NCBI blastn	consensus mature sequence	consensus star sequence	consensus precursor sequence	precursor coordinate
3_1139	31.1	95 +/- 22%	-	77	41	0	36	no	-	-	-	-	augaccaaaggucgcaugag	auaugaccaaaggucgcaugag	augaccaaaggucgcaugagugcgaaaguuuuauauaaaaguucuucaaucaagucgucaucauaugaccaaaggucgcaugag	3:136429870..136429954:+
3_1266	3.7	95 +/- 15%	-	3	2	0	1	yes	-	dme-miR-4975-5p	-	-	auuacuuguguaugaagugaauauu	uaaacacuugacuaugaagugaaucag	auuacuuguguaugaagugaauauuaccuuaaacacuugacuaugaagugaaucag	3:205807364..205807420:+
1_2435	1.1	91 +/- 15%	-	3	2	0	1	yes	-	-	-	-	uagucgcauaaaggcuguuuaagcu	cccauaaacagacuuuuucuacugcc	uagucgcauaaaggcuguuuaagcuuucguuucuuuucauguuucaugaagaggaacacugcccauaaacagacuuuuucuacugcc	1:15832333..15832420:-
NIGP01000892_3851	1.1	91 +/- 15%	-	14	2	12	0	yes	-	-	-	-	auuuggauuggauuuggauuggauu	uuggauuggauuuggauuuggauug	auuuggauuggauuuggauuggauugauuggauuuggauuggauuuggauuggauuuggauuggauuuggauuggauuuggauuggauuggauuuggauuuggauug	NIGP01000892:5325..5432:+



mature miRBase miRNAs detected by miRDeep2
tag id	miRDeep2 score	estimated probability that the miRNA is a true positive	rfam alert	total read count	mature read count	loop read count	star read count	significant randfold p-value	mature miRBase miRNA	example miRBase miRNA with the same seed	UCSC browser	NCBI blastn	consensus mature sequence	consensus star sequence	consensus precursor sequence	precursor coordinate
1_3727	332.1	95 +/- 22%	-	643	641	0	2	yes	aae-miR-283	dme-miR-283-5p	-	-	caauaucagcugguaauucuggg	cggaauuccaacugauaucca	caauaucagcugguaauucugggcuuaccccaccguuauacgcuucccggaauuccaacugauaucca	1:305625601..305625669:-
2_566	40.9	95 +/- 22%	-	79	78	0	1	yes	aae-miR-13-5p	-	-	-	aucacagccauuuugacgaguu	ucguaaaaaugguugugcugu	ucguaaaaaugguugugcuguguuguuacgcucgaaauucauaucacagccauuuugacgaguu	2:107237649..107237713:-
2_562	17.8	95 +/- 22%	-	33	31	0	2	yes	aae-miR-2c	-	-	-	aucacagccagcuuugaugagcu	acucucaaaguggcugugaaaug	acucucaaaguggcugugaaaugguuugauuuugcucauaucacagccagcuuugaugagcu	2:107235884..107235946:-
2_537	11.4	95 +/- 22%	-	14	11	0	3	yes	aae-miR-276-5p	dme-miR-276a-3p	-	-	uaggaacuucauaccgugcucu	agcgagguauagaguuccuacg	agcgagguauagaguuccuacguugcgugugcgaaauugguaggaacuucauaccgugcucu	2:73120452..73120514:-
2_564	5.2	94 +/- 24%	-	71	71	0	0	yes	aae-miR-2a-5p	dme-miR-2a-3p	-	-	uaucacagccagcuuugaagagcg	cucucaaagugguugugaaaug	cucucaaagugguugugaaaugaguuacucuugaacgaucucauaucacagccagcuuugaagagcg	2:107237501..107237568:-
1_3718	5.2	94 +/- 24%	-	22	22	0	0	yes	aae-miR-277-5p	dme-miR-277-3p	-	-	uaaaugcacuaucugguacgaca	gcgugucagaagugcauuuaca	gcgugucagaagugcauuuacauagguauuucccguuuagcaguauuuguaaaugcacuaucugguacgaca	1:302603812..302603884:-
1_3720	5.2	94 +/- 24%	-	63	63	0	0	yes	aae-miR-317	dme-miR-317-3p	-	-	ugaacacagcuggugguaucuca	ggauacacccugugcucgcu	ggauacacccugugcucgcuuugcauucgaaacuagugaacacagcuggugguaucuca	1:302667131..302667190:-
2_912	5	94 +/- 24%	-	411	411	0	0	yes	aae-miR-184	dme-miR-184-3p	-	-	uggacggagaacugauaagggc	ccuuaucauucuugcgccccgu	ccuuaucauucuugcgccccguguuauauuguuggcgacuggacggagaacugauaagggc	2:417599380..417599441:-
3_1622	5	94 +/- 24%	-	11	11	0	0	yes	aae-miR-998	dme-miR-285-3p	-	-	uagcaccaugagauucagcuc	acugaacucucgugggucugca	acugaacucucgugggucugcaguugauauuucgaaagcuuguagcaccaugagauucagcuc	3:75489589..75489652:-
3_1978	5	94 +/- 24%	-	522	522	0	0	yes	aae-miR-308-3p	dme-miR-2a-3p	-	-	aaucacaggaguauacugugag	cgcgguauauucuuguggcuug	cgcgguauauucuuguggcuugaugcauuugaaaaaucucaaaucacaggaguauacugugag	3:403338483..403338546:-
2_836	5	94 +/- 24%	-	16	16	0	0	yes	aae-miR-79-5p	dme-miR-9a-3p	-	-	uaaagcuagauuaccaaagcau	gcuuuggcgcuuuagcuguaug	gcuuuggcgcuuuagcuguaugauagaauuuaauauuucauaaagcuagauuaccaaagcau	2:335780884..335780946:-
2_542	4.9	94 +/- 24%	-	11	11	0	0	yes	aae-miR-276-3p	dme-miR-276a-3p	-	-	uaggaacuucauaccgugcucu	agcgagguauagaguuccuaug	agcgagguauagaguuccuaugcguucggauaaaauauuccauaggaacuucauaccgugcucu	2:73509399..73509463:-
1_3723	4.6	94 +/- 24%	-	448	448	0	0	yes	aae-miR-12-5p	dme-miR-12-5p	-	-	ugaguauuacaucagguacuggu	caguacuuauguuaugcucucu	ugaguauuacaucagguacuggugucgauauucgaaucaccaacgaaucggguuccuuugauuaacuuaccaguacuuauguuaugcucucu	1:305613548..305613640:-
2_282	4	94 +/- 24%	-	121	121	0	0	yes	aae-miR-305-5p	dme-miR-305-5p	-	-	auuguacuucaucaggugcucugg	ccggcacauguuggaguacacuua	auuguacuucaucaggugcucugguuguuuucgauacccggcacauguuggaguacacuua	2:307145445..307145506:+
2_519	3.9	95 +/- 15%	-	10	8	0	2	yes	aae-miR-190	dme-miR-190-5p	-	-	agauauguuugauauucuugguug	cacccaggaaucaaacauauuau	agauauguuugauauucuugguuguuaaauuuuauauuaucacccaggaaucaaacauauuau	2:48811879..48811942:-
1_2297	3.6	95 +/- 15%	-	9	9	0	0	yes	aae-miR-996	dme-miR-279-3p	-	-	ugacuagauuacaugcucgucu	gcgugcaugaaucuggugcacg	gcgugcaugaaucuggugcacgguuuuccaguuguaauaucgcuucgugacuagauuacaugcucgucu	1:207012536..207012605:+
3_1231	3.5	95 +/- 15%	-	78	78	0	0	yes	aae-bantam-5p	dme-bantam-3p	-	-	ugagaucauuuugaaagcugauu	ccgguuuucauuuucgaucugacu	ccgguuuucauuuucgaucugacuuauuugauuuaacaagagugagaucauuuugaaagcugauu	3:178082830..178082895:+
NIGP01000533_3902	2	88 +/- 24%	-	6	6	0	0	yes	aae-miR-970	dme-miR-970-3p	-	-	ucauaagacacacgcggcuau	agcuugcguuugucuuagcuggua	agcuugcguuugucuuagcugguauugaaugugauagguaucauaagacacacgcggcuau	NIGP01000533:10107..10168:-
2_528	2	88 +/- 24%	-	12	12	0	0	yes	aae-miR-11894a	-	-	-	uuuaccauuucaagaugaccua	gguugucuugaaaugguaaaga	gguugucuugaaaugguaaagagugucaaccaucaucuuuaccauuucaagaugaccua	2:58783350..58783409:-
2_571	1.8	91 +/- 15%	-	74	74	0	0	yes	aae-miR-71-5p	-	-	-	agaaagacauggguagugagau	cucacuaccuugucuuucaug	agaaagacauggguagugagauaguuucacccuauugcacugggaucucacuaccuugucuuucaug	2:107238287..107238354:-
1_2295	1.1	91 +/- 15%	-	21	21	0	0	yes	aae-miR-279	-	-	-	gugacuagauccacacucauuaa	gaugggugugaaucuaguguuucacau	gaugggugugaaucuaguguuucacaugauuuucgauagccugugacuagauccacacucauuaa	1:207007788..207007853:+
3_1435	0.6	80 +/- 24%	-	13	13	0	0	yes	aae-miR-8-5p	-	-	-	aauacugucagguaaagauguc	caucuuaccgggcagcauuag	caucuuaccgggcagcauuagauauuuuugaaauacuucuaauacugucagguaaagauguc	3:328527955..328528017:+
1_2689	0.5	80 +/- 24%	-	22	22	0	0	no	aae-miR-252-5p	dme-miR-252-5p	-	-	cuaaguacuagugccgcaggag	ccugcugcccaagugcuuaucg	cuaaguacuagugccgcaggagagauuugaaccccugcugcccaagugcuuaucg	1:175818157..175818212:-
2_188	0.3	80 +/- 24%	-	5	5	0	0	yes	aae-miR-7	dme-miR-7-5p	-	-	uggaagacuagugauuuuguuguu	uaacaauaaaucucaagucuuucuac	uggaagacuagugauuuuguuguuuugcuuacgauaauaacaauaaaucucaagucuuucuac	2:222802544..222802607:+
2_530	-1.9	13 +/- 21%	-	4	4	0	0	yes	aae-miR-11894b	-	-	-	uuuaccauuucaauaugaccua	ggucguauugaaaugguaaaga	ggucguauugaaaugguaaagagugucaaucaucaucuuuaccauuucaauaugaccua	2:58784590..58784649:-
1_2317	-2.5	7 +/- 14%	-	6	6	0	0	yes	aae-miR-11900	-	-	-	auuuuuuugacuguaauuuuauag	guaaaauuacguugaaaaaucgucu	guaaaauuacguugaaaaaucgucucccucaaaaaaugaaaccugagacuaacaggagauuuuuuugacuguaauuuuauag	1:223944070..223944152:+

#miRBase miRNAs not detected by miRDeep2
miRBase precursor id	total read count	mature read count(s)	star read count	remaining reads	UCSC browser	NCBI blastn	miRBase mature sequence(s)	miRBase star sequence(s)	miRBase precursor sequence
236	236	0	0	-	-	cacguuacagauugggguuucc	uaaucucaaauuguaacagugg	-	gagguaaucucaaauuguaacaguggguugauuuuccuggugaaucccggccuuguccuccgucacaagugugacaagugucucgaaaacguguucgcuauacccacguuacagauugggguuucccc	
171	171	0	0	-	-	ugguuuaucuuaucugucgaggc	gucgacagggagauaaaucacu	-	cauugguuuaucuuaucugucgaggcaaguuauuuuaccggauaguguuucuuuucgugagcaaucaccacuauccagcucuucuugucgacagggagauaaaucacug	
31	31	0	0	-	-	ucagguacugagugacucucag	gagagcaccucgguaucuaagc	-	cauucgcaauuucaccgguucagguacugagugacucucagaugugcauuucucaagcaaucucguccucaggaccugagguugaaaaacccugagagcaccucgguaucuaagccaguguugcgaaaa	
9	9	0	0	-	-	agcggguccguuucuagugucaug	ugacuagaggcagacucguuua	-	ucugaucugagcggguccguuucuagugucaugugcuguauucgaauaucaugacuagaggcagacucguuuaggucuggga	
7	7	0	0	-	-	ucagguaccugaaguagcgc	cgcgcuaagcaggaaccgagac	-	auccuuucgauuucgcgcgcuaagcaggaaccgagacuuugucauuugcuagcagucagguaccugaaguagcgcgcgugauc	
4	4	0	0	-	-	caucacagucugaguucuugcu	agaacuccggcugugaccugug	-	aacauugaugcgaguagugccgcgcgagaacuccggcugugaccuguguacacuuuauccaaaucacaucacagucugaguucuugcuuggaggcucgucgaucaacuaaugga	
3	3	0	0	-	-	aagagagcuauccgucgac	ugucauggaauugcucucuuua	-	ugguuucgaauaugaaaauaaagagagcuauccgucgacaguagggauaugauucacugucauggaauugcucucuuuauguacaauucgauauuca	
3	3	0	0	-	-	ucuuugguauucuagcuguaga	uaaagcuuuaguaccagagguc	-	cugaaucuuugguauucuagcuguagaauguugagcuuugugauaugguaucuucuaaagcuuuaguaccagagguccaacug	
3	3	0	0	-	-	uaagcguauagcuuuucccauu	-	gauucugaagggggaaauccuguacgcuguauguuguauuugaauaauccauaagcguauagcuuuucccauucggcgu	
2	2	0	0	-	-	uagcugccuagugaagggc	cggccguucauugggucaucuagc	-	acuacaauucggccguucauugggucaucuagcucguguuggaaacaguuagcugccuagugaagggcaauauugu	
3	2	0	1	-	-	cacaaccuccuugagugagcga	-	cuaguuucccggcagucgaucacucacucaaccugggugugaugcuuauuugaaucaucacaaccuccuugagugagcgaccgauugaugg	
1	1	0	0	-	-	aauguuggacaacugcaaggu	-	auaaaauguuggacaacugcaagguacuucaagguuuuuauuucgucuuuaauacaggguaucugcagugaucgauuuucucu	
1	1	0	0	-	-	ucuuuggugauuuuagcuguaugc	-	ucacguuuauuggaucuuuggugauuuuagcuguaugcugauacguuucugauugcauauagcuuuaucaccaaaaaccuaaugaaugguga	
1	1	0	0	-	-	ugugaugugacguagugguac	-	uucaucauacggucaugggggaccgccgcuaccucgcuuucacuugguaccgauuucccauaauccaugugaugugacguagugguaccuucccuuggcuauuacaacacuuccu	
1	1	0	0	-	-	aaaugggacugauaugcgaguau	-	ccauucucgcauaacaguaccauauucuugggauuucucauauaaaugggacugauaugcgaguaugg	
1	1	0	0	-	-	aaucuagccucuccuaggcuuugucug	acauagccugacagagguuagg	-	aucgucaucgucaucgucgcacagguguaaucuagccucuccuaggcuuugucuguuaccuuccuugggaauuccacuagccagacauagccugacagagguuaggugaaaucugaaaagucaacggccaacggu	
1	1	0	0	-	-	cugaaaacuuaaucgauugguc	-	uaaccugaaaacuuaaucgauuggucacuagcugcgcggugaccaaucgauuaaguuuucagcuua	
1	1	0	0	-	-	cgguacggacaggggcaacauu	uauugcacuugucccggccua	-	aaucuacgcaucgguacggacaggggcaacauugugacauuugaaagcuaauauugcacuugucccggccuaugcguggagu	







2	0	0	2	-	-	gugcauuguaguugcauugca	-	ccacccgggugcauuguaguugcauugcacuuuugcguucgauaacacggugcaauacuucugcaaugcaagccaggugg	












































































