miRDeep2 score	novel miRNAs reported by miRDeep2	novel miRNAs, estimated false positives	novel miRNAs, estimated true positives	known miRNAs in species	known miRNAs in data	known miRNAs detected by miRDeep2	estimated signal-to-noise	excision gearing
10	0	0 +/- 0	0 +/- 0 (0 +/- 0%)	164	2	0 (0%)	0	1
9	0	0 +/- 0	0 +/- 0 (0 +/- 0%)	164	2	0 (0%)	0	1
8	0	0 +/- 0	0 +/- 0 (0 +/- 0%)	164	2	0 (0%)	0	1
7	0	0 +/- 0	0 +/- 0 (0 +/- 0%)	164	2	0 (0%)	0	1
6	0	0 +/- 0	0 +/- 0 (0 +/- 0%)	164	2	0 (0%)	0	1
5	0	0 +/- 0	0 +/- 0 (0 +/- 0%)	164	2	0 (0%)	0	1
4	0	0 +/- 0	0 +/- 0 (0 +/- 0%)	164	2	0 (0%)	0	1
3	0	0 +/- 0	0 +/- 0 (0 +/- 0%)	164	2	0 (0%)	0	1
2	0	0 +/- 0	0 +/- 0 (0 +/- 0%)	164	2	0 (0%)	0	1
1	0	0 +/- 0	0 +/- 0 (0 +/- 0%)	164	2	0 (0%)	0	1
0	0	0 +/- 0	0 +/- 0 (0 +/- 0%)	164	2	1 (50%)	12.5	1
-1	0	0 +/- 0	0 +/- 0 (0 +/- 0%)	164	2	2 (100%)	13.3	1
-2	0	0 +/- 0	0 +/- 0 (0 +/- 0%)	164	2	2 (100%)	1.5	1
-3	1	1 +/- 1	0 +/- 0 (10 +/- 30%)	164	2	2 (100%)	2.1	1
-4	1	2 +/- 1	0 +/- 0 (8 +/- 27%)	164	2	2 (100%)	1.9	1
-5	1	3 +/- 1	0 +/- 0 (4 +/- 20%)	164	2	2 (100%)	1.1	1
-6	3	5 +/- 1	0 +/- 0 (2 +/- 7%)	164	2	2 (100%)	1	1
-7	3	7 +/- 2	0 +/- 0 (0 +/- 0%)	164	2	2 (100%)	0.7	1
-8	3	10 +/- 3	0 +/- 0 (0 +/- 0%)	164	2	2 (100%)	0.5	1
-9	4	13 +/- 3	0 +/- 0 (0 +/- 0%)	164	2	2 (100%)	0.5	1
-10	4	14 +/- 3	0 +/- 0 (0 +/- 0%)	164	2	2 (100%)	0.4	1



novel miRNAs predicted by miRDeep2
provisional id	miRDeep2 score	estimated probability that the miRNA candidate is a true positive	rfam alert	total read count	mature read count	loop read count	star read count	significant randfold p-value	miRBase miRNA	example miRBase miRNA with the same seed	UCSC browser	NCBI blastn	consensus mature sequence	consensus star sequence	consensus precursor sequence	precursor coordinate



mature miRBase miRNAs detected by miRDeep2
tag id	miRDeep2 score	estimated probability that the miRNA is a true positive	rfam alert	total read count	mature read count	loop read count	star read count	significant randfold p-value	mature miRBase miRNA	example miRBase miRNA with the same seed	UCSC browser	NCBI blastn	consensus mature sequence	consensus star sequence	consensus precursor sequence	precursor coordinate
3_232	0	0 +/- 0%	-	1	1	0	0	yes	aae-miR-998	dme-miR-285-3p	-	-	uagcaccaugagauucagcuc	acugaacucucgugggucugca	acugaacucucgugggucugcaguugauauuucgaaagcuuguagcaccaugagauucagcuc	3:75489589..75489652:-
2_144	-0.4	0 +/- 0%	-	1	1	0	0	yes	aae-miR-184	dme-miR-184-3p	-	-	uggacggagaacugauaagg	uuaucauucuugcgccccgu	uuaucauucuugcgccccguguuauauuguuggcgacuggacggagaacugauaagg	2:417599382..417599439:-

#miRBase miRNAs not detected by miRDeep2
miRBase precursor id	total read count	mature read count(s)	star read count	remaining reads	UCSC browser	NCBI blastn	miRBase mature sequence(s)	miRBase star sequence(s)	miRBase precursor sequence
1	1	0	0	-	-	caucuuaccgggcagcauuaga	uaauacugucagguaaagauguc	-	gucuguucacaucuuaccgggcagcauuagauauuuuugaaauacuucuaauacugucagguaaagaugucguccgaac	
1	1	0	0	-	-	caauaucagcugguaauucugggc	-	guucgacugaaaggucaauaucagcugguaauucugggcuuaccccaccguuauacgcuucccggaauuccaacugauauccacuuuuuagucgagaugguca	





























































































































