miRDeep2 score	novel miRNAs reported by miRDeep2	novel miRNAs, estimated false positives	novel miRNAs, estimated true positives	known miRNAs in species	known miRNAs in data	known miRNAs detected by miRDeep2	estimated signal-to-noise	excision gearing
10	0	0 +/- 0	0 +/- 0 (0 +/- 0%)	164	4	0 (0%)	0	1
9	0	0 +/- 0	0 +/- 0 (0 +/- 0%)	164	4	0 (0%)	0	1
8	0	0 +/- 0	0 +/- 0 (0 +/- 0%)	164	4	0 (0%)	0	1
7	0	0 +/- 0	0 +/- 0 (0 +/- 0%)	164	4	0 (0%)	0	1
6	0	0 +/- 0	0 +/- 0 (0 +/- 0%)	164	4	0 (0%)	0	1
5	0	0 +/- 0	0 +/- 0 (0 +/- 0%)	164	4	0 (0%)	0	1
4	0	0 +/- 0	0 +/- 0 (0 +/- 0%)	164	4	0 (0%)	0	1
3	0	0 +/- 0	0 +/- 0 (0 +/- 0%)	164	4	0 (0%)	0	1
2	0	0 +/- 0	0 +/- 0 (0 +/- 0%)	164	4	0 (0%)	0	1
1	0	0 +/- 0	0 +/- 0 (0 +/- 0%)	164	4	0 (0%)	0	1
0	1	0 +/- 0	1 +/- 0 (88 +/- 33%)	164	4	0 (0%)	8.3	1
-1	1	0 +/- 0	1 +/- 0 (81 +/- 39%)	164	4	0 (0%)	4.8	1
-2	1	0 +/- 1	1 +/- 0 (72 +/- 45%)	164	4	0 (0%)	2.9	1
-3	1	1 +/- 1	0 +/- 0 (42 +/- 50%)	164	4	0 (0%)	1.1	1
-4	1	1 +/- 1	0 +/- 0 (41 +/- 49%)	164	4	2 (50%)	2.9	1
-5	1	2 +/- 1	0 +/- 0 (8 +/- 27%)	164	4	2 (50%)	1.5	1
-6	1	3 +/- 1	0 +/- 0 (4 +/- 20%)	164	4	2 (50%)	1	1
-7	1	3 +/- 1	0 +/- 0 (3 +/- 17%)	164	4	2 (50%)	0.9	1
-8	1	4 +/- 2	0 +/- 0 (1 +/- 10%)	164	4	2 (50%)	0.7	1
-9	1	5 +/- 2	0 +/- 0 (0 +/- 0%)	164	4	2 (50%)	0.6	1
-10	2	5 +/- 2	0 +/- 0 (1 +/- 7%)	164	4	2 (50%)	0.7	1



novel miRNAs predicted by miRDeep2
provisional id	miRDeep2 score	estimated probability that the miRNA candidate is a true positive	rfam alert	total read count	mature read count	loop read count	star read count	significant randfold p-value	miRBase miRNA	example miRBase miRNA with the same seed	UCSC browser	NCBI blastn	consensus mature sequence	consensus star sequence	consensus precursor sequence	precursor coordinate
2_9	0.5	88 +/- 33%	-	16	16	0	0	no	-	dme-miR-277-5p	-	-	agugucagucgcuuccag	ggaaagcugccaucgu	agugucagucgcuuccaggagucuggaaagcugccaucgu	2:216867381..216867421:-



mature miRBase miRNAs detected by miRDeep2
tag id	miRDeep2 score	estimated probability that the miRNA is a true positive	rfam alert	total read count	mature read count	loop read count	star read count	significant randfold p-value	mature miRBase miRNA	example miRBase miRNA with the same seed	UCSC browser	NCBI blastn	consensus mature sequence	consensus star sequence	consensus precursor sequence	precursor coordinate
2_6	-3.4	41 +/- 49%	-	1	1	0	0	yes	aae-miR-11894b	-	-	-	uuuaccauuucaauaugac	cguauugaaaugguaaaga	cguauugaaaugguaaagagugucaaucaucaucuuuaccauuucaauaugac	2:58784593..58784646:-
3_27	-3.9	41 +/- 49%	-	1	1	0	0	yes	aae-miR-2765	-	-	-	ugguaacuccaccaccguuggc	caaugggagcuggaguucccgcg	ugguaacuccaccaccguuggcgauauuugacagccaaugggagcuggaguucccgcg	3:101895454..101895512:-

#miRBase miRNAs not detected by miRDeep2
miRBase precursor id	total read count	mature read count(s)	star read count	remaining reads	UCSC browser	NCBI blastn	miRBase mature sequence(s)	miRBase star sequence(s)	miRBase precursor sequence
3	3	0	0	-	-	uucaugcauucacuucugcuga	-	gauaagcaggagugaaugcaugaguuuggcauuugaaacuaauucaugcauucacuucugcugauc	
2	2	0	0	-	-	uuuaccauuucaagaugaccua	-	gauggguugucuugaaaugguaaagagugucaaccaucaucuuuaccauuucaagaugaccuauu	
1	1	0	0	-	-	aagagagcuauccgucgac	ugucauggaauugcucucuuua	-	ugguuucgaauaugaaaauaaagagagcuauccgucgacaguagggauaugauucacugucauggaauugcucucuuuauguacaauucgauauuca	
2	2	0	0	-	-	ugguuuaucuuaucugucgaggc	gucgacagggagauaaaucacu	-	cauugguuuaucuuaucugucgaggcaaguuauuuuaccggauaguguuucuuuucgugagcaaucaccacuauccagcucuucuugucgacagggagauaaaucacug	



























































































































