miRDeep2 score	novel miRNAs reported by miRDeep2	novel miRNAs, estimated false positives	novel miRNAs, estimated true positives	known miRNAs in species	known miRNAs in data	known miRNAs detected by miRDeep2	estimated signal-to-noise	excision gearing
10	0	0 +/- 0	0 +/- 0 (0 +/- 0%)	164	77	24 (31%)	40.6	1
9	0	0 +/- 0	0 +/- 0 (0 +/- 0%)	164	77	26 (34%)	46.9	1
8	0	0 +/- 0	0 +/- 0 (0 +/- 0%)	164	77	26 (34%)	46.9	1
7	0	0 +/- 0	0 +/- 0 (0 +/- 0%)	164	77	26 (34%)	45.5	1
6	0	0 +/- 0	0 +/- 0 (0 +/- 0%)	164	77	26 (34%)	42.9	1
5	0	0 +/- 0	0 +/- 0 (0 +/- 0%)	164	77	39 (51%)	65.8	1
4	1	0 +/- 1	1 +/- 0 (76 +/- 43%)	164	77	51 (66%)	85.7	1
3	1	0 +/- 1	1 +/- 0 (68 +/- 47%)	164	77	52 (68%)	67.3	1
2	1	0 +/- 1	1 +/- 0 (61 +/- 49%)	164	77	57 (74%)	60.3	1
1	1	1 +/- 1	0 +/- 0 (43 +/- 50%)	164	77	62 (81%)	35.2	1
0	3	2 +/- 1	1 +/- 1 (46 +/- 33%)	164	77	64 (83%)	17	1
-1	5	5 +/- 2	1 +/- 1 (15 +/- 24%)	164	77	67 (87%)	7.7	1
-2	8	20 +/- 3	0 +/- 0 (0 +/- 0%)	164	77	68 (88%)	2.7	1
-3	26	35 +/- 4	0 +/- 0 (0 +/- 1%)	164	77	69 (90%)	2.1	1
-4	69	55 +/- 6	14 +/- 6 (20 +/- 8%)	164	77	71 (92%)	2.1	1
-5	140	126 +/- 9	14 +/- 8 (10 +/- 6%)	164	77	71 (92%)	1.5	1
-6	199	327 +/- 13	0 +/- 0 (0 +/- 0%)	164	77	71 (92%)	0.8	1
-7	253	575 +/- 17	0 +/- 0 (0 +/- 0%)	164	77	71 (92%)	0.5	1
-8	354	804 +/- 20	0 +/- 0 (0 +/- 0%)	164	77	71 (92%)	0.5	1
-9	529	1014 +/- 23	0 +/- 0 (0 +/- 0%)	164	77	71 (92%)	0.6	1
-10	736	1179 +/- 27	0 +/- 0 (0 +/- 0%)	164	77	71 (92%)	0.7	1



novel miRNAs predicted by miRDeep2
provisional id	miRDeep2 score	estimated probability that the miRNA candidate is a true positive	rfam alert	total read count	mature read count	loop read count	star read count	significant randfold p-value	miRBase miRNA	example miRBase miRNA with the same seed	UCSC browser	NCBI blastn	consensus mature sequence	consensus star sequence	consensus precursor sequence	precursor coordinate
2_5838	4.8	76 +/- 43%	-	126	126	0	0	yes	-	dme-miR-2a-3p	-	-	uaucacagccauuuuaaugagcu	cucaucaauugguuguggcuaug	cucaucaauugguuguggcuaugugucuugcguagcguuucgcaccguuucgaagcgugucccccaucauaucacagccauuuuaaugagcu	2:107237801..107237893:-
2_9135	0.6	46 +/- 33%	-	21	21	0	0	yes	-	-	-	-	cagggcgugaugagugggu	ccaccaaucuaccuuguu	cagggcgugaugagugggucugcucaguauuccauugcugaugcugguuaccccaccaaucuaccuuguu	2:372145853..372145923:-
3_11974	0.1	46 +/- 33%	-	1	1	0	0	yes	-	dme-miR-314-3p	-	-	gauucgagcgaagugacucucc	cgagucacuucacucgagucga	gauucgagcgaagugacucuccauuugauuuacacggcgagucacuucacucgagucga	3:160204784..160204843:+



mature miRBase miRNAs detected by miRDeep2
tag id	miRDeep2 score	estimated probability that the miRNA is a true positive	rfam alert	total read count	mature read count	loop read count	star read count	significant randfold p-value	mature miRBase miRNA	example miRBase miRNA with the same seed	UCSC browser	NCBI blastn	consensus mature sequence	consensus star sequence	consensus precursor sequence	precursor coordinate
1_26777	4188.4	0 +/- 0%	-	8207	8206	0	1	yes	aae-miR-283	dme-miR-283-5p	-	-	caauaucagcugguaauucuggg	ggaauuccaacugauaucca	caauaucagcugguaauucugggcuuaccccaccguuauacgcuucccggaauuccaacugauaucca	1:305625601..305625669:-
1_26773	1056.1	0 +/- 0%	-	2064	2062	0	2	yes	aae-miR-12-5p	dme-miR-12-5p	-	-	ugaguauuacaucagguacuggu	caguacuuauguuaugcucucuc	ugaguauuacaucagguacuggugucgauauucgaaucaccaacgaaucggguuccuuugauuaacuuaccaguacuuauguuaugcucucuc	1:305613547..305613640:-
2_3220	537	0 +/- 0%	-	1047	1045	0	2	yes	aae-miR-305-5p	dme-miR-305-5p	-	-	auuguacuucaucaggugcucugg	cggcacauguuggaguacacuu	auuguacuucaucaggugcucugguuguuuucgauacccggcacauguuggaguacacuu	2:307145445..307145505:+
2_5832	332.4	0 +/- 0%	-	643	640	0	3	yes	aae-miR-2c	dme-miR-2a-3p	-	-	uaucacagccagcuuugaugagcu	acucucaaaguggcugugaaaug	acucucaaaguggcugugaaaugguuugauuuugcucauaucacagccagcuuugaugagcu	2:107235884..107235946:-
2_3215	152.3	0 +/- 0%	-	290	288	0	2	yes	aae-miR-275-5p	dme-miR-275-3p	-	-	ucagguaccugaaguagcgcgcg	cgcgcuaagcaggaaccgaga	cgcgcuaagcaggaaccgagacuuugucauuugcuagcagucagguaccugaaguagcgcgcg	2:307135668..307135731:+
3_15516	74.4	0 +/- 0%	-	137	134	0	3	yes	aae-miR-11-5p	dme-miR-2a-3p	-	-	caucacagucugaguucuugcu	cgagaacuccggcugugaccug	cgagaacuccggcugugaccuguguacacuuuauccaaaucacaucacagucugaguucuugcu	3:75489864..75489928:-
2_5836	72.1	0 +/- 0%	-	133	118	0	15	yes	aae-miR-13-5p	dme-miR-2a-3p	-	-	uaucacagccauuuugacgaguu	ucguaaaaaugguugugcugu	ucguaaaaaugguugugcuguguuguuacgcucgaaauucauaucacagccauuuugacgaguu	2:107237649..107237713:-
1_24249	67.5	0 +/- 0%	-	133	127	0	6	no	aae-miR-252-5p	dme-miR-252-5p	-	-	cuaaguacuagugccgcagga	ccugcugcccaagugcuuaucg	cuaaguacuagugccgcaggagagauuugaaccccugcugcccaagugcuuaucg	1:175818157..175818212:-
2_5735	50.2	0 +/- 0%	-	90	83	3	4	yes	aae-miR-282-5p	dme-miR-282-5p	-	-	uagccucuccuaggcuuugucu	acauagccugacagagguuagg	uagccucuccuaggcuuugucuguuaccuuccuugggaauuccacuagccagacauagccugacagagguuagg	2:96911966..96912040:-
2_5841	41.8	0 +/- 0%	-	80	66	0	14	yes	aae-miR-71-5p	-	-	-	agaaagacauggguagugagau	ucucacuaccuugucuuucaug	agaaagacauggguagugagauaguuucacccuauugcacugggaucucacuaccuugucuuucaug	2:107238287..107238354:-
1_22855	30	0 +/- 0%	-	50	49	0	1	yes	aae-miR-33	dme-miR-33-5p	-	-	gugcauuguaguugcauugca	caauacuucugcaaugcaagcc	gugcauuguaguugcauugcacuuuugcguucgauaacacggugcaauacuucugcaaugcaagcc	1:50888880..50888946:-
2_5532	11.4	0 +/- 0%	-	14	7	0	7	yes	aae-miR-276-5p	dme-miR-276a-3p	-	-	uaggaacuucauaccgugcucu	agcgagguauagaguuccuacg	agcgagguauagaguuccuacguugcgugugcgaaauugguaggaacuucauaccgugcucu	2:73120452..73120514:-
3_14067	10.7	0 +/- 0%	-	14	13	0	1	yes	aae-miR-8-5p	dme-miR-8-3p	-	-	uaauacugucagguaaagaugu	caucuuaccgggcagcauuaga	caucuuaccgggcagcauuagauauuuuugaaauacuucuaauacugucagguaaagaugu	3:328527955..328528016:+
2_8797	9.7	0 +/- 0%	-	11	6	0	5	yes	aae-miR-9c-5p	dme-miR-9a-5p	-	-	ucuuugguauucuagcuguaga	uaaagcuuuaguaccagagguc	ucuuugguauucuagcuguagaauguugagcuuugugauaugguaucuucuaaagcuuuaguaccagagguc	2:335810364..335810436:-
2_5539	9.4	0 +/- 0%	-	10	7	0	3	yes	aae-miR-276-3p	dme-miR-276a-3p	-	-	uaggaacuucauaccgugcucu	agcgagguauagaguuccu	agcgagguauagaguuccuaugcguucggauaaaauauuccauaggaacuucauaccgugcucu	2:73509399..73509463:-
3_15514	5.4	0 +/- 0%	-	43	43	0	0	yes	aae-miR-998	dme-miR-285-3p	-	-	uagcaccaugagauucagcuc	acugaacucucgugggucugca	acugaacucucgugggucugcaguugauauuucgaaagcuuguagcaccaugagauucagcuc	3:75489589..75489652:-
3_17332	5.3	0 +/- 0%	-	164	164	0	0	yes	aae-miR-278-5p	dme-miR-278-3p	-	-	ucggugggacuuucguccguuu	acggacgauagucuucagcggcc	acggacgauagucuucagcggccgugcauuugauagaaguggucggugggacuuucguccguuu	3:243123888..243123952:-
1_26734	5.2	0 +/- 0%	-	474	474	0	0	yes	aae-miR-317	dme-miR-317-3p	-	-	ugaacacagcuggugguaucuca	ggauacacccugugcucgcu	ggauacacccugugcucgcuuugcauucgaaacuagugaacacagcuggugguaucuca	1:302667131..302667190:-
2_5834	5.2	0 +/- 0%	-	1775	1775	0	0	yes	aae-miR-2a-5p	dme-miR-2a-3p	-	-	uaucacagccagcuuugaagagcg	cucucaaagugguugugaaaug	cucucaaagugguugugaaaugaguuacucuugaacgaucucauaucacagccagcuuugaagagcg	2:107237501..107237568:-
1_26730	5.2	0 +/- 0%	-	44	44	0	0	yes	aae-miR-277-5p	dme-miR-277-3p	-	-	uaaaugcacuaucugguacgaca	gcgugucagaagugcauuuaca	gcgugucagaagugcauuuacauagguauuucccguuuagcaguauuuguaaaugcacuaucugguacgaca	1:302603812..302603884:-
2_5840	5.1	0 +/- 0%	-	358	358	0	0	yes	aae-miR-2c	dme-miR-2a-3p	-	-	uaucacagccagcuuugauga	aucaaauuugguuguuuuagu	aucaaauuugguuguuuuaguacgaccucuuugaaaccccuaucacagccagcuuugauga	2:107237998..107238059:-
3_15648	5.1	0 +/- 0%	-	142	142	0	0	yes	aae-miR-92b-3p	dme-miR-92a-3p	-	-	aauugcacuugucccggccugc	aggucgugacuugugcccauuug	aggucgugacuugugcccauuugcugaauuuuaauggucaaauugcacuugucccggccugc	3:93418515..93418577:-
2_9560	5	0 +/- 0%	-	2024	2024	0	0	yes	aae-miR-184	dme-miR-184-3p	-	-	uggacggagaacugauaagggc	ccuuaucauucuugcgccccgu	ccuuaucauucuugcgccccguguuauauuguuggcgacuggacggagaacugauaagggc	2:417599380..417599441:-
1_21199	5	0 +/- 0%	-	136	136	0	0	yes	aae-miR-996	dme-miR-279-3p	-	-	ugacuagauuacaugcucgucu	gcgugcaugaaucuggugcacg	gcgugcaugaaucuggugcacgguuuuccaguuguaauaucgcuucgugacuagauuacaugcucgucu	1:207012536..207012605:+
3_18946	5	0 +/- 0%	-	829	829	0	0	yes	aae-miR-308-5p	dme-miR-2a-3p	-	-	aaucacaggaguauacugugag	cgcgguauauucuuguggcuug	cgcgguauauucuuguggcuugaugcauuugaaaaaucucaaaucacaggaguauacugugag	3:403338483..403338546:-
2_4203	4.9	76 +/- 43%	-	43	43	0	0	yes	aae-miR-965	dme-miR-965-3p	-	-	uaagcguauagcuuuucccau	gggaaauccuguacgcuguaug	gggaaauccuguacgcuguauguuguauuugaauaauccauaagcguauagcuuuucccau	2:429778751..429778812:+
NIGP01000533_27496	4.9	76 +/- 43%	-	22	22	0	0	yes	aae-miR-970	dme-miR-970-3p	-	-	ucauaagacacacgcggcua	gcuugcguuugucuuagcuggua	gcuugcguuugucuuagcugguauugaaugugauagguaucauaagacacacgcggcua	NIGP01000533:10108..10167:-
1_20629	4.9	76 +/- 43%	-	22	22	0	0	yes	aae-miR-970	dme-miR-970-3p	-	-	ucauaagacacacgcggcua	gcuugcguuugucuuagcuggua	gcuugcguuugucuuagcugguauugaaugugauagguaucauaagacacacgcggcua	1:157238424..157238483:+
2_8789	4.9	76 +/- 43%	-	17	17	0	0	yes	aae-miR-9b	dme-miR-9a-5p	-	-	ucuuuggugauuuuagcuguaug	uauagcuuuaucaccaaaaacc	ucuuuggugauuuuagcuguaugcugauacguuucugauugcauauagcuuuaucaccaaaaacc	2:335780574..335780639:-
2_5729	4.9	76 +/- 43%	-	24	24	0	0	yes	aae-miR-281-5p	dme-miR-281-2-5p	-	-	aagagagcuauccgucgacagu	ugucauggaauugcucucuuua	aagagagcuauccgucgacaguagggauaugauucacugucauggaauugcucucuuua	2:96469361..96469420:-
3_15666	4.8	76 +/- 43%	-	14	14	0	0	yes	aae-miR-92a-5p	dme-miR-92a-3p	-	-	uauugcacuugucccggccuau	cgguacggacaggggcaacauu	cgguacggacaggggcaacauugugacauuugaaagcuaauauugcacuugucccggccuau	3:93477596..93477658:-
2_5277	4.8	76 +/- 43%	-	101	101	0	0	yes	aae-miR-190	dme-miR-190-5p	-	-	agauauguuugauauucuugguug	cccaggaaucaaacauauuauua	agauauguuugauauucuugguuguuaaauuuuauauuaucacccaggaaucaaacauauuauua	2:48811877..48811942:-
2_8792	4.7	76 +/- 43%	-	11	11	0	0	yes	aae-miR-79-5p	dme-miR-9a-3p	-	-	uaaagcuagauuaccaaagcau	gcuuuggcgcuuuagcuguaug	gcuuuggcgcuuuagcuguaugauagaauuuaauauuucauaaagcuagauuaccaaagcau	2:335780884..335780946:-
1_21195	4.7	76 +/- 43%	-	61	61	0	0	yes	aae-miR-279	dme-miR-279-3p	-	-	ugacuagauccacacucauuaa	gaugggugugaaucuaguguuucaca	gaugggugugaaucuaguguuucacaugauuuucgauagccugugacuagauccacacucauuaa	1:207007788..207007853:+
2_3519	4.6	76 +/- 43%	-	35	35	0	0	yes	aae-miR-14	dme-miR-14-3p	-	-	ucagucuuuuucucucuccuau	gggagcgagauuaaggcuugcu	gggagcgagauuaaggcuugcuggucauuuauuacacucgaagucagucuuuuucucucuccuau	2:344767572..344767637:+
2_2328	3.7	68 +/- 47%	-	61	61	0	0	yes	aae-miR-7	dme-miR-7-5p	-	-	uggaagacuagugauuuuguuguu	uaacaauaaaucucaagucuuucuac	uggaagacuagugauuuuguuguuuugcuuacgauaauaacaauaaaucucaagucuuucuac	2:222802544..222802607:+
2_3216	2.7	61 +/- 49%	-	288	288	0	0	yes	aae-miR-275-3p	dme-miR-275-3p	-	-	ucagguaccugaaguagcgcgcg	ucaucaagcgacaacagaggcgugaaa	ucagguaccugaaguagcgcgcgugaucaaacaggaagcgucaucaagcgacaacagaggcgugaaa	2:307135708..307135775:+
2_3777	2.6	61 +/- 49%	-	7	7	0	0	yes	aae-miR-2945-5p	dme-miR-279-3p	-	-	ugacuagaggcagacucguuu	gcggguccguuucuagugucaug	gcggguccguuucuagugucaugugcuguauucgaauaucaugacuagaggcagacucguuu	2:374947143..374947205:+
2_991	2.3	61 +/- 49%	-	6	6	0	0	yes	aae-miR-988-5p	dme-miR-988-3p	-	-	ccccuuguugcaaaccucacg	ugugcuuugugacaaugag	ugugcuuugugacaaugagauucgguucgauaucauccccuuguugcaaaccucacg	2:93351381..93351438:+
2_5394	2.1	61 +/- 49%	-	103	103	0	0	yes	aae-miR-11894a	-	-	-	uuuaccauuucaagaugaccua	ggucgucuugaaaugguaaaga	ggucgucuugaaaugguaaagagugucaaucaucaucuuuaccauuucaagaugaccua	2:58785158..58785217:-
2_5398	2	61 +/- 49%	-	103	103	0	0	yes	aae-miR-11894a	-	-	-	uuuaccauuucaagaugaccua	ggucgucuugaaaugguaaaga	ggucgucuugaaaugguaaagagugucaaucaucaucuuuaccauuucaagaugaccua	2:58787426..58787485:-
2_5396	2	61 +/- 49%	-	103	103	0	0	yes	aae-miR-11894a	-	-	-	uuuaccauuucaagaugaccua	ggucgucuugaaaugguaaaga	ggucgucuugaaaugguaaagagugucaaucaucaucuuuaccauuucaagaugaccua	2:58786284..58786343:-
2_5390	2	61 +/- 49%	-	103	103	0	0	yes	aae-miR-11894a	-	-	-	uuuaccauuucaagaugaccua	gguugucuugaaaugguaaaga	gguugucuugaaaugguaaagagugucaaccaucaucuuuaccauuucaagaugaccua	2:58783350..58783409:-
2_5392	1.9	43 +/- 50%	-	15	15	0	0	yes	aae-miR-11894b	-	-	-	uuuaccauuucaauaugaccua	ggucguauugaaaugguaaaga	ggucguauugaaaugguaaagagugucaaucaucaucuuuaccauuucaauaugaccua	2:58784590..58784649:-
2_5400	1.9	43 +/- 50%	-	103	103	0	0	yes	aae-miR-11894a	-	-	-	uuuaccauuucaagaugaccua	ggucgucuugaaaugguaaaga	ggucgucuugaaaugguaaagagugucaaucaucaucuuuaccauuucaagaugaccua	2:58787948..58788007:-
2_992	1.9	43 +/- 50%	-	6	6	0	0	yes	aae-miR-988-3p	dme-miR-988-3p	-	-	ccccuuguugcaaaccucacg	gcagguaggggcaaugggggc	ccccuuguugcaaaccucacgcuugcgguagguuccacaacugcugagagguggcagguaggggcaaugggggc	2:93351417..93351491:+
1_26810	1.8	43 +/- 50%	-	6	6	0	0	yes	aae-miR-1175-5p	dme-miR-958-3p	-	-	ugagauucuacuucuccgacuu	guggaguaguggucucaucgcu	guggaguaguggucucaucgcuuaguauuagaaaagugagauucuacuucuccgacuu	1:307010046..307010104:-
2_8644	1.7	43 +/- 50%	-	51	51	0	0	yes	aae-miR-11895	-	-	-	uucaugcauucacuucugcuga	agcaggagugaaugcaugaguu	agcaggagugaaugcaugaguuugacaucugaaacuaauucaugcauucacuucugcuga	2:324949494..324949554:-
3_15743	1.4	43 +/- 50%	-	17	17	0	0	yes	aae-miR-2765	-	-	-	ugguaacuccaccaccguuggc	caaugggagcuggaguucccgcg	ugguaacuccaccaccguuggcgauauuugacagccaaugggagcuggaguucccgcg	3:101895454..101895512:-
2_9520	0.5	46 +/- 33%	-	10	10	0	0	yes	aae-miR-1890	-	-	-	ugaaaucuuugauuaggucugg	agagcuaauuggagaguucuug	agagcuaauuggagaguucuugaauaguguugugaaccuucaugaaaucuuugauuaggucugg	2:413654961..413655025:-
2_32	0.3	46 +/- 33%	-	3	3	0	0	yes	aae-miR-219	dme-miR-219-5p	-	-	ugauuguccaaacgcaauucuug	agaguugugacuggacauccgug	ugauuguccaaacgcaauucuuguuuuauucgaauaugauauccaagaguugugacuggacauccgug	2:3715261..3715329:+
1_23180	-0.1	15 +/- 24%	-	2	2	0	0	yes	aae-miR-87	dme-miR-87-3p	-	-	gugagcaaauuuucaggu	cugaaauuugcuaaaccu	cugaaauuugcuaaaccuguguguauuugauucaaacaaucaaggugagcaaauuuucaggu	1:80682405..80682467:-
3_12215	-0.2	15 +/- 24%	-	206	206	0	0	no	aae-bantam-5p	dme-bantam-3p	-	-	ugagaucauuuugaaagcugauu	ccgguuuucauuuucgaucugacu	ccgguuuucauuuucgaucugacuuauuugauuuaacaagagugagaucauuuugaaagcugauu	3:178082830..178082895:+
3_11706	-1.6	0 +/- 0%	-	1	1	0	0	yes	aae-miR-31	dme-miR-31b-5p	-	-	uggcaagauguuggcauagcuga	agcuauucaacuucuugucuau	uggcaagauguuggcauagcugaaaguuuugaguuuagcuauucaacuucuugucuau	3:136174150..136174208:+
2_5730	-2.3	0 +/- 1%	-	24	24	0	0	no	aae-miR-281-5p	dme-miR-281-2-5p	-	-	aagagagcuauccgucgacagu	cguugacgugggauuuuuuug	cguugacgugggauuuuuuuguucauuuuguucuuucgcugguuucgaauaugaaaauaaagagagcuauccgucgacagu	2:96469398..96469479:-
3_13087	-2.7	0 +/- 1%	-	3	3	0	0	yes	aae-miR-307	-	-	-	cacaaccuccuugagugagcga	acucacucaaccugggugugau	acucacucaaccugggugugaugcuuauuugaaucaucacaaccuccuugagugagcga	3:244794376..244794435:+
1_19501	-3.2	20 +/- 8%	-	5	5	0	0	no	aae-miR-210	dme-miR-210-3p	-	-	cuugugcgugugacaacggcuau	agcugcugaccacugcacaagau	agcugcugaccacugcacaagauuagauuaugacucuugugcgugugacaacggcuau	1:54892617..54892675:+
2_6104	-3.8	20 +/- 8%	-	1	1	0	0	yes	aae-miR-11919	-	-	-	uagcuagguugcggugcacugcu	caguguacucugccuggccggc	caguguacucugccuggccggcgcugcugcgagucuagcuagguugcggugcacugcu	2:129145073..129145131:-
3_11705	-6.8	0 +/- 0%	-	1	1	0	0	no	aae-miR-31	dme-miR-31b-5p	-	-	uggcaagauguuggcauagcuga	ggagauugaaggucguguuugcagag	ggagauugaaggucguguuugcagagugaaauuggcaacuuggcaagauguuggcauagcuga	3:136174110..136174173:+

#miRBase miRNAs not detected by miRDeep2
miRBase precursor id	total read count	mature read count(s)	star read count	remaining reads	UCSC browser	NCBI blastn	miRBase mature sequence(s)	miRBase star sequence(s)	miRBase precursor sequence
435	435	0	0	-	-	ucagguacugagugacucucag	gagagcaccucgguaucuaagc	-	cauucgcaauuucaccgguucagguacugagugacucucagaugugcauuucucaagcaaucucguccucaggaccugagguugaaaaacccugagagcaccucgguaucuaagccaguguugcgaaaa	
299	299	0	0	-	-	cacguuacagauugggguuucc	uaaucucaaauuguaacagugg	-	gagguaaucucaaauuguaacaguggguugauuuuccuggugaaucccggccuuguccuccgucacaagugugacaagugucucgaaaacguguucgcuauacccacguuacagauugggguuucccc	
342	342	0	0	-	-	ugguuuaucuuaucugucgaggc	gucgacagggagauaaaucacu	-	cauugguuuaucuuaucugucgaggcaaguuauuuuaccggauaguguuucuuuucgugagcaaucaccacuauccagcucuucuugucgacagggagauaaaucacug	
144	144	0	0	-	-	caaccacuauccgcccugccgcc	uggcagugugguuagcugguug	-	caaggcaauacgcuauggcagugugguuagcugguuguguagaacuuuggggggcuuccguggcguucgcgcgcacacgggggcucagauucacaaccacuauccgcccugccgccgcgaggugccagg	
2	1	0	1	-	-	cugaaaacuuaaucgauugguc	-	uaaccugaaaacuuaaucgauuggucacuagcugcgcggugaccaaucgauuaaguuuucagcuua	






































1	0	0	1	-	-	ucacuuuuuagugacuugguc	-	caagucacuuuuuagugacuuggucacuuuuuucaaucuggucacuaaaaagucacuau	
3	0	0	3	-	-	aaaugggacugauaugcgaguau	-	ccauucucgcauaacaguaccauauucuugggauuucucauauaaaugggacugauaugcgaguaugg	


































