miRDeep2 score	novel miRNAs reported by miRDeep2	novel miRNAs, estimated false positives	novel miRNAs, estimated true positives	known miRNAs in species	known miRNAs in data	known miRNAs detected by miRDeep2	estimated signal-to-noise	excision gearing
10	3	0 +/- 1	3 +/- 1 (85 +/- 22%)	164	83	34 (41%)	39.3	1
9	3	0 +/- 1	3 +/- 1 (84 +/- 23%)	164	83	34 (41%)	37.5	1
8	3	1 +/- 1	2 +/- 1 (80 +/- 26%)	164	83	34 (41%)	31.2	1
7	3	1 +/- 1	2 +/- 1 (77 +/- 27%)	164	83	34 (41%)	28.2	1
6	4	1 +/- 1	3 +/- 1 (81 +/- 22%)	164	83	34 (41%)	27.2	1
5	5	1 +/- 1	4 +/- 1 (83 +/- 18%)	164	83	51 (61%)	35.5	1
4	5	1 +/- 1	4 +/- 1 (76 +/- 19%)	164	83	62 (75%)	34	1
3	5	2 +/- 1	3 +/- 1 (66 +/- 24%)	164	83	63 (76%)	24.6	1
2	8	3 +/- 2	5 +/- 2 (65 +/- 20%)	164	83	64 (77%)	17.8	1
1	20	5 +/- 2	15 +/- 2 (74 +/- 11%)	164	83	68 (82%)	12.2	1
0	33	13 +/- 3	20 +/- 3 (61 +/- 10%)	164	83	71 (86%)	6.2	1
-1	51	31 +/- 5	20 +/- 5 (39 +/- 10%)	164	83	72 (87%)	3.3	1
-2	92	67 +/- 7	25 +/- 7 (27 +/- 8%)	164	83	73 (88%)	2.1	1
-3	162	132 +/- 9	30 +/- 9 (19 +/- 5%)	164	83	73 (88%)	1.6	1
-4	261	269 +/- 11	2 +/- 5 (1 +/- 2%)	164	83	74 (89%)	1.2	1
-5	374	509 +/- 17	0 +/- 0 (0 +/- 0%)	164	83	74 (89%)	0.8	1
-6	475	844 +/- 21	0 +/- 0 (0 +/- 0%)	164	83	74 (89%)	0.6	1
-7	637	1178 +/- 27	0 +/- 0 (0 +/- 0%)	164	83	74 (89%)	0.6	1
-8	846	1490 +/- 29	0 +/- 0 (0 +/- 0%)	164	83	75 (90%)	0.6	1
-9	1132	1762 +/- 30	0 +/- 0 (0 +/- 0%)	164	83	76 (92%)	0.7	1
-10	1405	1989 +/- 30	0 +/- 0 (0 +/- 0%)	164	83	77 (93%)	0.7	1



novel miRNAs predicted by miRDeep2
provisional id	miRDeep2 score	estimated probability that the miRNA candidate is a true positive	rfam alert	total read count	mature read count	loop read count	star read count	significant randfold p-value	miRBase miRNA	example miRBase miRNA with the same seed	UCSC browser	NCBI blastn	consensus mature sequence	consensus star sequence	consensus precursor sequence	precursor coordinate
3_20912	64	85 +/- 22%	-	135	134	0	1	no	-	-	-	-	aucaugaccaaaggucgcaugag	auaugaccuaaggucgcau	aucaugaccaaaggucgcaugagugcgaaaguuuuuuauaauaguucuucaaucaagucgucaucauaugaccuaaggucgcau	3:229928361..229928445:+
2_540	31.7	85 +/- 22%	-	66	58	0	8	yes	-	-	-	-	uauguuugguucauacugauu	uucaugaugacaacuuacacagu	uucaugaugacaacuuacacaguauucggauaaucaugccgaccuucuauguuugguucauacugauu	2:25650910..25650978:+
2_7331	10.1	85 +/- 22%	-	21	10	0	11	yes	-	-	-	-	ggauuggauuggauuuggau	uuggauuggauuuggauu	ggauuggauuggauuuggaucgaauuugaauugaauuuggguuuggauuggauuuggauu	2:453634804..453634864:+
3_24823	6	81 +/- 22%	-	12	6	0	6	yes	-	-	-	-	aauagucuucaguggcuggau	uuggcaaaaaugcugaggac	aauagucuucaguggcuggauggugaacgaguuggcaaaaaugcugaggac	3:45620600..45620651:-
2_2598	5	83 +/- 18%	-	650	650	0	0	yes	-	dme-miR-932-5p	-	-	acaauuccggagccuguugagu	gcaacagaugauccgggugauuguga	acaauuccggagccuguugaguauagcaacagaugauccgggugauuguga	2:149601880..149601931:+
2_8450	2.6	65 +/- 20%	-	11	11	0	0	yes	-	-	-	-	ucgaggauaauacgcgauuggc	caaucgcguauuauccucgauu	caaucgcguauuauccucgauuuuacuaugguaaaaucgaggauaauacgcgauuggc	2:34430105..34430163:-
2_12789	2.3	65 +/- 20%	-	9	6	0	3	yes	-	-	-	-	guuaauggggaggaucguuggguc	aagcgauuagaccaugauaaau	guuaauggggaggaucguugggucacaguauucacuuugauaagcgauuagaccaugauaaau	2:267861174..267861237:-
3_24484	2.1	65 +/- 20%	-	13	9	0	4	yes	-	-	-	-	uaagcugaaaacuuaaucgauugg	ccaaucgauuaaguuucagcu	uaagcugaaaacuuaaucgauugguuacuagcugguggugaccaaucgauuaaguuucagcu	3:29435174..29435236:-
3_26389	1.9	74 +/- 11%	-	40	12	23	5	no	-	-	-	-	auugaacguaccucgauau	auagagguuucagccaaaauu	auugaacguaccucgauauauuucauauuuuaugaauaauuuguaugcauaugaagaaacacccauauauagagguuucagccaaaauu	3:133410665..133410754:-
1_36139	1.8	74 +/- 11%	-	25	25	0	0	yes	-	-	-	-	ucaaacaugucgcgcgucggu	cgguucguuaguaguguuugauc	cgguucguuaguaguguuugauccuucgaccuugacacuugcuccugcuggggcgggugaugagggcaggaucaaacaugucgcgcgucggu	1:278350696..278350788:+
2_15846	1.7	74 +/- 11%	-	15	15	0	0	yes	-	-	-	-	uacggcaagggcugauugcugc	agcauuucaggccuuaucauagu	agcauuucaggccuuaucauaguuugauaguagucugaacuacuagacugcaaaacuacggcaagggcugauugcugc	2:448702658..448702736:-
3_27002	1.6	74 +/- 11%	-	29	29	0	0	yes	-	-	-	-	ucaaacaugucgcgcgucggu	ugguuaguucuguuugauc	ugguuaguucuguuugaucuuucgaccuugacgcuugcuccuacgggggccagcgacgagggcaggaucaaacaugucgcgcgucggu	3:167101968..167102056:-
2_70	1.6	74 +/- 11%	-	6	6	0	0	yes	-	dme-miR-3-5p	-	-	agaugcaucuuuggagaaacu	aauuuucgaagaugcucuaa	agaugcaucuuuggagaaacuucugguugaauuuucgaagaugcucuaa	2:3839655..3839704:+
NIGP01000947_45179	1.6	74 +/- 11%	-	20	20	0	0	yes	-	-	-	-	gaacccauugugguauggagcu	cucucuuuacgcucaugcguuuug	cucucuuuacgcucaugcguuuugcagugcccuuuuuagggcgcuguucgaacccauugugguauggagcu	NIGP01000947:21415..21486:+
2_5709	1.6	74 +/- 11%	-	20	20	0	0	yes	-	-	-	-	gaacccauugugguauggagcu	cucucuuuacgcucaugcguuuug	cucucuuuacgcucaugcguuuugcagugcccuuuuuagggcgcuguucgaacccauugugguauggagcu	2:338867049..338867120:+
1_37078	1.3	74 +/- 11%	-	16	16	0	0	yes	-	-	-	-	uacggcaagggcugauugcugc	agcauuucaggccuuaucauaguu	agcauuucaggccuuaucauaguuugauaguagucugaacuacuagacuacaaaaauacggcaagggcugauugcugc	1:17519900..17519978:-
2_6733	1.3	74 +/- 11%	-	20	20	0	0	yes	-	-	-	-	gaacccauugugguauggagcu	cucucuuuacgcucaugcguuuug	cucucuuuacgcucaugcguuuugcagugcccuuuuuagggcgcuguucgaacccauugugguauggagcu	2:410643327..410643398:+
3_23656	1.3	74 +/- 11%	-	8	8	0	0	yes	-	dme-miR-4982-3p	-	-	ugcuggaaucccuugaggaa	acuuaugauggaacugcuagagg	ugcuggaaucccuugaggaacucuauaaaaaacuagaagaacuagaaaccauggagaaacuuaugauggaacugcuagagg	3:395360712..395360793:+
2_3052	1.1	74 +/- 11%	-	28	28	0	0	yes	-	-	-	-	ggauuggauuggauuuggau	uuggauuucaaucugaaugg	ggauuggauuggauuuggauuggguuuggauuucauuuggauuagauuuggauuucaaucugaaugg	2:182023769..182023836:+
3_18865	1	74 +/- 11%	-	29	25	0	4	no	-	-	-	-	aauuaaaagacgagaagacccuau	acugucuuuuuuaaauuuuu	acugucuuuuuuaaauuuuuauagaauuuuauuuuuuaauuaaaaaguuaaaauguaauuaaaagacgagaagacccuau	3:135889525..135889605:+
1_42921	0.9	61 +/- 10%	-	54	52	1	1	yes	-	-	-	-	ggauuggauuuggauuggauuu	ggauuggauucggauugguuuuggauug	ggauuggauucggauugguuuuggauuggauuuagauuggauuuggauuggauuagauuggauuuggauuuggguuuggauuggauuuggauuggauuu	1:281821766..281821865:-
3_30996	0.8	61 +/- 10%	-	9	9	0	0	yes	-	-	-	-	cugaagugaaaaaauguugaca	auagcauuuuuuuacuucagau	auagcauuuuuuuacuucagaucgguuggcagcgaugcaaucgugcguccugaagugaaaaaauguugaca	3:381815782..381815853:-
2_12905	0.6	61 +/- 10%	-	2	2	0	0	yes	-	dme-miR-9384-3p	-	-	cguguguuuugacgggcugugcuuc	agacgcagacggucuugugcggcg	cguguguuuugacgggcugugcuucgcgucacggcgaccggcggccguagagcaggagacgcagacggucuugugcggcg	2:273124116..273124196:-
1_41978	0.5	61 +/- 10%	-	3	3	0	0	yes	-	dme-miR-87-3p	-	-	uugagcaacagccaaagaaacaga	cguuucggucguugaaauu	cguuucggucguugaaauuggccaaccgcgaucgaagaaggccauauugagcaacagccaaagaaacaga	1:223120385..223120455:-
1_32630	0.3	61 +/- 10%	-	3	3	0	0	yes	-	dme-miR-210-3p	-	-	auugugcgugacgcgaagcaggc	cgugauuguguuuuguccggugu	auugugcgugacgcgaagcaggcgaaaggugaaucaggaccgaaaacagguaccguuuucacguucgugauuguguuuuguccggugu	1:79053036..79053124:+
1_43218	0.3	61 +/- 10%	-	7	4	3	0	yes	-	dme-miR-989-3p	-	-	ugugauguguuauuuguuua	aacaaccuucacguacagu	aacaaccuucacguacagugguuggaacaugaauaacguuuuagugugacaagaacuauaacaauuguuaaguguggcuacugugauguguuauuuguuua	1:301262126..301262227:-
2_13762	0.2	61 +/- 10%	-	4	4	0	0	yes	-	dme-miR-4916-3p	-	-	gaauuucuugaauauagagu	uccauauucgagucaa	uccauauucgagucaaaccugaauuucuugaauauagagu	2:317504391..317504431:-
3_28155	0.1	61 +/- 10%	-	73	64	9	0	yes	-	-	-	-	ggauuuggauuggauuuggauu	uuuggauuggauuuuuuuggauuugg	ggauuuggauuggauuuggauuuugauuggauuuggauuggauuuggauuuuuuuauuuuugauuuggauuuuuuuuugauuuggauuggauuuuuuuggauuugg	3:228749405..228749511:-
1_39998	0.1	61 +/- 10%	-	29	25	0	4	no	-	-	-	-	aauuaaaagacgagaagacccuau	acugucuuuuuuaaauuuuu	acugucuuuuuuaaauuuuuauagaauuuuauuuuuuaauuaaaaaguuaaaauguaauuaaaagacgagaagacccuau	1:191815847..191815927:-
2_9724	0.1	61 +/- 10%	-	29	25	0	4	no	-	-	-	-	aauuaaaagacgagaagacccuau	acugucuuuuuuaaauuuuu	acugucuuuuuuaaauuuuuauagaauuuuauuuuuuaauuaaaaaguuaaaauguaauuaaaagacgagaagacccuau	2:114499839..114499919:-
3_21623	0.1	61 +/- 10%	-	29	25	0	4	no	-	-	-	-	aauuaaaagacgagaagacccuau	acugucuuuuuuaaauuuuu	acugucuuuuuuaaauuuuuauagaauuuuauuuuuuaauuaaaaaguuaaaauguaauuaaaagacgagaagacccuau	3:271989140..271989220:+
NIGP01000137_45005	0	61 +/- 10%	-	8	8	0	0	yes	-	-	-	-	uggcaguaagugauggucagcaga	uugaccacacguacugccguu	uggcaguaagugauggucagcagaacaagcguaucacucggaauuucuugaccacacguacugccguu	NIGP01000137:15319..15387:-
2_1033	0	61 +/- 10%	-	3	3	0	0	yes	-	dme-miR-9b-3p	-	-	gagagcuucuugagggaucguu	agaauccuuaagggauucuucg	agaauccuuaagggauucuucguaucugcauauuccauguggacacugagagcuucuugagggaucguu	2:54054570..54054639:+



mature miRBase miRNAs detected by miRDeep2
tag id	miRDeep2 score	estimated probability that the miRNA is a true positive	rfam alert	total read count	mature read count	loop read count	star read count	significant randfold p-value	mature miRBase miRNA	example miRBase miRNA with the same seed	UCSC browser	NCBI blastn	consensus mature sequence	consensus star sequence	consensus precursor sequence	precursor coordinate
1_43303	18316.7	85 +/- 22%	-	35919	35911	0	8	yes	aae-miR-283	dme-miR-283-5p	-	-	caauaucagcugguaauucuggg	cggaauuccaacugauauccac	caauaucagcugguaauucugggcuuaccccaccguuauacgcuucccggaauuccaacugauauccac	1:305625600..305625669:-
2_15392	7998.8	85 +/- 22%	-	15681	15675	0	6	yes	aae-miR-184	dme-miR-184-3p	-	-	uggacggagaacugauaagggc	ccuuaucauucuugcgccccgu	ccuuaucauucuugcgccccguguuauauuguuggcgacuggacggagaacugauaagggc	2:417599380..417599441:-
1_43295	6051.9	85 +/- 22%	-	11863	11859	0	4	yes	aae-miR-12-5p	dme-miR-12-5p	-	-	ugaguauuacaucagguacuggu	ccaguacuuauguuaugcucuc	ugaguauuacaucagguacuggugucgauauucgaaucaccaacgaaucggguuccuuugauuaacuuaccaguacuuauguuaugcucuc	1:305613549..305613640:-
2_9580	1393.9	85 +/- 22%	-	2725	2722	0	3	yes	aae-miR-2c	dme-miR-2a-3p	-	-	uaucacagccagcuuugaugagcu	acucucaaaguggcugugaaaug	acucucaaaguggcugugaaaugguuugauuuugcucauaucacagccagcuuugaugagcu	2:107235884..107235946:-
2_5298	1214	85 +/- 22%	-	2375	2365	0	10	yes	aae-miR-305-5p	dme-miR-305-5p	-	-	auuguacuucaucaggugcucugg	cggcacauguuggaguacacuu	auuguacuucaucaggugcucugguuguuuucgauacccggcacauguuggaguacacuu	2:307145445..307145505:+
3_25230	590.9	85 +/- 22%	-	1150	1144	0	6	yes	aae-miR-11-5p	dme-miR-2a-3p	-	-	caucacagucugaguucuugcu	cgagaacuccggcugugaccugu	cgagaacuccggcugugaccuguguacacuuuauccaaaucacaucacagucugaguucuugcu	3:75489864..75489928:-
2_8709	451.6	85 +/- 22%	-	878	868	0	10	yes	aae-miR-190	dme-miR-190-5p	-	-	agauauguuugauauucuugguug	cccaggaaucaaacauauuauu	agauauguuugauauucuugguuguuaaauuuuauauuaucacccaggaaucaaacauauuauu	2:48811878..48811942:-
3_19913	378.7	85 +/- 22%	-	745	735	0	10	no	aae-bantam-5p	dme-bantam-3p	-	-	ugagaucauuuugaaagcugauu	ccgguuuucauuuucgaucugacu	ccgguuuucauuuucgaucugacuuauuugauuuaacaagagugagaucauuuugaaagcugauu	3:178082830..178082895:+
2_9447	350	85 +/- 22%	-	678	663	0	15	yes	aae-miR-282-5p	dme-miR-282-5p	-	-	uagccucuccuaggcuuugucu	acauagccugacagagguua	uagccucuccuaggcuuugucuguuaccuuccuugggaauuccacuagccagacauagccugacagagguua	2:96911968..96912040:-
2_9589	255.4	85 +/- 22%	-	499	347	0	152	yes	aae-miR-71-5p	-	-	-	agaaagacauggguagugagau	ucucacuaccuugucuuucaug	agaaagacauggguagugagauaguuucacccuauugcacugggaucucacuaccuugucuuucaug	2:107238287..107238354:-
2_9584	251.5	85 +/- 22%	-	485	447	0	38	yes	aae-miR-13-5p	dme-miR-2a-3p	-	-	uaucacagccauuuugacgaguu	ucguaaaaaugguugugcugu	ucguaaaaaugguugugcuguguuguuacgcucgaaauucauaucacagccauuuugacgaguu	2:107237649..107237713:-
1_39779	227.4	85 +/- 22%	-	439	405	0	34	yes	aae-miR-252-5p	dme-miR-252-5p	-	-	cuaaguacuagugccgcaggag	ccugcugcccaagugcuuaucg	cuaaguacuagugccgcaggagagauuugaaccccugcugcccaagugcuuaucg	1:175818157..175818212:-
3_25472	211.8	85 +/- 22%	-	407	405	0	2	yes	aae-miR-92b-3p	dme-miR-92a-3p	-	-	aauugcacuugucccggccugc	aggucgugacuugugcccau	aggucgugacuugugcccauuugcugaauuuuaauggucaaauugcacuugucccggccugc	3:93418515..93418577:-
1_37633	146.2	85 +/- 22%	-	278	272	0	6	yes	aae-miR-33	dme-miR-33-5p	-	-	gugcauuguaguugcauugca	caauacuucugcaaugcaagcc	gugcauuguaguugcauugcacuuuugcguucgauaacacggugcaauacuucugcaaugcaagcc	1:50888880..50888946:-
2_9439	119.8	85 +/- 22%	-	227	191	0	36	yes	aae-miR-281-5p	dme-miR-281-2-5p	-	-	aagagagcuauccgucgacagu	ugucauggaauugcucucuuua	aagagagcuauccgucgacaguagggauaugauucacugucauggaauugcucucuuua	2:96469361..96469420:-
2_9133	111.9	85 +/- 22%	-	211	188	0	23	yes	aae-miR-276-5p	dme-miR-276a-3p	-	-	uaggaacuucauaccgugcucu	agcgagguauagaguuccuacg	agcgagguauagaguuccuacguugcgugugcgaaauugguaggaacuucauaccgugcucu	2:73120452..73120514:-
2_14115	37.2	85 +/- 22%	-	65	31	6	28	yes	aae-miR-9c-5p	dme-miR-9a-5p	-	-	ucuuugguauucuagcuguaga	uaaagcuuuaguaccagagguc	ucuuugguauucuagcuguagaauguugagcuuugugauaugguaucuucuaaagcuuuaguaccagagguc	2:335810364..335810436:-
1_38132	31.5	85 +/- 22%	-	54	42	0	12	yes	aae-miR-87	dme-miR-87-3p	-	-	gugagcaaauuuucaggugugu	cagccugaaauuugcuaaaccu	cagccugaaauuugcuaaaccuguguguauuugauucaaacaaucaaggugagcaaauuuucaggugugu	1:80682401..80682471:-
3_25669	28.7	85 +/- 22%	-	55	49	0	6	yes	aae-miR-2765	-	-	-	ugguaacuccaccaccguugg	caaugggagcuggaguucccgcg	ugguaacuccaccaccguuggcgauauuugacagccaaugggagcuggaguucccgcg	3:101895454..101895512:-
2_14104	26.1	85 +/- 22%	-	50	46	0	4	yes	aae-miR-79-5p	-	-	-	aaagcuagauuaccaaagcau	cuuuggcgcuuuagcuguauga	cuuuggcgcuuuagcuguaugauagaauuuaauauuucauaaagcuagauuaccaaagcau	2:335780884..335780945:-
3_21141	24.9	85 +/- 22%	-	40	19	0	21	yes	aae-miR-307	dme-miR-307a-5p	-	-	acucacucaaccugggugugaug	ucacaaccuccuugagugagcg	acucacucaaccugggugugaugcuuauuugaaucaucacaaccuccuugagugagcg	3:244794376..244794434:+
3_25228	5.4	83 +/- 18%	-	264	264	0	0	yes	aae-miR-998	dme-miR-285-3p	-	-	uagcaccaugagauucagcuc	acugaacucucgugggucugca	acugaacucucgugggucugcaguugauauuucgaaagcuuguagcaccaugagauucagcuc	3:75489589..75489652:-
3_28444	5.3	83 +/- 18%	-	1039	1039	0	0	yes	aae-miR-278-5p	dme-miR-278-3p	-	-	ucggugggacuuucguccguuu	acggacgauagucuucagcggcc	acggacgauagucuucagcggccgugcauuugauagaaguggucggugggacuuucguccguuu	3:243123888..243123952:-
2_1619	5.3	83 +/- 18%	-	35	35	0	0	yes	aae-miR-988-5p	dme-miR-988-3p	-	-	ccccuuguugcaaaccucacgc	gugugcuuugugacaaugag	gugugcuuugugacaaugagauucgguucgauaucauccccuuguugcaaaccucacgc	2:93351380..93351439:+
1_43240	5.2	83 +/- 18%	-	2368	2368	0	0	yes	aae-miR-317	dme-miR-317-3p	-	-	ugaacacagcuggugguaucuca	ggauacacccugugcucgcu	ggauacacccugugcucgcuuugcauucgaaacuagugaacacagcuggugguaucuca	1:302667131..302667190:-
2_9582	5.2	83 +/- 18%	-	6938	6933	0	5	yes	aae-miR-2a-5p	dme-miR-2a-3p	-	-	uaucacagccagcuuugaaga	ucucaaagugguugugaaaug	ucucaaagugguugugaaaugaguuacucuugaacgaucucauaucacagccagcuuugaaga	2:107237504..107237567:-
1_43236	5.2	83 +/- 18%	-	91	91	0	0	yes	aae-miR-277-5p	dme-miR-277-3p	-	-	uaaaugcacuaucugguacgaca	gcgugucagaagugcauuuaca	gcgugucagaagugcauuuacauagguauuucccguuuagcaguauuuguaaaugcacuaucugguacgaca	1:302603812..302603884:-
2_5295	5.2	83 +/- 18%	-	1293	1293	0	0	yes	aae-miR-275-5p	dme-miR-275-3p	-	-	ucagguaccugaaguagcgcgcg	cgcgcuaagcaggaaccgagacu	cgcgcuaagcaggaaccgagacuuugucauuugcuagcagucagguaccugaaguagcgcgcg	2:307135668..307135731:+
2_6169	5.1	83 +/- 18%	-	393	393	0	0	yes	aae-miR-2945-5p	dme-miR-279-3p	-	-	ugacuagaggcagacucguuua	agcggguccguuucuagugucaug	agcggguccguuucuagugucaugugcuguauucgaauaucaugacuagaggcagacucguuua	2:374947142..374947206:+
2_9588	5.1	83 +/- 18%	-	1825	1825	0	0	yes	aae-miR-2c	dme-miR-2a-3p	-	-	uaucacagccagcuuugaugag	caucaaauuugguuguuuuagu	caucaaauuugguuguuuuaguacgaccucuuugaaaccccuaucacagccagcuuugaugag	2:107237997..107238060:-
2_9160	5.1	83 +/- 18%	-	195	195	0	0	yes	aae-miR-276-3p	dme-miR-276a-3p	-	-	uaggaacuucauaccgugcucu	agcgagguauagaguuccuaug	agcgagguauagaguuccuaugcguucggauaaaauauuccauaggaacuucauaccgugcucu	2:73509399..73509463:-
3_31308	5	83 +/- 18%	-	2869	2869	0	0	yes	aae-miR-308-5p	dme-miR-2a-3p	-	-	aaucacaggaguauacugugag	cgcgguauauucuuguggcuug	cgcgguauauucuuguggcuugaugcauuugaaaaaucucaaaucacaggaguauacugugag	3:403338483..403338546:-
1_34835	5	83 +/- 18%	-	1311	1311	0	0	yes	aae-miR-996	dme-miR-279-3p	-	-	ugacuagauuacaugcucgucu	gcgugcaugaaucuggugcacg	gcgugcaugaaucuggugcacgguuuuccaguuguaauaucgcuucgugacuagauuacaugcucgucu	1:207012536..207012605:+
NIGP01000533_44484	4.9	76 +/- 19%	-	23	23	0	0	yes	aae-miR-970	dme-miR-970-3p	-	-	ucauaagacacacgcggcuau	agcuugcguuugucuuagcuggua	agcuugcguuugucuuagcugguauugaaugugauagguaucauaagacacacgcggcuau	NIGP01000533:10107..10168:-
2_6925	4.9	76 +/- 19%	-	303	303	0	0	yes	aae-miR-965	dme-miR-965-3p	-	-	uaagcguauagcuuuucccau	gggaaauccuguacgcuguaug	gggaaauccuguacgcuguauguuguauuugaauaauccauaagcguauagcuuuucccau	2:429778751..429778812:+
2_14101	4.9	76 +/- 19%	-	82	82	0	0	yes	aae-miR-9b	dme-miR-9a-5p	-	-	ucuuuggugauuuuagcuguaug	uauagcuuuaucaccaaaaacc	ucuuuggugauuuuagcuguaugcugauacguuucugauugcauauagcuuuaucaccaaaaacc	2:335780574..335780639:-
1_33979	4.9	76 +/- 19%	-	23	23	0	0	yes	aae-miR-970	dme-miR-970-3p	-	-	ucauaagacacacgcggcuau	agcuugcguuugucuuagcuggua	agcuugcguuugucuuagcugguauugaaugugauagguaucauaagacacacgcggcuau	1:157238423..157238484:+
2_1620	4.8	76 +/- 19%	-	35	35	0	0	yes	aae-miR-988-3p	dme-miR-988-3p	-	-	ccccuuguugcaaaccucacgc	ggcagguaggggcaaugggggc	ccccuuguugcaaaccucacgcuugcgguagguuccacaacugcugagagguggcagguaggggcaaugggggc	2:93351417..93351491:+
3_25504	4.8	76 +/- 19%	-	124	124	0	0	yes	aae-miR-92a-5p	dme-miR-92a-3p	-	-	uauugcacuugucccggccuau	cgguacggacaggggcaacauu	cgguacggacaggggcaacauugugacauuugaaagcuaauauugcacuugucccggccuau	3:93477596..93477658:-
1_34829	4.7	76 +/- 19%	-	1374	1374	0	0	yes	aae-miR-279	dme-miR-279-3p	-	-	ugacuagauccacacucauuaa	gaugggugugaaucuaguguuucaca	gaugggugugaaucuaguguuucacaugauuuucgauagccugugacuagauccacacucauuaa	1:207007788..207007853:+
1_43374	4.7	76 +/- 19%	-	31	31	0	0	yes	aae-miR-1175-5p	dme-miR-958-3p	-	-	ugagauucuacuucuccgacuuaa	aaguggaguaguggucucaucgcu	aaguggaguaguggucucaucgcuuaguauuagaaaagugagauucuacuucuccgacuuaa	1:307010044..307010106:-
2_5765	4.6	76 +/- 19%	-	272	272	0	0	yes	aae-miR-14	dme-miR-14-3p	-	-	ucagucuuuuucucucuccuau	gggagcgagauuaaggcuugcu	gggagcgagauuaaggcuugcuggucauuuauuacacucgaagucagucuuuuucucucuccuau	2:344767572..344767637:+
3_22685	4.3	76 +/- 19%	-	82	82	0	0	yes	aae-miR-8-5p	dme-miR-8-3p	-	-	uaauacugucagguaaagauguc	caucuuaccgggcagcauuaga	caucuuaccgggcagcauuagauauuuuugaaauacuucuaauacugucagguaaagauguc	3:328527955..328528017:+
2_3804	3.7	66 +/- 24%	-	667	667	0	0	yes	aae-miR-7	dme-miR-7-5p	-	-	uggaagacuagugauuuuguuguu	uaacaauaaaucucaagucuuucuac	uggaagacuagugauuuuguuguuuugcuuacgauaauaacaauaaaucucaagucuuucuac	2:222802544..222802607:+
2_8874	2.1	65 +/- 20%	-	290	290	0	0	yes	aae-miR-11894a	-	-	-	uuuaccauuucaagaugaccua	ggucgucuugaaaugguaaaga	ggucgucuugaaaugguaaagagugucaaucaucaucuuuaccauuucaagaugaccua	2:58785158..58785217:-
2_8876	2	65 +/- 20%	-	290	290	0	0	yes	aae-miR-11894a	-	-	-	uuuaccauuucaagaugaccua	ggucgucuugaaaugguaaaga	ggucgucuugaaaugguaaagagugucaaucaucaucuuuaccauuucaagaugaccua	2:58785850..58785909:-
2_8878	2	65 +/- 20%	-	290	290	0	0	yes	aae-miR-11894a	-	-	-	uuuaccauuucaagaugaccua	ggucgucuugaaaugguaaaga	ggucgucuugaaaugguaaagagugucaaucaucaucuuuaccauuucaagaugaccua	2:58786284..58786343:-
2_8880	2	65 +/- 20%	-	290	290	0	0	yes	aae-miR-11894a	-	-	-	uuuaccauuucaagaugaccua	ggucgucuugaaaugguaaaga	ggucgucuugaaaugguaaagagugucaaucaucaucuuuaccauuucaagaugaccua	2:58787426..58787485:-
2_8872	1.9	74 +/- 11%	-	56	56	0	0	yes	aae-miR-11894b	-	-	-	uuuaccauuucaauaugaccua	ggucguauugaaaugguaaaga	ggucguauugaaaugguaaagagugucaaucaucaucuuuaccauuucaauaugaccua	2:58784590..58784649:-
2_13900	1.7	74 +/- 11%	-	67	67	0	0	yes	aae-miR-11895	-	-	-	uucaugcauucacuucugcuga	agcaggagugaaugcaugaguu	agcaggagugaaugcaugaguuugacaucugaaacuaauucaugcauucacuucugcuga	2:324949494..324949554:-
2_15352	1.4	74 +/- 11%	-	65	65	0	0	yes	aae-miR-1890	-	-	-	ugaaaucuuugauuaggucugg	agagcuaauuggagaguucuug	agagcuaauuggagaguucuugaauaguguugugaaccuucaugaaaucuuugauuaggucugg	2:413654961..413655025:-
3_27839	1.1	74 +/- 11%	-	9	9	0	0	yes	aae-miR-11917	-	-	-	uaagcugaaaacuuaaucgauugg	uaucgauuagguuuuuggcuuaaa	uaagcugaaaacuuaaucgauuggucacuagcugguggugaccuaucgauuagguuuuuggcuuaaa	3:211179633..211179700:-
3_30197	0.9	61 +/- 10%	-	9	9	0	0	yes	aae-miR-11917	-	-	-	uaagcugaaaacuuaaucgauugg	aaucaauuaggguuucagcucaaa	uaagcugaaaacuuaaucgauuggucacuagcugguggugaccaaucaauuaggguuucagcucaaa	3:334147750..334147817:-
2_14335	0.3	61 +/- 10%	-	3	3	0	0	yes	aae-miR-263a-5p	dme-miR-263a-5p	-	-	aauggcacuggaagaauucacggg	cguguucuggcaguggcauccc	aauggcacuggaagaauucacggguauauuuugaaauccccguguucuggcaguggcauccc	2:348784448..348784510:-
2_15166	0.2	61 +/- 10%	-	3	3	0	0	yes	aae-miR-1	dme-miR-1-3p	-	-	uggaauguaaagaaguauggag	ccaugcuuccuugcauucaaua	ccaugcuuccuugcauucaauagugauucugaaagcauauggaauguaaagaaguauggag	2:399501023..399501084:-
2_5296	-0.5	39 +/- 10%	-	1293	1293	0	0	no	aae-miR-275-3p	dme-miR-275-3p	-	-	ucagguaccugaaguagcgcgcg	ucaucaagcgacaacagaggcgugaaa	ucagguaccugaaguagcgcgcgugaucaaacaggaagcgucaucaagcgacaacagaggcgugaaa	2:307135708..307135775:+
3_18896	-1	39 +/- 10%	-	2	2	0	0	yes	aae-miR-31	dme-miR-31b-5p	-	-	uggcaagauguuggcauagcuga	agcuauucaacuucuugucuau	uggcaagauguuggcauagcugaaaguuuugaguuuagcuauucaacuucuugucuau	3:136174150..136174208:+
NIGP01001634_44538	-1.9	27 +/- 8%	-	5	5	0	0	yes	aae-miR-10365	-	-	-	aaaaguuuucauauucuugcgg	auuagaauguggaaucuguuuuu	auuagaauguggaaucuguuuuuguacaucaaguguuacgaaacgaagcaaaaaaguuuucauauucuugcgg	NIGP01001634:30709..30782:-
2_9440	-2.3	19 +/- 5%	-	191	191	0	0	no	aae-miR-281-5p	dme-miR-281-2-5p	-	-	aagagagcuauccgucgacagu	cguugacgugggauuuuuuug	cguugacgugggauuuuuuuguucauuuuguucuuucgcugguuucgaauaugaaaauaaagagagcuauccgucgacagu	2:96469398..96469479:-
1_35227	-3.6	1 +/- 2%	-	4	4	0	0	yes	aae-miR-11900	-	-	-	auuuuuuugacuguaauuuuau	aaaauuacguugaaaaaucgucu	aaaauuacguugaaaaaucgucucccucaaaaaaugaaaccugagacuaacaggagauuuuuuugacuguaauuuuau	1:223944072..223944150:+
3_18895	-6.3	0 +/- 0%	-	2	2	0	0	no	aae-miR-31	dme-miR-31b-5p	-	-	uggcaagauguuggcauagcuga	ggagauugaaggucguguuugcagag	ggagauugaaggucguguuugcagagugaaauuggcaacuuggcaagauguuggcauagcuga	3:136174110..136174173:+
2_10006	-7.1	0 +/- 0%	-	2	2	0	0	no	aae-miR-11919	-	-	-	uagguugcggugcacugcuucgc	gaagucaguguacucugccuggc	gaagucaguguacucugccuggccggcgcugcugcgagucuagcuagguugcggugcacugcuucgc	2:129145069..129145136:-
1_32231	-8.3	0 +/- 0%	-	2	2	0	0	no	aae-miR-210	-	-	-	uugugcgugugacaacggcuau	agcugcugaccacugcacaaga	agcugcugaccacugcacaagauuagauuaugacucuugugcgugugacaacggcuau	1:54892617..54892675:+
2_4547	-9.2	0 +/- 0%	-	3	3	0	0	no	aae-miR-11893	-	-	-	uuccugacuuauacgcuuaccu	guaaguagauaaaucagaaaga	guaaguagauaaaucagaaagacguuuauaucguuucuuccugacuuauacgcuuaccu	2:257889040..257889099:+

#miRBase miRNAs not detected by miRDeep2
miRBase precursor id	total read count	mature read count(s)	star read count	remaining reads	UCSC browser	NCBI blastn	miRBase mature sequence(s)	miRBase star sequence(s)	miRBase precursor sequence
2739	2739	0	0	-	-	ucagguacugagugacucucag	gagagcaccucgguaucuaagc	-	cauucgcaauuucaccgguucagguacugagugacucucagaugugcauuucucaagcaaucucguccucaggaccugagguugaaaaacccugagagcaccucgguaucuaagccaguguugcgaaaa	
2525	2525	0	0	-	-	ugguuuaucuuaucugucgaggc	gucgacagggagauaaaucacu	-	cauugguuuaucuuaucugucgaggcaaguuauuuuaccggauaguguuucuuuucgugagcaaucaccacuauccagcucuucuugucgacagggagauaaaucacug	
1410	1410	0	0	-	-	cacguuacagauugggguuucc	uaaucucaaauuguaacagugg	-	gagguaaucucaaauuguaacaguggguugauuuuccuggugaaucccggccuuguccuccgucacaagugugacaagugucucgaaaacguguucgcuauacccacguuacagauugggguuucccc	
465	465	0	0	-	-	caaccacuauccgcccugccgcc	uggcagugugguuagcugguug	-	caaggcaauacgcuauggcagugugguuagcugguuguguagaacuuuggggggcuuccguggcguucgcgcgcacacgggggcucagauucacaaccacuauccgcccugccgccgcgaggugccagg	
5	5	0	0	-	-	uagcugccuagugaagggc	cggccguucauugggucaucuagc	-	acuacaauucggccguucauugggucaucuagcucguguuggaaacaguuagcugccuagugaagggcaauauugu	
3	3	0	0	-	-	ugauuguccaaacgcaauucuug	-	uuucuagcucugauuguccaaacgcaauucuuguuuuauucgaauaugauauccaagaguugugacuggacauccguggcucgaaa	



































































6	0	0	6	-	-	uuggacuggcaugcguuuaugg	-	cccauaaacgcauaauugucccaugugaauagaaaauccagccacauuggacuggcaugcguuuauggg	
