miRDeep2 score	novel miRNAs reported by miRDeep2	novel miRNAs, estimated false positives	novel miRNAs, estimated true positives	known miRNAs in species	known miRNAs in data	known miRNAs detected by miRDeep2	estimated signal-to-noise	excision gearing
10	2	0 +/- 1	2 +/- 1 (84 +/- 28%)	164	98	25 (26%)	38.6	1
9	2	0 +/- 1	2 +/- 1 (84 +/- 28%)	164	98	25 (26%)	38.6	1
8	2	0 +/- 1	2 +/- 1 (84 +/- 28%)	164	98	25 (26%)	38.6	1
7	2	0 +/- 1	2 +/- 1 (84 +/- 28%)	164	98	25 (26%)	38.6	1
6	2	0 +/- 1	2 +/- 1 (84 +/- 28%)	164	98	25 (26%)	38.6	1
5	3	0 +/- 1	3 +/- 1 (86 +/- 20%)	164	98	50 (51%)	45.6	1
4	4	1 +/- 1	4 +/- 1 (88 +/- 16%)	164	98	76 (78%)	59.2	1
3	5	8 +/- 2	0 +/- 1 (2 +/- 11%)	164	98	79 (81%)	7.2	1
2	7	10 +/- 3	0 +/- 0 (2 +/- 6%)	164	98	80 (82%)	6	1
1	11	14 +/- 3	0 +/- 1 (3 +/- 8%)	164	98	87 (89%)	4.8	1
0	16	33 +/- 5	0 +/- 0 (0 +/- 0%)	164	98	88 (90%)	2.3	1
-1	21	61 +/- 6	0 +/- 0 (0 +/- 0%)	164	98	88 (90%)	1.4	1
-2	22	83 +/- 7	0 +/- 0 (0 +/- 0%)	164	98	88 (90%)	1	1
-3	41	104 +/- 8	0 +/- 0 (0 +/- 0%)	164	98	88 (90%)	1	1
-4	57	122 +/- 8	0 +/- 0 (0 +/- 0%)	164	98	88 (90%)	1	1
-5	74	137 +/- 8	0 +/- 0 (0 +/- 0%)	164	98	88 (90%)	1	1
-6	82	151 +/- 8	0 +/- 0 (0 +/- 0%)	164	98	88 (90%)	0.9	1
-7	97	164 +/- 9	0 +/- 0 (0 +/- 0%)	164	98	88 (90%)	1	1
-8	104	175 +/- 9	0 +/- 0 (0 +/- 0%)	164	98	88 (90%)	0.9	1
-9	121	184 +/- 9	0 +/- 0 (0 +/- 0%)	164	98	88 (90%)	1	1
-10	132	192 +/- 9	0 +/- 0 (0 +/- 0%)	164	98	88 (90%)	1	1



novel miRNAs predicted by miRDeep2
provisional id	miRDeep2 score	estimated probability that the miRNA candidate is a true positive	rfam alert	total read count	mature read count	loop read count	star read count	significant randfold p-value	miRBase miRNA	example miRBase miRNA with the same seed	UCSC browser	NCBI blastn	consensus mature sequence	consensus star sequence	consensus precursor sequence	precursor coordinate
3_1640	973.5	84 +/- 28%	-	1908	1832	0	76	yes	-	-	-	-	guaggccggcggaaacuacuugc	agggguuucuuucggccuccag	agggguuucuuucggccuccagcggcauuagauaguuguaggccggcggaaacuacuugc	3:6069685..6069745:-
3_1415	139.2	84 +/- 28%	-	283	281	0	2	no	-	-	-	-	uaucaugaccaaaggucgcaugag	auaugaccuaaggucgcaugag	uaucaugaccaaaggucgcaugagugcgaaaguuuuuuauaauaguucuucaaucaagucgucaucauaugaccuaaggucgcaugag	3:229928360..229928448:+
3_1219	5.2	86 +/- 20%	-	1392	1392	0	0	yes	-	dme-miR-971-3p	-	-	uugguguuauaucuuacagugag	ggcuguaaguauuacagcaagc	ggcuguaaguauuacagcaagcuugcuauucgaaaggcgcuugguguuauaucuuacagugag	3:82678953..82679016:+
1_2518	4.2	88 +/- 16%	-	65	65	0	0	yes	-	dme-miR-iab-8-5p	-	-	uuacguauacugaagguauaccgg	ggauacauucaguauacguucau	uuacguauacugaagguauaccggauagauagcacucaggauacauucaguauacguucau	1:308965424..308965485:+
2_635	3.7	2 +/- 11%	-	202	202	0	0	yes	-	dme-miR-964-3p	-	-	uguuaaaaaugcuaaauuugacua	gucaacuugcaugcaaguuuuccagc	uguuaaaaaugcuaaauuugacuauuucagucaacuugcaugcaaguuuuccagc	2:85380560..85380615:-
2_40	2.8	2 +/- 6%	-	79	79	0	0	yes	-	-	-	-	auugaucgugugcgucuugaua	ucaagacgcacacgaucaaucg	auugaucgugugcgucuugauauuucauuaagucacgaaauaucaagacgcacacgaucaaucg	2:18082371..18082435:+
3_1206	2	2 +/- 6%	-	90	90	0	0	yes	-	-	-	-	uauuugacguuugagugguguc	caccgcucaaacgucuaaauaau	uauuugacguuugaguggugucguguuauuuaggugaccacggaaccagugaauuugacaccgcucaaacgucuaaauaau	3:73724339..73724420:+
2_979	1.9	3 +/- 8%	-	12	12	0	0	yes	-	-	-	-	aaacgcauaauugucccaugug	caugggacugacaugcguuuau	aaacgcauaauugucccaugugaauaggaaauccagcaaacaugggacugacaugcguuuau	2:344552167..344552229:-
2_897	1.9	3 +/- 8%	-	90	90	0	0	yes	-	-	-	-	uauuugacguuugagugguguc	caccgcucaaacgucgaauuagu	uauuugacguuugaguggugucgugcuauuggcgugaucauggcaacgagugaauucgacaccgcucaaacgucgaauuagu	2:292177521..292177603:-
3_1517	1.5	3 +/- 8%	-	89	89	0	0	yes	-	-	-	-	guucuaucggagguucggau	aagagccaccggaacauaggaccg	aagagccaccggaacauaggaccgauagcucuuccggaaugggaaacccguguggaagaacgcuuuuuguucuaucggagguucggau	3:314192085..314192173:+
1_2538	1.1	3 +/- 8%	-	15	15	0	0	yes	-	-	-	-	ggauuggaucggauuuggau	uggauucugauuggauugga	uggauucugauuggauuggauuagauucggauuggauuuggaucggauuggauuggaucggauuuggau	1:15762318..15762387:-
2_903	0.8	0 +/- 0%	-	93	93	0	0	yes	-	-	-	-	uugaacgaugagaucgccc	augaacucaucaacaagu	uugaacgaugagaucgcccaccaggaugaacucaucaacaagu	2:293820294..293820337:-
2_978	0.6	0 +/- 0%	-	16	16	0	0	yes	-	-	-	-	gcucugguuucauauuug	aggcaaaacagaagagcga	aggcaaaacagaagagcgauuugguugguuaucaggccccguuucggugcucugguuucauauuug	2:340883090..340883156:-
3_2045	0.5	0 +/- 0%	-	60	60	0	0	yes	-	-	-	-	gcgcuuaaguguaucuucc	gagauauacauugaacgcaa	gcgcuuaaguguaucuuccauguucaugggcaucgugcccguguugacgaucgaaaaguuuuggagauauacauugaacgcaa	3:339026113..339026196:-
2_511	0.3	0 +/- 0%	-	61	61	0	0	yes	-	-	-	-	gaguacaaccggaccgacaacg	caaccgguucggugcauacuacuc	caaccgguucggugcauacuacucugcaaccagugaguacaaccggaccgacaacg	2:464676317..464676373:+
3_1763	0.1	0 +/- 0%	-	40	40	0	0	yes	-	-	-	-	gcgaaaagggagauaauau	guugucuuaguguga	gcgaaaagggagauaauauacuuauugauaaguaaaacggugagcuguguugucuuaguguga	3:104406332..104406395:-



mature miRBase miRNAs detected by miRDeep2
tag id	miRDeep2 score	estimated probability that the miRNA is a true positive	rfam alert	total read count	mature read count	loop read count	star read count	significant randfold p-value	mature miRBase miRNA	example miRBase miRNA with the same seed	UCSC browser	NCBI blastn	consensus mature sequence	consensus star sequence	consensus precursor sequence	precursor coordinate
1_3656	66999	84 +/- 28%	-	131407	131364	0	43	yes	aae-miR-277-5p	dme-miR-277-3p	-	-	uaaaugcacuaucugguacgaca	cgugucagaagugcauuuac	cgugucagaagugcauuuacauagguauuucccguuuagcaguauuuguaaaugcacuaucugguacgaca	1:302603812..302603883:-
2_641	9084.6	84 +/- 28%	-	17811	16612	0	1199	yes	aae-miR-281-5p	dme-miR-281-2-5p	-	-	aagagagcuauccgucgacagu	cauggaauugcucucuuu	aagagagcuauccgucgacaguagggauaugauucacugucauggaauugcucucuuu	2:96469362..96469420:-
1_2759	4425.3	84 +/- 28%	-	8673	8411	0	262	yes	aae-miR-252-5p	dme-miR-252-5p	-	-	cuaaguacuagugccgcaggag	ccugcugcccaagugcuuaucg	cuaaguacuagugccgcaggagagauuugaaccccugcugcccaagugcuuaucg	1:175818157..175818212:-
3_1351	3949	84 +/- 28%	-	7748	7725	0	23	no	aae-bantam-5p	dme-bantam-3p	-	-	ugagaucauuuugaaagcugauu	ccgguuuucauuuucgaucugacu	ccgguuuucauuuucgaucugacuuauuugauuuaacaagagugagaucauuuugaaagcugauu	3:178082830..178082895:+
2_628	3410.4	84 +/- 28%	-	6681	6244	0	437	yes	aae-miR-276-5p	dme-miR-276a-3p	-	-	uaggaacuucauaccgugcucu	agcgagguauagaguuccuacg	agcgagguauagaguuccuacguugcgugugcgaaauugguaggaacuucauaccgugcucu	2:73120452..73120514:-
2_630	3207.5	84 +/- 28%	-	6283	6247	0	36	yes	aae-miR-276-3p	dme-miR-276a-3p	-	-	uaggaacuucauaccgugcucu	agcgagguauagaguuccu	agcgagguauagaguuccuaugcguucggauaaaauauuccauaggaacuucauaccgugcucu	2:73509399..73509463:-
1_3682	1694.5	84 +/- 28%	-	3316	3032	0	284	yes	aae-miR-1175-5p	dme-miR-958-3p	-	-	ugagauucuacuucuccgacuuaa	aaguggaguaguggucucaucg	aaguggaguaguggucucaucgcuuaguauuagaaaagugagauucuacuucuccgacuuaa	1:307010044..307010106:-
2_658	923	84 +/- 28%	-	1802	1745	0	57	yes	aae-miR-13-5p	dme-miR-2a-3p	-	-	uaucacagccauuuugacgaguu	ucguaaaaaugguugugcu	ucguaaaaaugguugugcuguguuguuacgcucgaaauucauaucacagccauuuugacgaguu	2:107237649..107237713:-
2_663	834.6	84 +/- 28%	-	1635	1374	0	261	yes	aae-miR-71-5p	-	-	-	agaaagacauggguagugagau	ucucacuaccuugucuuucaug	agaaagacauggguagugagauaguuucacccuauugcacugggaucucacuaccuugucuuucaug	2:107238287..107238354:-
2_134	824.5	84 +/- 28%	-	1610	1609	0	1	yes	aae-miR-9a	dme-miR-9a-5p	-	-	ucuuugguuaucuagcuguaug	uaaagcuagcauaccgaaguua	ucuuugguuaucuagcuguaugagugaauuuagaacaucauaaagcuagcauaccgaaguua	2:108461947..108462009:+
2_377	763.5	84 +/- 28%	-	1490	1323	0	167	yes	aae-miR-14	dme-miR-14-3p	-	-	ucagucuuuuucucucuccuau	gggagcgagauuaaggcuugcu	gggagcgagauuaaggcuugcuggucauuuauuacacucgaagucagucuuuuucucucuccuau	2:344767572..344767637:+
2_971	762.7	84 +/- 28%	-	1488	861	0	627	yes	aae-miR-9c-5p	dme-miR-9a-5p	-	-	ucuuugguauucuagcuguaga	uaaagcuuuaguaccagagguc	ucuuugguauucuagcuguagaauguugagcuuugugauaugguaucuucuaaagcuuuaguaccagagguc	2:335810364..335810436:-
3_1434	474.6	84 +/- 28%	-	922	488	0	434	yes	aae-miR-307	dme-miR-307a-5p	-	-	acucacucaaccugggugugau	ucacaaccuccuugagugagcga	acucacucaaccugggugugaugcuuauuugaaucaucacaaccuccuugagugagcga	3:244794376..244794435:+
2_643	188.4	84 +/- 28%	-	361	359	0	2	yes	aae-miR-282-5p	dme-miR-282-5p	-	-	uagccucuccuaggcuuugucu	acauagccugacagagguuagg	uagccucuccuaggcuuugucuguuaccuuccuugggaauuccacuagccagacauagccugacagagguuagg	2:96911966..96912040:-
2_968	137.2	84 +/- 28%	-	261	241	0	20	yes	aae-miR-79-5p	dme-miR-4-3p	-	-	auaaagcuagauuaccaaagcau	gcuuuggcgcuuuagcuguaug	gcuuuggcgcuuuagcuguaugauagaauuuaauauuucauaaagcuagauuaccaaagcau	2:335780884..335780946:-
NIGP01001012_3832	5.5	86 +/- 20%	-	31	31	0	0	yes	aae-miR-957	dme-miR-957-3p	-	-	ugaaaccguccaaaacugaggc	guuaguuuugggcggguuuuagu	guuaguuuugggcggguuuuaguguauuucgauuagaguaucaauugaaaccguccaaaacugaggc	NIGP01001012:27490..27557:-
3_1724	5.4	86 +/- 20%	-	715	715	0	0	yes	aae-miR-11-5p	dme-miR-2a-3p	-	-	caucacagucugaguucuugcu	cgagaacuccggcugugaccugug	cgagaacuccggcugugaccuguguacacuuuauccaaaucacaucacagucugaguucuugcu	3:75489864..75489928:-
3_1722	5.4	86 +/- 20%	-	408	408	0	0	yes	aae-miR-998	dme-miR-285-3p	-	-	uagcaccaugagauucagcuc	acugaacucucgugggucugca	acugaacucucgugggucugcaguugauauuucgaaagcuuguagcaccaugagauucagcuc	3:75489589..75489652:-
1_2350	5.4	86 +/- 20%	-	232	232	0	0	yes	aae-miR-929	dme-miR-929-5p	-	-	aaauugacucuaguagggagu	ucccuaacggagucagauuga	aaauugacucuaguagggaguccuuguguacgagugacucccuaacggagucagauuga	1:198495526..198495585:+
2_654	5.4	86 +/- 20%	-	3313	3313	0	0	yes	aae-miR-2c	dme-miR-2a-3p	-	-	uaucacagccagcuuugaugag	cucaaaguggcugugaaaug	cucaaaguggcugugaaaugguuugauuuugcucauaucacagccagcuuugaugag	2:107235886..107235943:-
1_2477	5.4	86 +/- 20%	-	1002	1002	0	0	yes	aae-miR-999	dme-miR-999-3p	-	-	uguuaacuguaagacugugucu	acgcggucgugcaggaaauuauu	acgcggucgugcaggaaauuauuuggcauuagauucaaauguuaacuguaagacugugucu	1:252222293..252222354:+
2_109	5.3	86 +/- 20%	-	91	91	0	0	yes	aae-miR-988-5p	dme-miR-988-3p	-	-	ccccuuguugcaaaccucacgc	gugugcuuugugacaaugag	gugugcuuugugacaaugagauucgguucgauaucauccccuuguugcaaaccucacgc	2:93351380..93351439:+
1_2593	5.3	86 +/- 20%	-	71	56	0	15	yes	aae-miR-33	dme-miR-33-5p	-	-	gugcauuguaguugcauug	caauacuucugcaaugcaag	gugcauuguaguugcauugcacuuuugcguucgauaacacggugcaauacuucugcaaugcaag	1:50888882..50888946:-
2_656	5.2	86 +/- 20%	-	8780	8780	0	0	yes	aae-miR-2a-5p	dme-miR-2a-3p	-	-	uaucacagccagcuuugaaga	ucaaagugguugugaaaug	ucaaagugguugugaaaugaguuacucuugaacgaucucauaucacagccagcuuugaaga	2:107237504..107237565:-
2_339	5.2	86 +/- 20%	-	3528	3528	0	0	yes	aae-miR-275-5p	dme-miR-275-3p	-	-	ucagguaccugaaguagcgcg	cgcuaagcaggaaccgagacu	cgcuaagcaggaaccgagacuuugucauuugcuagcagucagguaccugaaguagcgcg	2:307135670..307135729:+
3_1636	5.2	86 +/- 20%	-	693	693	0	0	yes	aae-miR-980-5p	dme-miR-980-3p	-	-	uagcugccuagugaagggcaaua	cggccguucauugggucaucuagc	cggccguucauugggucaucuagcucguguuggaaacaguuagcugccuagugaagggcaaua	3:1054522..1054585:-
1_3675	5.1	86 +/- 20%	-	23882	23882	0	0	yes	aae-miR-283	dme-miR-283-5p	-	-	caauaucagcugguaauucuggg	cggaauuccaacugauauccac	caauaucagcugguaauucugggcuuaccccaccguuauacgcuucccggaauuccaacugauauccac	1:305625600..305625669:-
2_419	5.1	86 +/- 20%	-	1840	1840	0	0	yes	aae-miR-2945-5p	dme-miR-279-3p	-	-	ugacuagaggcagacucguuua	agcggguccguuucuagugucaug	agcggguccguuucuagugucaugugcuguauucgaauaucaugacuagaggcagacucguuua	2:374947142..374947206:+
2_662	5.1	86 +/- 20%	-	3263	3263	0	0	yes	aae-miR-2c	dme-miR-2a-3p	-	-	uaucacagccagcuuugaugag	caucaaauuugguuguuuuagu	caucaaauuugguuguuuuaguacgaccucuuugaaaccccuaucacagccagcuuugaugag	2:107237997..107238060:-
3_1744	5.1	86 +/- 20%	-	569	569	0	0	yes	aae-miR-92b-3p	dme-miR-92a-3p	-	-	aauugcacuugucccggccugc	aggucgugacuugugcccauuug	aggucgugacuugugcccauuugcugaauuuuaauggucaaauugcacuugucccggccugc	3:93418515..93418577:-
1_2415	5	86 +/- 20%	-	2588	2588	0	0	yes	aae-miR-996	dme-miR-279-3p	-	-	ugacuagauuacaugcucgucu	gcgugcaugaaucuggugcacg	gcgugcaugaaucuggugcacgguuuuccaguuguaauaucgcuucgugacuagauuacaugcucgucu	1:207012536..207012605:+
2_1042	5	86 +/- 20%	-	11081	11081	0	0	yes	aae-miR-184	dme-miR-184-3p	-	-	uggacggagaacugauaagggc	ccuuaucauucuugcgccccgu	ccuuaucauucuugcgccccguguuauauuguuggcgacuggacggagaacugauaagggc	2:417599380..417599441:-
3_2104	5	86 +/- 20%	-	14655	14655	0	0	yes	aae-miR-308-5p	dme-miR-2a-3p	-	-	aaucacaggaguauacugugag	cgcgguauauucuuguggcuug	cgcgguauauucuuguggcuugaugcauuugaaaaaucucaaaucacaggaguauacugugag	3:403338483..403338546:-
1_2303	4.9	88 +/- 16%	-	203	203	0	0	yes	aae-miR-970	dme-miR-970-3p	-	-	ucauaagacacacgcggcua	gcuugcguuugucuuagcuggua	gcuugcguuugucuuagcugguauugaaugugauagguaucauaagacacacgcggcua	1:157238424..157238483:+
NIGP01000533_3816	4.9	88 +/- 16%	-	203	203	0	0	yes	aae-miR-970	dme-miR-970-3p	-	-	ucauaagacacacgcggcua	gcuugcguuugucuuagcuggua	gcuugcguuugucuuagcugguauugaaugugauagguaucauaagacacacgcggcua	NIGP01000533:10108..10167:-
2_473	4.9	88 +/- 16%	-	121	121	0	0	yes	aae-miR-965	dme-miR-965-3p	-	-	uaagcguauagcuuuucccauu	ggggaaauccuguacgcuguaug	ggggaaauccuguacgcuguauguuguauuugaauaauccauaagcguauagcuuuucccauu	2:429778750..429778813:+
2_965	4.9	88 +/- 16%	-	261	261	0	0	yes	aae-miR-9b	dme-miR-9a-5p	-	-	ucuuuggugauuuuagcuguaug	uauagcuuuaucaccaaaaacc	ucuuuggugauuuuagcuguaugcugauacguuucugauugcauauagcuuuaucaccaaaaacc	2:335780574..335780639:-
2_591	4.8	88 +/- 16%	-	981	981	0	0	yes	aae-miR-190	dme-miR-190-5p	-	-	agauauguuugauauucuugguug	cccaggaaucaaacauauuauua	agauauguuugauauucuugguuguuaaauuuuauauuaucacccaggaaucaaacauauuauua	2:48811877..48811942:-
1_2614	4.8	88 +/- 16%	-	356	356	0	0	yes	aae-miR-87	dme-miR-87-3p	-	-	gugagcaaauuuucaggugugu	cagccugaaauuugcuaaaccu	cagccugaaauuugcuaaaccuguguguauuugauucaaacaaucaaggugagcaaauuuucaggugugu	1:80682401..80682471:-
2_422	4.8	88 +/- 16%	-	2635	2635	0	0	yes	aae-let-7	dme-let-7-5p	-	-	ugagguaguugguuguauagu	uaugcaaucugcuagcuuguc	ugagguaguugguuguauaguagugacugauuaaauaucugcuaugcaaucugcuagcuuguc	2:375131497..375131560:+
2_407	4.8	88 +/- 16%	-	651	651	0	0	yes	aae-miR-124	dme-miR-124-3p	-	-	uaaggcacgcggugaaugccaa	gguauccacugccggccuauaug	gguauccacugccggccuauauguccuauuucgguacucauaaggcacgcggugaaugccaa	2:369307279..369307341:+
2_8	4.8	88 +/- 16%	-	138	138	0	0	yes	aae-miR-219	dme-miR-219-5p	-	-	ugauuguccaaacgcaauucuug	agaguugugacuggacauccgug	ugauuguccaaacgcaauucuuguuuuauucgaauaugauauccaagaguugugacuggacauccgug	2:3715261..3715329:+
1_2269	4.7	88 +/- 16%	-	36	36	0	0	yes	aae-miR-981	dme-miR-981-3p	-	-	uucguugucgacgaaaccugca	cggguuucgcggcgaacgggcu	cggguuucgcggcgaacgggcuuccaccaugaugaauagcaguucguugucgacgaaaccugca	1:118556348..118556412:+
2_252	4.7	88 +/- 16%	-	712	712	0	0	yes	aae-miR-932-5p	dme-miR-932-5p	-	-	ucaauuccguagugcauugcagu	ugcaagcaauguggaagugaag	ucaauuccguagugcauugcagugugcuuuagacgaacugcaagcaauguggaagugaag	2:231381156..231381216:+
2_983	4.7	88 +/- 16%	-	2016	2016	0	0	yes	aae-miR-263a-5p	dme-miR-263a-5p	-	-	aauggcacuggaagaauucacgg	guguucuggcaguggcauccc	aauggcacuggaagaauucacggguauauuuugaaauccccguguucuggcaguggcauccc	2:348784448..348784510:-
1_2413	4.7	88 +/- 16%	-	122	122	0	0	yes	aae-miR-279	dme-miR-279-3p	-	-	ugacuagauccacacucauua	augggugugaaucuaguguuucaca	augggugugaaucuaguguuucacaugauuuucgauagccugugacuagauccacacucauua	1:207007789..207007852:+
2_365	4.6	88 +/- 16%	-	1600	1600	0	0	yes	aae-miR-133	dme-miR-133-3p	-	-	uugguccccuucaaccagcugu	agcugguugacuucgggucaaau	agcugguugacuucgggucaaaucgucaaauauuugcaaagauauuuccucagugaaauuauuugguccccuucaaccagcugu	2:330417065..330417149:+
1_3671	4.6	88 +/- 16%	-	34697	34697	0	0	yes	aae-miR-12-5p	dme-miR-12-5p	-	-	ugaguauuacaucagguacuggu	caguacuuauguuaugcucucu	ugaguauuacaucagguacuggugucgauauucgaaucaccaacgaaucggguuccuuugauuaacuuaccaguacuuauguuaugcucucu	1:305613548..305613640:-
2_1026	4.6	88 +/- 16%	-	54001	54001	0	0	yes	aae-miR-1	dme-miR-1-3p	-	-	uggaauguaaagaaguauggag	ccaugcuuccuugcauucaaua	ccaugcuuccuugcauucaauagugauucugaaagcauauggaauguaaagaaguauggag	2:399501023..399501084:-
2_725	4.5	88 +/- 16%	-	1770	1770	0	0	yes	aae-miR-263b-5p	dme-miR-263b-5p	-	-	cuuggcacugggagaauucacag	guggaucuuuucgugccaucgu	cuuggcacugggagaauucacaggcgcuauuugcuaucauucuguggaucuuuucgugccaucgu	2:153371131..153371196:-
1_3685	4.5	88 +/- 16%	-	25	25	0	0	yes	aae-miR-iab-4-5p	dme-miR-iab-4-5p	-	-	acguauacugaauguauccuga	gguauaccuucaguauacguaa	acguauacugaauguauccugagugcuaucuauccgguauaccuucaguauacguaa	1:308965424..308965481:-
3_1717	4.5	88 +/- 16%	-	149	149	0	0	yes	aae-miR-1000	dme-miR-1000-5p	-	-	auauuguccugucacagcagua	cuguuguuucgggacauuuaca	auauuguccugucacagcaguacuguuacaaauuuacuguuguuucgggacauuuaca	3:74204061..74204119:-
2_424	4.4	88 +/- 16%	-	1047	1047	0	0	yes	aae-miR-125-5p	dme-miR-125-5p	-	-	ucccugagacccuaacuuguga	acaaguuuugaucuccgguauu	ucccugagacccuaacuugugacuauaguugaaguuucacaaguuuugaucuccgguauu	2:375131781..375131841:+
2_342	4	88 +/- 16%	-	9682	9682	0	0	yes	aae-miR-305-5p	dme-miR-305-5p	-	-	auuguacuucaucaggugcucugg	ccggcacauguuggaguacacuua	auuguacuucaucaggugcucugguuguuuucgauacccggcacauguuggaguacacuua	2:307145445..307145506:+
3_2108	3.9	2 +/- 11%	-	1208	1208	0	0	yes	aae-miR-285	dme-miR-285-3p	-	-	uagcaccauucgaaaucaguac	acuggcuuccaaaggugaguaga	acuggcuuccaaaggugaguagauggcauucgauacacucuagcaccauucgaaaucaguac	3:406875046..406875108:-
3_1292	3.8	2 +/- 11%	-	18837	18694	0	143	yes	aae-miR-31	dme-miR-31b-5p	-	-	uggcaagauguuggcauagcug	uagcuauucaacuucuugucu	uggcaagauguuggcauagcugaaaguuuugaguuuagcuauucaacuucuugucu	3:136174150..136174206:+
2_246	3.7	2 +/- 11%	-	2545	2545	0	0	yes	aae-miR-7	dme-miR-7-5p	-	-	uggaagacuagugauuuuguuguu	uaacaauaaaucucaagucuuucuac	uggaagacuagugauuuuguuguuuugcuuacgauaauaacaauaaaucucaagucuuucuac	2:222802544..222802607:+
2_340	3.2	2 +/- 11%	-	3528	3528	0	0	yes	aae-miR-275-3p	dme-miR-275-3p	-	-	ucagguaccugaaguagcgcg	agcgacaacagaggcgugaaa	ucagguaccugaaguagcgcgcgugaucaaacaggaagcgucaucaagcgacaacagaggcgugaaa	2:307135708..307135775:+
2_602	2	2 +/- 6%	-	317	317	0	0	yes	aae-miR-11894a	-	-	-	uuuaccauuucaagaugaccua	ggucgucuugaaaugguaaaga	ggucgucuugaaaugguaaagagugucaaucaucaucuuuaccauuucaagaugaccua	2:58785850..58785909:-
2_600	2	2 +/- 6%	-	317	317	0	0	yes	aae-miR-11894a	-	-	-	uuuaccauuucaagaugaccua	gguugucuugaaaugguaaaga	gguugucuugaaaugguaaagagugucaaccaucaucuuuaccauuucaagaugaccua	2:58783350..58783409:-
2_604	2	2 +/- 6%	-	317	317	0	0	yes	aae-miR-11894a	-	-	-	uuuaccauuucaagaugaccua	ggucgucuugaaaugguaaaga	ggucgucuugaaaugguaaagagugucaaucaucaucuuuaccauuucaagaugaccua	2:58787426..58787485:-
3_1942	1.7	3 +/- 8%	-	1304	1304	0	0	yes	aae-miR-278-5p	-	-	-	ggugggacuuucguccguuu	acggacgauagucuucagcgg	acggacgauagucuucagcggccgugcauuugauagaaguggucggugggacuuucguccguuu	3:243123888..243123952:-
3_1761	1.4	3 +/- 8%	-	96	96	0	0	yes	aae-miR-2765	-	-	-	ugguaacuccaccaccguugg	aaugggagcuggaguucccgcg	ugguaacuccaccaccguuggcgauauuugacagccaaugggagcuggaguucccgcg	3:101895454..101895512:-
2_1040	1.4	3 +/- 8%	-	2236	2236	0	0	yes	aae-miR-1890	-	-	-	ugaaaucuuugauuaggucugg	agagcuaauuggagaguucuug	agagcuaauuggagaguucuugaauaguguugugaaccuucaugaaaucuuugauuaggucugg	2:413654961..413655025:-
2_876	1.4	3 +/- 8%	-	29	29	0	0	yes	aae-miR-2946	-	-	-	uaguacggaaaagauauggg	cauauuuuuaccgcuacugca	cauauuuuuaccgcuacugcauuucauuguaauaauuguaguacggaaaagauauggg	2:268456443..268456501:-
1_3660	1.3	3 +/- 8%	-	23172	23172	0	0	no	aae-miR-317	dme-miR-317-3p	-	-	ugaacacagcuggugguaucuc	gauacacccugugcucgcu	gauacacccugugcucgcuuugcauucgaaacuagugaacacagcuggugguaucuc	1:302667132..302667189:-
2_993	1	3 +/- 8%	-	1822	1822	0	0	yes	aae-miR-1891	-	-	-	ugaggaguuaauuugcguguuu	acacguccauuaacucugguac	ugaggaguuaauuugcguguuuuuguauuugauuaaacacguccauuaacucugguac	2:360084867..360084925:-
2_874	0.9	0 +/- 0%	-	208	208	0	0	yes	aae-miR-2941	-	-	-	aguacggcuagaacuccacgga	cgugaagcucagcugcauuac	cgugaagcucagcugcauuacacgauauggaauacgguuuguaguacggcuagaacuccacgga	2:268456314..268456378:-
2_629	0	0 +/- 0%	-	6247	6247	0	0	no	aae-miR-276-3p	dme-miR-276a-3p	-	-	uaggaacuucauaccgugcucu	gguaaugguggaaguucguggc	uaggaacuucauaccgugcucuuggauugcuuggaagucaucgagaggguaaugguggaaguucguggc	2:73509352..73509421:-
2_642	-2.3	0 +/- 0%	-	16612	16612	0	0	no	aae-miR-281-5p	dme-miR-281-2-5p	-	-	aagagagcuauccgucgacagu	cguugacgugggauuuuuuug	cguugacgugggauuuuuuuguucauuuuguucuuucgcugguuucgaauaugaaaauaaagagagcuauccgucgacagu	2:96469398..96469479:-
2_421	-7.7	0 +/- 0%	-	2635	2635	0	0	no	aae-let-7	dme-let-7-5p	-	-	ugagguaguugguuguauagu	auuacaguacugcuucuuc	auuacaguacugcuucuuccacguugagguaguugguuguauagu	2:375131473..375131518:+

#miRBase miRNAs not detected by miRDeep2
miRBase precursor id	total read count	mature read count(s)	star read count	remaining reads	UCSC browser	NCBI blastn	miRBase mature sequence(s)	miRBase star sequence(s)	miRBase precursor sequence
40505	40505	0	0	-	-	caaccacuauccgcccugccgcc	uggcagugugguuagcugguug	-	caaggcaauacgcuauggcagugugguuagcugguuguguagaacuuuggggggcuuccguggcguucgcgcgcacacgggggcucagauucacaaccacuauccgcccugccgccgcgaggugccagg	
9400	9400	0	0	-	-	caucuuaccgggcagcauuaga	uaauacugucagguaaagauguc	-	gucuguucacaucuuaccgggcagcauuagauauuuuugaaauacuucuaauacugucagguaaagaugucguccgaac	
4314	4314	0	0	-	-	cacguuacagauugggguuucc	uaaucucaaauuguaacagugg	-	gagguaaucucaaauuguaacaguggguugauuuuccuggugaaucccggccuuguccuccgucacaagugugacaagugucucgaaaacguguucgcuauacccacguuacagauugggguuucccc	
4302	4302	0	0	-	-	ugucuuuuuccgcuuacugccg	-	ccaacauuuugauugauuugucuuuuuccgcuuacugccgguggcauuugaaauucucgacagcaaaccgaaaaaggcgccucaaucaauu	
3506	3393	0	113	-	-	cuugugcgugugacaacgg	-	cucauugcagcugcugaccacugcacaagauuagauuaugacucuugugcgugugacaacggcuauug	
2189	2189	0	0	-	-	ugugaugugacguagugguac	-	uucaucauacggucaugggggaccgccgcuaccucgcuuucacuugguaccgauuucccauaauccaugugaugugacguagugguaccuucccuuggcuauuacaacacuuccu	
2152	2152	0	0	-	-	ucagguacugagugacucucag	gagagcaccucgguaucuaagc	-	cauucgcaauuucaccgguucagguacugagugacucucagaugugcauuucucaagcaaucucguccucaggaccugagguugaaaaacccugagagcaccucgguaucuaagccaguguugcgaaaa	
1022	1022	0	0	-	-	ugguuuaucuuaucugucgaggc	gucgacagggagauaaaucacu	-	cauugguuuaucuuaucugucgaggcaaguuauuuuaccggauaguguuucuuuucgugagcaaucaccacuauccagcucuucuugucgacagggagauaaaucacug	
190	190	0	0	-	-	uucaugcauucacuucugcuga	-	gauaagcaggagugaaugcaugaguuuggcauuugaaacuaauucaugcauucacuucugcugauc	
126	126	0	0	-	-	aacccguagauccgaacuugug	-	gcguagugguuguaguuacccauuugcaggaacccguagauccgaacuugugcugccguuucacauguuacaagaacggauguaugggauucugccgauguauggcuaaagcaucgaucgauuugu	
20	19	0	1	-	-	acccuguagauccgaauuuguu	-	uuuguucuacaucuacccuguagauccgaauuuguuugaauauuuaacaagcgacaaauucgguucuagagagguuuguguggggcauu	






















100	0	0	100	-	-	uacuggccuacuaagucccaac	-	gcuugcuauguaauuuuuucaaucgaacugggauuuuguggaccagaagauuuccuccauucgauaauagcuacuggccuacuaagucccaacuuguuuggaaauuguccgacagauagcaagc	






























12	0	0	12	-	-	uuggacuggcaugcguuuaugg	-	cccauaaacgcauaauugucccaugugaauagaaaauccagccacauuggacuggcaugcguuuauggg	
