miRDeep2 score	novel miRNAs reported by miRDeep2	novel miRNAs, estimated false positives	novel miRNAs, estimated true positives	known miRNAs in species	known miRNAs in data	known miRNAs detected by miRDeep2	estimated signal-to-noise	excision gearing
10	0	0 +/- 0	0 +/- 0 (0 +/- 0%)	164	0	0 (0%)	0	1
9	0	0 +/- 0	0 +/- 0 (0 +/- 0%)	164	0	0 (0%)	0	1
8	0	0 +/- 0	0 +/- 0 (0 +/- 0%)	164	0	0 (0%)	0	1
7	0	0 +/- 0	0 +/- 0 (0 +/- 0%)	164	0	0 (0%)	0	1
6	0	0 +/- 0	0 +/- 0 (0 +/- 0%)	164	0	0 (0%)	0	1
5	0	0 +/- 0	0 +/- 0 (0 +/- 0%)	164	0	0 (0%)	0	1
4	0	0 +/- 0	0 +/- 0 (0 +/- 0%)	164	0	0 (0%)	0	1
3	0	0 +/- 0	0 +/- 0 (0 +/- 0%)	164	0	0 (0%)	0	1
2	1	0 +/- 1	1 +/- 0 (59 +/- 49%)	164	0	0 (0%)	2.2	1
1	5	1 +/- 1	4 +/- 1 (89 +/- 13%)	164	0	0 (0%)	9.4	1
0	6	4 +/- 1	2 +/- 1 (34 +/- 20%)	164	0	0 (0%)	1.5	1
-1	9	10 +/- 2	0 +/- 1 (5 +/- 10%)	164	0	0 (0%)	0.9	1
-2	10	17 +/- 3	0 +/- 0 (0 +/- 0%)	164	0	0 (0%)	0.6	1
-3	13	21 +/- 3	0 +/- 0 (0 +/- 0%)	164	0	0 (0%)	0.6	1
-4	20	30 +/- 4	0 +/- 0 (0 +/- 0%)	164	0	0 (0%)	0.7	1
-5	23	36 +/- 4	0 +/- 0 (0 +/- 0%)	164	0	0 (0%)	0.6	1
-6	29	43 +/- 4	0 +/- 0 (0 +/- 0%)	164	0	0 (0%)	0.7	1
-7	34	51 +/- 5	0 +/- 0 (0 +/- 0%)	164	0	0 (0%)	0.7	1
-8	39	56 +/- 5	0 +/- 0 (0 +/- 0%)	164	0	0 (0%)	0.7	1
-9	45	63 +/- 5	0 +/- 0 (0 +/- 0%)	164	0	0 (0%)	0.7	1
-10	51	68 +/- 5	0 +/- 0 (0 +/- 0%)	164	0	0 (0%)	0.8	1



novel miRNAs predicted by miRDeep2
provisional id	miRDeep2 score	estimated probability that the miRNA candidate is a true positive	rfam alert	total read count	mature read count	loop read count	star read count	significant randfold p-value	miRBase miRNA	example miRBase miRNA with the same seed	UCSC browser	NCBI blastn	consensus mature sequence	consensus star sequence	consensus precursor sequence	precursor coordinate
2_178	2.4	59 +/- 49%	-	61	61	0	0	yes	-	-	-	-	uauaaugaaugccaggaau	uccuugcauucauuauaaa	uauaaugaaugccaggaauauuauugccauaauugguuuguaccaauuauggcaauaauauuccuugcauucauuauaaa	2:257265490..257265570:+
NIGP01001749_1722	1.7	89 +/- 13%	-	22	22	0	0	yes	-	-	-	-	uuguaaaacuguguaagac	cuuacacaguuuuaccacagaua	cuuacacaguuuuaccacagauaacagacguuuaaguccgauuguaaaacuguguaagac	NIGP01001749:9009..9069:-
1_1453	1.2	89 +/- 13%	-	59	59	0	0	yes	-	-	-	-	aaugcaauaccgaaugauuguuuac	ugauuccguucgaguggcauucg	aaugcaauaccgaaugauuguuuacauucugauuccguucgaguggcauucg	1:84238488..84238540:-
1_1427	1.1	89 +/- 13%	-	13	13	0	0	no	-	dme-miR-219-3p	-	-	aggguugcgagcgcguaccguacc	uauggugccuauugguauccuuau	aggguugcgagcgcguaccguaccgugucacacgaugcacucugcgucaucaccgguauggugccuauugguauccuuau	1:41045519..41045599:-
2_448	1.1	89 +/- 13%	-	45	45	0	0	yes	-	-	-	-	uugucguagacuacaauguc	cauugugguccagcgguacag	cauugugguccagcgguacagcgaugucgaugaguguaauucguuucauccuuuugucguagacuacaauguc	2:201216871..201216944:-
3_744	0.1	34 +/- 20%	-	49	49	0	0	yes	-	-	-	-	uuauuauugccauuggacaaagu	uuugugcaugguaauuaauuug	uuauuauugccauuggacaaaguaacuggcaguauuuggaaaaaugccuugcuacgauuuugugcaugguaauuaauuug	3:105876399..105876479:+



mature miRBase miRNAs detected by miRDeep2
tag id	miRDeep2 score	estimated probability that the miRNA is a true positive	rfam alert	total read count	mature read count	loop read count	star read count	significant randfold p-value	mature miRBase miRNA	example miRBase miRNA with the same seed	UCSC browser	NCBI blastn	consensus mature sequence	consensus star sequence	consensus precursor sequence	precursor coordinate

#miRBase miRNAs not detected by miRDeep2
miRBase precursor id	total read count	mature read count(s)	star read count	remaining reads	UCSC browser	NCBI blastn	miRBase mature sequence(s)	miRBase star sequence(s)	miRBase precursor sequence

































































































































