miRDeep2 score	novel miRNAs reported by miRDeep2	novel miRNAs, estimated false positives	novel miRNAs, estimated true positives	known miRNAs in species	known miRNAs in data	known miRNAs detected by miRDeep2	estimated signal-to-noise	excision gearing
10	7	0 +/- 1	7 +/- 1 (95 +/- 8%)	164	100	50 (50%)	75.9	2
9	7	0 +/- 1	7 +/- 1 (95 +/- 8%)	164	100	50 (50%)	75.9	2
8	7	0 +/- 1	7 +/- 1 (95 +/- 8%)	164	100	50 (50%)	75.9	2
7	7	0 +/- 1	7 +/- 1 (95 +/- 8%)	164	100	50 (50%)	74.5	2
6	7	0 +/- 1	7 +/- 1 (95 +/- 8%)	164	100	50 (50%)	73.2	2
5	8	0 +/- 1	8 +/- 1 (95 +/- 8%)	164	100	62 (62%)	72.9	2
4	9	1 +/- 1	8 +/- 1 (94 +/- 8%)	164	100	75 (75%)	70.5	2
3	9	1 +/- 1	8 +/- 1 (91 +/- 10%)	164	100	79 (79%)	51.2	2
2	12	1 +/- 1	11 +/- 1 (91 +/- 9%)	164	100	81 (81%)	41.6	2
1	15	2 +/- 1	13 +/- 1 (88 +/- 8%)	164	100	83 (83%)	27.2	2
0	22	5 +/- 2	17 +/- 2 (79 +/- 9%)	164	100	90 (90%)	14.3	2
-1	27	13 +/- 3	14 +/- 3 (52 +/- 12%)	164	100	90 (90%)	6.2	2
-2	33	30 +/- 4	3 +/- 3 (10 +/- 10%)	164	100	91 (91%)	3.1	2
-3	63	43 +/- 5	20 +/- 5 (32 +/- 8%)	164	100	91 (91%)	2.8	2
-4	102	76 +/- 7	26 +/- 7 (26 +/- 7%)	164	100	91 (91%)	2.2	2
-5	140	173 +/- 10	0 +/- 0 (0 +/- 0%)	164	100	92 (92%)	1.2	2
-6	172	307 +/- 13	0 +/- 0 (0 +/- 0%)	164	100	92 (92%)	0.8	2
-7	198	430 +/- 16	0 +/- 0 (0 +/- 0%)	164	100	92 (92%)	0.6	2
-8	268	534 +/- 18	0 +/- 0 (0 +/- 0%)	164	100	92 (92%)	0.6	2
-9	366	630 +/- 18	0 +/- 0 (0 +/- 0%)	164	100	92 (92%)	0.7	2
-10	456	707 +/- 19	0 +/- 0 (0 +/- 0%)	164	100	92 (92%)	0.7	2



novel miRNAs predicted by miRDeep2
provisional id	miRDeep2 score	estimated probability that the miRNA candidate is a true positive	rfam alert	total read count	mature read count	loop read count	star read count	significant randfold p-value	miRBase miRNA	example miRBase miRNA with the same seed	UCSC browser	NCBI blastn	consensus mature sequence	consensus star sequence	consensus precursor sequence	precursor coordinate
3_8712	24.7	95 +/- 8%	-	46	43	0	3	yes	-	-	-	-	cuagaggcagcaacagccgcu	uggcuguugcugccucaaggc	cuagaggcagcaacagccgcucaaauuuccuugcguggcuguugcugccucaaggc	3:87522478..87522534:+
2_4455	15.9	95 +/- 8%	-	29	22	0	7	yes	-	-	-	-	ugaggcgucuucugguggcugg	agucaccaucugauacugacgg	agucaccaucugauacugacggaggauggaugugcuccccaaagcacgguccuccgugaggcgucuucugguggcugg	2:95229644..95229722:-
3_9779	15.8	95 +/- 8%	-	29	22	0	7	yes	-	-	-	-	ugaggcgucuucugguggcugg	agucaccaucugauacugacgg	agucaccaucugauacugacggaggauggaugugcuccccaaagcacgguccuccgugaggcgucuucugguggcugg	3:183927730..183927808:+
3_10301	15.8	95 +/- 8%	-	29	22	0	7	yes	-	-	-	-	ugaggcgucuucugguggcugg	agucaccaucugauacugacgg	agucaccaucugauacugacggaggauggaugugcuucccaaagcacgguccuccgugaggcgucuucugguggcugg	3:224729210..224729288:+
3_13292	15.8	95 +/- 8%	-	29	22	0	7	yes	-	-	-	-	ugaggcgucuucugguggcugg	agucaccaucugauacugacgg	agucaccaucugauacugacggaggauggaugugcuccccaaagcacgguccuccgugaggcgucuucugguggcugg	3:161042596..161042674:-
NIGP01000292_22419	15.7	95 +/- 8%	-	29	22	0	7	yes	-	-	-	-	ugaggcgucuucugguggcugg	agucaccaucugauacugacgg	agucaccaucugauacugacggaggauggaugugaacgguccuccgugaggcgucuucugguggcugg	NIGP01000292:17991..18059:-
1_19836	13.2	95 +/- 8%	-	24	7	0	17	yes	-	-	-	-	agucaccaucugauacugacgg	ugaggcgucuucugguggcuga	agucaccaucugauacugacggaggauggaugugcuccccaaagcacgguccuccgugaggcgucuucugguggcuga	1:196769710..196769788:-
3_12545	5.3	95 +/- 8%	-	17	14	0	3	no	-	-	-	-	gaggucaaguccaccgccggugac	aucuugguggugaggacuuugacaacc	gaggucaaguccaccgccggugacacccaucuugguggugaggacuuugacaacc	3:93750520..93750575:-
3_8671	4.9	94 +/- 8%	-	11	11	0	0	yes	-	dme-miR-971-3p	-	-	uugguguuauaucuuacagugag	ggcuguaaguauuacagcaagc	ggcuguaaguauuacagcaagcuugcuauucgaaaggcgcuugguguuauaucuuacagugag	3:82678953..82679016:+
3_8127	2.9	91 +/- 9%	-	3	2	0	1	yes	-	-	-	-	uuaggccuuaaaucuaguuua	accagguuuaaggucuaagcgg	accagguuuaaggucuaagcgguggugaagaaaccgcuuauaagagacaauuucuucaccaccgcuuaggccuuaaaucuaguuua	3:9070722..9070808:+
1_17074	2.4	91 +/- 9%	-	36	36	0	0	yes	-	-	-	-	cuagaggcagcaacagccgcu	cggcuguugcugccuuaaggc	cuagaggcagcaacagccgcucaaaauuuccuugcgcggcuguugcugccuuaaggc	1:194259872..194259929:+
2_3256	2.2	91 +/- 9%	-	32	32	0	0	yes	-	-	-	-	cuagaggcagcaacagccgcu	cggcuguugcugccuuaaggc	cuagaggcagcaacagccgcucaaaauuuccuugcgcggcuguugcugccuuaaggc	2:443101072..443101129:+
3_11997	1.9	88 +/- 8%	-	12	12	0	0	yes	-	-	-	-	ugaaaaccuuaucgauugguca	accaaucgauuaaguuuucagc	ugaaaaccuuaucgauuggucaccaccagugagugaccaaucgauuaaguuuucagc	3:21888963..21889020:-
3_10072	1.8	88 +/- 8%	-	4	2	2	0	yes	-	dme-miR-969-3p	-	-	aacuugacauuugagcggug	ccgcucaaacgucagauag	aacuugacauuugagcggugccgaauucacucguugccauggucacguaaaaaacacggcaccgcucaaacgucagauag	3:209305115..209305195:+
3_10185	1.6	88 +/- 8%	-	15	15	0	0	yes	-	-	-	-	caccuguccagcgaauugggag	cccaauucgauagacaugcg	cccaauucgauagacaugcggcugcgguaguugguaacgcaccuguccagcgaauugggag	3:218717124..218717185:+
2_1045	0.8	79 +/- 9%	-	10	10	0	0	yes	-	-	-	-	augugguuuacggcuuaagcga	gcuuaggccuuaaaccugguuu	gcuuaggccuuaaaccugguuuaaucguauggguaaaugugguuuacggcuuaagcga	2:134692798..134692856:+
NIGP01002300_22456	0.8	79 +/- 9%	-	9	8	0	1	yes	-	-	-	-	uauuugacguuuuagcggugc	ucaaacgucaaauuagugaacu	uauuugacguuuuagcggugccguguuuucuaggugaccauggaaacuagugaauucggcaccgcucaaacgucaaauuagugaacu	NIGP01002300:17454..17541:+
2_6399	0.7	79 +/- 9%	-	12	12	0	0	yes	-	-	-	-	gcucugguauuuugauguucga	ggaacucaagauaccagaucau	gcucugguauuuugauguucgauggauuugauauuacucggaacucaagauaccagaucau	2:289697989..289698050:-
3_14380	0.7	79 +/- 9%	-	78	78	0	0	yes	-	-	-	-	aauuuaucucuuguauggaaac	uuucauacaagaggcaaacuca	uuucauacaagaggcaaacucaaugaugcagaugaauuuaucucuuguauggaaac	3:281642892..281642948:-
1_18113	0.2	79 +/- 9%	-	9	9	0	0	yes	-	-	-	-	uucaacccaggcgaaaugacauu	uuuuauuccuauucgccuggguugaagc	uuuuauuccuauucgccuggguugaagcaucgcuaagcuucaacccaggcgaaaugacauu	1:304676717..304676778:+
3_10567	0.2	79 +/- 9%	-	10	10	0	0	yes	-	-	-	-	augugguuuacggcuuaagcga	gcauaggccuuaauccugguuu	gcauaggccuuaauccugguuuaaucguauggguaaaugugguuuacggcuuaagcga	3:260478149..260478207:+
2_534	0.2	79 +/- 9%	-	10	8	0	2	no	-	-	-	-	aagucucucaauuucuugggaa	uuccgaauuauugaggguccgc	aagucucucaauuucuugggaaguacccgcauucuuuccgaauuauugaggguccgc	2:71620034..71620091:+



mature miRBase miRNAs detected by miRDeep2
tag id	miRDeep2 score	estimated probability that the miRNA is a true positive	rfam alert	total read count	mature read count	loop read count	star read count	significant randfold p-value	mature miRBase miRNA	example miRBase miRNA with the same seed	UCSC browser	NCBI blastn	consensus mature sequence	consensus star sequence	consensus precursor sequence	precursor coordinate
1_22005	104711.2	95 +/- 8%	-	205378	205372	0	6	yes	aae-miR-283	dme-miR-283-5p	-	-	caauaucagcugguaauucuggg	cggaauuccaacugauauccac	caauaucagcugguaauucugggcuuaccccaccguuauacgcuucccggaauuccaacugauauccac	1:305625600..305625669:-
1_22001	44592.6	95 +/- 8%	-	87459	87448	0	11	yes	aae-miR-12-5p	dme-miR-12-5p	-	-	ugaguauuacaucagguacuggu	caguacuuauguuaugcucucu	ugaguauuacaucagguacuggugucgauauucgaaucaccaacgaaucggguuccuuugauuaacuuaccaguacuuauguuaugcucucu	1:305613548..305613640:-
2_4548	19795.3	95 +/- 8%	-	38819	38783	0	36	yes	aae-miR-2a-5p	dme-miR-2a-3p	-	-	uaucacagccagcuuugaagagcg	acucucaaagugguugugaaaug	acucucaaagugguugugaaaugaguuacucuugaacgaucucauaucacagccagcuuugaagagcg	2:107237501..107237569:-
2_2432	10885.9	95 +/- 8%	-	21346	21345	0	1	yes	aae-miR-305-5p	dme-miR-305-5p	-	-	auuguacuucaucaggugcucugg	cggcacauguuggaguacacuu	auuguacuucaucaggugcucugguuguuuucgauacccggcacauguuggaguacacuu	2:307145445..307145505:+
2_4546	7557.2	95 +/- 8%	-	14814	14797	0	17	yes	aae-miR-2c	dme-miR-2a-3p	-	-	uaucacagccagcuuugaugagcu	acucucaaaguggcugugaaaug	acucucaaaguggcugugaaaugguuugauuuugcucauaucacagccagcuuugaugagcu	2:107235884..107235946:-
3_9755	4336.7	95 +/- 8%	-	8501	8499	0	2	yes	aae-bantam-5p	dme-bantam-3p	-	-	ugagaucauuuugaaagcugauu	ccgguuuucauuuucgaucugacuu	ccgguuuucauuuucgaucugacuuauuugauuuaacaagagugagaucauuuugaaagcugauu	3:178082830..178082895:+
2_4550	3547	95 +/- 8%	-	6949	6921	0	28	yes	aae-miR-13-5p	dme-miR-2a-3p	-	-	uaucacagccauuuugacgaguu	ucguaaaaaugguugugcugu	ucguaaaaaugguugugcuguguuguuacgcucgaaauucauaucacagccauuuugacgaguu	2:107237649..107237713:-
2_4141	2382.9	95 +/- 8%	-	4666	4662	0	4	yes	aae-miR-190	dme-miR-190-5p	-	-	agauauguuugauauucuugguug	cccaggaaucaaacauauuauua	agauauguuugauauucuugguuguuaaauuuuauauuaucacccaggaaucaaacauauuauua	2:48811877..48811942:-
3_12402	2314.1	95 +/- 8%	-	4530	4523	0	7	yes	aae-miR-11-5p	dme-miR-2a-3p	-	-	caucacagucugaguucuugcu	cgagaacuccggcugugaccug	cgagaacuccggcugugaccuguguacacuuuauccaaaucacaucacagucugaguucuugcu	3:75489864..75489928:-
1_17277	2226.6	95 +/- 8%	-	4359	4357	1	1	yes	aae-miR-996	dme-miR-279-3p	-	-	ugacuagauuacaugcucgucu	ggcgugcaugaaucuggugcac	ggcgugcaugaaucuggugcacgguuuuccaguuguaauaucgcuucgugacuagauuacaugcucgucu	1:207012535..207012605:+
2_2429	1781.7	95 +/- 8%	-	3486	3484	0	2	yes	aae-miR-275-5p	dme-miR-275-3p	-	-	ucagguaccugaaguagcgcgcg	cgcgcuaagcaggaaccgagacu	cgcgcuaagcaggaaccgagacuuugucauuugcuagcagucagguaccugaaguagcgcgcg	2:307135668..307135731:+
2_4555	1606.4	95 +/- 8%	-	3149	2316	0	833	yes	aae-miR-71-5p	-	-	-	agaaagacauggguagugagau	ucucacuaccuugucuuucaug	agaaagacauggguagugagauaguuucacccuauugcacugggaucucacuaccuugucuuucaug	2:107238287..107238354:-
3_12522	1147.3	95 +/- 8%	-	2242	2240	1	1	yes	aae-miR-92b-3p	dme-miR-92a-3p	-	-	aauugcacuugucccggccugc	aggucgugacuugugcccauu	aggucgugacuugugcccauuugcugaauuuuaauggucaaauugcacuugucccggccugc	3:93418515..93418577:-
2_4463	1079.6	95 +/- 8%	-	2109	2065	0	44	yes	aae-miR-282-5p	dme-miR-282-5p	-	-	uagccucuccuaggcuuugucu	acauagccugacagagguuagg	uagccucuccuaggcuuugucuguuaccuuccuugggaauuccacuagccagacauagccugacagagguuagg	2:96911966..96912040:-
1_19645	958.5	95 +/- 8%	-	1873	1750	0	123	yes	aae-miR-252-5p	dme-miR-252-5p	-	-	cuaaguacuagugccgcaggag	ccugcugcccaagugcuuaucg	cuaaguacuagugccgcaggagagauuugaaccccugcugcccaagugcuuaucg	1:175818157..175818212:-
3_12400	750.5	95 +/- 8%	-	1463	1460	0	3	yes	aae-miR-998	dme-miR-285-3p	-	-	uagcaccaugagauucagcuc	acugaacucucgugggucug	acugaacucucgugggucugcaguugauauuucgaaagcuuguagcaccaugagauucagcuc	3:75489589..75489652:-
1_17275	469.4	95 +/- 8%	-	913	907	0	6	yes	aae-miR-279	dme-miR-279-3p	-	-	ugacuagauccacacucauuaa	gaugggugugaaucuaguguuuca	gaugggugugaaucuaguguuucacaugauuuucgauagccugugacuagauccacacucauuaa	1:207007788..207007853:+
2_4307	463.2	95 +/- 8%	-	900	814	0	86	yes	aae-miR-276-5p	dme-miR-276a-3p	-	-	uaggaacuucauaccgugcucu	agcgagguauagaguuccuacg	agcgagguauagaguuccuacguugcgugugcgaaauugguaggaacuucauaccgugcucu	2:73120452..73120514:-
2_4459	459.9	95 +/- 8%	-	894	780	0	114	yes	aae-miR-281-5p	dme-miR-281-2-5p	-	-	aagagagcuauccgucgacagu	ugucauggaauugcucucuuua	aagagagcuauccgucgacaguagggauaugauucacugucauggaauugcucucuuua	2:96469361..96469420:-
1_18593	392.5	95 +/- 8%	-	761	721	0	40	yes	aae-miR-33	dme-miR-33-5p	-	-	gugcauuguaguugcauugca	caauacuucugcaaugcaagcc	gugcauuguaguugcauugcacuuuugcguucgauaacacggugcaauacuucugcaaugcaagcc	1:50888880..50888946:-
2_6879	345.7	95 +/- 8%	-	670	660	0	10	yes	aae-miR-9b	dme-miR-9a-5p	-	-	ucuuuggugauuuuagcuguaug	uauagcuuuaucaccaaaaacc	ucuuuggugauuuuagcuguaugcugauacguuucugauugcauauagcuuuaucaccaaaaacc	2:335780574..335780639:-
3_11243	312	95 +/- 8%	-	605	601	0	4	yes	aae-miR-8-5p	dme-miR-8-3p	-	-	uaauacugucagguaaagauguc	caucuuaccgggcagcauuaga	caucuuaccgggcagcauuagauauuuuugaaauacuucuaauacugucagguaaagauguc	3:328527955..328528017:+
3_12536	302.8	95 +/- 8%	-	586	585	0	1	yes	aae-miR-92a-5p	dme-miR-92a-3p	-	-	uauugcacuugucccggccuau	cgguacggacaggggcaacauug	cgguacggacaggggcaacauugugacauuugaaagcuaauauugcacuugucccggccuau	3:93477596..93477658:-
3_12613	250	95 +/- 8%	-	489	488	0	1	yes	aae-miR-2765	-	-	-	ugguaacuccaccaccguuggc	caaugggagcuggaguucccgcg	ugguaacuccaccaccguuggcgauauuugacagccaaugggagcuggaguucccgcg	3:101895454..101895512:-
2_6887	208	95 +/- 8%	-	400	228	0	172	yes	aae-miR-9c-5p	dme-miR-9a-5p	-	-	ucuuugguauucuagcuguaga	uaaagcuuuaguaccagagguc	ucuuugguauucuagcuguagaauguugagcuuugugauaugguaucuucuaaagcuuuaguaccagagguc	2:335810364..335810436:-
3_10466	160.5	95 +/- 8%	-	306	165	0	141	yes	aae-miR-307	dme-miR-307a-5p	-	-	acucacucaaccugggugugaug	ucacaaccuccuugagugagcg	acucacucaaccugggugugaugcuuauuugaaucaucacaaccuccuugagugagcg	3:244794376..244794434:+
2_737	136.1	95 +/- 8%	-	258	247	0	11	yes	aae-miR-988-5p	dme-miR-988-3p	-	-	ccccuuguugcaaaccucacgc	gugugcuuugugacaaugagau	gugugcuuugugacaaugagauucgguucgauaucauccccuuguugcaaaccucacgc	2:93351380..93351439:+
2_6882	119.5	95 +/- 8%	-	226	224	0	2	yes	aae-miR-79-5p	dme-miR-4-3p	-	-	auaaagcuagauuaccaaagcau	cuuuggcgcuuuagcuguauga	cuuuggcgcuuuagcuguaugauagaauuuaauauuucauaaagcuagauuaccaaagcau	2:335780884..335780945:-
NIGP01000533_22594	114.2	95 +/- 8%	-	216	214	0	2	yes	aae-miR-970	dme-miR-970-3p	-	-	ucauaagacacacgcggcuau	agcuugcguuugucuuagcugguau	agcuugcguuugucuuagcugguauugaaugugauagguaucauaagacacacgcggcuau	NIGP01000533:10107..10168:-
1_16789	114.2	95 +/- 8%	-	216	214	0	2	yes	aae-miR-970	dme-miR-970-3p	-	-	ucauaagacacacgcggcuau	agcuugcguuugucuuagcugguau	agcuugcguuugucuuagcugguauugaaugugauagguaucauaagacacacgcggcuau	1:157238423..157238484:+
1_18822	65.7	95 +/- 8%	-	121	109	0	12	yes	aae-miR-87	dme-miR-87-3p	-	-	gugagcaaauuuucaggugugu	cagccugaaauuugcuaaaccu	cagccugaaauuugcuaaaccuguguguauuugauucaaacaaucaaggugagcaaauuuucaggugugu	1:80682401..80682471:-
3_14782	28.7	95 +/- 8%	-	48	25	0	23	yes	aae-miR-10365	dme-miR-927-5p	-	-	auuagaauguggaaucuguuuuu	aaaaguuuucauauucuugcgg	auuagaauguggaaucuguuuuuguacaucaaguguuacgaaacgaagcaaaaaaguuuucauauucuugcgg	3:320775621..320775694:-
NIGP01001634_22607	28.7	95 +/- 8%	-	48	25	0	23	yes	aae-miR-10365	dme-miR-927-5p	-	-	auuagaauguggaaucuguuuuu	aaaaguuuucauauucuugcgg	auuagaauguggaaucuguuuuuguacaucaaguguuacgaaacgaagcaaaaaaguuuucauauucuugcgg	NIGP01001634:30709..30782:-
2_818	16.9	95 +/- 8%	-	26	21	0	5	yes	aae-miR-9a	dme-miR-9a-5p	-	-	ucuuugguuaucuagcuguauga	auaaagcuagcauaccgaaguua	ucuuugguuaucuagcuguaugagugaauuuagaacaucauaaagcuagcauaccgaaguua	2:108461947..108462009:+
2_4330	5.3	95 +/- 8%	-	814	814	0	0	yes	aae-miR-276-3p	dme-miR-276a-3p	-	-	uaggaacuucauaccgugcucu	agcgagguauagaguuccuaug	agcgagguauagaguuccuaugcguucggauaaaauauuccauaggaacuucauaccgugcucu	2:73509399..73509463:-
3_14136	5.3	95 +/- 8%	-	622	622	0	0	yes	aae-miR-278-5p	dme-miR-278-3p	-	-	ucggugggacuuucguccguuu	acggacgauagucuucagcggcc	acggacgauagucuucagcggccgugcauuugauagaaguggucggugggacuuucguccguuu	3:243123888..243123952:-
3_11848	5.2	95 +/- 8%	-	25	25	0	0	yes	aae-miR-980-5p	dme-miR-980-3p	-	-	uagcugccuagugaagggcaau	ggccguucauugggucaucuagc	ggccguucauugggucaucuagcucguguuggaaacaguuagcugccuagugaagggcaau	3:1054523..1054584:-
1_21964	5.2	95 +/- 8%	-	2048	2048	0	0	yes	aae-miR-277-5p	dme-miR-277-3p	-	-	uaaaugcacuaucugguacgaca	gcgugucagaagugcauuuaca	gcgugucagaagugcauuuacauagguauuucccguuuagcaguauuuguaaaugcacuaucugguacgaca	1:302603812..302603884:-
1_21968	5.2	95 +/- 8%	-	12374	12373	0	1	yes	aae-miR-317	dme-miR-317-3p	-	-	ugaacacagcuggugguaucuca	cgggauacacccugugcucgcu	cgggauacacccugugcucgcuuugcauucgaaacuagugaacacagcuggugguaucuca	1:302667131..302667192:-
2_4554	5.1	95 +/- 8%	-	8132	8132	0	0	yes	aae-miR-2c	dme-miR-2a-3p	-	-	uaucacagccagcuuugauga	aucaaauuugguuguuuuagu	aucaaauuugguuguuuuaguacgaccucuuugaaaccccuaucacagccagcuuugauga	2:107237998..107238059:-
2_2803	5.1	95 +/- 8%	-	779	779	0	0	yes	aae-miR-2945-5p	dme-miR-279-3p	-	-	ugacuagaggcagacucguuua	agcggguccguuucuagugucaug	agcggguccguuucuagugucaugugcuguauucgaauaucaugacuagaggcagacucguuua	2:374947142..374947206:+
2_7472	5	95 +/- 8%	-	8807	8807	0	0	yes	aae-miR-184	dme-miR-184-3p	-	-	uggacggagaacugauaagggc	ccuuaucauucuugcgccccgu	ccuuaucauucuugcgccccguguuauauuguuggcgacuggacggagaacugauaagggc	2:417599380..417599441:-
3_15402	5	95 +/- 8%	-	21207	21207	0	0	yes	aae-miR-308-5p	dme-miR-2a-3p	-	-	aaucacaggaguauacugugag	cgcgguauauucuuguggcuug	cgcgguauauucuuguggcuugaugcauuugaaaaaucucaaaucacaggaguauacugugag	3:403338483..403338546:-
2_3147	4.9	94 +/- 8%	-	334	327	0	7	yes	aae-miR-965	dme-miR-965-3p	-	-	uaagcguauagcuuuucccau	gggggaaauccuguacgcuguaug	gggggaaauccuguacgcuguauguuguauuugaauaauccauaagcguauagcuuuucccau	2:429778749..429778812:+
3_15126	4.8	94 +/- 8%	-	27	27	0	0	yes	aae-miR-989	dme-miR-989-3p	-	-	ugugaugugacguagugguacc	cgccgcuaccucgcuuucacuug	cgccgcuaccucgcuuucacuugguaccgauuucccauaauccaugugaugugacguagugguacc	3:366439081..366439147:-
2_2806	4.8	94 +/- 8%	-	16	16	0	0	yes	aae-let-7	dme-let-7-5p	-	-	ugagguaguugguuguauagu	uaugcaaucugcuagcuuguc	ugagguaguugguuguauaguagugacugauuaaauaucugcuaugcaaucugcuagcuuguc	2:375131497..375131560:+
2_6963	4.8	94 +/- 8%	-	20	20	0	0	yes	aae-miR-263a-5p	dme-miR-263a-5p	-	-	aauggcacuggaagaauucacggg	cguguucuggcaguggcauccc	aauggcacuggaagaauucacggguauauuuugaaauccccguguucuggcaguggcauccc	2:348784448..348784510:-
1_22034	4.7	94 +/- 8%	-	168	159	0	9	yes	aae-miR-1175-5p	dme-miR-958-3p	-	-	ugagauucuacuucuccgacuu	aaguggaguaguggucucaucgc	aaguggaguaguggucucaucgcuuaguauuagaaaagugagauucuacuucuccgacuu	1:307010046..307010106:-
2_7356	4.6	94 +/- 8%	-	367	367	0	0	yes	aae-miR-1	dme-miR-1-3p	-	-	uggaauguaaagaaguauggag	ccaugcuuccuugcauucaaua	ccaugcuuccuugcauucaauagugauucugaaagcauauggaauguaaagaaguauggag	2:399501023..399501084:-
2_2549	4.6	94 +/- 8%	-	32	32	0	0	yes	aae-miR-133	dme-miR-133-3p	-	-	uugguccccuucaaccagcugu	agcugguugacuucgggucaaau	agcugguugacuucgggucaaaucgucaaauauuugcaaagauauuuccucagugaaauuauuugguccccuucaaccagcugu	2:330417065..330417149:+
2_2808	4.6	94 +/- 8%	-	15	15	0	0	yes	aae-miR-125-5p	dme-miR-125-5p	-	-	ucccugagacccuaacuuguga	acaaguuuugaucuccgguauu	ucccugagacccuaacuugugacuauaguugaaguuucacaaguuuugaucuccgguauu	2:375131781..375131841:+
2_2623	4.6	94 +/- 8%	-	1826	1826	0	0	yes	aae-miR-14	dme-miR-14-3p	-	-	ucagucuuuuucucucuccuau	gggagcgagauuaaggcuugcu	gggagcgagauuaaggcuugcuggucauuuauuacacucgaagucagucuuuuucucucuccuau	2:344767572..344767637:+
2_5041	4.5	94 +/- 8%	-	17	17	0	0	yes	aae-miR-263b-5p	dme-miR-263b-5p	-	-	cuuggcacugggagaauucacag	guggaucuuuucgugccaucgu	cuuggcacugggagaauucacaggcgcuauuugcuaucauucuguggaucuuuucgugccaucgu	2:153371131..153371196:-
3_9210	3.8	91 +/- 10%	-	134	134	0	0	yes	aae-miR-31	dme-miR-31b-5p	-	-	uggcaagauguuggcauagcug	gcuauucaacuucuugucuau	uggcaagauguuggcauagcugaaaguuuugaguuuagcuauucaacuucuugucuau	3:136174150..136174208:+
2_1676	3.7	91 +/- 10%	-	1569	1569	0	0	yes	aae-miR-7	dme-miR-7-5p	-	-	uggaagacuagugauuuuguuguu	uaacaauaaaucucaagucuuucuac	uggaagacuagugauuuuguuguuuugcuuacgauaauaacaauaaaucucaagucuuucuac	2:222802544..222802607:+
2_1457	3.2	91 +/- 10%	-	9	9	0	0	yes	aae-miR-137	dme-miR-137-3p	-	-	uauugcuugagaauacacguag	acgcguauucuuggguuauuaac	acgcguauucuuggguuauuaacacacuguuuauguuguuauugcuugagaauacacguag	2:189612067..189612128:+
1_17094	3	91 +/- 10%	-	7	7	0	0	yes	aae-miR-929	dme-miR-929-5p	-	-	aaauugacucuaguagggaguc	cucccuaacggagucagauuga	aaauugacucuaguagggaguccuuguguacgagugacucccuaacggagucagauuga	1:198495526..198495585:+
2_4208	2.1	91 +/- 9%	-	307	307	0	0	yes	aae-miR-11894a	-	-	-	uuuaccauuucaagaugaccua	ggucgucuugaaaugguaaaga	ggucgucuugaaaugguaaagagugucaaucaucaucuuuaccauuucaagaugaccua	2:58785158..58785217:-
1_17723	2	91 +/- 9%	-	5	5	0	0	yes	aae-miR-999	dme-miR-999-3p	-	-	uguuaacuguaagacugugucu	acgcggucgugcaggaaauuauu	acgcggucgugcaggaaauuauuuggcauuagauucaaauguuaacuguaagacugugucu	1:252222293..252222354:+
2_4210	2	91 +/- 9%	-	307	307	0	0	yes	aae-miR-11894a	-	-	-	uuuaccauuucaagaugaccua	ggucgucuugaaaugguaaaga	ggucgucuugaaaugguaaagagugucaaucaucaucuuuaccauuucaagaugaccua	2:58785850..58785909:-
2_4212	2	91 +/- 9%	-	307	307	0	0	yes	aae-miR-11894a	-	-	-	uuuaccauuucaagaugaccua	ggucgucuugaaaugguaaaga	ggucgucuugaaaugguaaagagugucaaucaucaucuuuaccauuucaagaugaccua	2:58787948..58788007:-
2_4204	2	91 +/- 9%	-	307	307	0	0	yes	aae-miR-11894a	-	-	-	uuuaccauuucaagaugaccua	gguugucuugaaaugguaaaga	gguugucuugaaaugguaaagagugucaaccaucaucuuuaccauuucaagaugaccua	2:58783350..58783409:-
2_4206	1.9	88 +/- 8%	-	40	40	0	0	yes	aae-miR-11894b	-	-	-	uuuaccauuucaauaugaccua	ggucguauugaaaugguaaaga	ggucguauugaaaugguaaagagugucaaucaucaucuuuaccauuucaauaugaccua	2:58784590..58784649:-
2_7446	1.4	88 +/- 8%	-	623	623	0	0	yes	aae-miR-1890	-	-	-	ugaaaucuuugauuaggucugg	agagcuaauuggagaguucuug	agagcuaauuggagaguucuugaauaguguugugaaccuucaugaaaucuuugauuaggucugg	2:413654961..413655025:-
2_738	1	88 +/- 8%	-	247	247	0	0	no	aae-miR-988-3p	dme-miR-988-3p	-	-	ccccuuguugcaaaccucacgc	ggcagguaggggcaaugggggc	ccccuuguugcaaaccucacgcuugcgguagguuccacaacugcugagagguggcagguaggggcaaugggggc	2:93351417..93351491:+
2_2751	0.9	79 +/- 9%	-	4	4	0	0	yes	aae-miR-124	dme-miR-124-3p	-	-	uaaggcacgcggugaaugccaag	ugguauccacugccggccuauaug	ugguauccacugccggccuauauguccuauuucgguacucauaaggcacgcggugaaugccaag	2:369307278..369307342:+
2_6232	0.5	79 +/- 9%	-	11	11	0	0	yes	aae-miR-2941	-	-	-	uaguacggcuagaacuccacgga	cgugaagcucagcugcauuaca	cgugaagcucagcugcauuacacgauauggaauacgguuuguaguacggcuagaacuccacgga	2:268456314..268456378:-
1_17483	0.3	79 +/- 9%	-	46	46	0	0	yes	aae-miR-11900	-	-	-	auuuuuuugacuguaauuuuauag	guaaaauuacguugaaaaaucgucu	guaaaauuacguugaaaaaucgucucccucaaaaaaugaaaccugagacuaacaggagauuuuuuugacuguaauuuuauag	1:223944070..223944152:+
2_1770	0.2	79 +/- 9%	-	3	3	0	0	yes	aae-miR-932-5p	dme-miR-932-5p	-	-	ucaauuccguagugcauugcagu	ugcaagcaauguggaagugaag	ucaauuccguagugcauugcagugugcuuuagacgaacugcaagcaauguggaagugaag	2:231381156..231381216:+
1_15835	0.2	79 +/- 9%	-	38	38	0	0	no	aae-miR-210	dme-miR-210-3p	-	-	cuugugcgugugacaacggcuau	agcugcugaccacugcacaagau	agcugcugaccacugcacaagauuagauuaugacucuugugcgugugacaacggcuau	1:54892617..54892675:+
3_15422	0.1	79 +/- 9%	-	13	13	0	0	no	aae-miR-285	dme-miR-285-3p	-	-	uagcaccauucgaaaucaguac	acuggcuuccaaaggugaguaga	acuggcuuccaaaggugaguagauggcauucgauacacucuagcaccauucgaaaucaguac	3:406875046..406875108:-
2_2430	-0.5	52 +/- 12%	-	3484	3484	0	0	no	aae-miR-275-3p	dme-miR-275-3p	-	-	ucagguaccugaaguagcgcgcg	ucaucaagcgacaacagaggcgugaaa	ucagguaccugaaguagcgcgcgugaucaaacaggaagcgucaucaagcgacaacagaggcgugaaa	2:307135708..307135775:+
2_7043	-1.8	10 +/- 10%	-	6	6	0	0	yes	aae-miR-1891	-	-	-	ugaggaguuaauuugcguguuu	acacguccauuaacucugguac	ugaggaguuaauuugcguguuuuuguauuugauuaaacacguccauuaacucugguac	2:360084867..360084925:-
2_4460	-2.3	32 +/- 8%	-	780	780	0	0	no	aae-miR-281-5p	dme-miR-281-2-5p	-	-	aagagagcuauccgucgacagu	cguugacgugggauuuuuuug	cguugacgugggauuuuuuuguucauuuuguucuuucgcugguuucgaauaugaaaauaaagagagcuauccgucgacagu	2:96469398..96469479:-
2_2035	-4.8	0 +/- 0%	-	12	12	0	0	no	aae-miR-11893	-	-	-	uuccugacuuauacgcuuaccu	guaaguagauaaaucagaaaga	guaaguagauaaaucagaaagacguuuauaucguuucuuccugacuuauacgcuuaccu	2:257889040..257889099:+

#miRBase miRNAs not detected by miRDeep2
miRBase precursor id	total read count	mature read count(s)	star read count	remaining reads	UCSC browser	NCBI blastn	miRBase mature sequence(s)	miRBase star sequence(s)	miRBase precursor sequence
16674	16674	0	0	-	-	cacguuacagauugggguuucc	uaaucucaaauuguaacagugg	-	gagguaaucucaaauuguaacaguggguugauuuuccuggugaaucccggccuuguccuccgucacaagugugacaagugucucgaaaacguguucgcuauacccacguuacagauugggguuucccc	
8446	8444	0	2	-	-	ugguuuaucuuaucugucgaggc	gucgacagggagauaaaucacu	-	cauugguuuaucuuaucugucgaggcaaguuauuuuaccggauaguguuucuuuucgugagcaaucaccacuauccagcucuucuugucgacagggagauaaaucacug	
7861	7861	0	0	-	-	ucagguacugagugacucucag	gagagcaccucgguaucuaagc	-	cauucgcaauuucaccgguucagguacugagugacucucagaugugcauuucucaagcaaucucguccucaggaccugagguugaaaaacccugagagcaccucgguaucuaagccaguguugcgaaaa	
1933	1933	0	0	-	-	caaccacuauccgcccugccgcc	uggcagugugguuagcugguug	-	caaggcaauacgcuauggcagugugguuagcugguuguguagaacuuuggggggcuuccguggcguucgcgcgcacacgggggcucagauucacaaccacuauccgcccugccgccgcgaggugccagg	
82	82	0	0	-	-	uucaugcauucacuucugcuga	-	gauaagcaggagugaaugcaugaguuuggcauuugaaacuaauucaugcauucacuucugcugauc	
26	26	0	0	-	-	ugucuuuuuccgcuuacugccg	-	ccaacauuuugauugauuugucuuuuuccgcuuacugccgguggcauuugaaauucucgacagcaaaccgaaaaaggcgccucaaucaauu	
14	11	0	3	-	-	cugaaaacuuaaucgauugguc	-	uaaccugaaaacuuaaucgauuggucacuagcugcgcggugaccaaucgauuaaguuuucagcuua	
8	8	0	0	-	-	gaugccucguaaagcaacuggac	-	gccucaguugcuuuccgagcguagcacaguuuggaugcgggcccgugcaucguccacggugaugccucguaaagcaacuggacu	
4	4	0	0	-	-	aauguuggacaacugcaaggu	-	auaaaauguuggacaacugcaagguacuucaagguuuuuauuucgucuuuaauacaggguaucugcagugaucgauuuucucu	
3	3	0	0	-	-	uagcuagguugcggugcacugcu	-	gaagucaguguacucugccuggccggcgcugcugcgagucuagcuagguugcggugcacugcuuc	
5	2	0	3	-	-	ucagaucuacuuaauacccau	-	acuccaauucuggguauuuuagauccuuggcauaguuacgugauugaaugcacuguucuucuuugguuuacccaguaucgaacacgcgucaaucugucagaucuacuuaauacccaua	
2	2	0	0	-	-	uaguaaaccuugauuuuguagc	-	augcuacagaaucgaggcucacgaugauuuccaaucauaguaaaccuugauuuuguagcau	
2	2	0	0	-	-	ugauuguccaaacgcaauucuug	-	uuucuagcucugauuguccaaacgcaauucuuguuuuauucgaauaugauauccaagaguugugacuggacauccguggcucgaaa	
2	2	0	0	-	-	aacccguagauccgaacuugug	-	gcguagugguuguaguuacccauuugcaggaacccguagauccgaacuugugcugccguuucacauguuacaagaacggauguaugggauucugccgauguauggcuaaagcaucgaucgauuugu	
2	2	0	0	-	-	uuaaguaggcacuugcaggcaaa	-	gauguuaaguaggcacuugcaggcaaauuuguagcuuuaauaugauugacugcuuuuuccuacuuuacauu	
2	1	0	1	-	-	caugaacgacgacgugacgccg	-	uauaagucccgucgucgccuucaugugcgguggucacaugccacacaugaacgacgacgugacgccgc	
1	1	0	0	-	-	acguauacugaauguauccuga	cgguauaccuucaguauacguaac	-	gcuucaugaacguauacugaauguauccugagugcuaucuauccgguauaccuucaguauacguaacaggaggc	
1	1	0	0	-	-	aaaugggacugauaugcgaguau	-	ccauucucgcauaacaguaccauauucuugggauuucucauauaaaugggacugauaugcgaguaugg	
1	1	0	0	-	-	caucacagaauuguuuuuacug	-	aaacaucacagaauuguuuuuacugauaaggaacuauguguaaaaauaauucuguaaaguuu	
1	1	0	0	-	-	acaacggcagccggaacgaucu	-	uaucucguuccgucguccguaggucgguuuagccaaugcgacaacggcagccggaacgaucug	


















4	0	0	4	-	-	uacuggccuacuaagucccaac	-	gcuugcuauguaauuuuuucaaucgaacugggauuuuguggaccagaagauuuccuccauucgauaauagcuacuggccuacuaagucccaacuuguuuggaaauuguccgacagauagcaagc	








1	0	0	1	-	-	caaagcguuuggguucugaaac	-	gguuugcuuuagaauuccuacgcuuuaccgugauuuguugaaaguuuggcaaagcguuuggguucugaaacgaaac	


3	0	0	3	-	-	uuccgaaguugggugucucgc	-	ugcaagauacccuacuucggaaguagggcgcauuagagcgcauccggaugcgaaucgaaugcaccacuuccgaaguugggugucucgca	










2	0	0	2	-	-	uuggacuggcaugcguuuaugg	-	cccauaaacgcauaauugucccaugugaauagaaaauccagccacauuggacuggcaugcguuuauggg	
