miRDeep2 score	novel miRNAs reported by miRDeep2	novel miRNAs, estimated false positives	novel miRNAs, estimated true positives	known miRNAs in species	known miRNAs in data	known miRNAs detected by miRDeep2	estimated signal-to-noise	excision gearing
10	1	0 +/- 0	1 +/- 0 (84 +/- 37%)	164	131	56 (43%)	107	1
9	1	0 +/- 0	1 +/- 0 (83 +/- 38%)	164	131	56 (43%)	104.5	1
8	1	0 +/- 0	1 +/- 0 (83 +/- 38%)	164	131	57 (44%)	106.8	1
7	1	0 +/- 0	1 +/- 0 (82 +/- 39%)	164	131	57 (44%)	102.2	1
6	3	0 +/- 0	3 +/- 0 (93 +/- 14%)	164	131	57 (44%)	104.3	1
5	7	0 +/- 0	7 +/- 0 (97 +/- 6%)	164	131	75 (57%)	104.8	1
4	9	0 +/- 0	9 +/- 0 (97 +/- 5%)	164	131	97 (74%)	106.5	1
3	14	0 +/- 1	14 +/- 1 (98 +/- 4%)	164	131	99 (76%)	86.4	1
2	14	0 +/- 1	14 +/- 1 (97 +/- 5%)	164	131	100 (76%)	64.1	1
1	15	1 +/- 1	14 +/- 1 (96 +/- 5%)	164	131	108 (82%)	40.8	1
0	16	2 +/- 1	14 +/- 1 (90 +/- 7%)	164	131	109 (83%)	21.6	1
-1	17	4 +/- 2	13 +/- 2 (76 +/- 10%)	164	131	113 (86%)	12.8	1
-2	23	22 +/- 4	2 +/- 3 (9 +/- 11%)	164	131	115 (88%)	4.2	1
-3	47	43 +/- 5	5 +/- 5 (10 +/- 10%)	164	131	115 (88%)	2.8	1
-4	94	53 +/- 6	41 +/- 6 (43 +/- 7%)	164	131	118 (90%)	3.1	1
-5	133	94 +/- 7	39 +/- 7 (29 +/- 5%)	164	131	119 (91%)	2.3	1
-6	148	216 +/- 10	0 +/- 0 (0 +/- 0%)	164	131	120 (92%)	1.1	1
-7	161	328 +/- 12	0 +/- 0 (0 +/- 0%)	164	131	120 (92%)	0.8	1
-8	191	411 +/- 13	0 +/- 0 (0 +/- 0%)	164	131	121 (92%)	0.7	1
-9	258	488 +/- 13	0 +/- 0 (0 +/- 0%)	164	131	121 (92%)	0.7	1
-10	338	544 +/- 15	0 +/- 0 (0 +/- 0%)	164	131	121 (92%)	0.8	1



novel miRNAs predicted by miRDeep2
provisional id	miRDeep2 score	estimated probability that the miRNA candidate is a true positive	rfam alert	total read count	mature read count	loop read count	star read count	significant randfold p-value	miRBase miRNA	example miRBase miRNA with the same seed	UCSC browser	NCBI blastn	consensus mature sequence	consensus star sequence	consensus precursor sequence	precursor coordinate
3_7676	183.3	84 +/- 37%	-	358	355	0	3	yes	-	-	-	-	guaggccggcggaaacuacuugc	agggguuucuuucggccucca	agggguuucuuucggccuccagcggcauuagauaguuguaggccggcggaaacuacuugc	3:6069685..6069745:-
2_1577	6.8	93 +/- 14%	-	4	3	0	1	yes	-	dme-miR-277-3p	-	-	uaaaugcaugucagucccaugu	caugggacaauuaugcguuuau	uaaaugcaugucagucccauguuugcuggauuuccuauucacaugggacaauuaugcguuuau	2:282196339..282196402:+
2_4173	6.8	93 +/- 14%	-	4	3	0	1	yes	-	dme-miR-277-3p	-	-	uaaaugcaugucagucccaugu	caugggacaauuaugcguuuau	uaaaugcaugucagucccauguuugcuggauuucuauucacaugggacaauuaugcguuuau	2:279054024..279054086:-
1_10012	5.3	97 +/- 6%	-	11	11	0	0	yes	-	dme-miR-193-5p	-	-	cugggauucggagagaauccc	gauucggagagaaucccgucu	gauucggagagaaucccgucugggauucggagagaaucccgucuggauucggagagaaucccgucugggauucggagagaaucccgucugggauucggagagaauccc	1:39891007..39891115:+
1_10011	5.3	97 +/- 6%	-	11	11	0	0	yes	-	dme-miR-193-5p	-	-	cugggauucggagagaauccc	gauucggagagaaucccgucu	gauucggagagaaucccgucugggauucggagagaaucccgucugggauucggagagaauccc	1:39890984..39891047:+
3_5765	5.2	97 +/- 6%	-	363	363	0	0	yes	-	dme-miR-971-3p	-	-	uugguguuauaucuuacagugag	ggcuguaaguauuacagcaagc	ggcuguaaguauuacagcaagcuugcuauucgaaaggcgcuugguguuauaucuuacagugag	3:82678953..82679016:+
1_10010	5.1	97 +/- 6%	-	11	11	0	0	yes	-	dme-miR-193-5p	-	-	cugggauucggagagaauccc	gauucugagagaaucccgucu	gauucugagagaaucccgucugagauucggagagaaucccgucugggauucggagagaauccc	1:39889283..39889346:+
2_2397	4.5	97 +/- 5%	-	9	3	0	6	yes	-	-	-	-	aacagaacuuuccaucugaacg	uuccaggugggaguuaucugauau	uuccaggugggaguuaucugauaugugaauaugguaccauaacagaacuuuccaucugaacg	2:468829080..468829142:+
1_11310	4.2	97 +/- 5%	-	78	77	0	1	yes	-	dme-miR-iab-8-5p	-	-	uuacguauacugaagguauacc	aggauacauucaguauacguucau	uuacguauacugaagguauaccggauagauagcacucaggauacauucaguauacguucau	1:308965424..308965485:+
3_9435	3.7	98 +/- 4%	-	5	4	0	1	yes	-	-	-	-	aaacgcaugucagucccauguu	caugggacaauuaugcguuuau	aaacgcaugucagucccauguuugcuggguuuccuauucacaugggacaauuaugcguuuau	3:338542571..338542633:-
3_8199	3.6	98 +/- 4%	-	5	4	0	1	yes	-	-	-	-	aaacgcaugucagucccauguu	caugggacaauuaugcguuuau	aaacgcaugucagucccauguuugcuggauuuccuauucacaugggacaauuaugcguuuau	3:112127254..112127316:-
3_6873	3.6	98 +/- 4%	-	7	6	0	1	yes	-	-	-	-	uuccaggugggaguuaucugauau	aacagaauuuuccaucugaacg	uuccaggugggaguuaucugauaugugaauaugguaccauaacagaauuuuccaucugaacg	3:267075420..267075482:+
3_5744	3.2	98 +/- 4%	-	7	6	0	1	yes	-	-	-	-	uuccaggugggaguuaucugauau	uaacagaauuuuucaucuggaug	uuccaggugggaguuaucugauaugugaauaugguaccauaacagaauuuuucaucuggaug	3:80339540..80339602:+
2_2960	3.2	98 +/- 4%	-	7	6	0	1	yes	-	-	-	-	uuccaggugggaguuaucugauau	uaacagaauuuuucaucuggaug	uuccaggugggaguuaucugauaugugaauaugguaccauaacagaauuuuucaucuggaug	2:101925153..101925215:-
1_12391	1.7	96 +/- 5%	-	2	1	0	1	yes	-	-	-	-	ucauuucaccuggguugaagc	uugaacccaggcgaauugaca	ucauuucaccuggguugaagcuuagcgaugcuugaacccaggcgaauugaca	1:203963814..203963866:-
2_197	0	90 +/- 7%	-	2	2	0	0	yes	-	dme-miR-4915-5p	-	-	uugagaaacauuccugacgaaaagu	ugcacggaauguaacuuaaca	ugcacggaauguaacuuaacacuagacaauggauaaggaugcuccaguggcacaguugagaaacauuccugacgaaaagu	2:30559985..30560065:+



mature miRBase miRNAs detected by miRDeep2
tag id	miRDeep2 score	estimated probability that the miRNA is a true positive	rfam alert	total read count	mature read count	loop read count	star read count	significant randfold p-value	mature miRBase miRNA	example miRBase miRNA with the same seed	UCSC browser	NCBI blastn	consensus mature sequence	consensus star sequence	consensus precursor sequence	precursor coordinate
1_13798	28609.7	84 +/- 37%	-	56108	56067	0	41	yes	aae-miR-277-5p	dme-miR-277-3p	-	-	uaaaugcacuaucugguacgaca	cgugucagaagugcauuuaca	cgugucagaagugcauuuacauagguauuucccguuuagcaguauuuguaaaugcacuaucugguacgaca	1:302603812..302603883:-
3_7225	7432.1	84 +/- 37%	-	14571	14488	0	83	yes	aae-miR-8-5p	dme-miR-8-3p	-	-	uaauacugucagguaaagauguc	caucuuaccgggcagcauuaga	caucuuaccgggcagcauuagauauuuuugaaauacuucuaauacugucagguaaagauguc	3:328527955..328528017:+
2_2941	5208.4	84 +/- 37%	-	10208	8852	0	1356	yes	aae-miR-281-5p	dme-miR-281-2-5p	-	-	aagagagcuauccgucgacagu	ugucauggaauugcucucuuua	aagagagcuauccgucgacaguagggauaugauucacugucauggaauugcucucuuua	2:96469361..96469420:-
2_4882	3742.4	84 +/- 37%	-	7333	7324	0	9	yes	aae-miR-1	dme-miR-1-3p	-	-	uggaauguaaagaaguauggag	ccaugcuuccuugcauucaau	ccaugcuuccuugcauucaauagugauucugaaagcauauggaauguaaagaaguauggag	2:399501023..399501084:-
1_13837	3595	84 +/- 37%	-	7043	7040	0	3	yes	aae-miR-283	dme-miR-283-5p	-	-	caauaucagcugguaauucugg	cggaauuccaacugauauccacu	caauaucagcugguaauucugggcuuaccccaccguuauacgcuucccggaauuccaacugauauccacu	1:305625599..305625669:-
2_4980	3550.5	84 +/- 37%	-	6956	6955	0	1	yes	aae-miR-184	dme-miR-184-3p	-	-	uggacggagaacugauaagggc	ccuuaucauucuugcgccccgu	ccuuaucauucuugcgccccguguuauauuguuggcgacuggacggagaacugauaagggc	2:417599380..417599441:-
3_6323	2943.9	84 +/- 37%	-	5769	5739	0	30	yes	aae-bantam-5p	dme-bantam-3p	-	-	ugagaucauuuugaaagcugauu	ccgguuuucauuuucgaucugacu	ccgguuuucauuuucgaucugacuuauuugauuuaacaagagugagaucauuuugaaagcugauu	3:178082830..178082895:+
3_9778	2704.3	84 +/- 37%	-	5296	5287	0	9	yes	aae-miR-308-5p	dme-miR-2a-3p	-	-	aaucacaggaguauacugugag	cgcgguauauucuuguggcuug	cgcgguauauucuuguggcuugaugcauuugaaaaaucucaaaucacaggaguauacugugag	3:403338483..403338546:-
3_6052	1834.3	84 +/- 37%	-	3592	3553	0	39	yes	aae-miR-31	dme-miR-31b-5p	-	-	uggcaagauguuggcauagcug	agcuauucaacuucuugucua	uggcaagauguuggcauagcugaaaguuuugaguuuagcuauucaacuucuugucua	3:136174150..136174207:+
2_1698	1589.2	84 +/- 37%	-	3111	3107	0	4	yes	aae-miR-305-5p	dme-miR-305-5p	-	-	auuguacuucaucaggugcucugg	cggcacauguuggaguacacuu	auuguacuucaucaggugcucugguuguuuucgauacccggcacauguuggaguacacuu	2:307145445..307145505:+
2_2844	903.6	84 +/- 37%	-	1764	1530	1	233	yes	aae-miR-276-5p	dme-miR-276a-3p	-	-	uaggaacuucauaccgugcucu	agcgagguauagaguuccuacg	agcgagguauagaguuccuacguugcgugugcgaaauugguaggaacuucauaccgugcucu	2:73120452..73120514:-
2_2850	794.7	84 +/- 37%	-	1550	1534	0	16	yes	aae-miR-276-3p	dme-miR-276a-3p	-	-	uaggaacuucauaccgugcucu	agcgagguauagaguuccua	agcgagguauagaguuccuaugcguucggauaaaauauuccauaggaacuucauaccgugcucu	2:73509399..73509463:-
3_8006	746.9	84 +/- 37%	-	1456	1453	0	3	yes	aae-miR-11-5p	dme-miR-2a-3p	-	-	caucacagucugaguucuugcu	cgagaacuccggcugugaccug	cgagaacuccggcugugaccuguguacacuuuauccaaaucacaucacagucugaguucuugcu	3:75489864..75489928:-
2_576	711.3	84 +/- 37%	-	1388	1357	0	31	yes	aae-miR-9a	dme-miR-9a-5p	-	-	ucuuugguuaucuagcuguauga	uaaagcuagcauaccgaaguua	ucuuugguuaucuagcuguaugagugaauuuagaacaucauaaagcuagcauaccgaaguua	2:108461947..108462009:+
1_12249	659.2	84 +/- 37%	-	1286	1142	0	144	yes	aae-miR-252-5p	dme-miR-252-5p	-	-	cuaaguacuagugccgcaggag	ccugcugcccaagugcuuaucg	cuaaguacuagugccgcaggagagauuugaaccccugcugcccaagugcuuaucg	1:175818157..175818212:-
1_10051	552	84 +/- 37%	-	1084	1083	0	1	no	aae-miR-210	dme-miR-210-3p	-	-	cuugugcgugugacaacggcuau	agcugcugaccacugcacaaga	agcugcugaccacugcacaagauuagauuaugacucuugugcgugugacaacggcuau	1:54892617..54892675:+
2_3004	536	84 +/- 37%	-	1043	1031	0	12	yes	aae-miR-13-5p	dme-miR-2a-3p	-	-	uaucacagccauuuugacgaguu	ucguaaaaaugguugugcugu	ucguaaaaaugguugugcuguguuguuacgcucgaaauucauaucacagccauuuugacgaguu	2:107237649..107237713:-
3_9606	485.3	84 +/- 37%	-	944	927	0	17	yes	aae-miR-989	dme-miR-989-3p	-	-	ugugaugugacguagugguac	cgccgcuaccucgcuuucac	cgccgcuaccucgcuuucacuugguaccgauuucccauaauccaugugaugugacguagugguac	3:366439082..366439147:-
2_4607	448.1	84 +/- 37%	-	871	870	0	1	yes	aae-miR-9b	dme-miR-9a-5p	-	-	ucuuuggugauuuuagcuguaug	uauagcuuuaucaccaaaaacc	ucuuuggugauuuuagcuguaugcugauacguuucugauugcauauagcuuuaucaccaaaaacc	2:335780574..335780639:-
2_4615	440.5	84 +/- 37%	-	856	798	0	58	yes	aae-miR-9c-5p	dme-miR-9a-5p	-	-	ucuuugguauucuagcuguaga	uaaagcuuuaguaccagagguc	ucuuugguauucuagcuguagaauguugagcuuugugauaugguaucuucuaaagcuuuaguaccagagguc	2:335810364..335810436:-
2_2000	428.2	84 +/- 37%	-	832	829	0	3	yes	aae-let-7	dme-let-7-5p	-	-	ugagguaguugguuguauagu	cuaugcaaucugcuagcuuguc	ugagguaguugguuguauaguagugacugauuaaauaucugcuaugcaaucugcuagcuuguc	2:375131497..375131560:+
2_1847	383.1	84 +/- 37%	-	744	743	0	1	yes	aae-miR-14	dme-miR-14-3p	-	-	ucagucuuuuucucucuccuau	gggagcgagauuaaggcuugcu	gggagcgagauuaaggcuugcuggucauuuauuacacucgaagucagucuuuuucucucuccuau	2:344767572..344767637:+
3_6777	230.9	84 +/- 37%	-	444	333	0	111	yes	aae-miR-307	dme-miR-307a-3p	-	-	ucacaaccuccuugagugagcga	acucacucaaccugggugugau	acucacucaaccugggugugaugcuuauuugaaucaucacaaccuccuugagugagcga	3:244794376..244794435:+
2_1298	229.8	84 +/- 37%	-	443	442	0	1	yes	aae-miR-932-5p	dme-miR-932-5p	-	-	ucaauuccguagugcauugcagu	ugcaagcaauguggaagugaag	ucaauuccguagugcauugcagugugcuuuagacgaacugcaagcaauguggaagugaag	2:231381156..231381216:+
2_2713	184	84 +/- 37%	-	353	350	0	3	yes	aae-miR-190	dme-miR-190-5p	-	-	agauauguuugauauucuugguug	cccaggaaucaaacauauuauu	agauauguuugauauucuugguuguuaaauuuuauauuaucacccaggaaucaaacauauuauu	2:48811878..48811942:-
3_8004	155	84 +/- 37%	-	295	291	0	4	yes	aae-miR-998	dme-miR-285-3p	-	-	uagcaccaugagauucagcuc	acugaacucucgugggucugc	acugaacucucgugggucugcaguugauauuucgaaagcuuguagcaccaugagauucagcuc	3:75489589..75489652:-
2_4719	143	84 +/- 37%	-	280	162	0	118	yes	aae-miR-1891	-	-	-	ugaggaguuaauuugcguguuu	acacguccauuaacucuggua	ugaggaguuaauuugcguguuuuuguauuugauuaaacacguccauuaacucuggua	2:360084868..360084925:-
NIGP01000533_14164	135.6	84 +/- 37%	-	258	257	0	1	yes	aae-miR-970	dme-miR-970-3p	-	-	ucauaagacacacgcggcuau	agcuugcguuugucuuagcuggu	agcuugcguuugucuuagcugguauugaaugugauagguaucauaagacacacgcggcuau	NIGP01000533:10107..10168:-
1_10537	135.5	84 +/- 37%	-	258	257	0	1	yes	aae-miR-970	dme-miR-970-3p	-	-	ucauaagacacacgcggcuau	agcuugcguuugucuuagcuggu	agcuugcguuugucuuagcugguauugaaugugauagguaucauaagacacacgcggcuau	1:157238423..157238484:+
1_11625	99.8	84 +/- 37%	-	187	182	0	5	yes	aae-miR-33	dme-miR-33-5p	-	-	gugcauuguaguugcauugca	caauacuucugcaaugcaagcc	gugcauuguaguugcauugcacuuuugcguucgauaacacggugcaauacuucugcaaugcaagcc	1:50888880..50888946:-
3_9820	96.7	84 +/- 37%	-	191	190	0	1	no	aae-miR-285	dme-miR-285-3p	-	-	uagcaccauucgaaaucaguac	acuggcuuccaaaggugaguaga	acuggcuuccaaaggugaguagauggcauucgauacacucuagcaccauucgaaaucaguac	3:406875046..406875108:-
2_2945	95.1	84 +/- 37%	-	178	177	0	1	yes	aae-miR-282-5p	dme-miR-282-5p	-	-	uagccucuccuaggcuuugucu	acauagccugacagagguuagg	uagccucuccuaggcuuugucuguuaccuuccuugggaauuccacuagccagacauagccugacagagguuagg	2:96911966..96912040:-
2_1998	86.9	84 +/- 37%	-	162	156	0	6	yes	aae-miR-100	dme-miR-100-5p	-	-	aacccguagauccgaacuugug	caagaacggauguaugggauuc	aacccguagauccgaacuugugcugccguuucacauguuacaagaacggauguaugggauuc	2:375117351..375117413:+
NIGP01001012_14246	69.4	84 +/- 37%	-	127	125	0	2	yes	aae-miR-957	dme-miR-957-3p	-	-	ugaaaccguccaaaacugaggc	guuaguuuugggcggguuuuagu	guuaguuuugggcggguuuuaguguauuucgauuagaguaucaauugaaaccguccaaaacugaggc	NIGP01001012:27490..27557:-
3_7553	69.3	84 +/- 37%	-	127	125	0	2	yes	aae-miR-957	dme-miR-957-3p	-	-	ugaaaccguccaaaacugaggc	guuaguuuugggcggguuuuagu	guuaguuuugggcggguuuuaguguauuucgauuagaguaucaauugaaaccguccaaaacugaggc	3:398466624..398466691:+
2_4610	54.7	84 +/- 37%	-	99	97	0	2	yes	aae-miR-79-5p	dme-miR-4-3p	-	-	auaaagcuagauuaccaaagcau	cuuuggcgcuuuagcuguaugau	cuuuggcgcuuuagcuguaugauagaauuuaauauuucauaaagcuagauuaccaaagcau	2:335780884..335780945:-
1_10354	43.7	84 +/- 37%	-	79	43	0	36	yes	aae-miR-927	dme-miR-927-5p	-	-	uuuagaauuccuacgcuuuacc	caaagcguuuggguucugaaac	uuuagaauuccuacgcuuuaccgugauuuguugaaaguuuggcaaagcguuuggguucugaaac	1:115022929..115022993:+
1_11760	43.3	84 +/- 37%	-	77	66	0	11	yes	aae-miR-87	dme-miR-87-3p	-	-	gugagcaaauuuucaggugugu	cagccugaaauuugcuaaaccu	cagccugaaauuugcuaaaccuguguguauuugauucaaacaaucaaggugagcaaauuuucaggugugu	1:80682401..80682471:-
2_4102	39.4	84 +/- 37%	-	76	74	0	2	yes	aae-miR-2946	-	-	-	uaguacggaaaagauaugggga	gccauauuuuuaccgcuacugc	gccauauuuuuaccgcuacugcauuucauuguaauaauuguaguacggaaaagauaugggga	2:268456441..268456503:-
3_7997	24.6	84 +/- 37%	-	41	40	0	1	yes	aae-miR-1000	dme-miR-1000-5p	-	-	auauuguccugucacagcagu	cuguuguuucgggacauuuac	auauuguccugucacagcaguacuguuacaaauuuacuguuguuucgggacauuuac	3:74204062..74204119:-
2_515	21.3	84 +/- 37%	-	33	29	0	4	yes	aae-miR-988-5p	dme-miR-988-3p	-	-	ccccuuguugcaaaccucacgc	gugugcuuugugacaaugagau	gugugcuuugugacaaugagauucgguucgauaucauccccuuguugcaaaccucacgc	2:93351380..93351439:+
1_11320	17.5	84 +/- 37%	-	26	23	0	3	yes	aae-miR-10	dme-miR-10-5p	-	-	acccuguagauccgaauuuguu	caaauucgguucuagagagguuu	acccuguagauccgaauuuguuugaauauuuaacaagcgacaaauucgguucuagagagguuu	1:310530475..310530538:+
2_1817	16.7	84 +/- 37%	-	26	24	0	2	yes	aae-miR-375	dme-miR-375-3p	-	-	uuuguucguuuggcucgaguu	acuuaagcccaacguacagaaacu	acuuaagcccaacguacagaaacuugaaucugaaugccguucuagauuggcuugcuagaaguuuguucguuuggcucgaguu	2:337876532..337876614:+
3_9364	16	84 +/- 37%	-	30	13	0	17	yes	aae-miR-10365	-	-	-	aaaaguuuucauauucuugcgg	auuagaauguggaaucuguuu	auuagaauguggaaucuguuuuuguacaucaaguguuacgaaacgaagcaaaaaaguuuucauauucuugcgg	3:320775621..320775694:-
NIGP01001634_14179	16	84 +/- 37%	-	30	13	0	17	yes	aae-miR-10365	-	-	-	aaaaguuuucauauucuugcgg	auuagaauguggaaucuguuu	auuagaauguggaaucuguuuuuguacaucaaguguuacgaaacgaagcaaaaaaguuuucauauucuugcgg	NIGP01001634:30709..30782:-
1_13882	8.1	83 +/- 38%	-	8	7	0	1	yes	aae-miR-993	dme-miR-993-3p	-	-	gaagcucguuucuauagagguau	uacccuguaguuccgggcuuuug	uacccuguaguuccgggcuuuugugguuucuuuuauuguuaauuaucagaagcucguuucuauagagguau	1:310672022..310672093:-
2_4906	5.5	97 +/- 6%	-	3	2	0	1	yes	aae-miR-2944b-5p	dme-miR-2a-3p	-	-	uaucacagcaguaguuaccugau	gaaggaacucccggugugauaua	gaaggaacucccggugugauauaugacucgauuauaucacagcaguaguuaccugau	2:402152795..402152852:-
1_10714	5.4	97 +/- 6%	-	685	685	0	0	yes	aae-miR-929	dme-miR-929-5p	-	-	aaauugacucuaguagggaguc	cucccuaacggagucagauuga	aaauugacucuaguagggaguccuuguguacgagugacucccuaacggagucagauuga	1:198495526..198495585:+
1_11039	5.4	97 +/- 6%	-	229	229	0	0	yes	aae-miR-999	dme-miR-999-3p	-	-	uguuaacuguaagacugugucu	acgcggucgugcaggaaauuauu	acgcggucgugcaggaaauuauuuggcauuagauucaaauguuaacuguaagacugugucu	1:252222293..252222354:+
2_3000	5.4	97 +/- 6%	-	2204	2204	0	0	yes	aae-miR-2c	dme-miR-2a-3p	-	-	uaucacagccagcuuugauga	cucaaaguggcugugaaaug	cucaaaguggcugugaaaugguuugauuuugcucauaucacagccagcuuugauga	2:107235887..107235943:-
3_8992	5.3	97 +/- 6%	-	581	581	0	0	yes	aae-miR-278-5p	dme-miR-278-3p	-	-	ucggugggacuuucguccguuu	acggacgauagucuucagcggcc	acggacgauagucuucagcggccgugcauuugauagaaguggucggugggacuuucguccguuu	3:243123888..243123952:-
2_1695	5.2	97 +/- 6%	-	1543	1542	0	1	yes	aae-miR-275-5p	dme-miR-275-3p	-	-	ucagguaccugaaguagcgcg	cgcgcuaagcaggaaccgagac	cgcgcuaagcaggaaccgagacuuugucauuugcuagcagucagguaccugaaguagcgcg	2:307135668..307135729:+
3_7652	5.2	97 +/- 6%	-	477	477	0	0	yes	aae-miR-980-5p	dme-miR-980-3p	-	-	uagcugccuagugaagggcaau	ggccguucauugggucaucuagc	ggccguucauugggucaucuagcucguguuggaaacaguuagcugccuagugaagggcaau	3:1054523..1054584:-
2_3002	5.2	97 +/- 6%	-	8318	8318	0	0	yes	aae-miR-2a-5p	dme-miR-2a-3p	-	-	uaucacagccagcuuugaaga	ucaaagugguugugaaaug	ucaaagugguugugaaaugaguuacucuugaacgaucucauaucacagccagcuuugaaga	2:107237504..107237565:-
2_3008	5.1	97 +/- 6%	-	2016	2016	0	0	yes	aae-miR-2c	dme-miR-2a-3p	-	-	uaucacagccagcuuugauga	aucaaauuugguuguuuuagu	aucaaauuugguuguuuuaguacgaccucuuugaaaccccuaucacagccagcuuugauga	2:107237998..107238059:-
3_8082	5.1	97 +/- 6%	-	319	319	0	0	yes	aae-miR-92b-3p	dme-miR-92a-3p	-	-	aauugcacuugucccggccugc	aggucgugacuugugcccauuug	aggucgugacuugugcccauuugcugaauuuuaauggucaaauugcacuugucccggccugc	3:93418515..93418577:-
2_1993	5.1	97 +/- 6%	-	363	363	0	0	yes	aae-miR-2945-5p	dme-miR-279-3p	-	-	ugacuagaggcagacucguuua	agcggguccguuucuagugucaug	agcggguccguuucuagugucaugugcuguauucgaauaucaugacuagaggcagacucguuua	2:374947142..374947206:+
1_10833	5	97 +/- 6%	-	698	698	0	0	yes	aae-miR-996	dme-miR-279-3p	-	-	ugacuagauuacaugcucgucu	gcgugcaugaaucuggugcacg	gcgugcaugaaucuggugcacgguuuuccaguuguaauaucgcuucgugacuagauuacaugcucgucu	1:207012536..207012605:+
2_2235	4.9	97 +/- 5%	-	643	643	0	0	yes	aae-miR-965	dme-miR-965-3p	-	-	uaagcguauagcuuuucccau	gggaaauccuguacgcuguaug	gggaaauccuguacgcuguauguuguauuugaauaauccauaagcguauagcuuuucccau	2:429778751..429778812:+
3_8086	4.8	97 +/- 5%	-	58	58	0	0	yes	aae-miR-92a-5p	dme-miR-92a-3p	-	-	uauugcacuugucccggccuau	cgguacggacaggggcaacauu	cgguacggacaggggcaacauugugacauuugaaagcuaauauugcacuugucccggccuau	3:93477596..93477658:-
2_1965	4.8	97 +/- 5%	-	1088	1088	0	0	yes	aae-miR-124	dme-miR-124-3p	-	-	uaaggcacgcggugaaugccaa	gguauccacugccggccuauaug	gguauccacugccggccuauauguccuauuucgguacucauaaggcacgcggugaaugccaa	2:369307279..369307341:+
1_13860	4.7	97 +/- 5%	-	6036	5989	0	47	yes	aae-miR-1175-5p	dme-miR-958-3p	-	-	ugagauucuacuucuccgacuu	aaguggaguaguggucucaucg	aaguggaguaguggucucaucgcuuaguauuagaaaagugagauucuacuucuccgacuu	1:307010046..307010106:-
1_10359	4.7	97 +/- 5%	-	77	77	0	0	yes	aae-miR-981	dme-miR-981-3p	-	-	uucguugucgacgaaaccugc	ggguuucgcggcgaacgggcu	ggguuucgcggcgaacgggcuuccaccaugaugaauagcaguucguugucgacgaaaccugc	1:118556349..118556411:+
1_10831	4.7	97 +/- 5%	-	396	396	0	0	yes	aae-miR-279	dme-miR-279-3p	-	-	ugacuagauccacacucauuaa	gaugggugugaaucuaguguuucaca	gaugggugugaaucuaguguuucacaugauuuucgauagccugugacuagauccacacucauuaa	1:207007788..207007853:+
2_1015	4.6	97 +/- 5%	-	52	52	0	0	yes	aae-miR-137	dme-miR-137-3p	-	-	uauugcuugagaauacacguag	acgcguauucuuggguuauuaac	acgcguauucuuggguuauuaacacacuguuuauguuguuauugcuugagaauacacguag	2:189612067..189612128:+
1_13833	4.6	97 +/- 5%	-	8023	8022	0	1	yes	aae-miR-12-5p	dme-miR-12-5p	-	-	ugaguauuacaucagguacuggu	accaguacuuauguuaugcucucu	ugaguauuacaucagguacuggugucgauauucgaaucaccaacgaaucggguuccuuugauuaacuuaccaguacuuauguuaugcucucu	1:305613548..305613640:-
2_1795	4.6	97 +/- 5%	-	1147	1147	0	0	yes	aae-miR-133	dme-miR-133-3p	-	-	uugguccccuucaaccagcugu	agcugguugacuucgggucaaau	agcugguugacuucgggucaaaucgucaaauauuugcaaagauauuuccucagugaaauuauuugguccccuucaaccagcugu	2:330417065..330417149:+
2_4659	4.5	97 +/- 5%	-	248	248	0	0	yes	aae-miR-263a-5p	dme-miR-263a-5p	-	-	aauggcacuggaagaauucac	guucuggcaguggcauccc	aauggcacuggaagaauucacggguauauuuugaaauccccguguucuggcaguggcauccc	2:348784448..348784510:-
2_3283	4.5	97 +/- 5%	-	237	237	0	0	yes	aae-miR-263b-5p	dme-miR-263b-5p	-	-	cuuggcacugggagaauucacag	guggaucuuuucgugccaucgu	cuuggcacugggagaauucacaggcgcuauuugcuaucauucuguggaucuuuucgugccaucgu	2:153371131..153371196:-
1_13879	4.5	97 +/- 5%	-	89	86	0	3	yes	aae-miR-iab-4-5p	dme-miR-iab-4-5p	-	-	acguauacugaauguauccuga	cgguauaccuucaguauacguaac	acguauacugaauguauccugagugcuaucuauccgguauaccuucaguauacguaac	1:308965423..308965481:-
2_48	4.5	97 +/- 5%	-	113	113	0	0	yes	aae-miR-219	dme-miR-219-5p	-	-	ugauuguccaaacgcaauucuu	gaguugugacuggacauccgug	ugauuguccaaacgcaauucuuguuuuauucgaauaugauauccaagaguugugacuggacauccgug	2:3715261..3715329:+
2_2002	4.4	97 +/- 5%	-	736	736	0	0	yes	aae-miR-125-5p	dme-miR-125-5p	-	-	ucccugagacccuaacuuguga	acaaguuuugaucuccgguauu	ucccugagacccuaacuugugacuauaguugaaguuucacaaguuuugaucuccgguauu	2:375131781..375131841:+
3_5358	4	97 +/- 5%	-	28	28	0	0	yes	aae-miR-315-5p	dme-miR-315-5p	-	-	uuuugauuguugcucagaaagc	uuucgagcaguaaucaaaguc	uuuugauuguugcucagaaagccgugcauuugaaacgggucgcuuucgagcaguaaucaaaguc	3:3444767..3444831:+
3_9278	3.8	98 +/- 4%	-	17	17	0	0	yes	aae-miR-309a	dme-miR-3-3p	-	-	ucacugggcaaaguuugucgca	cgacuaacuucguucaguuuggug	cgacuaacuucguucaguuuggugucauacgaagguuuccaguuucaucacugggcaaaguuugucgca	3:309335451..309335520:-
2_1216	3.7	98 +/- 4%	-	613	613	0	0	yes	aae-miR-7	dme-miR-7-5p	-	-	uggaagacuagugauuuuguuguu	uaacaauaaaucucaagucuuucuac	uggaagacuagugauuuuguuguuuugcuuacgauaauaacaauaaaucucaagucuuucuac	2:222802544..222802607:+
2_2758	2.1	97 +/- 5%	-	60	60	0	0	yes	aae-miR-11894a	-	-	-	uuuaccauuucaagaugaccua	ggucgucuugaaaugguaaaga	ggucgucuugaaaugguaaagagugucaaucaucaucuuuaccauuucaagaugaccua	2:58785158..58785217:-
2_2762	2	97 +/- 5%	-	60	60	0	0	yes	aae-miR-11894a	-	-	-	uuuaccauuucaagaugaccua	ggucgucuugaaaugguaaaga	ggucgucuugaaaugguaaagagugucaaucaucaucuuuaccauuucaagaugaccua	2:58787948..58788007:-
2_2760	2	97 +/- 5%	-	60	60	0	0	yes	aae-miR-11894a	-	-	-	uuuaccauuucaagaugaccua	ggucgucuugaaaugguaaaga	ggucgucuugaaaugguaaagagugucaaucaucaucuuuaccauuucaagaugaccua	2:58786284..58786343:-
2_2754	2	97 +/- 5%	-	60	60	0	0	yes	aae-miR-11894a	-	-	-	uuuaccauuucaagaugaccua	gguugucuugaaaugguaaaga	gguugucuugaaaugguaaagagugucaaccaucaucuuuaccauuucaagaugaccua	2:58783350..58783409:-
2_2756	1.9	96 +/- 5%	-	16	16	0	0	yes	aae-miR-11894b	-	-	-	uuuaccauuucaauaugaccua	ggucguauugaaaugguaaaga	ggucguauugaaaugguaaagagugucaaucaucaucuuuaccauuucaauaugaccua	2:58784590..58784649:-
2_4524	1.7	96 +/- 5%	-	30	30	0	0	yes	aae-miR-11895	-	-	-	uucaugcauucacuucugcuga	agcaggagugaaugcaugaguu	agcaggagugaaugcaugaguuugacaucugaaacuaauucaugcauucacuucugcuga	2:324949494..324949554:-
2_3009	1.7	96 +/- 5%	-	817	632	0	185	yes	aae-miR-71-5p	-	-	-	agaaagacauggguagugaga	ucucacuaccuugucuuucaug	agaaagacauggguagugagauaguuucacccuauugcacugggaucucacuaccuugucuuucaug	2:107238287..107238354:-
2_4970	1.4	96 +/- 5%	-	1021	1021	0	0	yes	aae-miR-1890	-	-	-	ugaaaucuuugauuaggucugg	agagcuaauuggagaguucuug	agagcuaauuggagaguucuugaauaguguugugaaccuucaugaaaucuuugauuaggucugg	2:413654961..413655025:-
3_8119	1.4	96 +/- 5%	-	116	116	0	0	yes	aae-miR-2765	-	-	-	ugguaacuccaccaccguugg	aaugggagcuggaguucccgcg	ugguaacuccaccaccguuggcgauauuugacagccaaugggagcuggaguucccgcg	3:101895454..101895512:-
1_13800	1.3	96 +/- 5%	-	6828	6827	0	1	no	aae-miR-317	dme-miR-317-3p	-	-	ugaacacagcuggugguaucuc	gggauacacccugugcucgcu	gggauacacccugugcucgcuuugcauucgaaacuagugaacacagcuggugguaucuc	1:302667132..302667191:-
2_3450	1.1	96 +/- 5%	-	36	36	0	0	yes	aae-miR-11899	-	-	-	uaugaccgauuuaauauauggcu	ccauguaugauuucggucaugua	ccauguaugauuucggucauguaugcaguugaaaauaauuauaugaccgauuuaauauauggcu	2:182319041..182319105:-
2_516	1	96 +/- 5%	-	29	29	0	0	no	aae-miR-988-3p	dme-miR-988-3p	-	-	ccccuuguugcaaaccucacgc	ggcagguaggggcaaugggggc	ccccuuguugcaaaccucacgcuugcgguagguuccacaacugcugagagguggcagguaggggcaaugggggc	2:93351417..93351491:+
2_4098	0.9	90 +/- 7%	-	122	122	0	0	yes	aae-miR-2941	-	-	-	uaguacggcuagaacuccacgga	cgugguguuuagacguauuaca	cgugguguuuagacguauuacaugauuuuuugaacauaacuguaguacggcuagaacuccacgga	2:268456010..268456075:-
2_4100	0.9	90 +/- 7%	-	122	122	0	0	yes	aae-miR-2941	-	-	-	uaguacggcuagaacuccacgga	cgugaagcucagcugcauuaca	cgugaagcucagcugcauuacacgauauggaauacgguuuguaguacggcuagaacuccacgga	2:268456314..268456378:-
1_10923	-0.4	76 +/- 10%	-	11	11	0	0	yes	aae-miR-11900	-	-	-	auuuuuuugacuguaauuuuauag	guaaaauuacguugaaaaaucgucu	guaaaauuacguugaaaaaucgucucccucaaaaaaugaaaccugagacuaacaggagauuuuuuugacuguaauuuuauag	1:223944070..223944152:+
2_4904	-0.9	76 +/- 10%	-	1	1	0	0	yes	aae-miR-2944a-5p	dme-miR-2a-3p	-	-	uaucacaguaguuguacuuua	aaggaacuucugcugugaucug	aaggaacuucugcugugaucugaguuagauacauaucacaguaguuguacuuua	2:402152659..402152713:-
3_7419	-0.9	76 +/- 10%	-	3	3	0	0	yes	aae-miR-193	dme-miR-193-3p	-	-	uacuggccuacuaagucccaa	gggauuuuguggaccagaaga	gggauuuuguggaccagaagauuuccuccauucgauaauagcuacuggccuacuaagucccaa	3:360501796..360501859:+
2_1696	-1	76 +/- 10%	-	1542	1542	0	0	no	aae-miR-275-3p	dme-miR-275-3p	-	-	ucagguaccugaaguagcgcg	agcgacaacagaggcgugaaa	ucagguaccugaaguagcgcgcgugaucaaacaggaagcgucaucaagcgacaacagaggcgugaaa	2:307135708..307135775:+
2_4902	-1.4	9 +/- 11%	-	1	1	0	0	yes	aae-miR-309b-5p	dme-miR-3-3p	-	-	ucacugggcauaguuugucgc	gucaaacuccguucaguuggu	gucaaacuccguucaguugguggagucauuuuccaagucaucacugggcauaguuugucgc	2:402152472..402152533:-
2_2942	-2.3	10 +/- 10%	-	8852	8852	0	0	no	aae-miR-281-5p	dme-miR-281-2-5p	-	-	aagagagcuauccgucgacagu	cguugacgugggauuuuuuug	cguugacgugggauuuuuuuguucauuuuguucuuucgcugguuucgaauaugaaaauaaagagagcuauccgucgacagu	2:96469398..96469479:-
2_2598	-3.3	43 +/- 7%	-	2	2	0	0	yes	aae-miR-11896	-	-	-	ccacaaggccggauugaucaa	ggucaauccggaacuguuggcu	ggucaauccggaacuguuggcucggcacaaaagcgaccacaaggccggauugaucaa	2:30841064..30841121:-
2_257	-3.5	43 +/- 7%	-	2	2	0	0	yes	aae-miR-11897a	-	-	-	uaguaaaccuugauuuuguagc	uacagaaucgaggcucacgaug	uacagaaucgaggcucacgaugauuuccaaucauaguaaaccuugauuuuguagc	2:46313963..46314018:+
2_4648	-3.8	43 +/- 7%	-	1	1	0	0	yes	aae-miR-11916	-	-	-	gaugccucguaaagcaacugga	caguugcuuuccgagcguagcac	caguugcuuuccgagcguagcacaguuuggaugcgggcccgugcaucguccacggugaugccucguaaagcaacugga	2:344991982..344992060:-
2_3984	-4.5	29 +/- 5%	-	1	1	0	0	yes	aae-miR-11911	-	-	-	acgagugcuuggaucaucaau	aguugauccaaguagucuugccu	aguugauccaaguagucuugccuuuguaagaagacgagugcuuggaucaucaau	2:256106005..256106059:-
2_1471	-5.2	0 +/- 0%	-	11	11	0	0	no	aae-miR-11893	-	-	-	uuccugacuuauacgcuuaccu	guaaguagauaaaucagaaaga	guaaguagauaaaucagaaagacguuuauaucguuucuuccugacuuauacgcuuaccu	2:257889040..257889099:+
NIGP01000443_14155	-5.2	0 +/- 0%	-	11	11	0	0	no	aae-miR-11893	-	-	-	uuccugacuuauacgcuuaccu	guaaguagauaaaucagaaaga	guaaguagauaaaucagaaagacguuuauaucguuucuuccugacuuauacgcuuaccu	NIGP01000443:52102..52161:+
2_3156	-7.2	0 +/- 0%	-	2	2	0	0	no	aae-miR-11919	-	-	-	uagcuagguugcggugcacug	guguacucugccuggccggc	guguacucugccuggccggcgcugcugcgagucuagcuagguugcggugcacug	2:129145075..129145129:-
2_1999	-7.7	0 +/- 0%	-	829	829	0	0	no	aae-let-7	dme-let-7-5p	-	-	ugagguaguugguuguauagu	auuacaguacugcuucuuc	auuacaguacugcuucuuccacguugagguaguugguuguauagu	2:375131473..375131518:+
2_4903	-7.8	0 +/- 0%	-	1	1	0	0	no	aae-miR-2944a-3p	dme-miR-2a-3p	-	-	uaucacaguaguuguacuuua	aaguuuuacguggaaaaug	uaucacaguaguuguacuuuaaugucgguacacugcggacgucgaucgagcgguagcugaaaaaguuuuacguggaaaaug	2:402152599..402152680:-
3_5357	-10.2	0.00 +/- 0.00	-	28	28	0	0	no	aae-miR-315-5p	dme-miR-315-5p	-	-	uuuugauuguugcucagaaagc	auugugucacucaaaaag	auugugucacucaaaaaguguuucuauaaaauuuugauuguugcucagaaagc	3:3444736..3444789:+

#miRBase miRNAs not detected by miRDeep2
miRBase precursor id	total read count	mature read count(s)	star read count	remaining reads	UCSC browser	NCBI blastn	miRBase mature sequence(s)	miRBase star sequence(s)	miRBase precursor sequence
8972	8972	0	0	-	-	caaccacuauccgcccugccgcc	uggcagugugguuagcugguug	-	caaggcaauacgcuauggcagugugguuagcugguuguguagaacuuuggggggcuuccguggcguucgcgcgcacacgggggcucagauucacaaccacuauccgcccugccgccgcgaggugccagg	
3075	3075	0	0	-	-	ucagguacugagugacucucag	gagagcaccucgguaucuaagc	-	cauucgcaauuucaccgguucagguacugagugacucucagaugugcauuucucaagcaaucucguccucaggaccugagguugaaaaacccugagagcaccucgguaucuaagccaguguugcgaaaa	
1902	1902	0	0	-	-	ugucuuuuuccgcuuacugccg	-	ccaacauuuugauugauuugucuuuuuccgcuuacugccgguggcauuugaaauucucgacagcaaaccgaaaaaggcgccucaaucaauu	
1428	1428	0	0	-	-	cacguuacagauugggguuucc	uaaucucaaauuguaacagugg	-	gagguaaucucaaauuguaacaguggguugauuuuccuggugaaucccggccuuguccuccgucacaagugugacaagugucucgaaaacguguucgcuauacccacguuacagauugggguuucccc	
1139	1139	0	0	-	-	ugguuuaucuuaucugucgaggc	gucgacagggagauaaaucacu	-	cauugguuuaucuuaucugucgaggcaaguuauuuuaccggauaguguuucuuuucgugagcaaucaccacuauccagcucuucuugucgacagggagauaaaucacug	
103	88	0	15	-	-	ucagaucuacuuaauacccau	-	acuccaauucuggguauuuuagauccuuggcauaguuacgugauugaaugcacuguucuucuuugguuuacccaguaucgaacacgcgucaaucugucagaucuacuuaauacccaua	
6	5	0	1	-	-	uauucgagacuucacgaguuaau	-	aauguuaucaauucgcuguggucucgaacguaccuacauuggauauuuuugguauucgagacuucacgaguuaauucccauu	
7	5	0	2	-	-	cugaaaacuuaaucgauugguc	-	uaaccugaaaacuuaaucgauuggucacuagcugcgcggugaccaaucgauuaaguuuucagcuua	
2	2	0	0	-	-	aaaugggacugauaugcgaguau	-	ccauucucgcauaacaguaccauauucuugggauuucucauauaaaugggacugauaugcgaguaugg	
2	2	0	0	-	-	uuaaguaggcacuugcaggcaaa	-	gauguuaaguaggcacuugcaggcaaauuuguagcuuuaauaugauugacugcuuuuuccuacuuuacauu	




























