miRDeep2 score	novel miRNAs reported by miRDeep2	novel miRNAs, estimated false positives	novel miRNAs, estimated true positives	known miRNAs in species	known miRNAs in data	known miRNAs detected by miRDeep2	estimated signal-to-noise	excision gearing
10	0	0 +/- 0	0 +/- 0 (0 +/- 0%)	164	45	5 (11%)	63.6	1
9	0	0 +/- 0	0 +/- 0 (0 +/- 0%)	164	45	5 (11%)	63.6	1
8	0	0 +/- 0	0 +/- 0 (0 +/- 0%)	164	45	5 (11%)	63.6	1
7	0	0 +/- 0	0 +/- 0 (0 +/- 0%)	164	45	5 (11%)	63.6	1
6	0	0 +/- 0	0 +/- 0 (0 +/- 0%)	164	45	5 (11%)	58.3	1
5	0	0 +/- 0	0 +/- 0 (0 +/- 0%)	164	45	9 (20%)	66.7	1
4	0	0 +/- 0	0 +/- 0 (0 +/- 0%)	164	45	11 (24%)	55	1
3	0	0 +/- 0	0 +/- 0 (0 +/- 0%)	164	45	11 (24%)	30.6	1
2	2	0 +/- 1	2 +/- 1 (78 +/- 31%)	164	45	13 (29%)	27.3	1
1	5	1 +/- 1	4 +/- 1 (85 +/- 16%)	164	45	19 (42%)	24	1
0	6	2 +/- 1	4 +/- 1 (72 +/- 22%)	164	45	27 (60%)	13.8	1
-1	11	4 +/- 2	7 +/- 2 (66 +/- 19%)	164	45	37 (82%)	9.3	1
-2	12	13 +/- 4	1 +/- 2 (9 +/- 14%)	164	45	37 (82%)	3.2	1
-3	34	26 +/- 5	8 +/- 4 (24 +/- 13%)	164	45	37 (82%)	2.4	1
-4	120	44 +/- 6	76 +/- 6 (63 +/- 5%)	164	45	40 (89%)	3.4	1
-5	185	125 +/- 9	60 +/- 9 (32 +/- 5%)	164	45	40 (89%)	1.7	1
-6	235	316 +/- 13	0 +/- 0 (0 +/- 0%)	164	45	40 (89%)	0.8	1
-7	270	524 +/- 16	0 +/- 0 (0 +/- 0%)	164	45	40 (89%)	0.6	1
-8	346	721 +/- 18	0 +/- 0 (0 +/- 0%)	164	45	40 (89%)	0.5	1
-9	500	888 +/- 20	0 +/- 0 (0 +/- 0%)	164	45	40 (89%)	0.6	1
-10	656	1026 +/- 22	0 +/- 0 (0 +/- 0%)	164	45	40 (89%)	0.7	1



novel miRNAs predicted by miRDeep2
provisional id	miRDeep2 score	estimated probability that the miRNA candidate is a true positive	rfam alert	total read count	mature read count	loop read count	star read count	significant randfold p-value	miRBase miRNA	example miRBase miRNA with the same seed	UCSC browser	NCBI blastn	consensus mature sequence	consensus star sequence	consensus precursor sequence	precursor coordinate
2_7375	2.8	78 +/- 31%	-	2	1	0	1	yes	-	-	-	-	ucuagcauacaagaguccugg	caggacucuuguaugcuggac	caggacucuuguaugcuggacgagcgcuuuacgggcucgguagcuuaguuguuaaagcgcucgucuagcauacaagaguccugg	2:246767581..246767665:-
3_17641	2.2	78 +/- 31%	-	12	12	0	0	yes	-	-	-	-	ccaaacauccguuugagcuga	agcuuaaacggaaguuugguu	ccaaacauccguuugagcugaaaacuuaaucgacugcucacgaccagcuagugaccaaucgauuaaguuuucagcuuaaacggaaguuugguu	3:276982657..276982750:-
2_2500	1.9	85 +/- 16%	-	11	11	0	0	yes	-	-	-	-	cuagaggcagcaacagccgcu	cggcuguugcugccuccagcc	cuagaggcagcaacagccgcucaaaauuucuuugcgcggcuguugcugccuccagcc	2:248093324..248093381:+
NIGP01000481_27465	1.3	85 +/- 16%	-	10	10	0	0	yes	-	-	-	-	ccaaacauccguugagcuga	agcuuaaacggauguuugggu	ccaaacauccguugagcugaaaaccuaaucgauuggucaccacccgcuagugaccaaucgauaaaguuuucagcuuaaacggauguuugggu	NIGP01000481:28452..28544:-
3_18307	1.2	85 +/- 16%	-	10	10	0	0	yes	-	-	-	-	ccaaacauccguugagcuga	agcuuaaacggaugcuugguu	ccaaacauccguugagcugaaaaccuaaucaacuggucaccaccagcuuaaacggaugcuugguu	3:326338987..326339052:-
2_3318	0.4	72 +/- 22%	-	11	4	7	0	yes	-	-	-	-	uuuggauuggauuuggauugga	ggauuuggauuggauuggau	ggauuuggauuggauuggauuggauuuggauuggauuuggauuggauuuggauuggauuuggauuggauuuuggauuggauuuggauugga	2:326119620..326119711:+



mature miRBase miRNAs detected by miRDeep2
tag id	miRDeep2 score	estimated probability that the miRNA is a true positive	rfam alert	total read count	mature read count	loop read count	star read count	significant randfold p-value	mature miRBase miRNA	example miRBase miRNA with the same seed	UCSC browser	NCBI blastn	consensus mature sequence	consensus star sequence	consensus precursor sequence	precursor coordinate
2_5334	376	0 +/- 0%	-	735	733	0	2	yes	aae-miR-11894a	-	-	-	uuuaccauuucaagaugaccua	ggucgucuugaaaugguaaaga	ggucgucuugaaaugguaaagagugucaaucaucaucuuuaccauuucaagaugaccua	2:58785158..58785217:-
2_5336	375.9	0 +/- 0%	-	735	733	0	2	yes	aae-miR-11894a	-	-	-	uuuaccauuucaagaugaccua	ggucgucuugaaaugguaaaga	ggucgucuugaaaugguaaagagugucaaucaucaucuuuaccauuucaagaugaccua	2:58785850..58785909:-
2_5338	375.9	0 +/- 0%	-	735	733	0	2	yes	aae-miR-11894a	-	-	-	uuuaccauuucaagaugaccua	ggucgucuugaaaugguaaaga	ggucgucuugaaaugguaaagagugucaaucaucaucuuuaccauuucaagaugaccua	2:58786284..58786343:-
2_5342	375.9	0 +/- 0%	-	735	733	0	2	yes	aae-miR-11894a	-	-	-	uuuaccauuucaagaugaccua	ggucgucuugaaaugguaaaga	ggucgucuugaaaugguaaagagugucaaucaucaucuuuaccauuucaagaugaccua	2:58787948..58788007:-
2_5340	375.9	0 +/- 0%	-	735	733	0	2	yes	aae-miR-11894a	-	-	-	uuuaccauuucaagaugaccua	ggucgucuugaaaugguaaaga	ggucgucuugaaaugguaaagagugucaaucaucaucuuuaccauuucaagaugaccua	2:58787426..58787485:-
1_24399	10.4	0 +/- 0%	-	21	20	0	1	no	aae-miR-252-5p	dme-miR-252-5p	-	-	cuaaguacuagugccgcagga	cugcugcccaagugcuuaucg	cuaaguacuagugccgcaggagagauuugaaccccugcugcccaagugcuuaucg	1:175818157..175818212:-
3_19004	10.3	0 +/- 0%	-	12	5	0	7	yes	aae-miR-308-5p	dme-miR-2a-3p	-	-	aaucacaggaguauacugugag	cgcgguauauucuuguggcuug	cgcgguauauucuuguggcuugaugcauuugaaaaaucucaaaucacaggaguauacugugag	3:403338483..403338546:-
1_26403	5.1	0 +/- 0%	-	24	24	0	0	yes	aae-miR-283	dme-miR-283-5p	-	-	caauaucagcugguaauucugg	ggaauuccaacugauauccac	caauaucagcugguaauucugggcuuaccccaccguuauacgcuucccggaauuccaacugauauccac	1:305625600..305625669:-
3_15452	5	0 +/- 0%	-	2	1	0	1	yes	aae-miR-92a-5p	dme-miR-92a-3p	-	-	uauugcacuugucccggccuau	cgguacggacaggggcaacauu	cgguacggacaggggcaacauugugacauuugaaagcuaauauugcacuugucccggccuau	3:93477596..93477658:-
2_9318	5	0 +/- 0%	-	13	13	0	0	yes	aae-miR-184	dme-miR-184-3p	-	-	uggacggagaacugauaagggc	ccuuaucauucuugcgccccgu	ccuuaucauucuugcgccccguguuauauuguuggcgacuggacggagaacugauaagggc	2:417599380..417599441:-
1_26399	4.2	0 +/- 0%	-	11	11	0	0	yes	aae-miR-12-5p	dme-miR-12-5p	-	-	ugaguauuacaucagguacuggu	caguacuuauguuaugcucucu	ugaguauuacaucagguacuggugucgauauucgaaucaccaacgaaucggguuccuuugauuaacuuaccaguacuuauguuaugcucucu	1:305613548..305613640:-
2_5822	2.8	78 +/- 31%	-	7	7	0	0	yes	aae-miR-2a-5p	dme-miR-2a-3p	-	-	uaucacagccagcuuugaagagcg	cucucaaagugguugugaaaug	cucucaaagugguugugaaaugaguuacucuugaacgaucucauaucacagccagcuuugaagagcg	2:107237501..107237568:-
2_5330	2	78 +/- 31%	-	733	733	0	0	yes	aae-miR-11894a	-	-	-	uuuaccauuucaagaugaccua	gguugucuugaaaugguaaaga	gguugucuugaaaugguaaagagugucaaccaucaucuuuaccauuucaagaugaccua	2:58783350..58783409:-
2_5332	1.9	85 +/- 16%	-	113	113	0	0	yes	aae-miR-11894b	-	-	-	uuuaccauuucaauaugaccua	ggucguauugaaaugguaaaga	ggucguauugaaaugguaaagagugucaaucaucaucuuuaccauuucaauaugaccua	2:58784590..58784649:-
NIGP01001349_28151	1.7	85 +/- 16%	-	1222	1222	0	0	yes	aae-miR-11895	-	-	-	uucaugcauucacuucugcuga	agcaggagugaaugcaugaguu	agcaggagugaaugcaugaguugacaucugaaaacuaauucaugcauucacuucugcuga	NIGP01001349:11838..11898:+
2_8406	1.7	85 +/- 16%	-	1222	1222	0	0	yes	aae-miR-11895	-	-	-	uucaugcauucacuucugcuga	agcaggagugaaugcaugaguu	agcaggagugaaugcaugaguuugacaucugaaacuaauucaugcauucacuucugcuga	2:324949494..324949554:-
2_3187	1.3	85 +/- 16%	-	4	4	0	0	yes	aae-miR-275-5p	dme-miR-275-3p	-	-	ucagguaccugaaguagcgcgcg	cgcgcuaagcaggaaccgagacu	cgcgcuaagcaggaaccgagacuuugucauuugcuagcagucagguaccugaaguagcgcgcg	2:307135668..307135731:+
2_3190	1	85 +/- 16%	-	6	6	0	0	yes	aae-miR-305-5p	dme-miR-305-5p	-	-	auuguacuucaucaggugcucugg	ccggcacauguuggaguacacuua	auuguacuucaucaggugcucugguuguuuucgauacccggcacauguuggaguacacuua	2:307145445..307145506:+
3_15292	0.9	72 +/- 22%	-	3	3	0	0	yes	aae-miR-11-5p	dme-miR-2a-3p	-	-	caucacagucugaguucuugcu	cgagaacuccggcugugaccugug	cgagaacuccggcugugaccuguguacacuuuauccaaaucacaucacagucugaguucuugcu	3:75489864..75489928:-
1_26350	0.7	72 +/- 22%	-	3	3	0	0	yes	aae-miR-277-5p	dme-miR-277-3p	-	-	uaaaugcacuaucugguacgaca	gcgugucagaagugcauuuaca	gcgugucagaagugcauuuacauagguauuucccguuuagcaguauuuguaaaugcacuaucugguacgaca	1:302603812..302603884:-
1_23031	0.3	72 +/- 22%	-	2	2	0	0	yes	aae-miR-33	dme-miR-33-5p	-	-	gugcauuguaguugcauugca	caauacuucugcaaugcaagc	gugcauuguaguugcauugcacuuuugcguucgauaacacggugcaauacuucugcaaugcaagc	1:50888881..50888946:-
1_26356	0.2	72 +/- 22%	-	2	2	0	0	yes	aae-miR-317	dme-miR-317-3p	-	-	ugaacacagcuggugguaucuca	ggauacacccugugcucgcu	ggauacacccugugcucgcuuugcauucgaaacuagugaacacagcuggugguaucuca	1:302667131..302667190:-
3_17334	0	72 +/- 22%	-	1	1	0	0	yes	aae-miR-278-5p	dme-miR-278-3p	-	-	ucggugggacuuucguccguuu	acggacgauagucuucagcggcc	acggacgauagucuucagcggccgugcauuugauagaaguggucggugggacuuucguccguuu	3:243123888..243123952:-
2_5233	-0.1	66 +/- 19%	-	2	2	0	0	yes	aae-miR-190	dme-miR-190-5p	-	-	agauauguuugauauucuugg	aggaaucaaacauauuauua	agauauguuugauauucuugguuguuaaauuuuauauuaucacccaggaaucaaacauauuauua	2:48811877..48811942:-
2_5711	-0.2	66 +/- 19%	-	1	1	0	0	yes	aae-miR-282-5p	dme-miR-282-5p	-	-	uagccucuccuaggcuuu	agccugacagagguuagg	uagccucuccuaggcuuugucuguuaccuuccuugggaauuccacuagccagacauagccugacagagguuagg	2:96911966..96912040:-
2_3457	-0.3	66 +/- 19%	-	2	2	0	0	yes	aae-miR-14	dme-miR-14-3p	-	-	ucagucuuuuucucucuccuau	gggagcgagauuaaggcuugcu	gggagcgagauuaaggcuugcuggucauuuauuacacucgaagucagucuuuuucucucuccuau	2:344767572..344767637:+
1_21459	-0.3	66 +/- 19%	-	1	1	0	0	yes	aae-miR-996	dme-miR-279-3p	-	-	ugacuagauuacaugcucgucu	gcgugcaugaaucuggugcacg	gcgugcaugaaucuggugcacgguuuuccaguuguaauaucgcuucgugacuagauuacaugcucgucu	1:207012536..207012605:+
2_3357	-0.6	66 +/- 19%	-	1	1	0	0	yes	aae-miR-133	dme-miR-133-3p	-	-	uugguccccuucaaccagcugu	agcugguugacuucgggucaaau	agcugguugacuucgggucaaaucgucaaauauuugcaaagauauuuccucagugaaauuauuugguccccuucaaccagcugu	2:330417065..330417149:+
3_12005	-0.9	66 +/- 19%	-	3	3	0	0	yes	aae-bantam-5p	dme-bantam-3p	-	-	ugagaucauuuugaaagcugauu	ccgguuuucauuuucgaucugacu	ccgguuuucauuuucgaucugacuuauuugauuuaacaagagugagaucauuuugaaagcugauu	3:178082830..178082895:+
2_5820	-1	66 +/- 19%	-	6	6	0	0	yes	aae-miR-2c	-	-	-	ucacagccagcuuugaugagc	ucucaaaguggcugugaaa	ucucaaaguggcugugaaaugguuugauuuugcucauaucacagccagcuuugaugagc	2:107235885..107235944:-
2_5826	-1.9	9 +/- 14%	-	5	5	0	0	yes	aae-miR-2c	-	-	-	ucacagccagcuuugaugagc	gcaucaaauuugguuguuuua	gcaucaaauuugguuguuuuaguacgaccucuuugaaaccccuaucacagccagcuuugaugagc	2:107237996..107238061:-
3_15545	-3.4	63 +/- 5%	-	2	2	0	0	yes	aae-miR-2765	-	-	-	ugguaacuccaccaccguuggc	caaugggagcuggaguucccgcg	ugguaacuccaccaccguuggcgauauuugacagccaaugggagcuggaguucccgcg	3:101895454..101895512:-
2_5827	-3.6	63 +/- 5%	-	1	1	0	0	yes	aae-miR-71-5p	-	-	-	agaaagacauggguagugaga	ucacuaccuugucuuucaug	agaaagacauggguagugagauaguuucacccuauugcacugggaucucacuaccuugucuuucaug	2:107238287..107238354:-
2_3188	-4.5	32 +/- 5%	-	4	4	0	0	no	aae-miR-275-3p	dme-miR-275-3p	-	-	ucagguaccugaaguagcgcgcg	ucaucaagcgacaacagaggcgugaaa	ucagguaccugaaguagcgcgcgugaucaaacaggaagcgucaucaagcgacaacagaggcgugaaa	2:307135708..307135775:+
2_5234	-9.5	0 +/- 0%	-	2	2	0	0	no	aae-miR-190	dme-miR-190-5p	-	-	agauauguuugauauucuugg	gugauaauaaauaguuuucucc	gugauaauaaauaguuuucuccuguaucuaucuauccugguggagggugauuccggugagauauguuugauauucuugg	2:48811921..48812000:-

#miRBase miRNAs not detected by miRDeep2
miRBase precursor id	total read count	mature read count(s)	star read count	remaining reads	UCSC browser	NCBI blastn	miRBase mature sequence(s)	miRBase star sequence(s)	miRBase precursor sequence
7	7	0	0	-	-	ucagguacugagugacucucag	gagagcaccucgguaucuaagc	-	cauucgcaauuucaccgguucagguacugagugacucucagaugugcauuucucaagcaaucucguccucaggaccugagguugaaaaacccugagagcaccucgguaucuaagccaguguugcgaaaa	
7	7	0	0	-	-	ugguuuaucuuaucugucgaggc	gucgacagggagauaaaucacu	-	cauugguuuaucuuaucugucgaggcaaguuauuuuaccggauaguguuucuuuucgugagcaaucaccacuauccagcucuucuugucgacagggagauaaaucacug	
4	4	0	0	-	-	cacguuacagauugggguuucc	uaaucucaaauuguaacagugg	-	gagguaaucucaaauuguaacaguggguugauuuuccuggugaaucccggccuuguccuccgucacaagugugacaagugucucgaaaacguguucgcuauacccacguuacagauugggguuucccc	
1	1	0	0	-	-	caaccacuauccgcccugccgcc	uggcagugugguuagcugguug	-	caaggcaauacgcuauggcagugugguuagcugguuguguagaacuuuggggggcuuccguggcguucgcgcgcacacgggggcucagauucacaaccacuauccgcccugccgccgcgaggugccagg	
1	1	0	0	-	-	gcuuuggcgcuuuagcuguauga	uaaagcuagauuaccaaagcau	-	gaacccaucguccaugcuuuggcgcuuuagcuguaugauagaauuuaauauuucauaaagcuagauuaccaaagcauggaaggcuugggcgguguc	
1	1	0	0	-	-	cugaaaacuuaaucgauugguc	-	uaaccugaaaacuuaaucgauuggucacuagcugcgcggugaccaaucgauuaaguuuucagcuua	





































































1	0	0	1	-	-	gugugugaaccguuggcggc	-	agcagugugugaaccguuggcggcgcaacgccugaugguauugaugcugcu	


























