miRDeep2 score	novel miRNAs reported by miRDeep2	novel miRNAs, estimated false positives	novel miRNAs, estimated true positives	known miRNAs in species	known miRNAs in data	known miRNAs detected by miRDeep2	estimated signal-to-noise	excision gearing
10	0	0 +/- 0	0 +/- 0 (0 +/- 0%)	164	69	20 (29%)	19.3	2
9	0	0 +/- 0	0 +/- 0 (0 +/- 0%)	164	69	20 (29%)	18.3	2
8	0	0 +/- 0	0 +/- 0 (0 +/- 0%)	164	69	20 (29%)	18	2
7	0	0 +/- 0	0 +/- 0 (0 +/- 0%)	164	69	20 (29%)	16.9	2
6	0	0 +/- 0	0 +/- 0 (0 +/- 0%)	164	69	22 (32%)	17.6	2
5	0	0 +/- 0	0 +/- 0 (0 +/- 0%)	164	69	44 (64%)	36.8	2
4	0	0 +/- 0	0 +/- 0 (0 +/- 0%)	164	69	51 (74%)	37.1	2
3	0	0 +/- 0	0 +/- 0 (0 +/- 0%)	164	69	55 (80%)	31.6	2
2	1	1 +/- 1	0 +/- 0 (24 +/- 43%)	164	69	56 (81%)	26.8	2
1	2	2 +/- 2	1 +/- 1 (26 +/- 35%)	164	69	58 (84%)	17.3	2
0	6	5 +/- 2	1 +/- 1 (22 +/- 25%)	164	69	59 (86%)	8.3	2
-1	15	12 +/- 3	3 +/- 3 (22 +/- 17%)	164	69	60 (87%)	4.5	2
-2	21	29 +/- 5	0 +/- 0 (0 +/- 1%)	164	69	60 (87%)	2.2	2
-3	39	42 +/- 6	1 +/- 2 (2 +/- 6%)	164	69	60 (87%)	1.9	2
-4	102	69 +/- 7	33 +/- 7 (32 +/- 7%)	164	69	61 (88%)	2.1	2
-5	178	184 +/- 10	2 +/- 4 (1 +/- 2%)	164	69	61 (88%)	1.2	2
-6	212	413 +/- 16	0 +/- 0 (0 +/- 0%)	164	69	61 (88%)	0.6	2
-7	262	640 +/- 20	0 +/- 0 (0 +/- 0%)	164	69	61 (88%)	0.5	2
-8	434	834 +/- 24	0 +/- 0 (0 +/- 0%)	164	69	61 (88%)	0.6	2
-9	616	1007 +/- 27	0 +/- 0 (0 +/- 0%)	164	69	61 (88%)	0.7	2
-10	787	1153 +/- 29	0 +/- 0 (0 +/- 0%)	164	69	61 (88%)	0.7	2



novel miRNAs predicted by miRDeep2
provisional id	miRDeep2 score	estimated probability that the miRNA candidate is a true positive	rfam alert	total read count	mature read count	loop read count	star read count	significant randfold p-value	miRBase miRNA	example miRBase miRNA with the same seed	UCSC browser	NCBI blastn	consensus mature sequence	consensus star sequence	consensus precursor sequence	precursor coordinate
1_35328	2.4	24 +/- 43%	-	4	3	0	1	yes	-	-	-	-	gaccuguggugauggaggaccucuc	uucuucuuccucacuacgguugu	uucuucuuccucacuacgguuguccagggggcguccccccccugcuccgcccugaccuguggugauggaggaccucuc	1:296821602..296821680:-
3_23331	1	26 +/- 35%	-	3	2	0	1	yes	-	-	-	-	gaaacuuccaugagucgauguucc	gauaucgacucauggaac	gaaacuuccaugagucgauguuccaugacucgauaucgacucauggaac	3:269798362..269798411:-
1_27860	0.5	22 +/- 25%	-	2	2	0	0	yes	-	dme-miR-1-3p	-	-	gggaaugucuucugcguuca	ggugugggaggcgcuuccgg	gggaaugucuucugcguucaguaccacuacugggugugggaggcgcuuccgg	1:178675652..178675704:+
3_17428	0	22 +/- 25%	-	8	8	0	0	yes	-	-	-	-	auaacaugcuugucgacuca	agucgagaaggugugaucc	auaacaugcuugucgacucagugucaguucacuuucauucgaugacaacucagucgagaaggugugaucc	3:267459717..267459787:+
3_16892	0	22 +/- 25%	-	174	174	0	0	yes	-	-	-	-	aucaugaccaaaggucgcaugag	cauaugaccuaaggucgcaugag	aucaugaccaaaggucgcaugagugcgaaaguuuuuuauaauaguucuucaaucaagucgucaucauaugaccuaaggucgcaugag	3:229928361..229928448:+
3_18663	0	22 +/- 25%	-	9	3	5	1	no	-	-	-	-	gagugcgacggaccugcuu	uuggguaccuuuugcacuac	uuggguaccuuuugcacuaccgagggaccaaaugcaguacuagaagugguacccaaucugagcccgagugcgacggaccugcuu	3:340627860..340627944:+



mature miRBase miRNAs detected by miRDeep2
tag id	miRDeep2 score	estimated probability that the miRNA is a true positive	rfam alert	total read count	mature read count	loop read count	star read count	significant randfold p-value	mature miRBase miRNA	example miRBase miRNA with the same seed	UCSC browser	NCBI blastn	consensus mature sequence	consensus star sequence	consensus precursor sequence	precursor coordinate
1_35429	517.2	0 +/- 0%	-	1007	1006	0	1	yes	aae-miR-12-5p	dme-miR-12-5p	-	-	ugaguauuacaucagguacuggu	caguacuuauguuaugcucucu	ugaguauuacaucagguacuggugucgauauucgaaucaccaacgaaucggguuccuuugauuaacuuaccaguacuuauguuaugcucucu	1:305613548..305613640:-
3_16011	58.3	0 +/- 0%	-	109	107	0	2	yes	aae-bantam-5p	dme-bantam-3p	-	-	ugagaucauuuugaaagcugauu	ccgguuuucauuuucgaucugacu	ccgguuuucauuuucgaucugacuuauuugauuuaacaagagugagaucauuuugaaagcugauu	3:178082830..178082895:+
2_7498	49.6	0 +/- 0%	-	89	87	0	2	yes	aae-miR-13-5p	dme-miR-2a-3p	-	-	uaucacagccauuuugacgaguu	ucguaaaaaugguugugcugu	ucguaaaaaugguugugcuguguuguuacgcucgaaauucauaucacagccauuuugacgaguu	2:107237649..107237713:-
3_20444	32.1	0 +/- 0%	-	54	53	0	1	yes	aae-miR-11-5p	dme-miR-2a-3p	-	-	caucacagucugaguucuugcu	cgagaacuccggcugugaccug	cgagaacuccggcugugaccuguguacacuuuauccaaaucacaucacagucugaguucuugcu	3:75489864..75489928:-
2_7503	30	0 +/- 0%	-	57	40	0	17	yes	aae-miR-71-5p	-	-	-	agaaagacauggguagugagau	ucucacuaccuugucuuucaug	agaaagacauggguagugagauaguuucacccuauugcacugggaucucacuaccuugucuuucaug	2:107238287..107238354:-
1_28347	22.8	0 +/- 0%	-	37	34	0	3	yes	aae-miR-279	dme-miR-279-3p	-	-	ugacuagauccacacucauuaa	gaugggugugaaucuagu	gaugggugugaaucuaguguuucacaugauuuucgauagccugugacuagauccacacucauuaa	1:207007788..207007853:+
1_32251	22.2	0 +/- 0%	-	44	42	0	2	no	aae-miR-252-5p	dme-miR-252-5p	-	-	cuaaguacuagugccgcagga	ccugcugcccaagugcuuaucg	cuaaguacuagugccgcaggagagauuugaaccccugcugcccaagugcuuaucg	1:175818157..175818212:-
2_7146	18.6	0 +/- 0%	-	28	26	0	2	yes	aae-miR-276-5p	dme-miR-276a-3p	-	-	uaggaacuucauaccgugcucu	agcgagguauagaguuccuacg	agcgagguauagaguuccuacguugcgugugcgaaauugguaggaacuucauaccgugcucu	2:73120452..73120514:-
1_30521	14.7	0 +/- 0%	-	20	18	0	2	yes	aae-miR-33	dme-miR-33-5p	-	-	gugcauuguaguugcauugca	caauacuucugcaaugcaagcc	gugcauuguaguugcauugcacuuuugcguucgauaacacggugcaauacuucugcaaugcaagcc	1:50888880..50888946:-
3_20652	14.2	0 +/- 0%	-	20	19	0	1	yes	aae-miR-92a-5p	dme-miR-92a-3p	-	-	uauugcacuugucccggccuau	cgguacggacaggggcaacauug	cgguacggacaggggcaacauugugacauuugaaagcuaauauugcacuugucccggccuau	3:93477596..93477658:-
2_7387	10.7	0 +/- 0%	-	13	10	0	3	yes	aae-miR-281-5p	dme-miR-281-2-5p	-	-	aagagagcuauccgucgacagu	ugucauggaauugcucucuuu	aagagagcuauccgucgacaguagggauaugauucacugucauggaauugcucucuuu	2:96469362..96469420:-
2_1201	6.6	0 +/- 0%	-	4	3	0	1	yes	aae-miR-988-5p	dme-miR-988-3p	-	-	ccccuuguugcaaaccucacgc	gugugcuuugugacaaugagau	gugugcuuugugacaaugagauucgguucgauaucauccccuuguugcaaaccucacgc	2:93351380..93351439:+
3_20442	5.4	0 +/- 0%	-	29	29	0	0	yes	aae-miR-998	dme-miR-285-3p	-	-	uagcaccaugagauucagcuc	acugaacucucgugggucugca	acugaacucucgugggucugcaguugauauuucgaaagcuuguagcaccaugagauucagcuc	3:75489589..75489652:-
2_7494	5.4	0 +/- 0%	-	287	287	0	0	yes	aae-miR-2c	dme-miR-2a-3p	-	-	uaucacagccagcuuugaugagcu	cucucaaaguggcugugaaaug	cucucaaaguggcugugaaaugguuugauuuugcucauaucacagccagcuuugaugagcu	2:107235884..107235945:-
3_23070	5.3	0 +/- 0%	-	67	67	0	0	yes	aae-miR-278-5p	dme-miR-278-3p	-	-	ucggugggacuuucguccguuu	acggacgauagucuucagcggcc	acggacgauagucuucagcggccgugcauuugauagaaguggucggugggacuuucguccguuu	3:243123888..243123952:-
1_35384	5.2	0 +/- 0%	-	13	13	0	0	yes	aae-miR-277-5p	dme-miR-277-3p	-	-	uaaaugcacuaucugguacgac	cgugucagaagugcauuuaca	cgugucagaagugcauuuacauagguauuucccguuuagcaguauuuguaaaugcacuaucugguacgac	1:302603813..302603883:-
1_35388	5.2	0 +/- 0%	-	176	176	0	0	yes	aae-miR-317	dme-miR-317-3p	-	-	ugaacacagcuggugguaucuca	ggauacacccugugcucgcu	ggauacacccugugcucgcuuugcauucgaaacuagugaacacagcuggugguaucuca	1:302667131..302667190:-
2_4049	5.2	0 +/- 0%	-	85	85	0	0	yes	aae-miR-275-5p	dme-miR-275-3p	-	-	ucagguaccugaaguagcgcgcg	cgcgcuaagcaggaaccgagacu	cgcgcuaagcaggaaccgagacuuugucauuugcuagcagucagguaccugaaguagcgcgcg	2:307135668..307135731:+
2_7496	5.2	0 +/- 0%	-	725	725	0	0	yes	aae-miR-2a-5p	dme-miR-2a-3p	-	-	uaucacagccagcuuugaagagcg	cucucaaagugguugugaaaug	cucucaaagugguugugaaaugaguuacucuugaacgaucucauaucacagccagcuuugaagagcg	2:107237501..107237568:-
3_20630	5.1	0 +/- 0%	-	68	68	0	0	yes	aae-miR-92b-3p	dme-miR-92a-3p	-	-	aauugcacuugucccggccugc	aggucgugacuugugcccauuug	aggucgugacuugugcccauuugcugaauuuuaauggucaaauugcacuugucccggccugc	3:93418515..93418577:-
2_7170	5.1	0 +/- 0%	-	26	26	0	0	yes	aae-miR-276-3p	dme-miR-276a-3p	-	-	uaggaacuucauaccgugcucu	agcgagguauagaguuccuaug	agcgagguauagaguuccuaugcguucggauaaaauauuccauaggaacuucauaccgugcucu	2:73509399..73509463:-
2_7502	5.1	0 +/- 0%	-	149	149	0	0	yes	aae-miR-2c	dme-miR-2a-3p	-	-	uaucacagccagcuuugaugag	caucaaauuugguuguuuuagu	caucaaauuugguuguuuuaguacgaccucuuugaaaccccuaucacagccagcuuugaugag	2:107237997..107238060:-
2_4791	5.1	0 +/- 0%	-	23	23	0	0	yes	aae-miR-2945-5p	dme-miR-279-3p	-	-	ugacuagaggcagacucguuua	agcggguccguuucuagugucaug	agcggguccguuucuagugucaugugcuguauucgaauaucaugacuagaggcagacucguuua	2:374947142..374947206:+
1_35433	5.1	0 +/- 0%	-	3453	3453	0	0	yes	aae-miR-283	dme-miR-283-5p	-	-	caauaucagcugguaauucuggg	cggaauuccaacugauauccac	caauaucagcugguaauucugggcuuaccccaccguuauacgcuucccggaauuccaacugauauccac	1:305625600..305625669:-
2_7393	5.1	0 +/- 0%	-	33	31	0	2	yes	aae-miR-282-5p	dme-miR-282-5p	-	-	uagccucuccuaggcuuugucu	agccugacagagguuagg	uagccucuccuaggcuuugucuguuaccuuccuugggaauuccacuagccagacauagccugacagagguuagg	2:96911966..96912040:-
1_28349	5	0 +/- 0%	-	63	63	0	0	yes	aae-miR-996	dme-miR-279-3p	-	-	ugacuagauuacaugcucgucu	gcgugcaugaaucuggugcacg	gcgugcaugaaucuggugcacgguuuuccaguuguaauaucgcuucgugacuagauuacaugcucgucu	1:207012536..207012605:+
2_12356	5	0 +/- 0%	-	828	828	0	0	yes	aae-miR-184	dme-miR-184-3p	-	-	uggacggagaacugauaagggc	ccuuaucauucuugcgccccgu	ccuuaucauucuugcgccccguguuauauuguuggcgacuggacggagaacugauaagggc	2:417599380..417599441:-
3_25376	5	0 +/- 0%	-	332	332	0	0	yes	aae-miR-308-5p	dme-miR-2a-3p	-	-	aaucacaggaguauacugugag	cgcgguauauucuuguggcuug	cgcgguauauucuuguggcuugaugcauuugaaaaaucucaaaucacaggaguauacugugag	3:403338483..403338546:-
2_5329	4.9	0 +/- 0%	-	14	14	0	0	yes	aae-miR-965	dme-miR-965-3p	-	-	uaagcguauagcuuuucccauu	ggggaaauccuguacgcuguaug	ggggaaauccuguacgcuguauguuguauuugaauaauccauaagcguauagcuuuucccauu	2:429778750..429778813:+
2_6843	4.8	0 +/- 0%	-	69	69	0	0	yes	aae-miR-190	dme-miR-190-5p	-	-	agauauguuugauauucuugguug	cccaggaaucaaacauauuauua	agauauguuugauauucuugguuguuaaauuuuauauuaucacccaggaaucaaacauauuauua	2:48811877..48811942:-
2_4461	4.6	0 +/- 0%	-	24	24	0	0	yes	aae-miR-14	dme-miR-14-3p	-	-	ucagucuuuuucucucuccuau	gggagcgagauuaaggcuugcu	gggagcgagauuaaggcuugcuggucauuuauuacacucgaagucagucuuuuucucucuccuau	2:344767572..344767637:+
3_18449	4.2	0 +/- 0%	-	22	22	0	0	yes	aae-miR-8-5p	dme-miR-8-3p	-	-	uaauacugucagguaaagauguc	caucuuaccgggcagcauuaga	caucuuaccgggcagcauuagauauuuuugaaauacuucuaauacugucagguaaagauguc	3:328527955..328528017:+
2_4052	4	0 +/- 0%	-	275	275	0	0	yes	aae-miR-305-5p	dme-miR-305-5p	-	-	auuguacuucaucaggugcucugg	ccggcacauguuggaguacacuua	auuguacuucaucaggugcucugguuguuuucgauacccggcacauguuggaguacacuua	2:307145445..307145506:+
2_7169	3.8	0 +/- 0%	-	26	26	0	0	yes	aae-miR-276-3p	dme-miR-276a-3p	-	-	uaggaacuucauaccgugcucu	gguaaugguggaaguucguggc	uaggaacuucauaccgugcucuuggauugcuuggaagucaucgagaggguaaugguggaaguucguggc	2:73509352..73509421:-
2_2854	3.7	0 +/- 0%	-	46	46	0	0	yes	aae-miR-7	dme-miR-7-5p	-	-	uggaagacuagugauuuuguuguu	uaacaauaaaucucaagucuuucuac	uggaagacuagugauuuuguuguuuugcuuacgauaauaacaauaaaucucaagucuuucuac	2:222802544..222802607:+
2_11370	3.6	0 +/- 0%	-	9	9	0	0	yes	aae-miR-79-5p	dme-miR-9a-3p	-	-	uaaagcuagauuaccaaagcau	gcuuuggcgcuuuagcuguaug	gcuuuggcgcuuuagcuguaugauagaauuuaauauuucauaaagcuagauuaccaaagcau	2:335780884..335780946:-
2_11367	3.5	0 +/- 0%	-	9	9	0	0	yes	aae-miR-9b	dme-miR-9a-5p	-	-	ucuuuggugauuuuagcuguaug	uauagcuuuaucaccaaaaacc	ucuuuggugauuuuagcuguaugcugauacguuucugauugcauauagcuuuaucaccaaaaacc	2:335780574..335780639:-
2_4050	2.7	24 +/- 43%	-	85	85	0	0	yes	aae-miR-275-3p	dme-miR-275-3p	-	-	ucagguaccugaaguagcgcgcg	ucaucaagcgacaacagaggcgugaaa	ucagguaccugaaguagcgcgcgugaucaaacaggaagcgucaucaagcgacaacagaggcgugaaa	2:307135708..307135775:+
2_6976	2.1	24 +/- 43%	-	1178	1178	0	0	yes	aae-miR-11894a	-	-	-	uuuaccauuucaagaugaccua	ggucgucuugaaaugguaaaga	ggucgucuugaaaugguaaagagugucaaucaucaucuuuaccauuucaagaugaccua	2:58785158..58785217:-
2_6982	2	24 +/- 43%	-	1178	1178	0	0	yes	aae-miR-11894a	-	-	-	uuuaccauuucaagaugaccua	ggucgucuugaaaugguaaaga	ggucgucuugaaaugguaaagagugucaaucaucaucuuuaccauuucaagaugaccua	2:58787426..58787485:-
2_6978	2	24 +/- 43%	-	1178	1178	0	0	yes	aae-miR-11894a	-	-	-	uuuaccauuucaagaugaccua	ggucgucuugaaaugguaaaga	ggucgucuugaaaugguaaagagugucaaucaucaucuuuaccauuucaagaugaccua	2:58785850..58785909:-
2_6980	2	24 +/- 43%	-	1178	1178	0	0	yes	aae-miR-11894a	-	-	-	uuuaccauuucaagaugaccua	ggucgucuugaaaugguaaaga	ggucgucuugaaaugguaaagagugucaaucaucaucuuuaccauuucaagaugaccua	2:58786284..58786343:-
2_6972	2	24 +/- 43%	-	1178	1178	0	0	yes	aae-miR-11894a	-	-	-	uuuaccauuucaagaugaccua	gguugucuugaaaugguaaaga	gguugucuugaaaugguaaagagugucaaccaucaucuuuaccauuucaagaugaccua	2:58783350..58783409:-
2_6974	1.9	26 +/- 35%	-	251	251	0	0	yes	aae-miR-11894b	-	-	-	uuuaccauuucaauaugaccua	ggucguauugaaaugguaaaga	ggucguauugaaaugguaaagagugucaaucaucaucuuuaccauuucaauaugaccua	2:58784590..58784649:-
2_11200	1.7	26 +/- 35%	-	671	671	0	0	yes	aae-miR-11895	-	-	-	uucaugcauucacuucugcuga	agcaggagugaaugcaugaguu	agcaggagugaaugcaugaguuugacaucugaaacuaauucaugcauucacuucugcuga	2:324949494..324949554:-
3_20783	0	22 +/- 25%	-	9	9	0	0	yes	aae-miR-2765	-	-	-	ugguaacuccaccaccguuggc	caaugggagcuggaguucccgcg	ugguaacuccaccaccguuggcgauauuugacagccaaugggagcuggaguucccgcg	3:101895454..101895512:-
2_12318	-0.5	22 +/- 17%	-	8	8	0	0	yes	aae-miR-1890	-	-	-	ugaaaucuuugauuaggucugg	agagcuaauuggagaguucuug	agagcuaauuggagaguucuugaauaguguugugaaccuucaugaaaucuuugauuaggucugg	2:413654961..413655025:-
2_7388	-3.2	32 +/- 7%	-	10	10	0	0	no	aae-miR-281-5p	dme-miR-281-2-5p	-	-	aagagagcuauccgucgacagu	cguugacgugggauuuuuuug	cguugacgugggauuuuuuuguucauuuuguucuuucgcugguuucgaauaugaaaauaaagagagcuauccgucgacagu	2:96469398..96469479:-
2_1202	-3.3	32 +/- 7%	-	3	3	0	0	no	aae-miR-988-3p	dme-miR-988-3p	-	-	ccccuuguugcaaaccucacgc	ggcagguaggggcaaugggggc	ccccuuguugcaaaccucacgcuugcgguagguuccacaacugcugagagguggcagguaggggcaaugggggc	2:93351417..93351491:+
3_20470	-3.7	32 +/- 7%	-	2	2	0	0	yes	aae-miR-11920	-	-	-	agcauuucagacauugguggac	ccaucaacugcugaacuguuuu	ccaucaacugcugaacuguuuuaggcuucguacgaaagcauuucagacauugguggac	3:77430380..77430438:-

#miRBase miRNAs not detected by miRDeep2
miRBase precursor id	total read count	mature read count(s)	star read count	remaining reads	UCSC browser	NCBI blastn	miRBase mature sequence(s)	miRBase star sequence(s)	miRBase precursor sequence
203	203	0	0	-	-	cacguuacagauugggguuucc	uaaucucaaauuguaacagugg	-	gagguaaucucaaauuguaacaguggguugauuuuccuggugaaucccggccuuguccuccgucacaagugugacaagugucucgaaaacguguucgcuauacccacguuacagauugggguuucccc	
184	184	0	0	-	-	ucagguacugagugacucucag	gagagcaccucgguaucuaagc	-	cauucgcaauuucaccgguucagguacugagugacucucagaugugcauuucucaagcaaucucguccucaggaccugagguugaaaaacccugagagcaccucgguaucuaagccaguguugcgaaaa	
197	197	0	0	-	-	ugguuuaucuuaucugucgaggc	gucgacagggagauaaaucacu	-	cauugguuuaucuuaucugucgaggcaaguuauuuuaccggauaguguuucuuuucgugagcaaucaccacuauccagcucuucuugucgacagggagauaaaucacug	
35	35	0	0	-	-	caaccacuauccgcccugccgcc	uggcagugugguuagcugguug	-	caaggcaauacgcuauggcagugugguuagcugguuguguagaacuuuggggggcuuccguggcguucgcgcgcacacgggggcucagauucacaaccacuauccgcccugccgccgcgaggugccagg	
8	8	0	0	-	-	ucuuugguauucuagcuguaga	uaaagcuuuaguaccagagguc	-	cugaaucuuugguauucuagcuguagaauguugagcuuugugauaugguaucuucuaaagcuuuaguaccagagguccaacug	
2	2	0	0	-	-	ucauaagacacacgcggcuau	-	aacgguauugcggcuuucauagguagcuugcguuugucuuagcugguauugaaugugauagguaucauaagacacacgcggcuauuuuugagaguaucaagcaucuug	
5	2	0	3	-	-	cacaaccuccuugagugagcga	-	cuaguuucccggcagucgaucacucacucaaccugggugugaugcuuauuugaaucaucacaaccuccuugagugagcgaccgauugaugg	
1	1	0	0	-	-	aaaugggacugauaugcgaguau	-	ccauucucgcauaacaguaccauauucuugggauuucucauauaaaugggacugauaugcgaguaugg	
1	1	0	0	-	-	uggcaagauguuggcauagcuga	-	cgagauuuugggagauugaaggucguguuugcagagugaaauuggcaacuuggcaagauguuggcauagcugaaaguuuugaguuuagcuauucaacuucuugucuauuuuuccaauuuauugacaacgaagaggcguuuuuccgugau	
3	1	0	2	-	-	gugugugaaccguuggcggc	-	agcagugugugaaccguuggcggcgcaacgccugaugguauugaugcugcu	











2	0	0	2	-	-	cgagauacggagagauugcgaca	-	cagucgccucuucacaucucgauaucgaagggaccaucgagauacggagagauugcgacaa	





























































1	0	0	1	-	-	uuaaguaggcacuugcaggcaaa	-	gauguuaaguaggcacuugcaggcaaauuuguagcuuuaauaugauugacugcuuuuuccuacuuuacauu	


1	0	0	1	-	-	uuggacuggcaugcguuuaugg	-	cccauaaacgcauaauugucccaugugaauagaaaauccagccacauuggacuggcaugcguuuauggg	
