miRDeep2 score	novel miRNAs reported by miRDeep2	novel miRNAs, estimated false positives	novel miRNAs, estimated true positives	known miRNAs in species	known miRNAs in data	known miRNAs detected by miRDeep2	estimated signal-to-noise	excision gearing
10	0	0 +/- 0	0 +/- 0 (0 +/- 0%)	164	87	32 (37%)	200	1
9	0	0 +/- 0	0 +/- 0 (0 +/- 0%)	164	87	32 (37%)	200	1
8	0	0 +/- 0	0 +/- 0 (0 +/- 0%)	164	87	32 (37%)	200	1
7	0	0 +/- 0	0 +/- 0 (0 +/- 0%)	164	87	32 (37%)	181.8	1
6	0	0 +/- 0	0 +/- 0 (0 +/- 0%)	164	87	32 (37%)	181.8	1
5	0	0 +/- 0	0 +/- 0 (0 +/- 0%)	164	87	47 (54%)	134.8	1
4	0	0 +/- 0	0 +/- 0 (0 +/- 0%)	164	87	59 (68%)	121.2	1
3	2	0 +/- 0	2 +/- 0 (96 +/- 14%)	164	87	60 (69%)	62.3	1
2	3	0 +/- 0	3 +/- 0 (96 +/- 10%)	164	87	61 (70%)	45.6	1
1	4	0 +/- 0	4 +/- 0 (95 +/- 10%)	164	87	64 (74%)	27.6	1
0	7	1 +/- 1	6 +/- 1 (90 +/- 11%)	164	87	68 (78%)	16.9	1
-1	8	2 +/- 1	6 +/- 1 (80 +/- 14%)	164	87	72 (83%)	12.3	1
-2	8	12 +/- 3	0 +/- 0 (0 +/- 2%)	164	87	74 (85%)	3.9	1
-3	18	21 +/- 4	0 +/- 1 (2 +/- 5%)	164	87	75 (86%)	3	1
-4	50	26 +/- 4	24 +/- 4 (47 +/- 8%)	164	87	76 (87%)	3.4	1
-5	64	50 +/- 5	14 +/- 5 (21 +/- 7%)	164	87	77 (89%)	2.2	1
-6	72	105 +/- 7	0 +/- 0 (0 +/- 0%)	164	87	77 (89%)	1.2	1
-7	82	141 +/- 9	0 +/- 0 (0 +/- 0%)	164	87	77 (89%)	1	1
-8	89	175 +/- 9	0 +/- 0 (0 +/- 0%)	164	87	78 (90%)	0.8	1
-9	105	203 +/- 9	0 +/- 0 (0 +/- 0%)	164	87	78 (90%)	0.8	1
-10	129	225 +/- 10	0 +/- 0 (0 +/- 0%)	164	87	79 (91%)	0.8	1



novel miRNAs predicted by miRDeep2
provisional id	miRDeep2 score	estimated probability that the miRNA candidate is a true positive	rfam alert	total read count	mature read count	loop read count	star read count	significant randfold p-value	miRBase miRNA	example miRBase miRNA with the same seed	UCSC browser	NCBI blastn	consensus mature sequence	consensus star sequence	consensus precursor sequence	precursor coordinate
3_2217	3.5	96 +/- 14%	-	4	3	0	1	yes	-	-	-	-	ucuuaugcagcgcaaauaguga	acuauuugcgcugcauaagaac	ucuuaugcagcgcaaauagugacgucacuauuugcgcugcauaagaac	3:45671586..45671634:-
2_472	3.1	96 +/- 14%	-	3	2	0	1	yes	-	-	-	-	cugaaaaccuaaucgauugguc	ccaaucgauuagguuuucagcu	cugaaaaccuaaucgauuggucacuagcugguggcgaccaaucgauuagguuuucagcu	2:349049845..349049904:+
2_379	2.3	96 +/- 10%	-	2	1	0	1	yes	-	-	-	-	augggacaaucaugcguuuau	uaaaugcaugucagucccaugu	uaaaugcaugucagucccauguuugcuggauuuccuauucacaugggacaaucaugcguuuau	2:276563903..276563966:+
3_2139	1.1	95 +/- 10%	-	2	1	0	1	yes	-	-	-	-	cuguucuaguuguuauaaccu	auugucgcaacaagaauaggaga	cuguucuaguuguuauaaccuguuguugcggaauaagauugucgcaacaagaauaggaga	3:404471514..404471574:+
1_2989	0.4	90 +/- 11%	-	1	1	0	0	yes	-	dme-miR-263b-3p	-	-	uugguucuccagauugugcu	cacaaaucuggaaaaccgaac	cacaaaucuggaaaaccgaacacccguuucaguugaaaaccuaaguuuucagcucaaacggguguuugguucuccagauugugcu	1:111315154..111315239:+
1_3689	0.1	90 +/- 11%	-	1	1	0	0	yes	-	dme-miR-277-3p	-	-	uaaaugcaugucagucccaugu	augggacaauuaugcguuuaug	uaaaugcaugucagucccauguuugcuggauuuccuauugacaugggacaauuaugcguuuaug	1:189800297..189800361:-
2_1060	0	90 +/- 11%	-	8	8	0	0	yes	-	-	-	-	uacggcaagggcugauugcugc	agcauuucaggccuuaucauagu	agcauuucaggccuuaucauaguuugauaguagucuggacuacuagacugcaaaacuacggcaagggcugauugcugc	2:214458262..214458340:-



mature miRBase miRNAs detected by miRDeep2
tag id	miRDeep2 score	estimated probability that the miRNA is a true positive	rfam alert	total read count	mature read count	loop read count	star read count	significant randfold p-value	mature miRBase miRNA	example miRBase miRNA with the same seed	UCSC browser	NCBI blastn	consensus mature sequence	consensus star sequence	consensus precursor sequence	precursor coordinate
1_4395	4122.2	0 +/- 0%	-	8077	8076	0	1	yes	aae-miR-283	dme-miR-283-5p	-	-	caauaucagcugguaauucuggg	cggaauuccaacugauauccacu	caauaucagcugguaauucugggcuuaccccaccguuauacgcuucccggaauuccaacugauauccacu	1:305625599..305625669:-
2_430	411	0 +/- 0%	-	800	799	0	1	yes	aae-miR-305-5p	dme-miR-305-5p	-	-	auuguacuucaucaggugcucugg	cggcacauguuggaguacacu	auuguacuucaucaggugcucugguuguuuucgauacccggcacauguuggaguacacu	2:307145445..307145504:+
3_1711	397.1	0 +/- 0%	-	781	780	0	1	no	aae-bantam-5p	dme-bantam-3p	-	-	ugagaucauuuugaaagcugauu	ccgguuuucauuuucgaucugacu	ccgguuuucauuuucgaucugacuuauuugauuuaacaagagugagaucauuuugaaagcugauu	3:178082830..178082895:+
2_860	391.1	0 +/- 0%	-	758	755	0	3	yes	aae-miR-2c	dme-miR-2a-3p	-	-	uaucacagccagcuuugaugagcu	acucucaaaguggcugugaaaug	acucucaaaguggcugugaaaugguuugauuuugcucauaucacagccagcuuugaugagcu	2:107235884..107235946:-
1_3665	317.1	0 +/- 0%	-	615	574	0	41	yes	aae-miR-252-5p	dme-miR-252-5p	-	-	cuaaguacuagugccgcaggag	ccugcugcccaagugcuuaucg	cuaaguacuagugccgcaggagagauuugaaccccugcugcccaagugcuuaucg	1:175818157..175818212:-
2_869	250.3	0 +/- 0%	-	489	385	0	104	yes	aae-miR-71-5p	-	-	-	agaaagacauggguagugagau	ucucacuaccuugucuuucaug	agaaagacauggguagugagauaguuucacccuauugcacugggaucucacuaccuugucuuucaug	2:107238287..107238354:-
2_427	228.2	0 +/- 0%	-	439	438	0	1	yes	aae-miR-275-5p	dme-miR-275-3p	-	-	ucagguaccugaaguagcgcgcg	cgcgcuaagcaggaaccgagacu	cgcgcuaagcaggaaccgagacuuugucauuugcuagcagucagguaccugaaguagcgcgcg	2:307135668..307135731:+
3_2256	211.1	0 +/- 0%	-	405	401	0	4	yes	aae-miR-11-5p	dme-miR-2a-3p	-	-	caucacagucugaguucuugcu	cgagaacuccggcugugaccugu	cgagaacuccggcugugaccuguguacacuuuauccaaaucacaucacagucugaguucuugcu	3:75489864..75489928:-
2_749	195.2	0 +/- 0%	-	375	372	0	3	yes	aae-miR-190	dme-miR-190-5p	-	-	agauauguuugauauucuugguug	cccaggaaucaaacauauuauu	agauauguuugauauucuugguuguuaaauuuuauauuaucacccaggaaucaaacauauuauu	2:48811878..48811942:-
2_864	152.6	0 +/- 0%	-	291	275	0	16	yes	aae-miR-13-5p	dme-miR-2a-3p	-	-	uaucacagccauuuugacgaguu	ucguaaaaaugguugugcugu	ucguaaaaaugguugugcuguguuguuacgcucgaaauucauaucacagccauuuugacgaguu	2:107237649..107237713:-
2_847	115	0 +/- 0%	-	217	211	0	6	yes	aae-miR-282-5p	dme-miR-282-5p	-	-	uagccucuccuaggcuuugucu	acauagccugacagagguuagg	uagccucuccuaggcuuugucuguuaccuuccuugggaauuccacuagccagacauagccugacagagguuagg	2:96911966..96912040:-
2_799	93	0 +/- 0%	-	174	134	0	40	yes	aae-miR-276-5p	dme-miR-276a-3p	-	-	uaggaacuucauaccgugcucu	agcgagguauagaguuccuacg	agcgagguauagaguuccuacguugcgugugcgaaauugguaggaacuucauaccgugcucu	2:73120452..73120514:-
2_804	74.8	0 +/- 0%	-	138	134	0	4	yes	aae-miR-276-3p	dme-miR-276a-3p	-	-	uaggaacuucauaccgugcucu	agcgagguauagaguuccua	agcgagguauagaguuccuaugcguucggauaaaauauuccauaggaacuucauaccgugcucu	2:73509399..73509463:-
1_3427	74.8	0 +/- 0%	-	138	137	0	1	yes	aae-miR-33	dme-miR-33-5p	-	-	gugcauuguaguugcauugca	caauacuucugcaaugcaa	gugcauuguaguugcauugcacuuuugcguucgauaacacggugcaauacuucugcaaugcaa	1:50888883..50888946:-
2_483	46.1	0 +/- 0%	-	82	81	0	1	yes	aae-miR-2945-5p	dme-miR-279-3p	-	-	ugacuagaggcagacucguuua	agcggguccguuucuagugucaug	agcggguccguuucuagugucaugugcuguauucgaauaucaugacuagaggcagacucguuua	2:374947142..374947206:+
2_845	33.7	0 +/- 0%	-	58	50	0	8	yes	aae-miR-281-5p	dme-miR-281-2-5p	-	-	aagagagcuauccgucgacag	ugucauggaauugcucucuuua	aagagagcuauccgucgacaguagggauaugauucacugucauggaauugcucucuuua	2:96469361..96469420:-
2_1285	28.6	0 +/- 0%	-	48	47	0	1	yes	aae-miR-9b	dme-miR-9a-5p	-	-	ucuuuggugauuuuagcuguaug	uauagcuuuaucaccaaaaacc	ucuuuggugauuuuagcuguaugcugauacguuucugauugcauauagcuuuaucaccaaaaacc	2:335780574..335780639:-
2_1291	27.5	0 +/- 0%	-	46	24	0	22	yes	aae-miR-9c-5p	dme-miR-9a-5p	-	-	ucuuugguauucuagcuguaga	uaaagcuuuaguaccagagguc	ucuuugguauucuagcuguagaauguugagcuuugugauaugguaucuucuaaagcuuuaguaccagagguc	2:335810364..335810436:-
3_1858	22.3	0 +/- 0%	-	35	18	0	17	yes	aae-miR-307	dme-miR-307a-5p	-	-	acucacucaaccugggugugaug	ucacaaccuccuugagugagcga	acucacucaaccugggugugaugcuuauuugaaucaucacaaccuccuugagugagcga	3:244794376..244794435:+
1_3470	11.7	0 +/- 0%	-	15	11	0	4	yes	aae-miR-87	dme-miR-87-3p	-	-	gugagcaaauuuucaggugugu	cagccugaaauuugcuaaaccu	cagccugaaauuugcuaaaccuguguguauuugauucaaacaaucaaggugagcaaauuuucaggugugu	1:80682401..80682471:-
3_2254	5.4	0 +/- 0%	-	148	148	0	0	yes	aae-miR-998	dme-miR-285-3p	-	-	uagcaccaugagauucagcuc	acugaacucucgugggucugca	acugaacucucgugggucugcaguugauauuucgaaagcuuguagcaccaugagauucagcuc	3:75489589..75489652:-
3_2548	5.3	0 +/- 0%	-	83	83	0	0	yes	aae-miR-278-5p	dme-miR-278-3p	-	-	ucggugggacuuucguccguuu	acggacgauagucuucagcggcc	acggacgauagucuucagcggccgugcauuugauagaaguggucggugggacuuucguccguuu	3:243123888..243123952:-
2_862	5.2	0 +/- 0%	-	2443	2443	0	0	yes	aae-miR-2a-5p	dme-miR-2a-3p	-	-	uaucacagccagcuuugaaga	ucaaagugguugugaaaug	ucaaagugguugugaaaugaguuacucuugaacgaucucauaucacagccagcuuugaaga	2:107237504..107237565:-
1_4382	5.2	0 +/- 0%	-	130	130	0	0	yes	aae-miR-277-5p	dme-miR-277-3p	-	-	uaaaugcacuaucugguacgaca	gcgugucagaagugcauuuaca	gcgugucagaagugcauuuacauagguauuucccguuuagcaguauuuguaaaugcacuaucugguacgaca	1:302603812..302603884:-
1_4386	5.2	0 +/- 0%	-	878	878	0	0	yes	aae-miR-317	dme-miR-317-3p	-	-	ugaacacagcuggugguaucuca	ggauacacccugugcucgcu	ggauacacccugugcucgcuuugcauucgaaacuagugaacacagcuggugguaucuca	1:302667131..302667190:-
3_2274	5.1	0 +/- 0%	-	197	197	0	0	yes	aae-miR-92b-3p	dme-miR-92a-3p	-	-	aauugcacuugucccggccugc	aggucgugacuugugcccauuug	aggucgugacuugugcccauuugcugaauuuuaauggucaaauugcacuugucccggccugc	3:93418515..93418577:-
2_868	5.1	0 +/- 0%	-	568	568	0	0	yes	aae-miR-2c	dme-miR-2a-3p	-	-	uaucacagccagcuuugauga	aucaaauuugguuguuuuagu	aucaaauuugguuguuuuaguacgaccucuuugaaaccccuaucacagccagcuuugauga	2:107237998..107238059:-
3_2766	5	0 +/- 0%	-	2939	2939	0	0	yes	aae-miR-308-5p	dme-miR-2a-3p	-	-	aaucacaggaguauacugugag	cgcgguauauucuuguggcuug	cgcgguauauucuuguggcuugaugcauuugaaaaaucucaaaucacaggaguauacugugag	3:403338483..403338546:-
2_1288	5	0 +/- 0%	-	43	43	0	0	yes	aae-miR-79-5p	dme-miR-9a-3p	-	-	uaaagcuagauuaccaaagcau	gcuuuggcgcuuuagcuguaug	gcuuuggcgcuuuagcuguaugauagaauuuaauauuucauaaagcuagauuaccaaagcau	2:335780884..335780946:-
1_3193	5	0 +/- 0%	-	486	486	0	0	yes	aae-miR-996	dme-miR-279-3p	-	-	ugacuagauuacaugcucgucu	gcgugcaugaaucuggugcacg	gcgugcaugaaucuggugcacgguuuuccaguuguaauaucgcuucgugacuagauuacaugcucgucu	1:207012536..207012605:+
2_1396	5	0 +/- 0%	-	2664	2664	0	0	yes	aae-miR-184	dme-miR-184-3p	-	-	uggacggagaacugauaagggc	ccuuaucauucuugcgccccgu	ccuuaucauucuugcgccccguguuauauuguuggcgacuggacggagaacugauaagggc	2:417599380..417599441:-
2_573	4.9	0 +/- 0%	-	231	231	0	0	yes	aae-miR-965	dme-miR-965-3p	-	-	uaagcguauagcuuuucccau	gggaaauccuguacgcuguaug	gggaaauccuguacgcuguauguuguauuugaauaauccauaagcguauagcuuuucccau	2:429778751..429778812:+
NIGP01000533_4574	4.9	0 +/- 0%	-	19	19	0	0	yes	aae-miR-970	dme-miR-970-3p	-	-	ucauaagacacacgcggcuau	agcuugcguuugucuuagcuggua	agcuugcguuugucuuagcugguauugaaugugauagguaucauaagacacacgcggcuau	NIGP01000533:10107..10168:-
3_2278	4.8	0 +/- 0%	-	39	39	0	0	yes	aae-miR-92a-5p	dme-miR-92a-3p	-	-	uauugcacuugucccggccuau	cgguacggacaggggcaacauu	cgguacggacaggggcaacauugugacauuugaaagcuaauauugcacuugucccggccuau	3:93477596..93477658:-
1_3053	4.8	0 +/- 0%	-	19	19	0	0	yes	aae-miR-970	dme-miR-970-3p	-	-	ucauaagacacacgcggcuau	agcuugcguuugucuuagcuggua	agcuugcguuugucuuagcugguauugaaugugauagguaucauaagacacacgcggcuau	1:157238423..157238484:+
1_3191	4.7	0 +/- 0%	-	273	273	0	0	yes	aae-miR-279	dme-miR-279-3p	-	-	ugacuagauccacacucauuaa	gaugggugugaaucuaguguuucaca	gaugggugugaaucuaguguuucacaugauuuucgauagccugugacuagauccacacucauuaa	1:207007788..207007853:+
1_4391	4.6	0 +/- 0%	-	2815	2815	0	0	yes	aae-miR-12-5p	dme-miR-12-5p	-	-	ugaguauuacaucagguacuggu	caguacuuauguuaugcucucu	ugaguauuacaucagguacuggugucgauauucgaaucaccaacgaaucggguuccuuugauuaacuuaccaguacuuauguuaugcucucu	1:305613548..305613640:-
2_469	4.6	0 +/- 0%	-	133	131	0	2	yes	aae-miR-14	dme-miR-14-3p	-	-	ucagucuuuuucucucuccuau	gggagcgagauuaaggcuugcu	gggagcgagauuaaggcuugcuggucauuuauuacacucgaagucagucuuuuucucucuccuau	2:344767572..344767637:+
2_107	4.4	0 +/- 0%	-	10	10	0	0	yes	aae-miR-988-5p	dme-miR-988-3p	-	-	ccccuuguugcaaaccucacg	ugugcuuugugacaaugag	ugugcuuugugacaaugagauucgguucgauaucauccccuuguugcaaaccucacg	2:93351381..93351438:+
3_2019	4.2	0 +/- 0%	-	62	62	0	0	yes	aae-miR-8-5p	dme-miR-8-3p	-	-	uaauacugucagguaaagauguc	caucuuaccgggcagcauuaga	caucuuaccgggcagcauuagauauuuuugaaauacuucuaauacugucagguaaagauguc	3:328527955..328528017:+
2_290	3.7	96 +/- 14%	-	242	242	0	0	yes	aae-miR-7	dme-miR-7-5p	-	-	uggaagacuagugauuuuguuguu	uaacaauaaaucucaagucuuucuac	uggaagacuagugauuuuguuguuuugcuuacgauaauaacaauaaaucucaagucuuucuac	2:222802544..222802607:+
2_774	2	96 +/- 10%	-	52	52	0	0	yes	aae-miR-11894a	-	-	-	uuuaccauuucaagaugaccua	ggucgucuugaaaugguaaaga	ggucgucuugaaaugguaaagagugucaaucaucaucuuuaccauuucaagaugaccua	2:58787948..58788007:-
2_770	2	96 +/- 10%	-	52	52	0	0	yes	aae-miR-11894a	-	-	-	uuuaccauuucaagaugaccua	ggucgucuugaaaugguaaaga	ggucgucuugaaaugguaaagagugucaaucaucaucuuuaccauuucaagaugaccua	2:58785850..58785909:-
2_772	2	96 +/- 10%	-	52	52	0	0	yes	aae-miR-11894a	-	-	-	uuuaccauuucaagaugaccua	ggucgucuugaaaugguaaaga	ggucgucuugaaaugguaaagagugucaaucaucaucuuuaccauuucaagaugaccua	2:58786284..58786343:-
2_1366	1.7	95 +/- 10%	-	6	6	0	0	yes	aae-miR-1	dme-miR-1-3p	-	-	uggaauguaaagaaguaugga	caugcuuccuugcauucaaua	caugcuuccuugcauucaauagugauucugaaagcauauggaauguaaagaaguaugga	2:399501024..399501083:-
2_1392	1.4	95 +/- 10%	-	36	36	0	0	yes	aae-miR-1890	-	-	-	ugaaaucuuugauuaggucugg	agagcuaauuggagaguucuug	agagcuaauuggagaguucuugaauaguguugugaaccuucaugaaaucuuugauuaggucugg	2:413654961..413655025:-
3_2285	1.4	95 +/- 10%	-	107	107	0	0	yes	aae-miR-2765	-	-	-	ugguaacuccaccaccguuggc	caaugggagcuggaguucccgcg	ugguaacuccaccaccguuggcgauauuugacagccaaugggagcuggaguucccgcg	3:101895454..101895512:-
3_2148	0.8	90 +/- 11%	-	3	3	0	0	yes	aae-miR-980-5p	dme-miR-980-3p	-	-	uagcugccuagugaagggcaau	ggccguucauugggucaucuagc	ggccguucauugggucaucuagcucguguuggaaacaguuagcugccuagugaagggcaau	3:1054523..1054584:-
NIGP01001634_4575	0.1	90 +/- 11%	-	2	2	0	0	yes	aae-miR-10365	dme-miR-927-5p	-	-	auuagaauguggaaucuguuuuug	aaaaaguuuucauauucuugcgg	auuagaauguggaaucuguuuuuguacaucaaguguuacgaaacgaagcaaaaaaguuuucauauucuugcgg	NIGP01001634:30709..30782:-
2_108	0.1	90 +/- 11%	-	10	10	0	0	no	aae-miR-988-3p	dme-miR-988-3p	-	-	ccccuuguugcaaaccucacg	gcagguaggggcaaugggggc	ccccuuguugcaaaccucacgcuugcgguagguuccacaacugcugagagguggcagguaggggcaaugggggc	2:93351417..93351491:+
3_1632	0	90 +/- 11%	-	4	4	0	0	yes	aae-miR-31	dme-miR-31b-5p	-	-	uggcaagauguuggcauagcuga	agcuauucaacuucuugucuau	uggcaagauguuggcauagcugaaaguuuugaguuuagcuauucaacuucuugucuau	3:136174150..136174208:+
1_2872	-0.3	80 +/- 14%	-	1	1	0	0	yes	aae-miR-11901	dme-miR-2a-3p	-	-	caucacagaauuguuuuuacug	guaaaaauaauucuguaaaguu	caucacagaauuguuuuuacugauaaggaacuauguguaaaaauaauucuguaaaguu	1:68805977..68806035:+
3_2720	-0.5	80 +/- 14%	-	1	1	0	0	yes	aae-miR-989	dme-miR-989-3p	-	-	ugugaugugacguagugguacc	cgccgcuaccucgcuuucacuug	cgccgcuaccucgcuuucacuugguaccgauuucccauaauccaugugaugugacguagugguacc	3:366439081..366439147:-
2_447	-0.6	80 +/- 14%	-	1	1	0	0	yes	aae-miR-133	dme-miR-133-3p	-	-	uugguccccuucaaccagcugu	agcugguugacuucgggucaaau	agcugguugacuucgggucaaaucgucaaauauuugcaaagauauuuccucagugaaauuauuugguccccuucaaccagcugu	2:330417065..330417149:+
2_486	-0.6	80 +/- 14%	-	1	1	0	0	yes	aae-let-7	dme-let-7-5p	-	-	ugagguaguugguuguauagu	uaugcaaucugcuagcuuguc	ugagguaguugguuguauaguagugacugauuaaauaucugcuaugcaaucugcuagcuuguc	2:375131497..375131560:+
2_428	-1	80 +/- 14%	-	438	438	0	0	no	aae-miR-275-3p	dme-miR-275-3p	-	-	ucagguaccugaaguagcgcgcg	ucaucaagcgacaacagaggcgugaaa	ucagguaccugaaguagcgcgcgugaucaaacaggaagcgucaucaagcgacaacagaggcgugaaa	2:307135708..307135775:+
3_2642	-1.6	0 +/- 2%	-	1	1	0	0	yes	aae-miR-309a	dme-miR-3-3p	-	-	ucacugggcaaaguuugucgca	cgacuaacuucguucaguuuggug	cgacuaacuucguucaguuuggugucauacgaagguuuccaguuucaucacugggcaaaguuugucgca	3:309335451..309335520:-
2_1260	-1.7	0 +/- 2%	-	5	5	0	0	yes	aae-miR-11895	-	-	-	uucaugcauucacuucugcuga	agcaggagugaaugcaugaguu	agcaggagugaaugcaugaguuugacaucugaaacuaauucaugcauucacuucugcuga	2:324949494..324949554:-
2_768	-2.4	2 +/- 5%	-	3	3	0	0	yes	aae-miR-11894b	-	-	-	uuuaccauuucaauaugaccua	ggucguauugaaaugguaaaga	ggucguauugaaaugguaaagagugucaaucaucaucuuuaccauuucaauaugaccua	2:58784590..58784649:-
2_846	-2.8	2 +/- 5%	-	50	50	0	0	no	aae-miR-281-5p	dme-miR-281-2-5p	-	-	aagagagcuauccgucgacag	guugacgugggauuuuuuug	guugacgugggauuuuuuuguucauuuuguucuuucgcugguuucgaauaugaaaauaaagagagcuauccgucgacag	2:96469399..96469478:-
2_1154	-3.9	47 +/- 8%	-	1	1	0	0	yes	aae-miR-2946	-	-	-	uaguacggaaaagauaugggga	gccauauuuuuaccgcuacugca	gccauauuuuuaccgcuacugcauuucauuguaauaauuguaguacggaaaagauaugggga	2:268456441..268456503:-
2_1365	-4.3	21 +/- 7%	-	6	6	0	0	no	aae-miR-1	dme-miR-1-3p	-	-	uggaauguaaagaaguaugga	uucuucaaaaaacggaaccaag	uggaauguaaagaaguauggagcgcucgggcaaacucgacgugggaucuucuucaaaaaacggaaccaag	2:399500975..399501045:-
1_3235	-4.6	21 +/- 7%	-	2	2	0	0	yes	aae-miR-11900	-	-	-	auuuuuuugacuguaauuuuauag	guaaaauuacguugaaaaaucgucu	guaaaauuacguugaaaaaucgucucccucaaaaaaugaaaccugagacuaacaggagauuuuuuugacuguaauuuuauag	1:223944070..223944152:+
1_2845	-7.3	0 +/- 0%	-	4	4	0	0	no	aae-miR-210	-	-	-	uugugcgugugacaacggcuau	agcugcugaccacugcacaaga	agcugcugaccacugcacaagauuagauuaugacucuugugcgugugacaacggcuau	1:54892617..54892675:+
NIGP01000443_4565	-9.7	0 +/- 0%	-	2	2	0	0	no	aae-miR-11893	-	-	-	uuccugacuuauacgcuuaccuc	gguaaguagauaaaucagaaaga	gguaaguagauaaaucagaaagacguuuauaucguuucuuccugacuuauacgcuuaccuc	NIGP01000443:52101..52162:+

#miRBase miRNAs not detected by miRDeep2
miRBase precursor id	total read count	mature read count(s)	star read count	remaining reads	UCSC browser	NCBI blastn	miRBase mature sequence(s)	miRBase star sequence(s)	miRBase precursor sequence
1128	1128	0	0	-	-	ucagguacugagugacucucag	gagagcaccucgguaucuaagc	-	cauucgcaauuucaccgguucagguacugagugacucucagaugugcauuucucaagcaaucucguccucaggaccugagguugaaaaacccugagagcaccucgguaucuaagccaguguugcgaaaa	
1002	1002	0	0	-	-	cacguuacagauugggguuucc	uaaucucaaauuguaacagugg	-	gagguaaucucaaauuguaacaguggguugauuuuccuggugaaucccggccuuguccuccgucacaagugugacaagugucucgaaaacguguucgcuauacccacguuacagauugggguuucccc	
714	713	0	1	-	-	ugguuuaucuuaucugucgaggc	gucgacagggagauaaaucacu	-	cauugguuuaucuuaucugucgaggcaaguuauuuuaccggauaguguuucuuuucgugagcaaucaccacuauccagcucuucuugucgacagggagauaaaucacug	
244	244	0	0	-	-	caaccacuauccgcccugccgcc	uggcagugugguuagcugguug	-	caaggcaauacgcuauggcagugugguuagcugguuguguagaacuuuggggggcuuccguggcguucgcgcgcacacgggggcucagauucacaaccacuauccgcccugccgccgcgaggugccagg	
5	5	0	0	-	-	ugagauucuacuucuccgacuuaa	aaguggaguaguggucucaucg	-	acgauaugaaauaaguggaguaguggucucaucgcuuaguauuagaaaagugagauucuacuucuccgacuuaauucauaucua	
2	2	0	0	-	-	ugucuuuuuccgcuuacugccg	-	ccaacauuuugauugauuugucuuuuuccgcuuacugccgguggcauuugaaauucucgacagcaaaccgaaaaaggcgccucaaucaauu	
8	2	0	6	-	-	cugaaaacuuaaucgauugguc	-	uaaccugaaaacuuaaucgauuggucacuagcugcgcggugaccaaucgauuaaguuuucagcuua	
1	1	0	0	-	-	gaugccucguaaagcaacuggac	-	gccucaguugcuuuccgagcguagcacaguuuggaugcgggcccgugcaucguccacggugaugccucguaaagcaacuggacu	






























































1	0	0	1	-	-	uuggacuggcaugcguuuaugg	-	cccauaaacgcauaauugucccaugugaauagaaaauccagccacauuggacuggcaugcguuuauggg	
