miRDeep2 score	novel miRNAs reported by miRDeep2	novel miRNAs, estimated false positives	novel miRNAs, estimated true positives	known miRNAs in species	known miRNAs in data	known miRNAs detected by miRDeep2	estimated signal-to-noise	excision gearing
10	6	1 +/- 1	5 +/- 1 (82 +/- 16%)	164	92	44 (48%)	26.2	1
9	6	1 +/- 1	5 +/- 1 (82 +/- 17%)	164	92	44 (48%)	25.8	1
8	6	1 +/- 1	5 +/- 1 (80 +/- 17%)	164	92	44 (48%)	24.4	1
7	6	1 +/- 1	5 +/- 1 (80 +/- 17%)	164	92	44 (48%)	24.3	1
6	6	1 +/- 1	5 +/- 1 (80 +/- 18%)	164	92	44 (48%)	23.6	1
5	9	1 +/- 1	8 +/- 1 (84 +/- 13%)	164	92	52 (57%)	25.1	1
4	9	2 +/- 1	7 +/- 1 (79 +/- 15%)	164	92	70 (76%)	25.9	1
3	9	10 +/- 3	1 +/- 1 (10 +/- 16%)	164	92	72 (78%)	6.1	1
2	45	13 +/- 4	32 +/- 4 (70 +/- 8%)	164	92	74 (80%)	7.7	1
1	112	20 +/- 4	92 +/- 4 (83 +/- 4%)	164	92	78 (85%)	8.6	1
0	147	82 +/- 8	65 +/- 8 (44 +/- 5%)	164	92	82 (89%)	2.6	1
-1	163	133 +/- 10	30 +/- 10 (18 +/- 6%)	164	92	82 (89%)	1.7	1
-2	177	196 +/- 13	1 +/- 2 (0 +/- 1%)	164	92	82 (89%)	1.3	1
-3	203	246 +/- 15	0 +/- 0 (0 +/- 0%)	164	92	83 (90%)	1.1	1
-4	276	292 +/- 16	1 +/- 5 (1 +/- 2%)	164	92	84 (91%)	1.2	1
-5	342	360 +/- 16	1 +/- 4 (0 +/- 1%)	164	92	85 (92%)	1.1	1
-6	388	457 +/- 16	0 +/- 0 (0 +/- 0%)	164	92	85 (92%)	1	1
-7	427	541 +/- 17	0 +/- 0 (0 +/- 0%)	164	92	86 (93%)	0.9	1
-8	474	604 +/- 18	0 +/- 0 (0 +/- 0%)	164	92	86 (93%)	0.9	1
-9	530	663 +/- 17	0 +/- 0 (0 +/- 0%)	164	92	86 (93%)	0.9	1
-10	574	716 +/- 18	0 +/- 0 (0 +/- 0%)	164	92	87 (95%)	0.9	1



novel miRNAs predicted by miRDeep2
provisional id	miRDeep2 score	estimated probability that the miRNA candidate is a true positive	rfam alert	total read count	mature read count	loop read count	star read count	significant randfold p-value	miRBase miRNA	example miRBase miRNA with the same seed	UCSC browser	NCBI blastn	consensus mature sequence	consensus star sequence	consensus precursor sequence	precursor coordinate
2_2536	60.7	82 +/- 16%	-	117	79	0	38	yes	-	-	-	-	ugaggcgucuucugguggcugg	agucaccaucugauacugacgg	agucaccaucugauacugacggaggauggaugugcuccccaaagcacgguccuccgugaggcgucuucugguggcugg	2:42481763..42481841:-
1_12134	60.5	82 +/- 16%	-	117	79	0	38	yes	-	-	-	-	ugaggcgucuucugguggcugg	agucaccaucugauacugacgg	agucaccaucugauacugacggaggaugaaugugcuccccaaaacacgauccuccgugaggcgucuucugguggcugg	1:178775835..178775913:-
3_6177	60.4	82 +/- 16%	-	117	79	0	38	yes	-	-	-	-	ugaggcgucuucugguggcugg	agucaccaucugauacugacgg	agucaccaucugauacugacggaggagggaugagcuccccaaagcacgguccuccgugaggcgucuucugguggcugg	3:212346726..212346804:+
2_883	38.2	82 +/- 16%	-	73	38	0	35	yes	-	-	-	-	agucaccaucugauacugacgg	ugaagcgucuucugguggcugga	agucaccaucugauacugacggaggauggaugugcuccccaaagcacgguccuccgugaagcgucuucugguggcugga	2:181328545..181328624:+
2_3940	37.2	82 +/- 16%	-	71	38	0	33	yes	-	-	-	-	agucaccaucugauacugacgg	ugaggcaucuucugguggcugga	agucaccaucugauacugacggaggauggaugugcuccgugaggcaucuucugguggcugga	2:290364945..290365007:-
1_13594	21	82 +/- 16%	-	39	38	0	1	yes	-	-	-	-	agucaccaucugauacugacgg	gugcggcgucuuaugguggcugg	agucaccaucugauacugacggaggauggaugugcuccccuaaccuaagcacgguccuccgugcggcgucuuaugguggcugg	1:272015634..272015717:-
1_10728	5.9	84 +/- 13%	-	10	9	0	1	yes	-	-	-	-	gugcggcgucuucugguggcugg	agucaccaucugauacugacgu	agucaccaucugauacugacguaggauggaugugcuccccuaugcacgguccuccgugcggcgucuucugguggcugg	1:212229502..212229580:+
2_3100	5.7	84 +/- 13%	-	23	23	0	0	yes	-	dme-miR-9379-3p	-	-	aauggccaaauuauauacgcgu	gcguauauaauuuggccaccuc	gcguauauaauuuggccaccuccauuuaauuuugccguaaauggccaaauuauauacgcgu	2:153659578..153659639:-
3_5373	5.2	84 +/- 13%	-	55	55	0	0	yes	-	dme-miR-971-3p	-	-	uugguguuauaucuuacaguga	gcuguaaguauuacagcaagc	gcuguaaguauuacagcaagcuugcuauucgaaaggcgcuugguguuauaucuuacaguga	3:82678954..82679015:+
2_2490	2.8	70 +/- 8%	-	18	18	0	0	yes	-	-	-	-	aauuugacguuugagcggugc	accgcucaaacgucaaauuag	accgcucaaacgucaaauuagugaacucgugcaucgagcacgaguucacuaauuugacguuugagcggugc	2:34281165..34281236:-
2_2366	2.7	70 +/- 8%	-	36	36	0	0	yes	-	-	-	-	ugaaauaucaagacgcacacga	gugugcgucuugauauuucgug	gugugcgucuugauauuucgugacuuaaugaaauaucaagacgcacacga	2:18082376..18082426:-
3_8725	2.6	70 +/- 8%	-	48	48	0	0	yes	-	-	-	-	gcugaaaaccuaaucgauugguc	ccaaucgauuagguuuucagcuc	gcugaaaaccuaaucgauuggucacuagcugguggugaccaaucgauuagguuuucagcuc	3:259315118..259315179:-
1_10398	2.6	70 +/- 8%	-	27	27	0	0	yes	-	-	-	-	uaagaccaccggaauuucccggag	cccucagggauauccgguggucacaaa	uaagaccaccggaauuucccggagaucugucauuggggacaucacagccucccucagggauauccgguggucacaaa	1:171593585..171593662:+
1_10106	2.5	70 +/- 8%	-	32	32	0	0	yes	-	-	-	-	caauucucgacucgaaugaagug	cuucacucgagucaagaauuguc	caauucucgacucgaaugaagugacuugccgugcaaaucaaauggagagucacuucacucgagucaagaauuguc	1:120377968..120378043:+
2_1176	2.5	70 +/- 8%	-	26	26	0	0	yes	-	-	-	-	auucucuacucgagugaaguga	acuucauucgagucgacaauug	auucucuacucgagugaagugacucuccauuugauuuacacggcgagucacuucauucgagucgacaauug	2:240483585..240483656:+
2_653	2.5	70 +/- 8%	-	29	29	0	0	yes	-	-	-	-	uggagagucccuucacucgagu	ucgagugaagugacucgcugug	ucgagugaagugacucgcugugcaaaucaaauggagagucccuucacucgagu	2:132653534..132653587:+
2_3691	2.5	70 +/- 8%	-	90	90	0	0	yes	-	-	-	-	ugagcugaaaaccuaaucgauug	aucgauuaaguuuucagcucaau	ugagcugaaaaccuaaucgauuggucaccacuagcuagugaccaaucgauuaaguuuucagcucaau	2:241126808..241126875:-
1_10452	2.4	70 +/- 8%	-	40	40	0	0	yes	-	-	-	-	cuagaggcagcaauagccgcu	cggcuguugcugccucaaggc	cuagaggcagcaauagccgcucaaaauuugcuugcgcggcuguugcugccucaaggc	1:184219533..184219590:+
NIGP01001837_14030	2.4	70 +/- 8%	-	191	191	0	0	yes	-	-	-	-	ccuagaggcagcaacagccgcu	cggcuguugcugccucaaggcg	ccuagaggcagcaacagccgcucaaaauuuccuugcgcggcuguugcugccucaaggcg	NIGP01001837:49310..49369:+
3_5035	2.4	70 +/- 8%	-	41	41	0	0	yes	-	-	-	-	auuggcguauuaacuucgaugga	caucgaaguuaauaccccaaucg	caucgaaguuaauaccccaaucgcguauuauccucgauuuuagcauaguaaaaucgaggauaauacgcgauuggcguauuaacuucgaugga	3:5732449..5732541:+
2_1873	2.4	70 +/- 8%	-	35	34	1	0	yes	-	-	-	-	ucuuauugccguugagacugaa	cagucucaacggcaaucagaac	cagucucaacggcaaucagaacuaaaauauuucuucuagagcguagaagaaauauuuuaguucuuauugccguugagacugaa	2:397564505..397564588:+
2_2489	2.3	70 +/- 8%	-	18	18	0	0	yes	-	-	-	-	aauuugacguuugagcggugc	accgcucaaacgucagaaagu	aauuugacguuugagcggugccgaauucacucguugccaugguaacguaaauaacacggcaccgcucaaacgucagaaagu	2:34281105..34281186:-
NIGP01000005_14266	2.3	70 +/- 8%	-	81	81	0	0	yes	-	-	-	-	cauagaggcagcaacagccgcu	cggcuguuguugccucaaggcg	cauagaggcagcaacagccgcucaaaauugccuugcgcggcuguuguugccucaaggcg	NIGP01000005:11090..11149:+
1_11741	2.3	70 +/- 8%	-	57	57	0	0	yes	-	-	-	-	ugaaaacuuaaucgauugguc	ccaaucgauuaaguuuucagc	ugaaaacuuaaucgauuggucacuugcuggugaugaccaaucgauuaaguuuucagc	1:128355944..128356001:-
2_2886	2.3	70 +/- 8%	-	23	23	0	0	yes	-	-	-	-	uagaugcgcacuauagcgaagu	uucucaauagugcgcauaaug	uucucaauagugcgcauaaugcacacggugacgggcauagaugcgcacuauagcgaagu	2:112701794..112701853:-
NIGP01001210_14592	2.3	70 +/- 8%	-	191	191	0	0	yes	-	-	-	-	ccuagaggcagcaacagccgcu	cggcuguugcugccuccagccg	ccuagaggcagcaacagccgcucaaaauuucuuugcgcggcuguugcugccuccagccg	NIGP01001210:653..712:+
2_268	2.2	70 +/- 8%	-	20	20	0	0	yes	-	-	-	-	agaagcuuuccagccucugga	cagccucuggagagaagcuuu	cagccucuggagagaagcuuuccagccucuggagagaagcuuuccagccucuggagagaagcuuuccagccucuggagagaagcuuuccagccucugga	2:59917400..59917499:+
2_1811	2.2	70 +/- 8%	-	83	47	0	36	yes	-	-	-	-	ucuuaugcagcgcaaauaguga	uugcgcuguauaagaacagcgg	ucuuaugcagcgcaaauagugacgucauuauuugcgcuguauaagaacagcgg	2:382622923..382622976:+
2_2674	2.2	70 +/- 8%	-	50	50	0	0	yes	-	-	-	-	uuuaaggccuaagcggggguga	accuucgcuuaagccguaagcc	accuucgcuuaagccguaagccauguuuacccauaugguuaaacuagguuuaaggccuaagcggggguga	2:70200795..70200865:-
3_6091	2.1	70 +/- 8%	-	38	38	0	0	yes	-	-	-	-	uuaggccuuaaaucuaguuuaa	aaaccagguuuaaggccuaagc	aaaccagguuuaaggccuaagcgguggugaagaaaccgcuuauaagggucgauuucuucacccccgcuuaggccuuaaaucuaguuuaa	3:199395009..199395098:+
1_9762	2.1	70 +/- 8%	-	38	38	0	0	yes	-	-	-	-	aggauuccuccagaauccugga	cagaaucguggaaggauuccucc	cagaaucguggaaggauuccuccagaauccuggaaggauuccuccagaauccuggaaggauuccuccagaauccuggaaggauuccuccagaauccugga	1:57551737..57551837:+
3_9476	2.1	70 +/- 8%	-	27	27	0	0	yes	-	-	-	-	ugcguccugaggugaaaaaaugc	auuuuuuugcuucagaccgcuug	auuuuuuugcuucagaccgcuuggcagcgaugcaaucuugcguccugaggugaaaaaaugc	3:406359267..406359328:-
2_267	2.1	70 +/- 8%	-	20	20	0	0	yes	-	-	-	-	agaagcuuuccagccucugga	cagcuucuggagagaagcuuu	cagcuucuggagagaagcuuuccagccucuggagagaagcuuuccagccucuggagagaagcuuuccagccucugga	2:59917356..59917433:+
3_8821	2.1	70 +/- 8%	-	14	14	0	0	yes	-	-	-	-	gcaccgcucaaacgucaaauaau	aauuugacguuugaguggugccg	gcaccgcucaaacgucaaauaaugaacucgucaaucgguccauggaucaaugcacgaguucacuaauuugacguuugaguggugccg	3:277881348..277881435:-
1_12371	2.1	70 +/- 8%	-	95	95	0	0	yes	-	-	-	-	cgagagagaagucccccauggug	ccguggugcguggacuucucucuuucg	cgagagagaagucccccaugguggcguugcuaccguggugcguggacuucucucuuucg	1:205583468..205583527:-
1_12755	2.1	70 +/- 8%	-	95	95	0	0	yes	-	-	-	-	cgagagagaagucccccauggug	ccguggugcguggacuucucucuuucg	cgagagagaagucccccaugguggcguugcuaccguggugcguggacuucucucuuucg	1:205648483..205648542:-
3_8183	2	70 +/- 8%	-	34	34	0	0	yes	-	-	-	-	aaaugcauguuagucccau	gggacaaucaugcguuuau	aaaugcauguuagucccauguuugcuggauucccuauucacaugggacaaucaugcguuuau	3:156708447..156708509:-
2_4318	2	70 +/- 8%	-	28	28	0	0	yes	-	-	-	-	caugggacaauuaugcguuuau	aaaugcaugucagucccauguu	aaaugcaugucagucccauguuugcuggauuuccuauucgcaugggacaauuaugcguuuau	2:356024081..356024143:-
2_3676	2	70 +/- 8%	-	26	26	0	0	yes	-	-	-	-	uaaacaugggacuguuauacg	cauaaccgucccauguuguaug	cauaaccgucccauguuguaugggauuuccuauaaacaugggacuguuauacg	2:240454737..240454790:-
3_8723	2	70 +/- 8%	-	106	106	0	0	yes	-	-	-	-	ugaaaacuuaaucgauugguc	ccaaucgaaaaaguuuucagc	ugaaaacuuaaucgauuggucuccaccagcuagugaccaaucgaaaaaguuuucagc	3:259021009..259021066:-
1_12693	2	70 +/- 8%	-	95	95	0	0	yes	-	-	-	-	cgagagagaagucccccauggug	ccguggugcguggacuucucucuuucg	cgagagagaagucccccaugguggcguugcuaccguggugcguggacuucucucuuucg	1:205639897..205639956:-
NIGP01001771_13854	2	70 +/- 8%	-	95	95	0	0	yes	-	-	-	-	cgagagagaagucccccauggug	ccguggugcguggacuucucucuuucg	cgagagagaagucccccaugguggcguugcuaccguggugcguggacuucucucuuucg	NIGP01001771:2643..2702:+
1_12489	2	70 +/- 8%	-	95	95	0	0	yes	-	-	-	-	cgagagagaagucccccauggug	ccguggugcguggacuucucucuuucg	cgagagagaagucccccaugguggcguugcuaccguggugcguggacuucucucuuucg	1:205607388..205607447:-
1_9834	2	70 +/- 8%	-	22	22	0	0	yes	-	-	-	-	aguuauguuugauccuuc	aggaucaaacaugucgcg	aguuauguuugauccuucgaccuugacgcuugcuccuacgggggccggcgaugagggcaggaucaaacaugucgcg	1:74326826..74326902:+
2_551	2	70 +/- 8%	-	37	37	0	0	yes	-	-	-	-	uaagugcucugaagacaccaa	ggugucuucgggggacuuauu	ggugucuucgggggacuuauucuucguaaaucgaagaauaagugcucugaagacaccaa	2:113154095..113154154:+
1_11631	1.9	83 +/- 4%	-	48	48	0	0	yes	-	-	-	-	uaaacgcaugucaguccca	ggucauguaugcguuuaug	uaaacgcaugucagucccauguuugcuggauuuccuaaucacaugggucauguaugcguuuaug	1:103560960..103561024:-
3_5170	1.9	83 +/- 4%	-	38	38	0	0	yes	-	-	-	-	agucaccaucugauacugacgg	gugagacgucuucugguggcugg	agucaccaucugauacugacggaggauggaugugcucucccaagcacgguccuccgugagacgucuucugguggcugg	3:34796391..34796469:+
3_9112	1.9	83 +/- 4%	-	125	125	0	0	yes	-	-	-	-	uucaacccaggcgaaaugacauu	ugucaauucgccuggguugaagc	ugucaauucgccuggguugaagcaucgcugaacuucaacccaggcgaaaugacauu	3:324620300..324620356:-
3_6092	1.9	83 +/- 4%	-	38	38	0	0	yes	-	-	-	-	uuaggccuuaaaucuaguuuaa	aaacguggcuuacggcuuaagc	uuaggccuuaaaucuaguuuaaccauauggguaaacguggcuuacggcuuaagc	3:199395076..199395130:+
1_10248	1.9	83 +/- 4%	-	26	26	0	0	yes	-	-	-	-	gaggaaacggcggaacacguuu	ucgugugcccgcguuuccgcac	gaggaaacggcggaacacguuuuguucgugugcccgcguuuccgcac	1:145044759..145044806:+
2_3694	1.8	83 +/- 4%	-	90	90	0	0	yes	-	-	-	-	ugagcugaaaaccuaaucgauug	aucgauuaaguuuucagcuucaa	ugagcugaaaaccuaaucgauuggucaccaccagcuagugaccaaucgauuaaguuuucagcuucaa	2:241389220..241389287:-
NIGP01002178_14036	1.8	83 +/- 4%	-	125	125	0	0	yes	-	-	-	-	uucaacccaggcgaaaugacauu	ugucaauuggccuggguugaagc	ugucaauuggccuggguugaagcauugcuuagcuucaacccaggcgaaaugacauu	NIGP01002178:97979..98035:-
3_7354	1.8	83 +/- 4%	-	69	38	0	31	yes	-	-	-	-	agucaccaucugauacugacgg	gaggcgucuuuugguggcugg	agucaccaucugauacugacggaggauggaugugcuucccaaagcaaaguccuccgugaggcgucuuuugguggcugg	3:7161004..7161082:-
3_7907	1.8	83 +/- 4%	-	22	22	0	0	yes	-	-	-	-	uuaagcugaaaacuuaaucgaa	cgauuaaauuugcaucucaaac	uuaagcugaaaacuuaaucgaauagucacgagcuguuggugaccaaucgauuaaauuugcaucucaaac	3:109457736..109457805:-
3_8653	1.8	83 +/- 4%	-	48	48	0	0	yes	-	-	-	-	ugaaaacuuuaucguuugguca	accaaucgauuaaauuuuccgc	ugaaaacuuuaucguuuggucacuagcugguggugaccaaucgauuaaauuuuccgc	3:237601091..237601148:-
2_471	1.8	83 +/- 4%	-	28	28	0	0	yes	-	-	-	-	caugggacaauuaugcguuuau	aaaugcaugucagucccauguu	aaaugcaugucagucccauguuugcuggguuuccuauguacaugggacaauuaugcguuuau	2:100909178..100909240:+
3_7756	1.8	83 +/- 4%	-	41	41	0	0	yes	-	-	-	-	uuaagcgaaagugaagaaauc	uuucuucaccaccgcuuaggc	uuucuucaccaccgcuuaggccuuaaaccuaguuuaaccauauggguaaacaugguuuacggcuuaagcgaaagugaagaaauc	3:94511071..94511155:-
NIGP01000555_14340	1.8	83 +/- 4%	-	22	22	0	0	yes	-	-	-	-	uuaagcugaaaacuuaaucgaa	cgauuaguuuucagcucaaac	uuaagcugaaaacuuaaucgaauuggucacucgcuggugggugaccaaucgauuaguuuucagcucaaac	NIGP01000555:18121..18191:+
2_3104	1.8	83 +/- 4%	-	36	36	0	0	yes	-	-	-	-	acugauacagccauaccgugga	cacgcuaugccugaaucaguaa	cacgcuaugccugaaucaguaaaauuugaaaaucgaaugugcauucgauuuuuaaaauccacugauacagccauaccgugga	2:154129245..154129327:-
1_10805	1.8	83 +/- 4%	-	51	38	0	13	yes	-	-	-	-	agucaccaucugauacugacgg	gcgucuucuggugacugg	agucaccaucugauacugacggaggauggauguguuuccccaauacacuguccuucgugcggcgucuucuggugacugg	1:228117018..228117097:+
2_2091	1.8	83 +/- 4%	-	27	27	0	0	yes	-	-	-	-	ugcguccugaggugaaaaaaugc	aauuuuucacuucagaccgcuug	aauuuuucacuucagaccgcuuggcagcgaagcaaucuugcguccugaggugaaaaaaugc	2:453350884..453350945:+
3_9110	1.8	83 +/- 4%	-	69	38	0	31	yes	-	-	-	-	agucaccaucugauacugacgg	gaggcgucuuuugguggcugg	agucaccaucugauacugacggaggauggaugugcuccucaaagcacagaccuccgugaggcgucuuuugguggcugg	3:324055665..324055743:-
1_11495	1.8	83 +/- 4%	-	52	52	0	0	yes	-	-	-	-	caucaauaccacuaucaggaag	uccugauagugguguugguuug	caucaauaccacuaucaggaagagcuaacauugaucuuccugauagugguguugguuug	1:71102975..71103034:-
3_6182	1.8	83 +/- 4%	-	28	28	0	0	yes	-	-	-	-	uaaacgcaugucaguccca	agacaauuaugcguuuaug	uaaacgcaugucagucccacguuugcuggauuuccuauucacgugagacaauuaugcguuuaug	3:213188112..213188176:+
3_9403	1.7	83 +/- 4%	-	82	82	0	0	yes	-	-	-	-	uucacuaauaccacuaucaggau	ucugauagugguguuaguuugcg	uucacuaauaccacuaucaggauacgcuaacauugaucguucugauagugguguuaguuugcg	3:390185745..390185808:-
1_11615	1.7	83 +/- 4%	-	52	52	0	0	yes	-	-	-	-	caucaauaccacuaucaggaag	uucugauagugguguuaguuug	caucaauaccacuaucaggaagagcuaacaccaaucuuucugauagugguguuaguuug	1:99492787..99492846:-
2_3808	1.7	83 +/- 4%	-	14	14	0	0	yes	-	-	-	-	gcaccgcucaaacgucaaauaau	aauuugacguuugagcgguuccg	aauuugacguuugagcgguuccggauucacucguuaccauggccacauaaguaacacggcaccgcucaaacgucaaauaau	2:263505447..263505528:-
2_2557	1.7	83 +/- 4%	-	27	27	0	0	yes	-	-	-	-	auaccagucggaaucccaagg	caaggauuccaggcggaaucc	auaccagucggaaucccaaggauuccagucggaaucccaaggauuccaggcggaaucc	2:47711432..47711490:-
2_1445	1.7	83 +/- 4%	-	54	54	0	0	yes	-	-	-	-	guaaaaaaauacccuuuuugg	aaggaaaggguauuuuuuuaccc	aaggaaaggguauuuuuuuacccauuguggaacagucaguguacuacaaaauggguaaaaaaauacccuuuuugg	2:301452383..301452458:+
1_10995	1.7	83 +/- 4%	-	45	45	0	0	yes	-	-	-	-	aacaaguuuuuauccaaaauuu	auuugugauaaaaucuuguuuu	auuugugauaaaaucuuguuuuuuuuuauauuacaaguaaaaaaacaaguuuuuauccaaaauuu	1:275395766..275395831:+
3_7736	1.7	83 +/- 4%	-	55	55	0	0	yes	-	-	-	-	uacggcaagggcugauugcugc	agcauuucaggccuuaucauagu	agcauuucaggccuuaucauaguuugauaguagucugaacuacuagacugcaaaacuacggcaagggcugauugcugc	3:93060419..93060497:-
3_6407	1.7	83 +/- 4%	-	125	125	0	0	yes	-	-	-	-	uucaacccaggcgaaaugacauu	ugucaauucaccuggguugaagc	ugucaauucaccuggguugaagcaucgcuaagcuucaacccaggcgaaaugacauu	3:246817214..246817270:+
2_876	1.7	83 +/- 4%	-	47	47	0	0	yes	-	-	-	-	ugaaaaccuuaucgauuggucu	aucaaucgauuaaguuuucagc	ugaaaaccuuaucgauuggucuggugcugguggugaucaaucgauuaaguuuucagc	2:179550235..179550292:+
2_2880	1.6	83 +/- 4%	-	24	24	0	0	yes	-	-	-	-	ucuccagaagcucggaagcuuc	agcucggaagcuucucuccaga	agcucggaagcuucucuccagaagcucggaagcuucucuccagaagcucggaagcuuc	2:107935471..107935529:-
3_6221	1.6	83 +/- 4%	-	224	224	0	0	yes	-	-	-	-	caccuguccagcgaauugggag	cccaauucgauagacaugcg	cccaauucgauagacaugcggcugcgguaguugguaacgcaccuguccagcgaauugggag	3:218717124..218717185:+
2_351	1.6	83 +/- 4%	-	54	54	0	0	yes	-	-	-	-	guaaaaaaauacccuuuuugg	aaggaaaggguaauuuuuuaucc	aaggaaaggguaauuuuuuauccauuguggaacagucgacuguacuacaaaauggguaaaaaaauacccuuuuugg	2:72258638..72258714:+
3_6620	1.6	83 +/- 4%	-	15	15	0	0	yes	-	-	-	-	accaauaccacuaucaggaaga	uuucugauagugggguuaguuu	accaauaccacuaucaggaagagcuaacaccaaucuuucugauagugggguuaguuu	3:283433019..283433076:+
3_7704	1.6	83 +/- 4%	-	58	58	0	0	yes	-	-	-	-	agugccgggaucccgggauuuauaa	guucgucccgggauucgggacaaaaa	guucgucccgggauucgggacaaaaaucuuggcuugucucgagaagugccgggaucccgggauuuauaa	3:81592336..81592405:-
2_3742	1.6	83 +/- 4%	-	48	48	0	0	yes	-	-	-	-	uaaacgcaugucaguccca	ggacaauuaugcguuuaug	uaaacgcaugucagucccauguuugcuggauuuccuauucauaugggacaauuaugcguuuaug	2:252911738..252911802:-
1_11695	1.6	83 +/- 4%	-	15	15	0	0	yes	-	-	-	-	ccaaacacucguuuaagcuga	agcuuaaacggauguuugcuu	ccaaacacucguuuaagcugaaaaccaaucgauaaaguuuccagcuuaaacggauguuugcuu	1:113736371..113736434:-
3_6613	1.6	83 +/- 4%	-	36	36	0	0	yes	-	-	-	-	cuucaacccaggcgaauugacu	ucauuucgccuggguugaagcu	ucauuucgccuggguugaagcugcuucaacccaggcgaauugacu	3:282271292..282271337:+
3_6449	1.6	83 +/- 4%	-	64	64	0	0	yes	-	-	-	-	ugagugauauggcuaguaucucugc	acugaugaucuaccuacauucucc	acugaugaucuaccuacauucuccuaucuccgggugaccggagagauagguugagugauauggcuaguaucucugc	3:259889220..259889296:+
2_1946	1.6	83 +/- 4%	-	23	23	0	0	yes	-	-	-	-	agugguuugagcugaaaacuu	guuuucaucucaaaccacugc	agugguuugagcugaaaacuuaaucgauuggccuccuccaucagcgugugaccaaucguuuaaguuuucaucucaaaccacugc	2:416560331..416560415:+
1_12145	1.6	83 +/- 4%	-	34	34	0	0	yes	-	-	-	-	aaaugcauguuagucccau	gggccaauuuugcguuuau	aaaugcauguuagucccauauuugcuggauuuccuauucacaugggccaauuuugcguuuau	1:184165490..184165552:-
1_10343	1.5	83 +/- 4%	-	46	46	0	0	yes	-	-	-	-	aaauauaguuguuuaugauccu	gaucaaaaacaaucauauauuu	gaucaaaaacaaucauauauuucuuauucuauucuauaaagaaaaaauauaguuguuuaugauccu	1:160180533..160180599:+
1_10469	1.5	83 +/- 4%	-	43	43	0	0	yes	-	-	-	-	aauuuaccucuuguauggaaa	ugcauacaagaggcaaacuca	ugcauacaagaggcaaacucaaugaugcagaugaauuuaccucuuguauggaaa	1:189474691..189474745:+
3_7410	1.5	83 +/- 4%	-	51	51	0	0	yes	-	-	-	-	uaucaaacuaugguaaggccug	gcccuuaccguaguuuugcagucuagu	gcccuuaccguaguuuugcagucuaguaguucagacuacuaucaaacuaugguaaggccug	3:12483802..12483863:-
2_1955	1.5	83 +/- 4%	-	50	50	0	0	yes	-	-	-	-	uuuaaggccuaagcggggguga	accuucgcuuaagccguaaaacacc	accuucgcuuaagccguaaaacaccuuuacccauacgauuaaaccagguuuaaggccuaagcggggguga	2:420857788..420857858:+
NIGP01000588_14321	1.5	83 +/- 4%	-	51	38	0	13	yes	-	-	-	-	agucaccaucugauacugacgg	gcgucuucuggugacugg	agucaccaucugauacugacggaugauggauguuguuccccaaagcacgguccuccgugcggcgucuucuggugacugg	NIGP01000588:21935..22014:-
2_1656	1.5	83 +/- 4%	-	6	6	0	0	yes	-	dme-miR-190-3p	-	-	accaggaagaaagcucugcagag	cugaggcuuccucccugguau	accaggaagaaagcucugcagagaauucaaaauaaaauuuugaaaaugauucugaggcuuccucccugguau	2:348070493..348070565:+
2_1319	1.4	83 +/- 4%	-	41	41	0	0	yes	-	-	-	-	aagaaagccuuugagcuacugaa	gcguagcucaaggguuaucauua	gcguagcucaaggguuaucauuauuguagcuaaccuuaaacuucaaggauuaaauaaagaaagccuuugagcuacugaa	2:267465963..267466042:+
3_9162	1.4	83 +/- 4%	-	43	43	0	0	yes	-	-	-	-	aauuuaccucuuguauggaaa	ugcauacaagaggcaaacuca	ugcauacaagaggcaaacucaauaaugcagaugaauuuaccucuuguauggaaa	3:330009159..330009213:-
3_7956	1.4	83 +/- 4%	-	28	28	0	0	yes	-	-	-	-	agguaaugacuauucccgca	cguaaugaaucauuacagca	cguaaugaaucauuacagcacugguuucaguuagguaaugacuauucccgca	3:116542217..116542269:-
1_13496	1.4	83 +/- 4%	-	41	41	0	0	yes	-	-	-	-	cauaaacauccagcguucgagaa	aucgaacgaugaguguuaugcu	aucgaacgaugaguguuaugcuuuguaagcauaaacauccagcguucgagaa	1:247653367..247653419:-
3_5151	1.4	83 +/- 4%	-	58	58	0	0	yes	-	-	-	-	aaucauucccaacuucugcugu	agcaguaguugugaaugauuga	agcaguaguugugaaugauugauuuuagauuuauacucaaucauucccaacuucugcugu	3:30232281..30232341:+
1_10165	1.4	83 +/- 4%	-	58	58	0	0	yes	-	-	-	-	agugccgggaucccgggauuuauaa	guucgucccgggauucgggacaaaaa	guucgucccgggauucgggacaaaaaucuugacuugucucgggaagugccgggaucccgggauuuauaa	1:134182637..134182706:+
1_11089	1.4	83 +/- 4%	-	10	10	0	0	yes	-	-	-	-	cuggaagagcuucucagaa	cugaaagaguuucucagaa	cugaaagaguuucucagaagcuucuggaagugcuucucagaagcuucuggaagagcuucucagaa	1:293459655..293459720:+
1_11672	1.4	83 +/- 4%	-	51	51	0	0	yes	-	-	-	-	ugagaggcuccaguuugauggaau	cacaucaucuggggcagcucaga	cacaucaucuggggcagcucagauaucaauuugagaggcuccaguuugauggaau	1:111410545..111410600:-
2_1973	1.3	83 +/- 4%	-	37	37	0	0	yes	-	-	-	-	uaagugcucugaagacaccaa	ggugucuucagcgggguuauu	ggugucuucagcgggguuauucaucgcaguccaaagaauaagugcucugaagacaccaa	2:424611250..424611309:+
1_10753	1.3	83 +/- 4%	-	35	35	0	0	yes	-	-	-	-	ggauccucuuguuuuauucuggau	ccaauauggaugcuaggauucca	ccaauauggaugcuaggauuccauuguggauccucugggauugcaauguggauccucuuguuuuauucuggau	1:214862895..214862968:+
2_809	1.3	83 +/- 4%	-	34	34	0	0	yes	-	-	-	-	agcacuaaaguuaauaccggaau	cucggauuaaccuuagugcucc	cucggauuaaccuuagugcuccaaaaucggagcacuaaaguuaauaccggaau	2:165520363..165520416:+
2_731	1.3	83 +/- 4%	-	15	15	0	0	yes	-	-	-	-	uucaauccaguugaauugacaa	gucauuucaacuggguugaugc	gucauuucaacuggguugaugcuuagcgaugcuucaauccaguugaauugacaa	2:146371081..146371135:+
2_3404	1.3	83 +/- 4%	-	55	55	0	0	yes	-	-	-	-	uacggcaagggcugauugcugc	agcauuucaggccuuaucauaau	agcauuucaggccuuaucauaauuugacaguagucugaacuacuagacugcaagacuacggcaagggcugauugcugc	2:198845386..198845464:-
1_11090	1.3	83 +/- 4%	-	10	10	0	0	yes	-	-	-	-	cuggaagagcuucucagaa	cuggaagaacuucucagag	cuggaagagcuucucagaagcuucuggaggagcuucucagaagcuucuggaagaacuucucagag	1:293459701..293459766:+
3_7154	1.2	83 +/- 4%	-	37	36	0	1	yes	-	-	-	-	aaguucuuucaaaaagcuugga	agaaagcuuggaagcuucuu	aaguucuuucaaaaagcuuggaagcuucuuucagaaagcuuggaagcuucuuucagaaagcuuggaagcuucuu	3:372462808..372462882:+
2_1793	1.2	83 +/- 4%	-	55	55	0	0	yes	-	-	-	-	uacggcaagggcugauugcugc	agcauuucaggccuuaucauagu	agcauuucaggccuuaucauaguuugauaguauuuugaacuacuagacugcaaaacuacggcaagggcugauugcugc	2:378856125..378856203:+
3_6555	1.2	83 +/- 4%	-	13	13	0	0	yes	-	-	-	-	uaggagagaaagagagcgauu	ucgcucucuuuugcuuuuaac	ucgcucucuuuugcuuuuaacaaaacuugaaaacaacggugccagaaccugucaaaguugauuucucauaggagagaaagagagcgauu	3:272646031..272646120:+
1_12079	1.1	83 +/- 4%	-	43	43	0	0	yes	-	-	-	-	uugguugguuugcauacaggag	cuuguauggaaaccaaccgaau	uugguugguuugcauacaggaggcaaacucaaugaugcagauguacuuuccucuuguauggaaaccaaccgaau	1:165718551..165718625:-
1_10023	1.1	83 +/- 4%	-	39	39	0	0	yes	-	-	-	-	acugcguacggacguugucaaugau	aauuuacagcacgucgguauaagccgucg	aauuuacagcacgucgguauaagccgucgcaagaacugcguacggacguugucaaugau	1:91830685..91830744:+
3_5058	1.1	83 +/- 4%	-	38	38	0	0	yes	-	-	-	-	uuaggccuuaaaucuaguuuaa	aagugugguuuacggcuuaagc	uuaggccuuaaaucuaguuuaacuauauggguaagugugguuuacggcuuaagc	3:9070787..9070841:+
3_8772	1	83 +/- 4%	-	24	24	0	0	yes	-	-	-	-	gucuagucaacaugugauuguu	ucuucgcauguuuuuagacuu	ucuucgcauguuuuuagacuugccgagagucuagucaacaugugauuguu	3:266996928..266996978:-
1_10689	1	83 +/- 4%	-	12	12	0	0	yes	-	-	-	-	ccgggaaucccuggauucccgaa	cgggauuucccguuucccggga	cgggauuucccguuucccgggauuuaugauccaacgucccgggaaucccuggauucccgaa	1:208768222..208768283:+
2_4370	0.9	44 +/- 5%	-	9	9	0	0	yes	-	-	-	-	guccugaaguggaaaaauggua	gcauuuuuucaccucaggacgu	gcauuuuuucaccucaggacguaggauugcaucgcugccuagcguccugaaguggaaaaauggua	2:369725101..369725166:-
1_11386	0.8	44 +/- 5%	-	68	54	0	14	yes	-	-	-	-	aacagaauuuuccaucugaacgaa	uuccaggugggaguuaucuga	uuccaggugggaguuaucugauaugugaauaugguaccauaacagaauuuuccaucugaacgaa	1:43347302..43347366:-
3_8126	0.8	44 +/- 5%	-	57	57	0	0	yes	-	-	-	-	aguuuuguguucuauaacuggau	caaaaguugguuaucauggcuaacucg	caaaaguugguuaucauggcuaacucgauggucccuuggaauucauuuggaguuuuguguucuauaacuggau	3:149009023..149009096:-
1_11897	0.8	44 +/- 5%	-	68	54	0	14	yes	-	-	-	-	aacagaauuuuccaucugaacgaa	uuccaggugggaguuaucuga	uuccaggugggaguuaucugauaugugaauaugguaccauaacagaauuuuccaucugaacgaa	1:154670733..154670797:-
1_12202	0.8	44 +/- 5%	-	68	54	0	14	yes	-	-	-	-	aacagaauuuuccaucugaacgaa	uuccaggugggaguuaucuga	uuccaggugggaguuaucugauaugugaauaugguaccauaacagaauuuuccaucugaacgaa	1:194193574..194193638:-
2_3937	0.7	44 +/- 5%	-	126	126	0	0	yes	-	-	-	-	ucugguauuuugauguucgaug	ucggaacucaagauaccagauc	ucugguauuuugauguucgauggauuugauauuacucggaacucaagauaccagauc	2:289697991..289698048:-
3_8658	0.6	44 +/- 5%	-	10	10	0	0	yes	-	-	-	-	auagcgauacggcgacaacac	guugucgucgucgcagucu	guugucgucgucgcagucucgcuaccgacagaccgugaugauagcgauacggcgacaacac	3:240102235..240102296:-
1_13675	0.6	44 +/- 5%	-	15	15	0	0	yes	-	-	-	-	accaauaccacuaucaggaaga	uuucggauaguggugucaguuu	accaauaccacuaucaggaagagcuaacaacaaucuuucggauaguggugucaguuu	1:288841554..288841611:-
3_7319	0.6	44 +/- 5%	-	52	52	0	0	yes	-	-	-	-	uguaggugaucuccacgcagaca	aaaguguguuggaucaaaagcgua	aaaguguguuggaucaaaagcguauaaacccagguggucccaacuaucaaauggcgucauuauauguaggugaucuccacgcagaca	3:409688474..409688561:+
2_4616	0.6	44 +/- 5%	-	26	26	0	0	yes	-	-	-	-	caucagugcaccaguauccgc	caauaugcacucuaauggc	caauaugcacucuaauggcuauauuuauucaauucgccaaacgaaguaaaauaccaucagugcaccaguauccgc	2:414841698..414841773:-
2_2817	0.5	44 +/- 5%	-	14	14	0	0	yes	-	-	-	-	uuccaggugggaguuaucuga	agaauuuuucaucuggaug	uuccaggugggaguuaucugauaugugaauaugguaccauaacagaauuuuucaucuggaug	2:101925153..101925215:-
1_11046	0.5	44 +/- 5%	-	9	9	0	0	yes	-	-	-	-	uuggaagcuucuccucag	ccucagaagcuuggaagc	ccucagaagcuuggaagcuucuccucagaagcuuggaagcuucuccucagaagcuuggaagcuucuccucagaagcuuggaagcuucuccucag	1:287263723..287263817:+
1_11045	0.4	44 +/- 5%	-	9	9	0	0	yes	-	-	-	-	uuggaagcuucuccucag	ccucagaagcuuggaagc	ccucagaagcuuggaagcuucuccucagaagcuuggaagcuucuccucagaagcuuggaagcuucuccucag	1:287263679..287263751:+
2_232	0.4	44 +/- 5%	-	32	32	0	0	yes	-	-	-	-	cacaaugaaacaagaaauaagu	uuauuuucuucuuucauuguuuc	cacaaugaaacaagaaauaaguguaguauaaauucaauuccaacagaauuuugucuacacuuauuuucuucuuucauuguuuc	2:47851205..47851288:+
1_11553	0.4	44 +/- 5%	-	42	42	0	0	yes	-	-	-	-	uauagggcuauuauauagcug	cuuguauaauagcacuauauu	uauagggcuauuauauagcugaaauggagcuugucacuuguauaauagcacuauauu	1:86928448..86928505:-
3_6339	0.4	44 +/- 5%	-	48	48	0	0	yes	-	-	-	-	uuaucaugugugcucuucccgc	gggaauuaacacgcagucaaag	gggaauuaacacgcagucaaagaugguuugucuuuaucaugugugcucuucccgc	3:234055652..234055707:+
1_11827	0.4	44 +/- 5%	-	14	14	0	0	yes	-	-	-	-	auuuugauucauaacugug	caguugugaaucaaggcuu	auuuugauucauaacugugguaugguuuucauugacucacaguugugaaucaaggcuu	1:145557907..145557965:-
1_10101	0.3	44 +/- 5%	-	50	50	0	0	yes	-	-	-	-	uugauuuacacggcgagucag	gacugccgaacuuaucauug	gacugccgaacuuaucauugucacuugaauugucaauacucgauuugacugaagugacucuccauuugauuuacacggcgagucag	1:118342402..118342488:+
2_825	0.3	44 +/- 5%	-	9	9	0	0	yes	-	-	-	-	gugcggcgucuucugguggcugg	agucaccaucugauauugacgg	agucaccaucugauauugacggaggauggaugugcaccccagagcacgguccuccgugcggcgucuucugguggcugg	2:169144618..169144696:+
3_5781	0.3	44 +/- 5%	-	23	23	0	0	yes	-	-	-	-	gaaauaugagauuaugaauuc	auugugauuucguuaguuugcga	auugugauuucguuaguuugcgaugaggcgauacuacaauuggcucuugaaauaugagauuaugaauuc	3:154746031..154746100:+
2_745	0.3	44 +/- 5%	-	90	90	0	0	no	-	dme-miR-932-5p	-	-	acaauuccggagccuguugaguau	ucuccucuacccggguugguu	ucuccucuacccggguugguugguuuuaugaugaacuuuuguucaaagggaauccgguuacaauuccggagccuguugaguau	2:149601821..149601904:+
3_6652	0.3	44 +/- 5%	-	38	38	0	0	yes	-	-	-	-	gguguaggaaucucuuaaaga	ugaugagauuccuguaggag	gguguaggaaucucuuaaagaauuucugaugagauuccuguaggag	3:290324347..290324393:+
2_4993	0.2	44 +/- 5%	-	38	38	0	0	yes	-	-	-	-	guagaauuaauggucaggccu	gccucuuccacugaccugcga	guagaauuaauggucaggccuauccucgcugucuccaucuucagaggcacgaaggccucuuccacugaccugcga	2:471230175..471230250:-
3_7032	0.2	44 +/- 5%	-	42	42	0	0	yes	-	-	-	-	ugcuauagaauuggccacaaa	ucggcgaauucuguuucuau	ugcuauagaauuggccacaaacacauuuggcugaacuuucugguucaguaccacacauguuucggcgaauucuguuucuau	3:348934397..348934478:+
1_12123	0.2	44 +/- 5%	-	30	30	0	0	yes	-	-	-	-	acccuugguuuugcgaauauccc	auuguucaguagcucaagggcua	acccuugguuuugcgaauaucccagaagucuguccacuuagaaagaugacgucuucuguaaaauuguucaguagcucaagggcua	1:176529475..176529560:-
1_11756	0.2	44 +/- 5%	-	23	23	0	0	yes	-	-	-	-	agagaaccaccggaagaauc	gcuuuccggucugauucuuuca	gcuuuccggucugauucuuucaacguccacacuucgugcccguagagaaccaccggaagaauc	1:133550503..133550566:-
2_2792	0.1	44 +/- 5%	-	47	47	0	0	yes	-	-	-	-	uugcaucauucauacguguaggg	uuauauguaugacugauucaugu	uuauauguaugacugauucauguucuuucgacauugcaucauucauacguguaggg	2:96332880..96332936:-
2_3199	0.1	44 +/- 5%	-	24	24	0	0	yes	-	-	-	-	aaauguggauccugagauu	uuuuaggauucuagugugc	aaauguggauccugagauugcuauguaguuccugguauuucagucuguauccuaggguuucauuauggauuuuaggauucuagugugc	2:170472003..170472091:-
3_8920	0.1	44 +/- 5%	-	10	10	0	0	yes	-	-	-	-	auccuucaguaacccuaca	ggggguucugcaggacuc	ggggguucugcaggacucauagagaggagauccuucaguaacccuaca	3:292108730..292108778:-
1_13560	0	44 +/- 5%	-	31	31	0	0	yes	-	-	-	-	agugagauuauguacguggau	uggcugugaaaauuucagcucacugg	uggcugugaaaauuucagcucacuggacuggauagaacucccauccagugagauuauguacguggau	1:258428918..258428985:-
1_10953	0	44 +/- 5%	-	31	31	0	0	yes	-	-	-	-	agugagauuauguacguggau	uggcugugaaaauuucagcucacugg	uggcugugaaaauuucagcucacuggacuggauagaacucccauccagugagauuauguacguggau	1:258450658..258450725:+
3_6984	0	44 +/- 5%	-	59	59	0	0	yes	-	dme-miR-954-3p	-	-	aucacauguaacaaaauugcgacau	uucauaauuuuggcaccauggauca	aucacauguaacaaaauugcgacauguuuagaaugcuuuugaaaagaaauucccauugaacaauuuucauaauuuuggcaccauggauca	3:341664664..341664754:+
3_5702	0	44 +/- 5%	-	48	48	0	0	yes	-	-	-	-	ugaugaagcgagagucugugcauc	cguauugacauucagcuguuuuucgag	ugaugaagcgagagucugugcaucacuuccguauugacauucagcuguuuuucgag	3:137750622..137750678:+
2_1312	0	44 +/- 5%	-	35	35	0	0	no	-	dme-miR-959-5p	-	-	guaguacuagucaaggccaac	cggucgugagugaucgucuaccg	guaguacuagucaaggccaacagccggucgugagugaucgucuaccg	2:262986539..262986586:+
2_3892	0	44 +/- 5%	-	22	22	0	0	no	-	dme-miR-210-5p	-	-	agcugcugguccuguuguuu	acaauagagcgcugc	acaauagagcgcugcauaugacgagccuaaccucacuuauuugacagcugcugguccuguuguuu	2:277031358..277031423:-



mature miRBase miRNAs detected by miRDeep2
tag id	miRDeep2 score	estimated probability that the miRNA is a true positive	rfam alert	total read count	mature read count	loop read count	star read count	significant randfold p-value	mature miRBase miRNA	example miRBase miRNA with the same seed	UCSC browser	NCBI blastn	consensus mature sequence	consensus star sequence	consensus precursor sequence	precursor coordinate
1_13749	213715.4	82 +/- 16%	-	419186	419102	0	84	yes	aae-miR-12-5p	dme-miR-12-5p	-	-	ugaguauuacaucagguacuggu	ccaguacuuauguuaugcucucu	ugaguauuacaucagguacuggugucgauauucgaaucaccaacgaaucggguuccuuugauuaacuuaccaguacuuauguuaugcucucu	1:305613548..305613640:-
2_2854	98346.1	82 +/- 16%	-	192893	192764	0	129	yes	aae-miR-2a-5p	dme-miR-2a-3p	-	-	uaucacagccagcuuugaagagcg	acucucaaagugguugugaaaug	acucucaaagugguugugaaaugaguuacucuugaacgaucucauaucacagccagcuuugaagagcg	2:107237501..107237569:-
2_2852	33395.6	82 +/- 16%	-	65495	65313	0	182	yes	aae-miR-2c	dme-miR-2a-3p	-	-	uaucacagccagcuuugaugagcu	acucucaaaguggcugugaaaug	acucucaaaguggcugugaaaugguuugauuuugcucauaucacagccagcuuugaugagcu	2:107235884..107235946:-
3_5975	23175.3	82 +/- 16%	-	45452	45443	0	9	yes	aae-bantam-5p	dme-bantam-3p	-	-	ugagaucauuuugaaagcugauu	ccgguuuucauuuucgaucugacu	ccgguuuucauuuucgaucugacuuauuugauuuaacaagagugagaucauuuugaaagcugauu	3:178082830..178082895:+
2_2856	15355.1	82 +/- 16%	-	30110	29956	0	154	yes	aae-miR-13-5p	dme-miR-2a-3p	-	-	uaucacagccauuuugacgaguu	ucguaaaaaugguugugcugug	ucguaaaaaugguugugcuguguuguuacgcucgaaauucauaucacagccauuuugacgaguu	2:107237649..107237713:-
1_10675	14181.5	82 +/- 16%	-	27808	27769	0	39	yes	aae-miR-996	dme-miR-279-3p	-	-	ugacuagauuacaugcucgucu	gcgugcaugaaucuggugcacgg	gcgugcaugaaucuggugcacgguuuuccaguuguaauaucgcuucgugacuagauuacaugcucgucu	1:207012536..207012605:+
3_7686	10828.7	82 +/- 16%	-	21231	21186	0	45	yes	aae-miR-11-5p	dme-miR-2a-3p	-	-	caucacagucugaguucuugcu	cgagaacuccggcugugaccugu	cgagaacuccggcugugaccuguguacacuuuauccaaaucacaucacagucugaguucuugcu	3:75489864..75489928:-
2_2561	9673.9	82 +/- 16%	-	18967	18938	0	29	yes	aae-miR-190	dme-miR-190-5p	-	-	agauauguuugauauucuugguug	cccaggaaucaaacauauuauua	agauauguuugauauucuugguuguuaaauuuuauauuaucacccaggaaucaaacauauuauua	2:48811877..48811942:-
2_2861	9303.3	82 +/- 16%	-	18246	14132	0	4114	yes	aae-miR-71-5p	-	-	-	agaaagacauggguagugagau	ucucacuaccuugucuuucaug	agaaagacauggguagugagauaguuucacccuauugcacugggaucucacuaccuugucuuucaug	2:107238287..107238354:-
2_1495	7710.9	82 +/- 16%	-	15116	15082	0	34	yes	aae-miR-275-5p	dme-miR-275-3p	-	-	ucagguaccugaaguagcgcgcg	cgcgcuaagcaggaaccgagacu	cgcgcuaagcaggaaccgagacuuugucauuugcuagcagucagguaccugaaguagcgcgcg	2:307135668..307135731:+
1_12117	7546.7	82 +/- 16%	-	14803	14182	0	621	no	aae-miR-252-5p	dme-miR-252-5p	-	-	cuaaguacuagugccgcaggag	ccugcugcccaagugcuuaucg	cuaaguacuagugccgcaggagagauuugaaccccugcugcccaagugcuuaucg	1:175818157..175818212:-
2_2797	6678	82 +/- 16%	-	13090	12890	0	200	yes	aae-miR-282-5p	dme-miR-282-5p	-	-	uagccucuccuaggcuuugucu	acauagccugacagagguuagg	uagccucuccuaggcuuugucuguuaccuuccuugggaauuccacuagccagacauagccugacagagguuagg	2:96911966..96912040:-
1_13738	2859.9	82 +/- 16%	-	5601	5600	0	1	yes	aae-miR-277-5p	dme-miR-277-3p	-	-	uaaaugcacuaucugguacgaca	cgugucagaagugcauuuaca	cgugucagaagugcauuuacauagguauuucccguuuagcaguauuuguaaaugcacuaucugguacgaca	1:302603812..302603883:-
3_7684	2812.2	82 +/- 16%	-	5507	5483	0	24	yes	aae-miR-998	dme-miR-285-3p	-	-	uagcaccaugagauucagcuc	acugaacucucgugggucugc	acugaacucucgugggucugcaguugauauuucgaaagcuuguagcaccaugagauucagcuc	3:75489589..75489652:-
2_2793	2644.5	82 +/- 16%	-	5179	4498	0	681	yes	aae-miR-281-5p	dme-miR-281-2-5p	-	-	aagagagcuauccgucgacagu	ugucauggaauugcucucuuua	aagagagcuauccgucgacaguagggauaugauucacugucauggaauugcucucuuua	2:96469361..96469420:-
2_4197	2580.7	82 +/- 16%	-	5054	4988	0	66	yes	aae-miR-9b	dme-miR-9a-5p	-	-	ucuuuggugauuuuagcuguaug	uauagcuuuaucaccaaaaacc	ucuuuggugauuuuagcuguaugcugauacguuucugauugcauauagcuuuaucaccaaaaacc	2:335780574..335780639:-
1_11413	2109.5	82 +/- 16%	-	4129	4042	0	87	yes	aae-miR-33	dme-miR-33-5p	-	-	gugcauuguaguugcauugca	caauacuucugcaaugcaagcc	gugcauuguaguugcauugcacuuuugcguucgauaacacggugcaauacuucugcaaugcaagcc	1:50888880..50888946:-
2_2688	1744.3	82 +/- 16%	-	3413	3208	0	205	yes	aae-miR-276-5p	dme-miR-276a-3p	-	-	uaggaacuucauaccgugcucu	agcgagguauagaguuccuacg	agcgagguauagaguuccuacguugcgugugcgaaauugguaggaacuucauaccgugcucu	2:73120452..73120514:-
2_4203	1641.1	82 +/- 16%	-	3211	1860	0	1351	yes	aae-miR-9c-5p	dme-miR-9a-5p	-	-	ucuuugguauucuagcuguaga	uaaagcuuuaguaccagagguc	ucuuugguauucuagcuguagaauguugagcuuugugauaugguaucuucuaaagcuuuaguaccagagguc	2:335810364..335810436:-
3_8670	1076.7	82 +/- 16%	-	2103	2098	0	5	yes	aae-miR-278-5p	dme-miR-278-3p	-	-	ucggugggacuuucguccguuu	acggacgauagucuucagcggcc	acggacgauagucuucagcggccgugcauuugauagaaguggucggugggacuuucguccguuu	3:243123888..243123952:-
3_6394	882.4	82 +/- 16%	-	1722	1036	0	686	yes	aae-miR-307	dme-miR-307a-5p	-	-	acucacucaaccugggugugaug	ucacaaccuccuugagugagcga	acucacucaaccugggugugaugcuuauuugaaucaucacaaccuccuugagugagcga	3:244794376..244794435:+
2_4200	697.1	82 +/- 16%	-	1359	1318	0	41	yes	aae-miR-79-5p	dme-miR-4-3p	-	-	auaaagcuagauuaccaaagcau	cuuuggcgcuuuagcuguauga	cuuuggcgcuuuagcuguaugauagaauuuaauauuucauaaagcuagauuaccaaagcau	2:335780884..335780945:-
2_441	620.4	82 +/- 16%	-	1208	1190	0	18	yes	aae-miR-988-5p	dme-miR-988-3p	-	-	ccccuuguugcaaaccucacgc	gugugcuuugugacaaugagau	gugugcuuugugacaaugagauucgguucgauaucauccccuuguugcaaaccucacgc	2:93351380..93351439:+
1_13780	443.9	82 +/- 16%	-	863	713	0	150	yes	aae-miR-1175-5p	dme-miR-958-3p	-	-	ugagauucuacuucuccgacuua	uaaguggaguaguggucucaucgcu	uaaguggaguaguggucucaucgcuuaguauuagaaaagugagauucuacuucuccgacuua	1:307010045..307010107:-
1_10791	200.4	82 +/- 16%	-	395	330	0	65	yes	aae-miR-11900	-	-	-	auuuuuuugacuguaauuuuauag	guaaaauuacguugaaaaaucgu	guaaaauuacguugaaaaaucgucucccucaaaaaaugaaaccugagacuaacaggagauuuuuuugacuguaauuuuauag	1:223944070..223944152:+
NIGP01001634_14217	192.9	82 +/- 16%	-	370	314	0	56	yes	aae-miR-10365	dme-miR-927-5p	-	-	auuagaauguggaaucuguuuuu	aaaaguuuucauauucuugcgg	auuagaauguggaaucuguuuuuguacaucaaguguuacgaaacgaagcaaaaaaguuuucauauucuugcgg	NIGP01001634:30709..30782:-
3_9093	192.9	82 +/- 16%	-	370	314	0	56	yes	aae-miR-10365	dme-miR-927-5p	-	-	auuagaauguggaaucuguuuuu	aaaaguuuucauauucuugcgg	auuagaauguggaaucuguuuuuguacaucaaguguuacgaaacgaagcaaaaaaguuuucauauucuugcgg	3:320775621..320775694:-
2_2702	5.3	84 +/- 13%	-	3260	3260	0	0	yes	aae-miR-276-3p	dme-miR-276a-3p	-	-	uaggaacuucauaccgugcucu	agcgagguauagaguuccuaug	agcgagguauagaguuccuaugcguucggauaaaauauuccauaggaacuucauaccgugcucu	2:73509399..73509463:-
1_13742	5.2	84 +/- 13%	-	78850	78850	0	0	yes	aae-miR-317	dme-miR-317-3p	-	-	ugaacacagcuggugguaucuca	ggauacacccugugcucgcu	ggauacacccugugcucgcuuugcauucgaaacuagugaacacagcuggugguaucuca	1:302667131..302667190:-
1_13753	5.1	84 +/- 13%	-	1080338	1080338	0	0	yes	aae-miR-283	dme-miR-283-5p	-	-	caauaucagcugguaauucuggg	cggaauuccaacugauauccac	caauaucagcugguaauucugggcuuaccccaccguuauacgcuucccggaauuccaacugauauccac	1:305625600..305625669:-
2_2860	5.1	84 +/- 13%	-	35159	35159	0	0	yes	aae-miR-2c	dme-miR-2a-3p	-	-	uaucacagccagcuuugauga	aucaaauuugguuguuuuagu	aucaaauuugguuguuuuaguacgaccucuuugaaaccccuaucacagccagcuuugauga	2:107237998..107238059:-
3_7738	5.1	84 +/- 13%	-	20066	20066	0	0	yes	aae-miR-92b-3p	dme-miR-92a-3p	-	-	aauugcacuugucccggccugc	aggucgugacuugugcccauuug	aggucgugacuugugcccauuugcugaauuuuaauggucaaauugcacuugucccggccugc	3:93418515..93418577:-
2_1767	5.1	84 +/- 13%	-	7281	7281	0	0	yes	aae-miR-2945-3p	dme-miR-279-3p	-	-	ugacuagaggcagacucguuua	agcggguccguuucuagugucaug	agcggguccguuucuagugucaugugcuguauucgaauaucaugacuagaggcagacucguuua	2:374947142..374947206:+
2_4630	5	84 +/- 13%	-	34727	34727	0	0	yes	aae-miR-184	dme-miR-184-3p	-	-	uggacggagaacugauaagggc	ccuuaucauucuugcgccccgu	ccuuaucauucuugcgccccguguuauauuguuggcgacuggacggagaacugauaagggc	2:417599380..417599441:-
3_9460	5	84 +/- 13%	-	108326	108326	0	0	yes	aae-miR-308-5p	dme-miR-2a-3p	-	-	aaucacaggaguauacugugag	cgcgguauauucuuguggcuug	cgcgguauauucuuguggcuugaugcauuugaaaaaucucaaaucacaggaguauacugugag	3:403338483..403338546:-
NIGP01000533_14196	4.9	79 +/- 15%	-	1937	1937	0	0	yes	aae-miR-970	dme-miR-970-3p	-	-	ucauaagacacacgcggcuau	agcuugcguuugucuuagcuggua	agcuugcguuugucuuagcugguauugaaugugauagguaucauaagacacacgcggcuau	NIGP01000533:10107..10168:-
2_1993	4.9	79 +/- 15%	-	1252	1228	0	24	yes	aae-miR-965	dme-miR-965-3p	-	-	uaagcguauagcuuuucccau	gggggaaauccuguacgcuguaug	gggggaaauccuguacgcuguauguuguauuugaauaauccauaagcguauagcuuuucccau	2:429778749..429778812:+
3_7742	4.8	79 +/- 15%	-	3707	3707	0	0	yes	aae-miR-92a-5p	dme-miR-92a-3p	-	-	uauugcacuugucccggccuau	cgguacggacaggggcaacauu	cgguacggacaggggcaacauugugacauuugaaagcuaauauugcacuugucccggccuau	3:93477596..93477658:-
1_10323	4.8	79 +/- 15%	-	1937	1937	0	0	yes	aae-miR-970	dme-miR-970-3p	-	-	ucauaagacacacgcggcuau	agcuugcguuugucuuagcuggua	agcuugcguuugucuuagcugguauugaaugugauagguaucauaagacacacgcggcuau	1:157238423..157238484:+
3_9286	4.8	79 +/- 15%	-	41	41	0	0	yes	aae-miR-989	dme-miR-989-3p	-	-	ugugaugugacguagugguac	gccgcuaccucgcuuucacuug	gccgcuaccucgcuuucacuugguaccgauuucccauaauccaugugaugugacguagugguac	3:366439082..366439146:-
1_11534	4.8	79 +/- 15%	-	340	340	0	0	yes	aae-miR-87	dme-miR-87-3p	-	-	gugagcaaauuuucaggugugu	cagccugaaauuugcuaaaccu	cagccugaaauuugcuaaaccuguguguauuugauucaaacaaucaaggugagcaaauuuucaggugugu	1:80682401..80682471:-
2_4261	4.7	79 +/- 15%	-	51	51	0	0	yes	aae-miR-263a-5p	dme-miR-263a-5p	-	-	aauggcacuggaagaauucacgg	guguucuggcaguggcauccc	aauggcacuggaagaauucacggguauauuuugaaauccccguguucuggcaguggcauccc	2:348784448..348784510:-
1_10673	4.7	79 +/- 15%	-	6203	6203	0	0	yes	aae-miR-279	dme-miR-279-3p	-	-	ugacuagauccacacucauuaa	gaugggugugaaucuaguguuucaca	gaugggugugaaucuaguguuucacaugauuuucgauagccugugacuagauccacacucauuaa	1:207007788..207007853:+
2_4548	4.6	79 +/- 15%	-	162	162	0	0	yes	aae-miR-1	dme-miR-1-3p	-	-	uggaauguaaagaaguaugga	caugcuuccuugcauucaaua	caugcuuccuugcauucaauagugauucugaaagcauauggaauguaaagaaguaugga	2:399501024..399501083:-
2_1770	4.6	79 +/- 15%	-	49	49	0	0	yes	aae-miR-125-5p	dme-miR-125-5p	-	-	ucccugagacccuaacuugugac	cacaaguuuugaucuccgguauu	ucccugagacccuaacuugugacuauaguugaaguuucacaaguuuugaucuccgguauu	2:375131781..375131841:+
2_1645	4.6	79 +/- 15%	-	8141	8141	0	0	yes	aae-miR-14	dme-miR-14-3p	-	-	ucagucuuuuucucucuccuau	gggagcgagauuaaggcuugcu	gggagcgagauuaaggcuugcuggucauuuauuacacucgaagucagucuuuuucucucuccuau	2:344767572..344767637:+
3_7679	4.5	79 +/- 15%	-	48	48	0	0	yes	aae-miR-1000	dme-miR-1000-5p	-	-	auauuguccugucacagcagua	cuguuguuucgggacauuuaca	auauuguccugucacagcaguacuguuacaaauuuacuguuguuucgggacauuuaca	3:74204061..74204119:-
3_6903	4.3	79 +/- 15%	-	4478	4478	0	0	yes	aae-miR-8-5p	dme-miR-8-3p	-	-	uaauacugucagguaaagauguc	caucuuaccgggcagcauuaga	caucuuaccgggcagcauuagauauuuuugaaauacuucuaauacugucagguaaagauguc	3:328527955..328528017:+
2_1625	4.2	79 +/- 15%	-	35	35	0	0	yes	aae-miR-375	dme-miR-375-3p	-	-	uuuguucguuuggcucgaguua	acuuaagcccaacguacagaaacu	acuuaagcccaacguacagaaacuugaaucugaaugccguucuagauuggcuugcuagaaguuuguucguuuggcucgaguua	2:337876532..337876615:+
2_1498	4	79 +/- 15%	-	150873	150873	0	0	yes	aae-miR-305-5p	dme-miR-305-5p	-	-	auuguacuucaucaggugcucugg	ccggcacauguuggaguacacuua	auuguacuucaucaggugcucugguuguuuucgauacccggcacauguuggaguacacuua	2:307145445..307145506:+
3_5692	3.8	10 +/- 16%	-	428	428	0	0	yes	aae-miR-31	dme-miR-31b-5p	-	-	uggcaagauguuggcauagcuga	agcuauucaacuucuugucuau	uggcaagauguuggcauagcugaaaguuuugaguuuagcuauucaacuucuugucuau	3:136174150..136174208:+
2_1076	3.7	10 +/- 16%	-	8192	8192	0	0	yes	aae-miR-7	dme-miR-7-5p	-	-	uggaagacuagugauuuuguuguu	uaacaauaaaucucaagucuuucuac	uggaagacuagugauuuuguuguuuugcuuacgauaauaacaauaaaucucaagucuuucuac	2:222802544..222802607:+
2_3885	2.3	70 +/- 8%	-	82	82	0	0	yes	aae-miR-11917	-	-	-	ugaaaacuuaaucgauugguc	ccaaucgauuaaguuuucagc	ugaaaacuuaaucgauuggucucuagcuggcggugaccaaucgauuaaguuuucagc	2:276129591..276129648:-
2_2795	2.3	70 +/- 8%	-	57	57	0	0	yes	aae-miR-11917	-	-	-	ugaaaacuuaaucgauugguc	ucaaucgauuagguuuucagc	ugaaaacuuaaucgauuggucagcagcugguggugaucaaucgauuagguuuucagc	2:96520911..96520968:-
3_6656	2.3	70 +/- 8%	-	57	57	0	0	yes	aae-miR-11917	-	-	-	ugaaaacuuaaucgauugguc	ccaaucgauuaaguuuucagc	ugaaaacuuaaucgauuggucaccaccagcuagugaccaaucgauuaaguuuucagc	3:291159000..291159057:+
NIGP01000463_14184	2.3	70 +/- 8%	-	57	57	0	0	yes	aae-miR-11917	-	-	-	ugaaaacuuaaucgauugguc	ccaaucgauuagguuuuucagc	ugaaaacuuaaucgauuggucacuagcugguggugaccaaucgauuagguuuuucagc	NIGP01000463:34703..34761:+
2_4550	2.1	70 +/- 8%	-	57	57	0	0	yes	aae-miR-11917	-	-	-	ugaaaacuuaaucgauugguc	gcaaucgauuaggguuucagc	ugaaaacuuaaucgauuggucacuaguugguggugagcaaucgauuaggguuucagc	2:399913118..399913175:-
2_2616	2.1	70 +/- 8%	-	1257	1246	0	11	yes	aae-miR-11894a	-	-	-	uuuaccauuucaagaugaccua	ucgucuugaaaugguaaagagu	ucgucuugaaaugguaaagagugucaaucaucaucuuuaccauuucaagaugaccua	2:58785158..58785215:-
2_2612	2	70 +/- 8%	-	1246	1246	0	0	yes	aae-miR-11894a	-	-	-	uuuaccauuucaagaugaccua	gguugucuugaaaugguaaaga	gguugucuugaaaugguaaagagugucaaccaucaucuuuaccauuucaagaugaccua	2:58783350..58783409:-
3_8521	2	70 +/- 8%	-	57	57	0	0	yes	aae-miR-11917	-	-	-	ugaaaacuuaaucgauugguc	ucaaucgauuaaguuuucagc	ugaaaacuuaaucgauuggucccuaccagcuaguaaucaaucgauuaaguuuucagc	3:215337013..215337070:-
2_2618	2	70 +/- 8%	-	1257	1246	0	11	yes	aae-miR-11894a	-	-	-	uuuaccauuucaagaugaccua	ucgucuugaaaugguaaagagu	ucgucuugaaaugguaaagagugucaaucaucaucuuuaccauuucaagaugaccua	2:58785850..58785907:-
2_2620	2	70 +/- 8%	-	1257	1246	0	11	yes	aae-miR-11894a	-	-	-	uuuaccauuucaagaugaccua	ucgucuugaaaugguaaagagu	ucgucuugaaaugguaaagagugucaaucaucaucuuuaccauuucaagaugaccua	2:58786284..58786341:-
2_2622	2	70 +/- 8%	-	1257	1246	0	11	yes	aae-miR-11894a	-	-	-	uuuaccauuucaagaugaccua	ucgucuugaaaugguaaagagu	ucgucuugaaaugguaaagagugucaaucaucaucuuuaccauuucaagaugaccua	2:58787426..58787483:-
2_2614	1.9	83 +/- 4%	-	133	133	0	0	yes	aae-miR-11894b	-	-	-	uuuaccauuucaauaugaccua	ggucguauugaaaugguaaaga	ggucguauugaaaugguaaagagugucaaucaucaucuuuaccauuucaauaugaccua	2:58784590..58784649:-
2_4635	1.9	83 +/- 4%	-	57	57	0	0	yes	aae-miR-11917	-	-	-	ugaaaacuuaaucgauugguc	ccaaucgauuagguuuucagc	ugaaaacuuaaucgauuggucacuagcuggugguaaccaaucgauuagguuuucagc	2:418195774..418195831:-
2_1511	1.9	83 +/- 4%	-	57	57	0	0	yes	aae-miR-11917	-	-	-	ugaaaacuuaaucgauugguc	ccaaucuauuaaguuuucagc	ugaaaacuuaaucgauuggucaccaccagcuagugaccaaucuauuaaguuuucagc	2:308919714..308919771:+
2_4134	1.7	83 +/- 4%	-	309	309	0	0	yes	aae-miR-11895	-	-	-	uucaugcauucacuucugcuga	agcaggagugaaugcaugaguu	agcaggagugaaugcaugaguuugacaucugaaacuaauucaugcauucacuucugcuga	2:324949494..324949554:-
NIGP01001349_14643	1.7	83 +/- 4%	-	309	309	0	0	yes	aae-miR-11895	-	-	-	uucaugcauucacuucugcuga	agcaggagugaaugcaugaguu	agcaggagugaaugcaugaguugacaucugaaaacuaauucaugcauucacuucugcuga	NIGP01001349:11838..11898:+
3_7785	1.4	83 +/- 4%	-	3235	3235	0	0	yes	aae-miR-2765	-	-	-	ugguaacuccaccaccguuggc	caaugggagcuggaguucccgcg	ugguaacuccaccaccguuggcgauauuugacagccaaugggagcuggaguucccgcg	3:101895454..101895512:-
2_4614	1.4	83 +/- 4%	-	2179	2179	0	0	yes	aae-miR-1890	-	-	-	ugaaaucuuugauuaggucugg	agagcuaauuggagaguucuug	agagcuaauuggagaguucuugaauaguguugugaaccuucaugaaaucuuugauuaggucugg	2:413654961..413655025:-
2_442	1	83 +/- 4%	-	1190	1190	0	0	no	aae-miR-988-3p	dme-miR-988-3p	-	-	ccccuuguugcaaaccucacgc	ggcagguaggggcaaugggggc	ccccuuguugcaaaccucacgcuugcgguagguuccacaacugcugagagguggcagguaggggcaaugggggc	2:93351417..93351491:+
2_3836	0.9	44 +/- 5%	-	92	92	0	0	yes	aae-miR-2941	-	-	-	uaguacggcuagaacuccacgg	gugguguuuagacguauuaca	gugguguuuagacguauuacaugauuuuuugaacauaacuguaguacggcuagaacuccacgg	2:268456011..268456074:-
1_9743	0.2	44 +/- 5%	-	308	308	0	0	no	aae-miR-210	dme-miR-210-3p	-	-	cuugugcgugugacaacggcuau	agcugcugaccacugcacaagau	agcugcugaccacugcacaagauuagauuaugacucuugugcgugugacaacggcuau	1:54892617..54892675:+
3_9482	0.1	44 +/- 5%	-	51	51	0	0	no	aae-miR-285	dme-miR-285-3p	-	-	uagcaccauucgaaaucaguac	acuggcuuccaaaggugaguaga	acuggcuuccaaaggugaguagauggcauucgauacacucuagcaccauucgaaaucaguac	3:406875046..406875108:-
2_1212	0	44 +/- 5%	-	1	1	0	0	yes	aae-miR-11901	dme-miR-2a-3p	-	-	caucacagaauuguuuuuacuga	uguaaacauaauucugugauguu	caucacagaauuguuuuuacugauaagaaacuauguguaaacauaauucugugauguu	2:248213680..248213738:+
2_1496	-0.5	18 +/- 6%	-	15082	15082	0	0	no	aae-miR-275-3p	dme-miR-275-3p	-	-	ucagguaccugaaguagcgcgcg	ucaucaagcgacaacagaggcgugaaa	ucagguaccugaaguagcgcgcgugaucaaacaggaagcgucaucaagcgacaacagaggcgugaaa	2:307135708..307135775:+
2_4547	-1.4	0 +/- 1%	-	162	162	0	0	no	aae-miR-1	dme-miR-1-3p	-	-	uggaauguaaagaaguaugga	uucuucaaaaaacggaaccaag	uggaauguaaagaaguauggagcgcucgggcaaacucgacgugggaucuucuucaaaaaacggaaccaag	2:399500975..399501045:-
1_9740	-1.6	0 +/- 1%	-	57	57	0	0	yes	aae-miR-11917	-	-	-	ugaaaacuuaaucgauugguc	ucaaccgauuaacacagc	ugaaaacuuaaucgauuggucaccaccagcuagugaucaaccgauuaacacagc	1:53438293..53438347:+
2_784	-2.1	0 +/- 0%	-	43	43	0	0	no	aae-miR-2943	dme-miR-1002-5p	-	-	uuaaguaggcacuugcaggcaa	gacugcuuuuuccuacuuuaca	uuaaguaggcacuugcaggcaaauuuguagcuuuaauaugauugacugcuuuuuccuacuuuaca	2:158469002..158469067:+
2_2794	-2.3	0 +/- 0%	-	4498	4498	0	0	no	aae-miR-281-5p	dme-miR-281-2-5p	-	-	aagagagcuauccgucgacagu	cguugacgugggauuuuuuug	cguugacgugggauuuuuuuguucauuuuguucuuucgcugguuucgaauaugaaaauaaagagagcuauccgucgacagu	2:96469398..96469479:-
2_221	-4	1 +/- 2%	-	1	1	0	0	yes	aae-miR-11897a	-	-	-	uaguaaaccuugauuuuguagc	uacagaaucgaggcucacgaug	uacagaaucgaggcucacgaugauuuccaaucauaguaaaccuugauuuuguagc	2:46313963..46314018:+
NIGP01000443_14179	-4.8	0 +/- 1%	-	132	132	0	0	no	aae-miR-11893	-	-	-	uuccugacuuauacgcuuaccu	guaaguagauaaaucagaaaga	guaaguagauaaaucagaaagacguuuauaucguuucuuccugacuuauacgcuuaccu	NIGP01000443:52102..52161:+
2_2980	-6.7	0 +/- 0%	-	3	3	0	0	no	aae-miR-11919	-	-	-	uagcuagguugcggugcacugc	aguguacucugccuggccggc	aguguacucugccuggccggcgcugcugcgagucuagcuagguugcggugcacugc	2:129145074..129145130:-
3_8660	-9.4	0 +/- 0%	-	1	1	0	0	no	aae-miR-11923	-	-	-	acaacggcagccggaacgaucug	ucucguuccgucguccguaggucg	ucucguuccgucguccguaggucgguuuagccaaugcgacaacggcagccggaacgaucug	3:240286724..240286785:-
2_4636	-13.3	0.00 +/- 0.00	-	57	57	0	0	no	aae-miR-11917	-	-	-	ugaaaacuuaaucgauugguc	ugaaucgaauccaaacuucaaa	ugaaucgaauccaaacuucaaauuaucaagagcacggaucuagagaaucaaacuuccauuuaagcugaaaacuuaaucgauugguc	2:418195810..418195896:-

#miRBase miRNAs not detected by miRDeep2
miRBase precursor id	total read count	mature read count(s)	star read count	remaining reads	UCSC browser	NCBI blastn	miRBase mature sequence(s)	miRBase star sequence(s)	miRBase precursor sequence
95813	95813	0	0	-	-	cacguuacagauugggguuucc	uaaucucaaauuguaacagugg	-	gagguaaucucaaauuguaacaguggguugauuuuccuggugaaucccggccuuguccuccgucacaagugugacaagugucucgaaaacguguucgcuauacccacguuacagauugggguuucccc	
35768	35768	0	0	-	-	ugguuuaucuuaucugucgaggc	gucgacagggagauaaaucacu	-	cauugguuuaucuuaucugucgaggcaaguuauuuuaccggauaguguuucuuuucgugagcaaucaccacuauccagcucuucuugucgacagggagauaaaucacug	
32769	32769	0	0	-	-	ucagguacugagugacucucag	gagagcaccucgguaucuaagc	-	cauucgcaauuucaccgguucagguacugagugacucucagaugugcauuucucaagcaaucucguccucaggaccugagguugaaaaacccugagagcaccucgguaucuaagccaguguugcgaaaa	
8383	8383	0	0	-	-	caaccacuauccgcccugccgcc	uggcagugugguuagcugguug	-	caaggcaauacgcuauggcagugugguuagcugguuguguagaacuuuggggggcuuccguggcguucgcgcgcacacgggggcucagauucacaaccacuauccgcccugccgccgcgaggugccagg	
36	36	0	0	-	-	auugacucuaguagggagucc	-	ugccuacgacugguccaaauugacucuaguagggaguccuuguguacgagugacucccuaacggagucagauugaacccgguaggaugg	
33	33	0	0	-	-	uaguaagcauugauuuuguagc	-	augcuacagaaucgaggcuuacuaugauuuccaaucauaguaagcauugauuuuguagcau	
17	17	0	0	-	-	uaguacggaaaagauaugggga	-	uaugaacaaugaucgccauauuuuuaccgcuacugcauuucauuguaauaauuguaguacggaaaagauauggggauugggguucaua	




39	0	0	39	-	-	ucagaucuacuuaauacccau	-	acuccaauucuggguauuuuagauccuuggcauaguuacgugauugaaugcacuguucuucuuugguuuacccaguaucgaacacgcgucaaucugucagaucuacuuaauacccaua	




















































