miRDeep2 score	novel miRNAs reported by miRDeep2	novel miRNAs, estimated false positives	novel miRNAs, estimated true positives	known miRNAs in species	known miRNAs in data	known miRNAs detected by miRDeep2	estimated signal-to-noise	excision gearing
10	0	0 +/- 0	0 +/- 0 (0 +/- 0%)	164	61	3 (5%)	35.7	1
9	0	0 +/- 0	0 +/- 0 (0 +/- 0%)	164	61	3 (5%)	27.8	1
8	0	0 +/- 0	0 +/- 0 (0 +/- 0%)	164	61	4 (7%)	27.3	1
7	0	0 +/- 0	0 +/- 0 (0 +/- 0%)	164	61	6 (10%)	30.4	1
6	1	0 +/- 0	1 +/- 0 (76 +/- 43%)	164	61	8 (13%)	38.5	1
5	1	0 +/- 1	1 +/- 0 (64 +/- 48%)	164	61	12 (20%)	30.2	1
4	1	1 +/- 1	1 +/- 0 (60 +/- 49%)	164	61	16 (26%)	27.3	1
3	1	1 +/- 1	0 +/- 1 (47 +/- 50%)	164	61	19 (31%)	21.3	1
2	6	1 +/- 1	5 +/- 1 (82 +/- 17%)	164	61	24 (39%)	21.5	1
1	10	2 +/- 1	8 +/- 1 (79 +/- 14%)	164	61	29 (48%)	14.8	1
0	13	5 +/- 2	8 +/- 2 (61 +/- 16%)	164	61	39 (64%)	7.6	1
-1	21	10 +/- 3	11 +/- 3 (50 +/- 14%)	164	61	50 (82%)	5.1	1
-2	34	26 +/- 4	8 +/- 4 (23 +/- 11%)	164	61	50 (82%)	2.6	1
-3	78	44 +/- 5	34 +/- 5 (44 +/- 7%)	164	61	53 (87%)	2.6	1
-4	177	78 +/- 8	99 +/- 8 (56 +/- 4%)	164	61	54 (89%)	2.7	1
-5	280	199 +/- 11	81 +/- 11 (29 +/- 4%)	164	61	54 (89%)	1.6	1
-6	361	460 +/- 17	0 +/- 0 (0 +/- 0%)	164	61	54 (89%)	0.9	1
-7	402	731 +/- 19	0 +/- 0 (0 +/- 0%)	164	61	54 (89%)	0.6	1
-8	482	980 +/- 24	0 +/- 0 (0 +/- 0%)	164	61	54 (89%)	0.5	1
-9	676	1190 +/- 24	0 +/- 0 (0 +/- 0%)	164	61	54 (89%)	0.6	1
-10	885	1353 +/- 26	0 +/- 0 (0 +/- 0%)	164	61	54 (89%)	0.7	1



novel miRNAs predicted by miRDeep2
provisional id	miRDeep2 score	estimated probability that the miRNA candidate is a true positive	rfam alert	total read count	mature read count	loop read count	star read count	significant randfold p-value	miRBase miRNA	example miRBase miRNA with the same seed	UCSC browser	NCBI blastn	consensus mature sequence	consensus star sequence	consensus precursor sequence	precursor coordinate
3_23368	6.4	76 +/- 43%	-	10	9	0	1	yes	-	-	-	-	acgucgcgacccauuggaagc	uccaaugggucgcgacguucu	uccaaugggucgcgacguucuuugagucguuugagaacgucgcgacccauuggaagc	3:320547865..320547922:-
3_20501	2.8	82 +/- 17%	-	28	28	0	0	yes	-	-	-	-	cuagaggcagcaacagccgcu	cggcuguuucugccucuaggc	cuagaggcagcaacagccgcucaaaauuuccuugcgcggcuguuucugccucuaggc	3:133362431..133362488:-
2_11133	2.5	82 +/- 17%	-	28	28	0	0	yes	-	-	-	-	cuagaggcagcaacagccgcu	cggcuguugcugccucaaggc	cuagaggcagcaacagccgcucaaaauuucuuugcgcggcuguugcugccucaaggc	2:331130271..331130328:-
3_19307	2	82 +/- 17%	-	28	28	0	0	yes	-	-	-	-	cuagaggcagcaacagccgcu	cggcuguugcugccucaagcc	cuagaggcagcaacagccgcucaaaauuuccuugcgcggcuguugcugccucaagcc	3:50948139..50948196:-
3_14176	2	82 +/- 17%	-	30	30	0	0	yes	-	-	-	-	cuagaggcagcaacagccgcu	uggcuguugcugccucaaggc	cuagaggcagcaacagccgcucaaauuuccuugcguggcuguugcugccucaaggc	3:87522478..87522534:+
3_22971	2	82 +/- 17%	-	28	28	0	0	yes	-	-	-	-	cuagaggcagcaacagccgcu	cggcugcugcugccucaaggc	cuagaggcagcaacagccgcucaaaauuuccuuacgcggcugcugcugccucaaggc	3:297209210..297209267:-
1_34053	1.9	79 +/- 14%	-	11	10	0	1	yes	-	-	-	-	uggcguauuaacuucgaugga	gaaguuaauacgccaaucgcc	gaaguuaauacgccaaucgccuauuaucuucgauuugacuauaguaaaaucgaggauaauacgcaauuggcguauuaacuucgaugga	1:261311612..261311700:-
2_9649	1.7	79 +/- 14%	-	11	11	0	0	yes	-	-	-	-	cauuuuggaauccaagauggc	cauuuuggauuccagaauggg	cauuuuggaauccaagauggcgacuuccuggguuuuaaucgauuuccccguuccagaaccaaaccggaagucaccauuuuggauuccagaauggg	2:237443870..237443965:-
1_26053	1.5	79 +/- 14%	-	23	12	10	1	yes	-	-	-	-	uuggauuggauuuggauugga	auuuggauuggauuuggauug	uuggauuggauuuggauuggauuuggauuggauuuggauuggauuuggauuggauuuggauugauuuggauuggauuuggauugaauuuggauuggauuuggauug	1:119836903..119837009:+
1_26054	1.1	79 +/- 14%	-	16	15	1	0	yes	-	-	-	-	uuggauuggauuuggauugga	ggauuuggauugauuuggau	ggauuuggauugauuuggauuggauuuggauugaauuuggauuggauuuggauugaauuuggauuggauuuggauuggaauuuggauuggauuuggauugga	1:119836954..119837056:+
2_4530	0.7	61 +/- 16%	-	22	16	6	0	yes	-	-	-	-	uucuacgacuggcgugaggug	acucgaaugaagugacucgcugugua	uucuacgacuggcgugaggugacaauugucggugucguauagcgaggugacaauugucgacucgaaugaagugacucgcugugua	2:322742736..322742821:+
NIGP01002089_34749	0.4	61 +/- 16%	-	1	1	0	0	yes	-	dme-miR-2489-5p	-	-	aaaguuagcuggauccagac	cugaucccagcuaacuugcu	cugaucccagcuaacuugcugcacagcaaaguuagcuggauccagac	NIGP01002089:508044..508091:+
2_4521	0.2	61 +/- 16%	-	1	1	0	0	yes	-	dme-miR-33-3p	-	-	aaauacaaucgaaacguuggg	caacguuucgauuguauuuuc	caacguuucgauuguauuuucaaucuucuaaaccuugaaaaagauuuaaaauacaaucgaaacguuggg	2:321064762..321064831:+



mature miRBase miRNAs detected by miRDeep2
tag id	miRDeep2 score	estimated probability that the miRNA is a true positive	rfam alert	total read count	mature read count	loop read count	star read count	significant randfold p-value	mature miRBase miRNA	example miRBase miRNA with the same seed	UCSC browser	NCBI blastn	consensus mature sequence	consensus star sequence	consensus precursor sequence	precursor coordinate
2_7054	1021	0 +/- 0%	-	2000	1989	0	11	yes	aae-miR-11894a	-	-	-	uuuaccauuucaagaugaccua	ggucgucuugaaaugguaaaga	ggucgucuugaaaugguaaagagugucaaucaucaucuuuaccauuucaagaugaccua	2:58785158..58785217:-
2_7056	1020.9	0 +/- 0%	-	2000	1989	0	11	yes	aae-miR-11894a	-	-	-	uuuaccauuucaagaugaccua	ggucgucuugaaaugguaaaga	ggucgucuugaaaugguaaagagugucaaucaucaucuuuaccauuucaagaugaccua	2:58785850..58785909:-
2_7060	1020.8	0 +/- 0%	-	2000	1989	0	11	yes	aae-miR-11894a	-	-	-	uuuaccauuucaagaugaccua	ggucgucuugaaaugguaaaga	ggucgucuugaaaugguaaagagugucaaucaucaucuuuaccauuucaagaugaccua	2:58787948..58788007:-
2_7058	1020.8	0 +/- 0%	-	2000	1989	0	11	yes	aae-miR-11894a	-	-	-	uuuaccauuucaagaugaccua	ggucgucuugaaaugguaaaga	ggucgucuugaaaugguaaagagugucaaucaucaucuuuaccauuucaagaugaccua	2:58787426..58787485:-
3_24440	14.9	0 +/- 0%	-	21	12	0	9	yes	aae-miR-308-5p	dme-miR-2a-3p	-	-	aaucacaggaguauacugugag	cgcgguauauucuuguggcuug	cgcgguauauucuuguggcuugaugcauuugaaaaaucucaaaucacaggaguauacugugag	3:403338483..403338546:-
2_4727	8.4	0 +/- 0%	-	9	7	0	2	yes	aae-miR-14	dme-miR-14-3p	-	-	ucagucuuuuucucucuccuau	gggagcgagauuaaggcuugcu	gggagcgagauuaaggcuugcuggucauuuauuacacucgaagucagucuuuuucucucuccuau	2:344767572..344767637:+
3_19620	7.6	0 +/- 0%	-	6	5	0	1	yes	aae-miR-11-5p	dme-miR-2a-3p	-	-	caucacagucugaguucuugcu	cgagaacuccggcugugaccugu	cgagaacuccggcugugaccuguguacacuuuauccaaaucacaucacagucugaguucuugcu	3:75489864..75489928:-
3_19618	6.6	76 +/- 43%	-	4	3	0	1	yes	aae-miR-998	dme-miR-285-3p	-	-	uagcaccaugagauucagcuc	acugaacucucgugggucugca	acugaacucucgugggucugcaguugauauuucgaaagcuuguagcaccaugagauucagcuc	3:75489589..75489652:-
2_6969	6.1	76 +/- 43%	-	4	3	0	1	yes	aae-miR-190	dme-miR-190-5p	-	-	agauauguuugauauucuugguug	cccaggaaucaaacauauuauua	agauauguuugauauucuugguuguuaaauuuuauauuaucacccaggaaucaaacauauuauua	2:48811877..48811942:-
2_7766	5.2	64 +/- 48%	-	22	22	0	0	yes	aae-miR-2a-5p	dme-miR-2a-3p	-	-	uaucacagccagcuuugaag	ucaaagugguugugaaaug	ucaaagugguugugaaaugaguuacucuugaacgaucucauaucacagccagcuuugaag	2:107237505..107237565:-
1_34637	5.1	64 +/- 48%	-	123	123	0	0	yes	aae-miR-283	dme-miR-283-5p	-	-	caauaucagcugguaauucuggg	cggaauuccaacugauauccac	caauaucagcugguaauucugggcuuaccccaccguuauacgcuucccggaauuccaacugauauccac	1:305625600..305625669:-
2_12218	5	64 +/- 48%	-	61	61	0	0	yes	aae-miR-184	dme-miR-184-3p	-	-	uggacggagaacugauaagggc	ccuuaucauucuugcgccccgu	ccuuaucauucuugcgccccguguuauauuguuggcgacuggacggagaacugauaagggc	2:417599380..417599441:-
1_34631	4.6	60 +/- 49%	-	31	31	0	0	yes	aae-miR-12-5p	dme-miR-12-5p	-	-	ugaguauuacaucagguacuggu	caguacuuauguuaugcucucu	ugaguauuacaucagguacuggugucgauauucgaaucaccaacgaaucggguuccuuugauuaacuuaccaguacuuauguuaugcucucu	1:305613548..305613640:-
1_31773	4.3	60 +/- 49%	-	70	70	0	0	yes	aae-miR-252-5p	dme-miR-252-5p	-	-	cuaaguacuagugccgcagga	cugcugcccaagugcuuaucg	cuaaguacuagugccgcaggagagauuugaaccccugcugcccaagugcuuaucg	1:175818157..175818212:-
2_7774	3.5	47 +/- 50%	-	5	3	0	2	yes	aae-miR-71-5p	-	-	-	ucucacuaccuugucuuucaug	agaaagacauggguagugagau	agaaagacauggguagugagauaguuucacccuauugcacugggaucucacuaccuugucuuucaug	2:107238287..107238354:-
1_30025	3.4	47 +/- 50%	-	8	8	0	0	yes	aae-miR-33	dme-miR-33-5p	-	-	gugcauuguaguugcauugca	caauacuucugcaaugcaagc	gugcauuguaguugcauugcacuuuugcguucgauaacacggugcaauacuucugcaaugcaagc	1:50888881..50888946:-
1_27902	2.8	82 +/- 17%	-	4	1	0	3	yes	aae-miR-996	-	-	-	gcgugcaugaaucuggugcacg	ugacuagauuacaugcucgucua	gcgugcaugaaucuggugcacgguuuuccaguuguaauaucgcuucgugacuagauuacaugcucgucua	1:207012536..207012606:+
2_7768	2.6	82 +/- 17%	-	7	7	0	0	yes	aae-miR-13-5p	dme-miR-2a-3p	-	-	uaucacagccauuuugacgaguu	aucguaaaaaugguugugcugug	aucguaaaaaugguugugcuguguuguuacgcucgaaauucauaucacagccauuuugacgaguu	2:107237649..107237714:-
1_34584	2.2	82 +/- 17%	-	6	6	0	0	yes	aae-miR-277-5p	dme-miR-277-3p	-	-	uaaaugcacuaucugguacgaca	gcgugucagaagugcauuuaca	gcgugucagaagugcauuuacauagguauuucccguuuagcaguauuuguaaaugcacuaucugguacgaca	1:302603812..302603884:-
2_7050	2	82 +/- 17%	-	1989	1989	0	0	yes	aae-miR-11894a	-	-	-	uuuaccauuucaagaugaccua	gguugucuugaaaugguaaaga	gguugucuugaaaugguaaagagugucaaccaucaucuuuaccauuucaagaugaccua	2:58783350..58783409:-
2_7052	1.9	79 +/- 14%	-	243	243	0	0	yes	aae-miR-11894b	-	-	-	uuuaccauuucaauaugaccua	ggucguauugaaaugguaaaga	ggucguauugaaaugguaaagagugucaaucaucaucuuuaccauuucaauaugaccua	2:58784590..58784649:-
2_11056	1.7	79 +/- 14%	-	3258	3258	0	0	yes	aae-miR-11895	-	-	-	uucaugcauucacuucugcuga	agcaggagugaaugcaugaguu	agcaggagugaaugcaugaguuugacaucugaaacuaauucaugcauucacuucugcuga	2:324949494..324949554:-
3_19824	1.7	79 +/- 14%	-	5	5	0	0	yes	aae-miR-92b-3p	dme-miR-92a-3p	-	-	aauugcacuugucccggccugc	aggucgugacuugugcccauuug	aggucgugacuugugcccauuugcugaauuuuaauggucaaauugcacuugucccggccugc	3:93418515..93418577:-
2_7772	1.5	79 +/- 14%	-	18	18	0	0	yes	aae-miR-2c	-	-	-	ucacagccagcuuugaugagca	ggcaucaaauuugguuguuuua	ggcaucaaauuugguuguuuuaguacgaccucuuugaaaccccuaucacagccagcuuugaugagca	2:107237995..107238062:-
1_34586	1	79 +/- 14%	-	11	11	0	0	no	aae-miR-317	dme-miR-317-3p	-	-	ugaacacagcuggugguaucuca	ggauacacccugugcucgcu	ggauacacccugugcucgcuuugcauucgaaacuagugaacacagcuggugguaucuca	1:302667131..302667190:-
2_4329	0.8	61 +/- 16%	-	3	3	0	0	yes	aae-miR-275-5p	dme-miR-275-3p	-	-	ucagguaccugaaguagcgcgcg	cgcgcuaagcaggaaccgagacu	cgcgcuaagcaggaaccgagacuuugucauuugcuagcagucagguaccugaaguagcgcgcg	2:307135668..307135731:+
2_1325	0.4	61 +/- 16%	-	2	2	0	0	yes	aae-miR-988-5p	dme-miR-988-3p	-	-	ccccuuguugcaaaccucacgc	gugugcuuugugacaaugag	gugugcuuugugacaaugagauucgguucgauaucauccccuuguugcaaaccucacgc	2:93351380..93351439:+
2_7625	0.2	61 +/- 16%	-	2	2	0	0	yes	aae-miR-282-5p	dme-miR-282-5p	-	-	uagccucuccuaggcuuugucu	acauagccugacagagguuagg	uagccucuccuaggcuuugucuguuaccuuccuugggaauuccacuagccagacauagccugacagagguuagg	2:96911966..96912040:-
2_7342	0.1	61 +/- 16%	-	2	2	0	0	yes	aae-miR-276-3p	dme-miR-276a-3p	-	-	uaggaacuucauaccgugcucu	agcgagguauagaguuccuaug	agcgagguauagaguuccuaugcguucggauaaaauauuccauaggaacuucauaccgugcucu	2:73509399..73509463:-
2_7280	0.1	61 +/- 16%	-	2	2	0	0	yes	aae-miR-276-5p	dme-miR-276a-3p	-	-	uaggaacuucauaccgugcucu	agcgagguauagaguuccuacg	agcgagguauagaguuccuacguugcgugugcgaaauugguaggaacuucauaccgugcucu	2:73120452..73120514:-
3_22250	0	61 +/- 16%	-	1	1	0	0	yes	aae-miR-278-5p	dme-miR-278-3p	-	-	ucggugggacuuucguccguuu	acggacgauagucuucagcggcc	acggacgauagucuucagcggccgugcauuugauagaaguggucggugggacuuucguccguuu	3:243123888..243123952:-
2_5017	-0.3	50 +/- 14%	-	1	1	0	0	yes	aae-miR-2945-5p	dme-miR-279-3p	-	-	ugacuagaggcagacucguuua	agcggguccguuucuagugucaug	agcggguccguuucuagugucaugugcuguauucgaauaucaugacuagaggcagacucguuua	2:374947142..374947206:+
3_15453	-0.4	50 +/- 14%	-	4	4	0	0	yes	aae-bantam-5p	dme-bantam-3p	-	-	ugagaucauuuugaaagcugauu	ccgguuuucauuuucgaucugacu	ccgguuuucauuuucgaucugacuuauuugauuuaacaagagugagaucauuuugaaagcugauu	3:178082830..178082895:+
2_11203	-0.5	50 +/- 14%	-	1	1	0	0	yes	aae-miR-9c-5p	dme-miR-9a-5p	-	-	ucuuugguauucuagcuguaga	uaaagcuuuaguaccagagguc	ucuuugguauucuagcuguagaauguugagcuuugugauaugguaucuucuaaagcuuuaguaccagagguc	2:335810364..335810436:-
2_7620	-0.5	50 +/- 14%	-	1	1	0	0	yes	aae-miR-281-5p	dme-miR-281-3p	-	-	ugucauggaauugcucucuuua	aagagagcuauccgucgacagu	aagagagcuauccgucgacaguagggauaugauucacugucauggaauugcucucuuua	2:96469361..96469420:-
2_5647	-0.5	50 +/- 14%	-	1	1	0	0	yes	aae-miR-965	dme-miR-965-3p	-	-	uaagcguauagcuuuucccau	gggaaauccuguacgcuguaug	gggaaauccuguacgcuguauguuguauuugaauaauccauaagcguauagcuuuucccau	2:429778751..429778812:+
2_11199	-0.5	50 +/- 14%	-	1	1	0	0	yes	aae-miR-9b	dme-miR-9a-5p	-	-	ucuuuggugauuuuagcuguaug	uauagcuuuaucaccaaaaacc	ucuuuggugauuuuagcuguaugcugauacguuucugauugcauauagcuuuaucaccaaaaacc	2:335780574..335780639:-
1_24552	-1	50 +/- 14%	-	5	4	1	0	yes	aae-miR-11917	-	-	-	cgaacacccguuugagcuga	agcuuaaacggauguucggu	cgaacacccguuugagcugaaaacuuaaucgauuggucauuaccagcucaugaccaaucgauuuaguuuucagcuuaaacggauguucggu	1:2154390..2154481:+
2_4330	-1.2	23 +/- 11%	-	3	3	0	0	yes	aae-miR-275-3p	dme-miR-275-3p	-	-	ucagguaccugaaguagcgcgcg	ucaucaagcgacaacagaggcgugaaa	ucagguaccugaaguagcgcgcgugaucaaacaggaagcgucaucaagcgacaacagaggcgugaaa	2:307135708..307135775:+
2_4332	-2.7	44 +/- 7%	-	6	6	0	0	no	aae-miR-305-5p	dme-miR-305-5p	-	-	auuguacuucaucaggugcucugg	ccggcacauguuggaguacacuua	auuguacuucaucaggugcucugguuguuuucgauacccggcacauguuggaguacacuua	2:307145445..307145506:+
3_19951	-2.9	44 +/- 7%	-	3	3	0	0	yes	aae-miR-2765	-	-	-	ugguaacuccaccaccguugg	aaugggagcuggaguucccgcg	ugguaacuccaccaccguuggcgauauuugacagccaaugggagcuggaguucccgcg	3:101895454..101895512:-
2_1326	-3.8	56 +/- 4%	-	2	2	0	0	no	aae-miR-988-3p	dme-miR-988-3p	-	-	ccccuuguugcaaaccucacgc	ggcagguaggggcaaugggggc	ccccuuguugcaaaccucacgcuugcgguagguuccacaacugcugagagguggcagguaggggcaaugggggc	2:93351417..93351491:+
2_12166	-4	56 +/- 4%	-	1	1	0	0	yes	aae-miR-1890	-	-	-	ugaaaucuuugauuaggucu	agcuaauuggagaguucuug	agcuaauuggagaguucuugaauaguguugugaaccuucaugaaaucuuugauuaggucu	2:413654963..413655023:-

#miRBase miRNAs not detected by miRDeep2
miRBase precursor id	total read count	mature read count(s)	star read count	remaining reads	UCSC browser	NCBI blastn	miRBase mature sequence(s)	miRBase star sequence(s)	miRBase precursor sequence
28	28	0	0	-	-	uaucacagccagcuuugaugagcu	uaucacagccagcuuugaugagc	-	gggcguauucuagacucucaaaguggcugugaaaugguuuuauuuugcucauaucacagccagcuuugaugagcuggacugcgcacc	
11	11	0	0	-	-	ucagguacugagugacucucag	gagagcaccucgguaucuaagc	-	cauucgcaauuucaccgguucagguacugagugacucucagaugugcauuucucaagcaaucucguccucaggaccugagguugaaaaacccugagagcaccucgguaucuaagccaguguugcgaaaa	
18	18	0	0	-	-	ugguuuaucuuaucugucgaggc	gucgacagggagauaaaucacu	-	cauugguuuaucuuaucugucgaggcaaguuauuuuaccggauaguguuucuuuucgugagcaaucaccacuauccagcucuucuugucgacagggagauaaaucacug	
9	9	0	0	-	-	cacguuacagauugggguuucc	uaaucucaaauuguaacagugg	-	gagguaaucucaaauuguaacaguggguugauuuuccuggugaaucccggccuuguccuccgucacaagugugacaagugucucgaaaacguguucgcuauacccacguuacagauugggguuucccc	
5	5	0	0	-	-	caaccacuauccgcccugccgcc	uggcagugugguuagcugguug	-	caaggcaauacgcuauggcagugugguuagcugguuguguagaacuuuggggggcuuccguggcguucgcgcgcacacgggggcucagauucacaaccacuauccgcccugccgccgcgaggugccagg	
3	2	0	1	-	-	ugacuagauccacacucauuaa	-	acaucccaacgguugucgaugggugugaaucuaguguuucacaugauuuucgauagccugugacuagauccacacucauuaacaaaaguugccgg	
1	1	0	0	-	-	caucuuaccgggcagcauuaga	uaauacugucagguaaagauguc	-	gucuguucacaucuuaccgggcagcauuagauauuuuugaaauacuucuaauacugucagguaaagaugucguccgaac	
1	1	0	0	-	-	uuccugacuuauacgcuuaccu	-	augguaaguagauaaaucagaaagacguuuuuaucguuucuuccugacuuauacgcuuaccuc	
4	1	0	3	-	-	gugugugaaccguuggcggc	-	agcagugugugaaccguuggcggcgcaacgccugaugguauugaugcugcu	












1	0	0	1	-	-	cgagauacggagagauugcgaca	-	cagucgccucuucacaucucgauaucgaagggaccaucgagauacggagagauugcgacaa	
































1	0	0	1	-	-	ucacuuuuuagugacuugguc	-	caagucacuuuuuagugacuuggucacuuuuuucaaucuggucacuaaaaagucacuau	





































