miRDeep2 score	novel miRNAs reported by miRDeep2	novel miRNAs, estimated false positives	novel miRNAs, estimated true positives	known miRNAs in species	known miRNAs in data	known miRNAs detected by miRDeep2	estimated signal-to-noise	excision gearing
10	0	0 +/- 0	0 +/- 0 (0 +/- 0%)	164	15	0 (0%)	0	1
9	0	0 +/- 0	0 +/- 0 (0 +/- 0%)	164	15	0 (0%)	0	1
8	0	0 +/- 0	0 +/- 0 (0 +/- 0%)	164	15	0 (0%)	0	1
7	0	0 +/- 0	0 +/- 0 (0 +/- 0%)	164	15	0 (0%)	0	1
6	0	0 +/- 0	0 +/- 0 (0 +/- 0%)	164	15	0 (0%)	0	1
5	0	0 +/- 0	0 +/- 0 (0 +/- 0%)	164	15	1 (7%)	50	1
4	0	0 +/- 0	0 +/- 0 (0 +/- 0%)	164	15	2 (13%)	100	1
3	0	0 +/- 0	0 +/- 0 (0 +/- 0%)	164	15	2 (13%)	100	1
2	0	0 +/- 0	0 +/- 0 (0 +/- 0%)	164	15	4 (27%)	75	1
1	0	0 +/- 0	0 +/- 0 (0 +/- 0%)	164	15	4 (27%)	60	1
0	0	0 +/- 0	0 +/- 0 (0 +/- 0%)	164	15	6 (40%)	28.6	1
-1	0	0 +/- 0	0 +/- 0 (0 +/- 0%)	164	15	11 (73%)	10.1	1
-2	0	0 +/- 0	0 +/- 0 (0 +/- 0%)	164	15	13 (87%)	3	1
-3	1	4 +/- 2	0 +/- 0 (2 +/- 14%)	164	15	13 (87%)	2.3	1
-4	4	4 +/- 2	1 +/- 1 (15 +/- 24%)	164	15	13 (87%)	2.8	1
-5	7	5 +/- 2	2 +/- 2 (29 +/- 22%)	164	15	13 (87%)	2.8	1
-6	11	14 +/- 3	0 +/- 1 (1 +/- 5%)	164	15	13 (87%)	1.4	1
-7	13	24 +/- 4	0 +/- 0 (0 +/- 0%)	164	15	13 (87%)	0.9	1
-8	17	33 +/- 4	0 +/- 0 (0 +/- 0%)	164	15	13 (87%)	0.7	1
-9	23	40 +/- 4	0 +/- 0 (0 +/- 0%)	164	15	13 (87%)	0.8	1
-10	26	45 +/- 5	0 +/- 0 (0 +/- 0%)	164	15	13 (87%)	0.7	1



novel miRNAs predicted by miRDeep2
provisional id	miRDeep2 score	estimated probability that the miRNA candidate is a true positive	rfam alert	total read count	mature read count	loop read count	star read count	significant randfold p-value	miRBase miRNA	example miRBase miRNA with the same seed	UCSC browser	NCBI blastn	consensus mature sequence	consensus star sequence	consensus precursor sequence	precursor coordinate



mature miRBase miRNAs detected by miRDeep2
tag id	miRDeep2 score	estimated probability that the miRNA is a true positive	rfam alert	total read count	mature read count	loop read count	star read count	significant randfold p-value	mature miRBase miRNA	example miRBase miRNA with the same seed	UCSC browser	NCBI blastn	consensus mature sequence	consensus star sequence	consensus precursor sequence	precursor coordinate
2_446	5	0 +/- 0%	-	13	13	0	0	yes	aae-miR-184	dme-miR-184-3p	-	-	uggacggagaacugauaagggc	ccuuaucauucuugcgccccgu	ccuuaucauucuugcgccccguguuauauuguuggcgacuggacggagaacugauaagggc	2:417599380..417599441:-
1_1543	4.2	0 +/- 0%	-	10	10	0	0	yes	aae-miR-283	dme-miR-283-5p	-	-	caauaucagcugguaauucuggg	cggaauuccaacugauauccac	caauaucagcugguaauucugggcuuaccccaccguuauacgcuucccggaauuccaacugauauccac	1:305625600..305625669:-
3_930	2.1	0 +/- 0%	-	6	6	0	0	yes	aae-miR-308-3p	dme-miR-2a-3p	-	-	aaucacaggaguauacugugag	cgcgguauauucuuguggcuug	cgcgguauauucuuguggcuugaugcauuugaaaaaucucaaaucacaggaguauacugugag	3:403338483..403338546:-
2_278	0.3	0 +/- 0%	-	2	2	0	0	yes	aae-miR-2a-5p	dme-miR-2a-3p	-	-	uaucacagccagcuuugaagag	cucaaagugguugugaaaug	cucaaagugguugugaaaugaguuacucuugaacgaucucauaucacagccagcuuugaagag	2:107237503..107237566:-
2_436	-0.2	0 +/- 0%	-	2	2	0	0	yes	aae-miR-1	dme-miR-1-3p	-	-	uggaauguaaagaaguauggag	ccaugcuuccuugcauucaaua	ccaugcuuccuugcauucaauagugauucugaaagcauauggaauguaaagaaguauggag	2:399501023..399501084:-
1_1536	-0.2	0 +/- 0%	-	1	1	0	0	yes	aae-miR-277-5p	dme-miR-277-3p	-	-	uaaaugcacuaucugguacgaca	gcgugucagaagugcauuuaca	gcgugucagaagugcauuuacauagguauuucccguuuagcaguauuuguaaaugcacuaucugguacgaca	1:302603812..302603884:-
1_1539	-0.8	0 +/- 0%	-	1	1	0	0	yes	aae-miR-12-5p	dme-miR-12-5p	-	-	ugaguauuacaucagguacuggu	caguacuuauguuaugcucucu	ugaguauuacaucagguacuggugucgauauucgaaucaccaacgaaucggguuccuuugauuaacuuaccaguacuuauguuaugcucucu	1:305613548..305613640:-
2_134	-1.4	0 +/- 0%	-	1	1	0	0	yes	aae-miR-305-5p	dme-miR-305-5p	-	-	auuguacuucaucaggugcucugg	ccggcacauguuggaguacacuua	auuguacuucaucaggugcucugguuguuuucgauacccggcacauguuggaguacacuua	2:307145445..307145506:+

#miRBase miRNAs not detected by miRDeep2
miRBase precursor id	total read count	mature read count(s)	star read count	remaining reads	UCSC browser	NCBI blastn	miRBase mature sequence(s)	miRBase star sequence(s)	miRBase precursor sequence
2	2	0	0	-	-	ugguuuaucuuaucugucgaggc	gucgacagggagauaaaucacu	-	cauugguuuaucuuaucugucgaggcaaguuauuuuaccggauaguguuucuuuucgugagcaaucaccacuauccagcucuucuugucgacagggagauaaaucacug	
1	1	0	0	-	-	agcggguccguuucuagugucaug	ugacuagaggcagacucguuua	-	ucugaucugagcggguccguuucuagugucaugugcuguauucgaauaucaugacuagaggcagacucguuuaggucuggga	
1	1	0	0	-	-	aagagagcuauccgucgac	ugucauggaauugcucucuuua	-	ugguuucgaauaugaaaauaaagagagcuauccgucgacaguagggauaugauucacugucauggaauugcucucuuuauguacaauucgauauuca	
1	1	0	0	-	-	cacguuacagauugggguuucc	uaaucucaaauuguaacagugg	-	gagguaaucucaaauuguaacaguggguugauuuuccuggugaaucccggccuuguccuccgucacaagugugacaagugucucgaaaacguguucgcuauacccacguuacagauugggguuucccc	














































































































1	0	0	1	-	-	ugacuagaccgaacacucgcguccu	-	aucguuauuuggggcgauugucggacuagucgcugcguacaaaacggaacuauuucaacuagugacuagaccgaacacucgcguccuaaagcacgau	






