term_ID,description,frequency,plot_X,plot_Y,plot_size,uniqueness,dispensability,representative,eliminated
GO:0000003,"reproduction",0.769%, 0.872,-2.400,4.994,1.000,0.000,3,0
GO:0006091,"generation of precursor metabolites and energy",1.940%,-0.881,-2.098,5.396,0.936,0.000,6091,0
GO:0006839,"mitochondrial transport",0.182%, 6.339,-1.977,4.369,0.974,0.000,6839,0
GO:0006885,"regulation of pH",0.066%, 6.005, 4.375,3.931,0.915,0.000,6885,0
GO:0010669,"epithelial structure maintenance",0.006%,null,null,2.918,0.631,0.840,6885,1
GO:0001894,"tissue homeostasis",0.044%,null,null,3.750,0.592,0.535,6885,1
GO:0030004,"cellular monovalent inorganic cation homeostasis",0.042%,null,null,3.729,0.785,0.937,6885,1
GO:0008150,"biological_process",100.000%, 3.962,-3.474,7.108,1.000,0.000,8150,0
GO:0009629,"response to gravity",0.006%, 6.830,-0.342,2.909,0.950,0.000,9629,0
GO:0010631,"epithelial cell migration",0.058%,null,null,3.874,0.560,0.800,9629,1
GO:0009612,"response to mechanical stimulus",0.035%,null,null,3.647,0.934,0.627,9629,1
GO:0009414,"response to water deprivation",0.022%,null,null,3.453,0.938,0.568,9629,1
GO:0006935,"chemotaxis",0.475%,null,null,4.785,0.895,0.635,9629,1
GO:0016477,"cell migration",0.293%,null,null,4.575,0.770,0.816,9629,1
GO:0001667,"ameboidal-type cell migration",0.084%,null,null,4.031,0.786,0.734,9629,1
GO:0009987,"cellular process",63.780%, 3.672,-1.945,6.913,0.996,0.000,9987,0
GO:0022414,"reproductive process",0.736%, 1.162,-0.153,4.975,0.862,0.000,22414,0
GO:0003006,"developmental process involved in reproduction",0.296%,null,null,4.580,0.598,0.900,22414,1
GO:0016325,"oocyte microtubule cytoskeleton organization",0.002%,null,null,2.334,0.510,0.840,22414,1
GO:0007286,"spermatid development",0.034%,null,null,3.643,0.483,0.930,22414,1
GO:0007291,"sperm individualization",0.003%,null,null,2.588,0.524,0.631,22414,1
GO:0007292,"female gamete generation",0.060%,null,null,3.890,0.577,0.784,22414,1
GO:0007289,"spermatid nucleus differentiation",0.005%,null,null,2.810,0.501,0.785,22414,1
GO:0007308,"oocyte construction",0.007%,null,null,2.976,0.517,0.834,22414,1
GO:0007309,"oocyte axis specification",0.007%,null,null,2.963,0.481,0.926,22414,1
GO:0007314,"oocyte anterior/posterior axis specification",0.005%,null,null,2.800,0.480,0.978,22414,1
GO:0019953,"sexual reproduction",0.275%,null,null,4.548,0.834,0.894,22414,1
GO:0007281,"germ cell development",0.093%,null,null,4.079,0.458,0.926,22414,1
GO:0007283,"spermatogenesis",0.091%,null,null,4.068,0.566,0.924,22414,1
GO:0007276,"gamete generation",0.159%,null,null,4.309,0.556,0.921,22414,1
GO:0009994,"oocyte differentiation",0.020%,null,null,3.412,0.496,0.808,22414,1
GO:0008103,"oocyte microtubule cytoskeleton polarization",0.001%,null,null,2.127,0.489,0.907,22414,1
GO:0022412,"cellular process involved in reproduction in multicellular organism",0.107%,null,null,4.136,0.536,0.928,22414,1
GO:0023052,"signaling",6.765%, 4.650,-5.707,5.939,0.991,0.000,23052,0
GO:0008356,"asymmetric cell division",0.012%,-4.503,-1.620,3.175,0.837,0.025,8356,0
GO:0000281,"mitotic cytokinesis",0.070%,null,null,3.953,0.799,0.692,8356,1
GO:0000278,"mitotic cell cycle",0.561%,null,null,4.857,0.782,0.712,8356,1
GO:0008064,"regulation of actin polymerization or depolymerization",0.130%,null,null,4.221,0.701,0.901,8356,1
GO:0000910,"cytokinesis",0.315%,null,null,4.606,0.784,0.586,8356,1
GO:0000912,"assembly of actomyosin apparatus involved in cytokinesis",0.015%,null,null,3.288,0.771,0.887,8356,1
GO:0000915,"actomyosin contractile ring assembly",0.015%,null,null,3.285,0.754,0.886,8356,1
GO:0007051,"spindle organization",0.083%,null,null,4.029,0.742,0.701,8356,1
GO:0007015,"actin filament organization",0.240%,null,null,4.488,0.744,0.949,8356,1
GO:0022402,"cell cycle process",1.053%,null,null,5.131,0.772,0.800,8356,1
GO:0030036,"actin cytoskeleton organization",0.381%,null,null,4.690,0.735,0.760,8356,1
GO:0009058,"biosynthetic process",31.611%, 6.029,-4.076,6.608,0.980,0.027,9058,0
GO:0016032,"viral process",0.131%, 0.235,-4.735,4.226,0.848,0.031,16032,0
GO:0019080,"viral gene expression",0.015%,null,null,3.297,0.847,0.933,16032,1
GO:0019083,"viral transcription",0.012%,null,null,3.203,0.815,0.816,16032,1
GO:0007010,"cytoskeleton organization",0.786%,-3.711,-2.114,5.004,0.860,0.037,7010,0
GO:0016043,"cellular component organization",7.239%,null,null,5.968,0.849,0.755,7010,1
GO:0022607,"cellular component assembly",2.484%,null,null,5.503,0.851,0.570,7010,1
GO:0006996,"organelle organization",3.595%,null,null,5.664,0.851,0.694,7010,1
GO:0007154,"cell communication",7.219%,-1.570,-4.002,5.967,0.945,0.050,7154,0
GO:0021700,"developmental maturation",0.074%,-0.971,-7.000,3.977,0.640,0.050,21700,0
GO:0007389,"pattern specification process",0.147%,null,null,4.274,0.554,0.617,21700,1
GO:0003002,"regionalization",0.117%,null,null,4.177,0.536,0.593,21700,1
GO:0007399,"nervous system development",0.582%,null,null,4.873,0.509,0.779,21700,1
GO:0007409,"axonogenesis",0.118%,null,null,4.179,0.447,0.838,21700,1
GO:0007411,"axon guidance",0.066%,null,null,3.930,0.431,0.945,21700,1
GO:0007351,"tripartite regional subdivision",0.009%,null,null,3.055,0.581,0.957,21700,1
GO:0007350,"blastoderm segmentation",0.013%,null,null,3.229,0.574,0.831,21700,1
GO:0016334,"establishment or maintenance of polarity of follicular epithelium",0.002%,null,null,2.312,0.619,0.720,21700,1
GO:0016331,"morphogenesis of embryonic epithelium",0.040%,null,null,3.707,0.537,0.882,21700,1
GO:0002521,"leukocyte differentiation",0.095%,null,null,4.085,0.497,0.718,21700,1
GO:0007297,"ovarian follicle cell migration",0.008%,null,null,3.005,0.463,0.907,21700,1
GO:0007298,"border follicle cell migration",0.007%,null,null,2.971,0.465,0.877,21700,1
GO:0002009,"morphogenesis of an epithelium",0.153%,null,null,4.294,0.568,0.607,21700,1
GO:0007275,"multicellular organism development",1.559%,null,null,5.301,0.492,0.859,21700,1
GO:0000902,"cell morphogenesis",0.948%,null,null,5.085,0.462,0.811,21700,1
GO:0000904,"cell morphogenesis involved in differentiation",0.188%,null,null,4.382,0.487,0.835,21700,1
GO:0022008,"neurogenesis",0.423%,null,null,4.735,0.455,0.813,21700,1
GO:0009653,"anatomical structure morphogenesis",1.542%,null,null,5.296,0.605,0.754,21700,1
GO:0008595,"anterior/posterior axis specification, embryo",0.009%,null,null,3.055,0.578,0.906,21700,1
GO:0008587,"imaginal disc-derived wing margin morphogenesis",0.002%,null,null,2.496,0.585,0.893,21700,1
GO:0008586,"imaginal disc-derived wing vein morphogenesis",0.002%,null,null,2.477,0.586,0.736,21700,1
GO:0007560,"imaginal disc morphogenesis",0.024%,null,null,3.493,0.537,0.988,21700,1
GO:0009790,"embryo development",0.311%,null,null,4.600,0.534,0.672,21700,1
GO:0009791,"post-embryonic development",0.163%,null,null,4.320,0.552,0.633,21700,1
GO:0000578,"embryonic axis specification",0.014%,null,null,3.252,0.571,0.929,21700,1
GO:0007491,"sternite morphogenesis",0.023%,null,null,3.473,0.535,0.982,21700,1
GO:0002064,"epithelial cell development",0.065%,null,null,3.923,0.521,0.873,21700,1
GO:0007478,"leg disc morphogenesis",0.004%,null,null,2.740,0.574,0.803,21700,1
GO:0009888,"tissue development",0.491%,null,null,4.799,0.634,0.554,21700,1
GO:0009887,"animal organ morphogenesis",0.264%,null,null,4.530,0.522,0.778,21700,1
GO:0002066,"columnar/cuboidal epithelial cell development",0.031%,null,null,3.604,0.537,0.832,21700,1
GO:0002065,"columnar/cuboidal epithelial cell differentiation",0.044%,null,null,3.756,0.543,0.816,21700,1
GO:0007519,"skeletal muscle tissue development",0.038%,null,null,3.688,0.558,0.737,21700,1
GO:0002573,"myeloid leukocyte differentiation",0.038%,null,null,3.693,0.521,0.860,21700,1
GO:0007444,"imaginal disc development",0.034%,null,null,3.644,0.549,0.802,21700,1
GO:0007423,"sensory organ development",0.159%,null,null,4.309,0.539,0.637,21700,1
GO:0009953,"dorsal/ventral pattern formation",0.034%,null,null,3.641,0.564,0.885,21700,1
GO:0007476,"imaginal disc-derived wing morphogenesis",0.018%,null,null,3.368,0.543,0.891,21700,1
GO:0007472,"wing disc morphogenesis",0.019%,null,null,3.379,0.543,0.968,21700,1
GO:0008358,"maternal determination of anterior/posterior axis, embryo",0.005%,null,null,2.804,0.589,0.970,21700,1
GO:0001654,"eye development",0.105%,null,null,4.131,0.550,0.724,21700,1
GO:0007450,"dorsal/ventral pattern formation, imaginal disc",0.003%,null,null,2.577,0.570,0.784,21700,1
GO:0007447,"imaginal disc pattern formation",0.005%,null,null,2.812,0.559,0.783,21700,1
GO:0002181,"cytoplasmic translation",0.064%,-0.793, 4.523,3.915,0.888,0.053,2181,0
GO:0008037,"cell recognition",0.067%,-6.884,-1.679,3.931,0.836,0.114,8037,0
GO:0009438,"methylglyoxal metabolic process",0.033%,-5.264, 4.540,3.626,0.808,0.122,9438,0
GO:0019243,"methylglyoxal catabolic process to D-lactate via S-lactoyl-glutathione",0.021%,null,null,3.421,0.794,0.659,9438,1
GO:0019538,"protein metabolic process",18.489%, 1.209, 5.305,6.375,0.941,0.124,19538,0
GO:0007163,"establishment or maintenance of cell polarity",0.099%,-6.503,-0.819,4.102,0.832,0.131,7163,0
GO:0030029,"actin filament-based process",0.398%,-5.834,-0.410,4.708,0.814,0.150,30029,0
GO:0009894,"regulation of catabolic process",0.146%, 4.185, 5.592,4.272,0.905,0.182,9894,0
GO:0006928,"movement of cell or subcellular component",0.973%,-6.043, 0.925,5.097,0.801,0.184,6928,0
GO:0012501,"programmed cell death",0.430%,-6.932, 0.540,4.742,0.794,0.185,12501,0
GO:0010623,"programmed cell death involved in cell development",0.011%,null,null,3.168,0.581,0.738,12501,1
GO:0010942,"positive regulation of cell death",0.114%,null,null,4.165,0.761,0.877,12501,1
GO:0010941,"regulation of cell death",0.344%,null,null,4.645,0.751,0.964,12501,1
GO:0001580,"detection of chemical stimulus involved in sensory perception of bitter taste",0.004%, 2.323,-6.243,2.720,0.705,0.187,1580,0
GO:0007611,"learning or memory",0.047%,null,null,3.778,0.635,0.593,1580,1
GO:0007613,"memory",0.022%,null,null,3.441,0.650,0.936,1580,1
GO:0006089,"lactate metabolic process",0.042%,-5.124, 5.197,3.728,0.796,0.203,6089,0
GO:0019752,"carboxylic acid metabolic process",8.831%,null,null,6.054,0.698,0.606,6089,1
GO:0006090,"pyruvate metabolic process",0.817%,null,null,5.021,0.749,0.572,6089,1
GO:0006082,"organic acid metabolic process",9.086%,null,null,6.067,0.704,0.664,6089,1
GO:0007049,"cell cycle",1.885%,-6.254, 1.595,5.384,0.789,0.217,7049,0
GO:0015980,"energy derivation by oxidation of organic compounds",1.175%,-6.500, 2.026,5.178,0.778,0.222,15980,0
GO:0006122,"mitochondrial electron transport, ubiquinol to cytochrome c",0.035%,null,null,3.652,0.720,0.623,15980,1
GO:0006119,"oxidative phosphorylation",0.250%,null,null,4.507,0.680,0.741,15980,1
GO:0022904,"respiratory electron transport chain",0.367%,null,null,4.673,0.795,0.769,15980,1
GO:0015991,"ATP hydrolysis coupled proton transport",0.163%, 7.235,-2.617,4.321,0.885,0.225,15991,0
GO:0015988,"energy coupled proton transmembrane transport, against electrochemical gradient",0.170%,null,null,4.339,0.885,0.710,15991,1
GO:0023051,"regulation of signaling",0.934%, 5.375, 4.928,5.079,0.898,0.236,23051,0
GO:0007165,"signal transduction",6.621%,null,null,5.929,0.742,0.680,23051,1
GO:0006470,"protein dephosphorylation",0.585%,-0.273, 3.830,4.875,0.847,0.267,6470,0
GO:0006464,"cellular protein modification process",7.726%,null,null,5.996,0.887,0.614,6470,1
GO:0010646,"regulation of cell communication",0.929%, 5.318, 4.727,5.076,0.869,0.283,10646,0
GO:0023041,"neuronal signal transduction",0.001%, 6.806, 1.994,2.004,0.859,0.306,23041,0
GO:0007028,"cytoplasm organization",0.006%,-3.715, 1.711,2.900,0.814,0.335,7028,0
GO:0010604,"positive regulation of macromolecule metabolic process",0.988%, 4.476, 4.852,5.103,0.874,0.336,10604,0
GO:0009893,"positive regulation of metabolic process",1.048%,null,null,5.129,0.893,0.867,10604,1
GO:0009059,"macromolecule biosynthetic process",19.548%, 0.749, 6.106,6.399,0.925,0.339,9059,0
GO:0019933,"cAMP-mediated signaling",0.011%, 6.185, 2.533,3.169,0.838,0.365,19933,0
GO:0000462,"maturation of SSU-rRNA from tricistronic rRNA transcript (SSU-rRNA, 5.8S rRNA, LSU-rRNA)",0.066%,-2.534, 3.299,3.928,0.840,0.369,462,0
GO:0009141,"nucleoside triphosphate metabolic process",1.605%,-4.878, 3.482,5.314,0.675,0.381,9141,0
GO:0016310,"phosphorylation",7.764%,null,null,5.998,0.834,0.528,9141,1
GO:0009124,"nucleoside monophosphate biosynthetic process",1.486%,null,null,5.280,0.658,0.769,9141,1
GO:0009123,"nucleoside monophosphate metabolic process",2.367%,null,null,5.482,0.664,0.771,9141,1
GO:0009126,"purine nucleoside monophosphate metabolic process",1.916%,null,null,5.391,0.659,0.924,9141,1
GO:0009127,"purine nucleoside monophosphate biosynthetic process",1.044%,null,null,5.127,0.665,0.909,9141,1
GO:0009145,"purine nucleoside triphosphate biosynthetic process",0.485%,null,null,4.794,0.678,0.929,9141,1
GO:0009144,"purine nucleoside triphosphate metabolic process",1.401%,null,null,5.255,0.663,0.950,9141,1
GO:0009142,"nucleoside triphosphate biosynthetic process",0.651%,null,null,4.922,0.675,0.662,9141,1
GO:0009156,"ribonucleoside monophosphate biosynthetic process",1.394%,null,null,5.253,0.657,0.939,9141,1
GO:0009161,"ribonucleoside monophosphate metabolic process",2.267%,null,null,5.464,0.654,0.944,9141,1
GO:0009167,"purine ribonucleoside monophosphate metabolic process",1.915%,null,null,5.390,0.657,0.911,9141,1
GO:0009168,"purine ribonucleoside monophosphate biosynthetic process",1.043%,null,null,5.127,0.664,0.833,9141,1
GO:0006754,"ATP biosynthetic process",0.432%,null,null,4.743,0.668,0.902,9141,1
GO:0009201,"ribonucleoside triphosphate biosynthetic process",0.577%,null,null,4.869,0.674,0.954,9141,1
GO:0009199,"ribonucleoside triphosphate metabolic process",1.458%,null,null,5.272,0.662,0.957,9141,1
GO:0009205,"purine ribonucleoside triphosphate metabolic process",1.366%,null,null,5.244,0.662,0.872,9141,1
GO:0009206,"purine ribonucleoside triphosphate biosynthetic process",0.485%,null,null,4.794,0.677,0.984,9141,1
GO:0007043,"cell-cell junction assembly",0.025%,-4.250, 1.188,3.500,0.790,0.384,7043,0
GO:0019991,"septate junction assembly",0.002%,null,null,2.394,0.817,0.805,7043,1
GO:0019222,"regulation of metabolic process",11.942%, 6.075, 3.862,6.185,0.889,0.393,19222,0
GO:0010883,"regulation of lipid storage",0.010%, 4.987, 3.115,3.114,0.914,0.396,10883,0
GO:0007349,"cellularization",0.006%, 0.589,-7.045,2.881,0.621,0.415,7349,0
GO:0009892,"negative regulation of metabolic process",1.260%, 5.318, 4.206,5.209,0.873,0.416,9892,0
GO:0001933,"negative regulation of protein phosphorylation",0.110%,null,null,4.150,0.780,0.780,9892,1
GO:0001932,"regulation of protein phosphorylation",0.430%,null,null,4.742,0.777,0.966,9892,1
GO:0023057,"negative regulation of signaling",0.290%,null,null,4.570,0.798,0.789,9892,1
GO:0019220,"regulation of phosphate metabolic process",0.579%,null,null,4.871,0.793,0.893,9892,1
GO:0010648,"negative regulation of cell communication",0.290%,null,null,4.571,0.849,0.790,9892,1
GO:0010563,"negative regulation of phosphorus metabolic process",0.182%,null,null,4.368,0.794,0.719,9892,1
GO:0006469,"negative regulation of protein kinase activity",0.074%,null,null,3.977,0.786,0.961,9892,1
GO:0009968,"negative regulation of signal transduction",0.275%,null,null,4.548,0.772,0.748,9892,1
GO:0009966,"regulation of signal transduction",0.857%,null,null,5.041,0.773,0.874,9892,1
GO:0009068,"aspartate family amino acid catabolic process",0.072%,-3.555, 5.718,3.964,0.776,0.419,9068,0
GO:0006530,"asparagine catabolic process",0.002%,null,null,2.350,0.811,0.565,9068,1
GO:0006528,"asparagine metabolic process",0.078%,null,null,4.003,0.769,0.661,9068,1
GO:0010453,"regulation of cell fate commitment",0.010%, 2.021,-3.620,3.114,0.581,0.428,10453,0
GO:0010721,"negative regulation of cell development",0.055%,null,null,3.852,0.505,0.677,10453,1
GO:0006413,"translational initiation",0.518%,-0.860, 5.549,4.823,0.869,0.429,6413,0
GO:0006518,"peptide metabolic process",5.961%,null,null,5.884,0.871,0.877,6413,1
GO:0006412,"translation",5.686%,null,null,5.863,0.836,0.661,6413,1
GO:0001700,"embryonic development via the syncytial blastoderm",0.009%, 0.296,-6.803,3.067,0.605,0.430,1700,0
GO:0009792,"embryo development ending in birth or egg hatching",0.155%,null,null,4.298,0.540,0.730,1700,1
GO:0006429,"leucyl-tRNA aminoacylation",0.054%,-3.111, 5.094,3.839,0.766,0.440,6429,0
GO:0007424,"open tracheal system development",0.013%, 0.144,-6.919,3.221,0.605,0.449,7424,0
GO:0010378,"temperature compensation of the circadian clock",0.000%, 6.613, 0.786,1.771,0.921,0.467,10378,0
GO:0008340,"determination of adult lifespan",0.020%, 0.040,-6.998,3.413,0.598,0.469,8340,0
GO:0010259,"multicellular organism aging",0.023%,null,null,3.477,0.595,0.834,8340,1
GO:0007167,"enzyme linked receptor protein signaling pathway",0.279%, 5.893, 2.931,4.554,0.801,0.476,7167,0
GO:0008038,"neuron recognition",0.012%,-1.999,-5.903,3.178,0.536,0.485,8038,0
GO:0008039,"synaptic target recognition",0.002%,null,null,2.496,0.567,0.743,8038,1
GO:0010001,"glial cell differentiation",0.038%,null,null,3.688,0.521,0.643,8038,1
GO:0016198,"axon choice point recognition",0.002%,null,null,2.423,0.515,0.845,8038,1
GO:0016199,"axon midline choice point recognition",0.002%,null,null,2.307,0.521,0.835,8038,1
GO:0021782,"glial cell development",0.019%,null,null,3.378,0.528,0.922,8038,1
GO:0030030,"cell projection organization",0.608%,-4.871, 1.787,4.892,0.750,0.490,30030,0
GO:0007267,"cell-cell signaling",0.407%,-0.642, 6.305,4.718,0.778,0.493,7267,0
GO:0007552,"metamorphosis",0.031%,-0.136,-7.031,3.603,0.591,0.494,7552,0
GO:0002165,"instar larval or pupal development",0.035%,null,null,3.650,0.572,0.511,7552,1
GO:0009886,"post-embryonic animal morphogenesis",0.035%,null,null,3.647,0.570,0.805,7552,1
GO:0001763,"morphogenesis of a branching structure",0.048%,null,null,3.790,0.585,0.500,7552,1
