term_ID,description,frequency,plot_X,plot_Y,plot_size,uniqueness,dispensability,representative,eliminated
GO:0032501,"multicellular organismal process",2.373%, 1.058, 0.145,5.483,0.992,0.000,32501,0
GO:0032502,"developmental process",2.812%, 0.055,-0.964,5.557,0.992,0.000,32502,0
GO:0039703,"RNA replication",0.006%,-3.462,-3.674,2.920,0.950,0.000,39703,0
GO:0040011,"locomotion",0.997%, 0.031, 1.854,5.107,0.992,0.000,40011,0
GO:0042330,"taxis",0.480%, 5.659, 4.798,4.789,0.917,0.000,42330,0
GO:0071214,"cellular response to abiotic stimulus",0.113%,null,null,4.162,0.903,0.575,42330,1
GO:0042332,"gravitaxis",0.002%,null,null,2.294,0.935,0.555,42330,1
GO:0048870,"cell motility",0.633%,null,null,4.910,0.810,0.877,42330,1
GO:0044085,"cellular component biogenesis",4.355%, 0.147,-8.711,5.747,0.845,0.000,44085,0
GO:0097435,"supramolecular fiber organization",0.345%,null,null,4.646,0.766,0.510,44085,1
GO:0044087,"regulation of cellular component biogenesis",0.404%,null,null,4.715,0.704,0.614,44085,1
GO:0042274,"ribosomal small subunit biogenesis",0.255%,null,null,4.515,0.861,0.794,44085,1
GO:0042255,"ribosome assembly",0.164%,null,null,4.322,0.817,0.761,44085,1
GO:0042254,"ribosome biogenesis",1.422%,null,null,5.261,0.843,0.608,44085,1
GO:0051128,"regulation of cellular component organization",1.586%,null,null,5.308,0.660,0.617,44085,1
GO:0044419,"interspecies interaction between organisms",0.262%,-1.473, 0.315,4.526,0.953,0.000,44419,0
GO:0044703,"multi-organism reproductive process",0.335%,null,null,4.633,0.940,0.834,44419,1
GO:0044403,"symbiosis, encompassing mutualism through parasitism",0.168%,null,null,4.335,0.954,0.787,44419,1
GO:0048856,"anatomical structure development",2.540%, 2.125, 5.464,5.513,0.658,0.000,48856,0
GO:0048513,"animal organ development",0.779%,null,null,5.000,0.572,0.888,48856,1
GO:0060429,"epithelium development",0.300%,null,null,4.585,0.678,0.818,48856,1
GO:0048563,"post-embryonic animal organ morphogenesis",0.026%,null,null,3.527,0.638,0.974,48856,1
GO:0042063,"gliogenesis",0.050%,null,null,3.809,0.585,0.616,48856,1
GO:0048569,"post-embryonic animal organ development",0.036%,null,null,3.667,0.644,0.599,48856,1
GO:0048598,"embryonic morphogenesis",0.171%,null,null,4.341,0.616,0.691,48856,1
GO:0050793,"regulation of developmental process",1.205%,null,null,5.189,0.520,0.858,48856,1
GO:0060541,"respiratory system development",0.054%,null,null,3.840,0.640,0.620,48856,1
GO:0060537,"muscle tissue development",0.081%,null,null,4.016,0.704,0.643,48856,1
GO:0060562,"epithelial tube morphogenesis",0.100%,null,null,4.108,0.601,0.832,48856,1
GO:0050768,"negative regulation of neurogenesis",0.046%,null,null,3.775,0.438,0.904,48856,1
GO:0050767,"regulation of neurogenesis",0.146%,null,null,4.272,0.457,0.956,48856,1
GO:0048468,"cell development",0.573%,null,null,4.866,0.588,0.786,48856,1
GO:0097485,"neuron projection guidance",0.068%,null,null,3.940,0.473,0.927,48856,1
GO:0030316,"osteoclast differentiation",0.018%,null,null,3.364,0.614,0.805,48856,1
GO:0061138,"morphogenesis of a branching epithelium",0.042%,null,null,3.730,0.625,0.970,48856,1
GO:0048469,"cell maturation",0.046%,null,null,3.769,0.640,0.658,48856,1
GO:0032990,"cell part morphogenesis",0.174%,null,null,4.349,0.560,0.716,48856,1
GO:0032989,"cellular component morphogenesis",0.994%,null,null,5.106,0.508,0.856,48856,1
GO:0030855,"epithelial cell differentiation",0.139%,null,null,4.252,0.600,0.859,48856,1
GO:2000027,"regulation of organ morphogenesis",0.044%,null,null,3.748,0.525,0.645,48856,1
GO:0035239,"tube morphogenesis",0.112%,null,null,4.158,0.611,0.922,48856,1
GO:0030099,"myeloid cell differentiation",0.074%,null,null,3.977,0.582,0.638,48856,1
GO:0045664,"regulation of neuron differentiation",0.117%,null,null,4.177,0.463,0.881,48856,1
GO:0055001,"muscle cell development",0.041%,null,null,3.717,0.641,0.893,48856,1
GO:0048812,"neuron projection morphogenesis",0.164%,null,null,4.323,0.486,0.990,48856,1
GO:0055002,"striated muscle cell development",0.037%,null,null,3.676,0.643,0.600,48856,1
GO:0051961,"negative regulation of nervous system development",0.052%,null,null,3.827,0.462,0.888,48856,1
GO:0030154,"cell differentiation",1.133%,null,null,5.162,0.584,0.851,48856,1
GO:0051960,"regulation of nervous system development",0.172%,null,null,4.345,0.485,0.855,48856,1
GO:0035295,"tube development",0.178%,null,null,4.359,0.618,0.694,48856,1
GO:0048858,"cell projection morphogenesis",0.168%,null,null,4.333,0.556,0.690,48856,1
GO:0061564,"axon development",0.129%,null,null,4.217,0.496,0.887,48856,1
GO:0030182,"neuron differentiation",0.334%,null,null,4.632,0.532,0.963,48856,1
GO:0045596,"negative regulation of cell differentiation",0.128%,null,null,4.214,0.463,0.868,48856,1
GO:0045595,"regulation of cell differentiation",0.345%,null,null,4.645,0.500,0.818,48856,1
GO:0048869,"cellular developmental process",1.896%,null,null,5.386,0.580,0.909,48856,1
GO:0035120,"post-embryonic appendage morphogenesis",0.021%,null,null,3.427,0.645,0.961,48856,1
GO:0035114,"imaginal disc-derived appendage morphogenesis",0.021%,null,null,3.436,0.653,0.572,48856,1
GO:0090175,"regulation of establishment of planar polarity",0.011%,null,null,3.156,0.541,0.703,48856,1
GO:0031175,"neuron projection development",0.220%,null,null,4.451,0.480,0.944,48856,1
GO:0035107,"appendage morphogenesis",0.055%,null,null,3.846,0.634,0.925,48856,1
GO:0048646,"anatomical structure formation involved in morphogenesis",0.409%,null,null,4.720,0.683,0.757,48856,1
GO:0060284,"regulation of cell development",0.174%,null,null,4.350,0.508,0.731,48856,1
GO:0048667,"cell morphogenesis involved in neuron differentiation",0.148%,null,null,4.278,0.491,0.897,48856,1
GO:0048666,"neuron development",0.270%,null,null,4.539,0.534,0.944,48856,1
GO:0035069,"larval midgut histolysis",0.002%,null,null,2.458,0.691,0.847,48856,1
GO:0051093,"negative regulation of developmental process",0.188%,null,null,4.381,0.504,0.698,48856,1
GO:0048699,"generation of neurons",0.366%,null,null,4.671,0.531,0.824,48856,1
GO:0048707,"instar larval or pupal morphogenesis",0.030%,null,null,3.587,0.646,0.589,48856,1
GO:0048731,"system development",1.264%,null,null,5.210,0.563,0.863,48856,1
GO:0048729,"tissue morphogenesis",0.180%,null,null,4.362,0.650,0.872,48856,1
GO:0048736,"appendage development",0.062%,null,null,3.901,0.642,0.628,48856,1
GO:0048737,"imaginal disc-derived appendage development",0.022%,null,null,3.443,0.656,0.874,48856,1
GO:0048749,"compound eye development",0.020%,null,null,3.405,0.656,0.569,48856,1
GO:0048754,"branching morphogenesis of an epithelial tube",0.035%,null,null,3.647,0.622,0.912,48856,1
GO:0050896,"response to stimulus",12.210%,-1.514,-2.538,6.195,0.993,0.000,50896,0
GO:0050955,"thermoception",0.001%, 0.819, 6.552,2.076,0.804,0.000,50955,0
GO:0050890,"cognition",0.053%,null,null,3.832,0.761,0.550,50955,1
GO:0050960,"detection of temperature stimulus involved in thermoception",0.000%,null,null,1.740,0.771,0.802,50955,1
GO:0051704,"multi-organism process",0.751%,-3.880,-0.535,4.984,0.992,0.000,51704,0
GO:0065007,"biological regulation",20.498%,-2.623,-0.961,6.420,0.994,0.000,65007,0
GO:0071840,"cellular component organization or biogenesis",8.568%,-5.052,-1.802,6.041,0.993,0.000,71840,0
GO:1990542,"mitochondrial transmembrane transport",0.079%,-2.489, 4.202,4.006,0.955,0.000,1990542,0
GO:0044282,"small molecule catabolic process",1.273%,-3.060,-5.376,5.213,0.880,0.010,44282,0
GO:0031329,"regulation of cellular catabolic process",0.093%,null,null,4.078,0.768,0.509,44282,1
GO:0042182,"ketone catabolic process",0.038%,null,null,3.693,0.847,0.587,44282,1
GO:0061727,"methylglyoxal catabolic process to lactate",0.021%,null,null,3.427,0.848,0.666,44282,1
GO:0046185,"aldehyde catabolic process",0.048%,null,null,3.790,0.850,0.598,44282,1
GO:0051596,"methylglyoxal catabolic process",0.021%,null,null,3.429,0.849,0.946,44282,1
GO:1901576,"organic substance biosynthetic process",30.365%,-5.822, 0.594,6.591,0.956,0.041,1901576,0
GO:0044249,"cellular biosynthetic process",30.048%,null,null,6.586,0.914,0.658,1901576,1
GO:0044271,"cellular nitrogen compound biosynthetic process",22.502%,null,null,6.460,0.909,0.587,1901576,1
GO:0032881,"regulation of polysaccharide metabolic process",0.013%, 7.582,-0.231,3.230,0.813,0.061,32881,0
GO:0070873,"regulation of glycogen metabolic process",0.008%,null,null,3.003,0.749,0.762,32881,1
GO:0044237,"cellular metabolic process",53.061%,-4.565, 1.765,6.833,0.937,0.076,44237,0
GO:0051301,"cell division",1.230%,-0.376,-7.049,5.198,0.839,0.093,51301,0
GO:0043603,"cellular amide metabolic process",6.879%,-5.511,-3.238,5.946,0.929,0.115,43603,0
GO:0061640,"cytoskeleton-dependent cytokinesis",0.080%,-2.072,-6.404,4.014,0.841,0.162,61640,0
GO:0051293,"establishment of spindle localization",0.019%,null,null,3.379,0.721,0.985,61640,1
GO:0032506,"cytokinetic process",0.192%,null,null,4.393,0.832,0.859,61640,1
GO:0031991,"regulation of actomyosin contractile ring contraction",0.007%,null,null,2.955,0.763,0.688,61640,1
GO:1903047,"mitotic cell cycle process",0.514%,null,null,4.819,0.822,0.727,61640,1
GO:0040001,"establishment of mitotic spindle localization",0.016%,null,null,3.322,0.723,0.737,61640,1
GO:0048488,"synaptic vesicle endocytosis",0.006%,-0.978, 4.025,2.913,0.873,0.170,48488,0
GO:0036465,"synaptic vesicle recycling",0.008%,null,null,3.004,0.873,0.841,48488,1
GO:0030100,"regulation of endocytosis",0.046%,null,null,3.774,0.679,0.696,48488,1
GO:0031631,"negative regulation of synaptic vesicle fusion to presynaptic membrane",0.000%,null,null,0.954,0.630,0.787,48488,1
GO:0031630,"regulation of synaptic vesicle fusion to presynaptic membrane",0.000%,null,null,1.799,0.639,0.734,48488,1
GO:0051653,"spindle localization",0.020%,null,null,3.406,0.817,0.670,48488,1
GO:0040008,"regulation of growth",0.172%, 6.569,-1.501,4.343,0.799,0.173,40008,0
GO:0046620,"regulation of organ growth",0.020%,null,null,3.403,0.558,0.770,40008,1
GO:0048638,"regulation of developmental growth",0.085%,null,null,4.039,0.570,0.854,40008,1
GO:0050803,"regulation of synapse structure or activity",0.034%, 7.219,-3.995,3.640,0.797,0.176,50803,0
GO:0044260,"cellular macromolecule metabolic process",34.276%,-4.982, 1.061,6.643,0.910,0.198,44260,0
GO:0045333,"cellular respiration",0.984%,-2.071,-6.905,5.101,0.819,0.207,45333,0
GO:0043467,"regulation of generation of precursor metabolites and energy",0.030%,null,null,3.578,0.787,0.606,45333,1
GO:0042773,"ATP synthesis coupled electron transport",0.221%,null,null,4.452,0.804,0.818,45333,1
GO:0042775,"mitochondrial ATP synthesis coupled electron transport",0.069%,null,null,3.949,0.818,0.892,45333,1
GO:0051674,"localization of cell",0.633%,-1.856, 3.657,4.910,0.954,0.225,51674,0
GO:0050790,"regulation of catalytic activity",1.575%, 7.907,-1.694,5.306,0.768,0.240,50790,0
GO:0043086,"negative regulation of catalytic activity",0.400%,null,null,4.710,0.790,0.825,50790,1
GO:0042981,"regulation of apoptotic process",0.313%, 5.470,-4.727,4.604,0.702,0.254,42981,0
GO:0060548,"negative regulation of cell death",0.191%,null,null,4.390,0.634,0.940,42981,1
GO:0043069,"negative regulation of programmed cell death",0.177%,null,null,4.357,0.636,0.945,42981,1
GO:0043065,"positive regulation of apoptotic process",0.105%,null,null,4.130,0.701,0.906,42981,1
GO:0043067,"regulation of programmed cell death",0.322%,null,null,4.616,0.701,0.983,42981,1
GO:0043068,"positive regulation of programmed cell death",0.109%,null,null,4.144,0.700,0.990,42981,1
GO:0038202,"TORC1 signaling",0.013%, 7.133, 1.620,3.219,0.764,0.258,38202,0
GO:0042325,"regulation of phosphorylation",0.468%, 6.615,-2.793,4.779,0.733,0.265,42325,0
GO:0071901,"negative regulation of protein serine/threonine kinase activity",0.048%,null,null,3.792,0.677,0.949,42325,1
GO:0045936,"negative regulation of phosphate metabolic process",0.182%,null,null,4.368,0.675,0.878,42325,1
GO:0042326,"negative regulation of phosphorylation",0.117%,null,null,4.178,0.684,0.965,42325,1
GO:0033673,"negative regulation of kinase activity",0.077%,null,null,3.994,0.685,0.934,42325,1
GO:0071444,"cellular response to pheromone",0.022%, 5.309, 4.703,3.445,0.909,0.268,71444,0
GO:0071363,"cellular response to growth factor stimulus",0.147%,null,null,4.276,0.898,0.669,71444,1
GO:0070848,"response to growth factor",0.150%,null,null,4.284,0.927,0.717,71444,1
GO:1904886,"beta-catenin destruction complex disassembly",0.000%, 3.921,-5.858,1.505,0.716,0.280,1904886,0
GO:0090090,"negative regulation of canonical Wnt signaling pathway",0.025%,null,null,3.513,0.627,0.928,1904886,1
GO:0048585,"negative regulation of response to stimulus",0.344%,null,null,4.645,0.663,0.816,1904886,1
GO:0060070,"canonical Wnt signaling pathway",0.061%,null,null,3.893,0.687,0.871,1904886,1
GO:0046578,"regulation of Ras protein signal transduction",0.194%,null,null,4.397,0.686,0.824,1904886,1
GO:0030111,"regulation of Wnt signaling pathway",0.071%,null,null,3.960,0.669,0.896,1904886,1
GO:0051056,"regulation of small GTPase mediated signal transduction",0.218%,null,null,4.447,0.685,0.857,1904886,1
GO:0051058,"negative regulation of small GTPase mediated signal transduction",0.019%,null,null,3.385,0.669,0.825,1904886,1
GO:0030177,"positive regulation of Wnt signaling pathway",0.028%,null,null,3.550,0.666,0.914,1904886,1
GO:0030178,"negative regulation of Wnt signaling pathway",0.037%,null,null,3.681,0.620,0.931,1904886,1
GO:0090263,"positive regulation of canonical Wnt signaling pathway",0.019%,null,null,3.386,0.672,0.911,1904886,1
GO:1902531,"regulation of intracellular signal transduction",0.547%,null,null,4.846,0.665,0.733,1904886,1
GO:1902532,"negative regulation of intracellular signal transduction",0.128%,null,null,4.216,0.629,0.795,1904886,1
GO:0060828,"regulation of canonical Wnt signaling pathway",0.047%,null,null,3.780,0.675,0.718,1904886,1
GO:0065009,"regulation of molecular function",1.726%, 7.368,-1.700,5.345,0.776,0.307,65009,0
GO:0048522,"positive regulation of cellular process",1.585%, 7.845,-2.490,5.308,0.721,0.307,48522,0
GO:0032270,"positive regulation of cellular protein metabolic process",0.445%,null,null,4.756,0.703,0.832,48522,1
GO:0032271,"regulation of protein polymerization",0.135%,null,null,4.239,0.672,0.854,48522,1
GO:0032272,"negative regulation of protein polymerization",0.045%,null,null,3.765,0.627,0.868,48522,1
GO:0030832,"regulation of actin filament length",0.130%,null,null,4.221,0.598,0.951,48522,1
GO:0030833,"regulation of actin filament polymerization",0.123%,null,null,4.198,0.579,0.934,48522,1
GO:0032268,"regulation of cellular protein metabolic process",1.473%,null,null,5.277,0.700,0.855,48522,1
GO:0031325,"positive regulation of cellular metabolic process",1.004%,null,null,5.110,0.708,0.910,48522,1
GO:0031333,"negative regulation of protein complex assembly",0.058%,null,null,3.873,0.623,0.884,48522,1
GO:0051247,"positive regulation of protein metabolic process",0.463%,null,null,4.774,0.716,0.847,48522,1
GO:0051241,"negative regulation of multicellular organismal process",0.211%,null,null,4.432,0.493,0.842,48522,1
GO:0051240,"positive regulation of multicellular organismal process",0.303%,null,null,4.589,0.525,0.800,48522,1
GO:0044089,"positive regulation of cellular component biogenesis",0.193%,null,null,4.394,0.679,0.765,48522,1
GO:0032956,"regulation of actin cytoskeleton organization",0.173%,null,null,4.346,0.618,0.970,48522,1
GO:0030837,"negative regulation of actin filament polymerization",0.042%,null,null,3.736,0.549,0.963,48522,1
GO:0031399,"regulation of protein modification process",0.565%,null,null,4.860,0.722,0.873,48522,1
GO:2000026,"regulation of multicellular organismal development",0.416%,null,null,4.728,0.469,0.893,48522,1
GO:0043254,"regulation of protein complex assembly",0.198%,null,null,4.405,0.667,0.880,48522,1
GO:0048518,"positive regulation of biological process",1.744%, 8.140,-1.794,5.350,0.767,0.323,48518,0
GO:0048519,"negative regulation of biological process",1.984%, 8.052,-2.110,5.406,0.765,0.332,48519,0
GO:0065008,"regulation of biological quality",3.395%, 7.431,-1.970,5.639,0.761,0.345,65008,0
GO:0046580,"negative regulation of Ras protein signal transduction",0.018%, 6.724, 1.121,3.369,0.669,0.352,46580,0
GO:0051174,"regulation of phosphorus metabolic process",0.580%, 6.353,-2.628,4.872,0.744,0.361,51174,0
GO:0046034,"ATP metabolic process",1.263%,-0.365,-5.639,5.210,0.792,0.367,46034,0
GO:0099131,"ATP hydrolysis coupled ion transmembrane transport",0.996%,-2.334, 4.448,5.106,0.941,0.375,99131,0
GO:1902600,"hydrogen ion transmembrane transport",1.015%,null,null,5.115,0.860,0.799,99131,1
GO:0099132,"ATP hydrolysis coupled cation transmembrane transport",0.729%,null,null,4.971,0.942,0.956,99131,1
GO:0048583,"regulation of response to stimulus",1.120%, 7.151, 0.284,5.158,0.744,0.376,48583,0
GO:0045851,"pH reduction",0.015%, 7.324,-4.523,3.285,0.792,0.389,45851,0
GO:0055067,"monovalent inorganic cation homeostasis",0.084%,null,null,4.033,0.773,0.721,45851,1
GO:0042593,"glucose homeostasis",0.067%,null,null,3.937,0.778,0.644,45851,1
GO:0051453,"regulation of intracellular pH",0.028%,null,null,3.551,0.725,0.860,45851,1
GO:0051452,"intracellular pH reduction",0.015%,null,null,3.271,0.735,0.959,45851,1
GO:0030641,"regulation of cellular pH",0.028%,null,null,3.560,0.725,0.951,45851,1
GO:0030866,"cortical actin cytoskeleton organization",0.032%, 0.010,-8.182,3.612,0.762,0.402,30866,0
GO:0051225,"spindle assembly",0.046%,null,null,3.772,0.735,0.615,30866,1
GO:0032970,"regulation of actin filament-based process",0.179%,null,null,4.362,0.711,0.800,30866,1
GO:0030865,"cortical cytoskeleton organization",0.035%,null,null,3.650,0.836,0.600,30866,1
GO:0070507,"regulation of microtubule cytoskeleton organization",0.060%,null,null,3.886,0.647,0.783,30866,1
GO:0051494,"negative regulation of cytoskeleton organization",0.071%,null,null,3.958,0.613,0.825,30866,1
GO:0051493,"regulation of cytoskeleton organization",0.232%,null,null,4.474,0.659,0.699,30866,1
GO:0031032,"actomyosin structure organization",0.059%,null,null,3.881,0.753,0.717,30866,1
GO:0051246,"regulation of protein metabolic process",1.551%, 7.098,-0.989,5.299,0.736,0.402,51246,0
GO:0080090,"regulation of primary metabolic process",11.675%,null,null,6.175,0.687,0.593,51246,1
GO:0031323,"regulation of cellular metabolic process",11.662%,null,null,6.175,0.666,0.871,51246,1
GO:0050794,"regulation of cellular process",18.840%,null,null,6.383,0.682,0.693,51246,1
GO:0050789,"regulation of biological process",19.373%,null,null,6.395,0.712,0.761,51246,1
GO:0060255,"regulation of macromolecule metabolic process",11.716%,null,null,6.177,0.680,0.872,51246,1
GO:0051171,"regulation of nitrogen compound metabolic process",10.926%,null,null,6.147,0.681,0.858,51246,1
GO:0050807,"regulation of synapse organization",0.032%, 4.646,-5.547,3.615,0.660,0.408,50807,0
GO:1902904,"negative regulation of supramolecular fiber organization",0.062%,null,null,3.903,0.600,0.820,50807,1
GO:1902903,"regulation of supramolecular fiber organization",0.166%,null,null,4.329,0.647,0.565,50807,1
GO:0036211,"protein modification process",7.726%, 1.435, 3.360,5.996,0.941,0.409,36211,0
GO:0044267,"cellular protein metabolic process",14.293%,null,null,6.263,0.900,0.611,36211,1
GO:0048609,"multicellular organismal reproductive process",0.197%, 0.558, 6.483,4.403,0.726,0.410,48609,0
GO:0048515,"spermatid differentiation",0.036%,null,null,3.665,0.596,0.871,48609,1
GO:0051239,"regulation of multicellular organismal process",0.628%,null,null,4.906,0.567,0.647,48609,1
GO:0048599,"oocyte development",0.018%,null,null,3.366,0.602,0.918,48609,1
GO:0048477,"oogenesis",0.054%,null,null,3.841,0.577,0.897,48609,1
GO:0032504,"multicellular organism reproduction",0.207%,null,null,4.425,0.732,0.779,48609,1
GO:0030707,"ovarian follicle cell development",0.018%,null,null,3.370,0.581,0.918,48609,1
GO:0048232,"male gamete generation",0.093%,null,null,4.079,0.693,0.934,48609,1
GO:0090130,"tissue migration",0.061%,null,null,3.896,0.716,0.536,48609,1
GO:0090132,"epithelium migration",0.059%,null,null,3.879,0.716,0.535,48609,1
GO:0045216,"cell-cell junction organization",0.051%, 0.651,-7.796,3.814,0.785,0.419,45216,0
GO:0034329,"cell junction assembly",0.044%,null,null,3.754,0.775,0.978,45216,1
GO:0043297,"apical junction assembly",0.015%,null,null,3.297,0.789,0.915,45216,1
GO:0034330,"cell junction organization",0.056%, 0.407,-8.319,3.855,0.793,0.423,34330,0
GO:0050808,"synapse organization",0.070%, 0.563,-8.208,3.956,0.790,0.432,50808,0
GO:0035146,"tube fusion",0.001%, 1.623, 6.200,2.121,0.684,0.458,35146,0
GO:0060446,"branching involved in open tracheal system development",0.003%,null,null,2.637,0.658,0.731,35146,1
GO:0035222,"wing disc pattern formation",0.004%,null,null,2.667,0.658,0.954,35146,1
GO:0035218,"leg disc development",0.005%,null,null,2.812,0.656,0.781,35146,1
GO:0035220,"wing disc development",0.025%,null,null,3.509,0.626,0.877,35146,1
GO:0060811,"intracellular mRNA localization involved in anterior/posterior axis specification",0.003%,null,null,2.624,0.653,0.647,35146,1
GO:0060810,"intracellular mRNA localization involved in pattern specification process",0.003%,null,null,2.643,0.653,0.855,35146,1
GO:0035152,"regulation of tube architecture, open tracheal system",0.005%,null,null,2.772,0.567,0.883,35146,1
GO:0048190,"wing disc dorsal/ventral pattern formation",0.003%,null,null,2.544,0.662,0.574,35146,1
GO:0035147,"branch fusion, open tracheal system",0.001%,null,null,2.117,0.677,0.821,35146,1
GO:0050709,"negative regulation of protein secretion",0.020%, 4.252,-2.570,3.419,0.658,0.459,50709,0
GO:0048523,"negative regulation of cellular process",1.830%,null,null,5.371,0.653,0.869,50709,1
GO:0060964,"regulation of gene silencing by miRNA",0.007%,null,null,2.936,0.679,0.718,50709,1
GO:0032269,"negative regulation of cellular protein metabolic process",0.423%,null,null,4.734,0.650,0.563,50709,1
GO:0031324,"negative regulation of cellular metabolic process",1.165%,null,null,5.174,0.642,0.930,50709,1
GO:0031339,"negative regulation of vesicle fusion",0.001%,null,null,1.991,0.652,0.692,50709,1
GO:0051248,"negative regulation of protein metabolic process",0.435%,null,null,4.747,0.666,0.806,50709,1
GO:0050796,"regulation of insulin secretion",0.025%,null,null,3.500,0.651,0.856,50709,1
GO:0060147,"regulation of posttranscriptional gene silencing",0.009%,null,null,3.039,0.699,0.860,50709,1
GO:0031400,"negative regulation of protein modification process",0.151%,null,null,4.287,0.674,0.905,50709,1
GO:0046676,"negative regulation of insulin secretion",0.005%,null,null,2.843,0.626,0.892,50709,1
GO:0051172,"negative regulation of nitrogen compound metabolic process",0.792%,null,null,5.007,0.664,0.841,50709,1
GO:0090066,"regulation of anatomical structure size",0.216%, 7.517,-3.762,4.444,0.770,0.463,90066,0
GO:0051235,"maintenance of location",0.129%,null,null,4.219,0.758,0.511,90066,1
GO:0042592,"homeostatic process",1.661%,null,null,5.329,0.730,0.639,90066,1
GO:0048878,"chemical homeostasis",0.543%,null,null,4.843,0.748,0.702,90066,1
GO:0050968,"detection of chemical stimulus involved in sensory perception of pain",0.001%, 3.790, 5.526,1.973,0.771,0.463,50968,0
GO:0043436,"oxoacid metabolic process",9.006%,-0.794,-6.087,6.063,0.786,0.473,43436,0
GO:0090662,"ATP hydrolysis coupled transmembrane transport",1.001%,-2.198, 3.832,5.109,0.947,0.478,90662,0
GO:0035556,"intracellular signal transduction",4.000%, 6.695,-0.287,5.710,0.645,0.479,35556,0
GO:0051716,"cellular response to stimulus",9.561%,null,null,6.089,0.877,0.663,35556,1
GO:0032507,"maintenance of protein location in cell",0.057%, 4.603,-3.415,3.868,0.693,0.481,32507,0
GO:0045185,"maintenance of protein location",0.059%,null,null,3.880,0.762,0.892,32507,1
GO:0046532,"regulation of photoreceptor cell differentiation",0.003%, 4.870, 1.878,2.639,0.556,0.497,46532,0
GO:1901566,"organonitrogen compound biosynthetic process",14.064%,-5.917,-1.371,6.256,0.945,0.500,1901566,0
GO:0043604,"amide biosynthetic process",6.374%,null,null,5.913,0.917,0.889,1901566,1
GO:0043043,"peptide biosynthetic process",5.770%,null,null,5.869,0.910,0.587,1901566,1
