miRDeep2 score	novel miRNAs reported by miRDeep2	novel miRNAs, estimated false positives	novel miRNAs, estimated true positives	known miRNAs in species	known miRNAs in data	known miRNAs detected by miRDeep2	estimated signal-to-noise	excision gearing
10	9	8 +/- 3	1 +/- 2 (16 +/- 19%)	164	71	36 (51%)	4.3	4
9	9	9 +/- 3	1 +/- 2 (14 +/- 18%)	164	71	36 (51%)	4.1	4
8	9	9 +/- 3	1 +/- 2 (13 +/- 17%)	164	71	36 (51%)	4	4
7	10	9 +/- 3	2 +/- 2 (16 +/- 18%)	164	71	36 (51%)	4	4
6	10	9 +/- 3	1 +/- 2 (15 +/- 18%)	164	71	36 (51%)	3.9	4
5	11	10 +/- 3	2 +/- 2 (17 +/- 18%)	164	71	52 (73%)	4.8	4
4	14	11 +/- 3	4 +/- 3 (26 +/- 19%)	164	71	57 (80%)	5	4
3	17	12 +/- 3	5 +/- 3 (30 +/- 18%)	164	71	58 (82%)	4.8	4
2	38	14 +/- 4	24 +/- 4 (64 +/- 9%)	164	71	59 (83%)	5.8	4
1	59	18 +/- 4	41 +/- 4 (69 +/- 7%)	164	71	63 (89%)	5.6	4
0	71	37 +/- 6	34 +/- 6 (47 +/- 8%)	164	71	66 (93%)	3.1	4
-1	78	63 +/- 8	15 +/- 7 (19 +/- 9%)	164	71	66 (93%)	2	4
-2	87	90 +/- 10	3 +/- 4 (3 +/- 5%)	164	71	66 (93%)	1.5	4
-3	106	122 +/- 11	0 +/- 1 (0 +/- 1%)	164	71	66 (93%)	1.3	4
-4	119	166 +/- 13	0 +/- 0 (0 +/- 0%)	164	71	66 (93%)	1	4
-5	143	208 +/- 15	0 +/- 0 (0 +/- 0%)	164	71	66 (93%)	0.9	4
-6	177	245 +/- 16	0 +/- 0 (0 +/- 0%)	164	71	66 (93%)	0.9	4
-7	222	276 +/- 16	0 +/- 0 (0 +/- 0%)	164	71	66 (93%)	1	4
-8	252	301 +/- 17	0 +/- 0 (0 +/- 0%)	164	71	66 (93%)	1	4
-9	278	321 +/- 16	0 +/- 0 (0 +/- 0%)	164	71	66 (93%)	1	4
-10	301	339 +/- 16	0 +/- 0 (0 +/- 0%)	164	71	66 (93%)	1	4



novel miRNAs predicted by miRDeep2
provisional id	miRDeep2 score	estimated probability that the miRNA candidate is a true positive	rfam alert	total read count	mature read count	loop read count	star read count	significant randfold p-value	miRBase miRNA	example miRBase miRNA with the same seed	UCSC browser	NCBI blastn	consensus mature sequence	consensus star sequence	consensus precursor sequence	precursor coordinate
3_29357	515	16 +/- 19%	-	1007	933	59	15	yes	-	-	-	-	ccaaacauccguuugagcuga	cagcuuaaacggauguuug	ccaaacauccguuugagcugaaaaccuaaucgauuggucaccaccagcuagugaccaaucgauuaaguuuucagcuuaaacggauguuug	3:383390976..383391066:-
2_6768	237.4	16 +/- 19%	-	471	470	0	1	yes	-	-	-	-	auccuaccgacugcgcca	gggcuaucggagaucagu	auccuaccgacugcgccaguuaaguauugggcuaucggagaucagu	2:469193528..469193574:+
2_10430	81.5	16 +/- 19%	-	182	180	0	2	no	-	-	-	-	uugacauuucuucggaagaca	uucugcaaaguuguucauugaggcauuu	uucugcaaaguuguucauugaggcauuuuugacauuucuucggaagaca	2:208581720..208581769:-
3_29520	80.5	16 +/- 19%	-	182	180	0	2	no	-	-	-	-	uugacauuucuucggaagaca	uucugcaaaguuguucauugaggcauuu	uucugcaaaguuguucauugaggcauuuuugacauuucuucggaagaca	3:400958423..400958472:-
2_1995	54.2	16 +/- 19%	-	143	141	0	2	no	-	-	-	-	uugacauuucuucggaagaua	uucugcaaaguuguucauugaggcauuu	uucugcaaaguuguucauugaggcauuuuugacauuucuucggaagaua	2:140284044..140284093:+
1_36272	46.2	16 +/- 19%	-	90	52	15	23	yes	-	-	-	-	uggauuggauuggauuggau	ggauuggauuggauuggau	ggauuggauuggauuggauuggauuggauuggauuggauuggauuggauggauuggauuggauuggauuggauuggauuggauuggauuggauuggau	1:45865366..45865464:-
1_36873	30.6	16 +/- 19%	-	57	45	1	11	yes	-	-	-	-	ugccuggaggcagcaacagccg	uguugcugccucaaggcggaaa	ugccuggaggcagcaacagccgcucaaaauuuucuugcacggcuguugcugccucaaggcggaaa	1:81183405..81183470:-
2_12407	23.1	16 +/- 19%	-	67	66	0	1	no	-	-	-	-	uuuuacgaugcaggaugacga	uuucuacugaaucgaaaau	uuuuacgaugcaggaugacgaaggacgaugaguacuuucuacugaaucgaaaau	2:315511304..315511358:-
2_9663	13.8	16 +/- 19%	-	30	23	6	1	yes	-	-	-	-	uagcgucgccugcuggcaaaa	uuugccaaagaugcuauc	uagcgucgccugcuggcaaaauauccuuuuucuuggcucaaauaaugauaguccuugagcuauugaacuacuuugccaaagaugcuauc	2:163046924..163047013:-
NIGP01002095_44289	7.1	16 +/- 18%	-	13	12	0	1	yes	-	-	-	-	ucuacgcauaacagucccacuga	aaagugggacuguuaugccu	aaagugggacuguuaugccuagaaauacggggauuuugaugaauuucuacgcauaacagucccacuga	NIGP01002095:49662..49730:+
1_30145	5.4	17 +/- 18%	-	11	11	0	0	yes	-	dme-miR-4986-5p	-	-	ugggauucggagagaaucccgu	gggauucggagagaaucccguc	gggauucggagagaaucccgucugggauucggagagaaucccgucugggauucggagagaaucccgu	1:39889717..39889784:+
NIGP01001868_45299	4.3	26 +/- 19%	-	103	75	26	2	yes	-	dme-miR-1014-3p	-	-	aaaauucacccauuuccgcua	agaauggguauauuuuuaccc	agaauggguauauuuuuacccauuucauaauagugaaauucccccauuuuaugacagaugugauugcuauucgauaauggguaaaaauucacccauuuccgcua	NIGP01001868:28334..28438:-
3_25681	4.2	26 +/- 19%	-	9	9	0	0	yes	-	dme-miR-2283-5p	-	-	uaaaauauuucuucuacgc	guagaagaaauauuaaccu	uaaaauauuucuucuacgcccaacguuucgauuguauuacaaucgaaacguugggcguagaagaaauauuaaccu	3:158180442..158180517:-
2_12858	4	26 +/- 19%	-	10	8	2	0	yes	-	dme-miR-3645-3p	-	-	cuuggaagcuugaaagcuugg	aagcuuggaagcuuggaagcu	aagcuuggaagcuuggaagcuugaaagcuugaaaucuugaaagcuuaaaaucuuggaagcuugaaagcuugg	2:349909048..349909120:-
2_10876	3.9	30 +/- 18%	-	7	4	0	3	yes	-	-	-	-	uuccuccugggauucuuucag	ugcaggaguuccuccuggga	ugcaggaguuccuccugggauuuuuucagauccuccucugagaguuccuccugggauucuuucag	2:234210194..234210259:-
2_6043	3	30 +/- 18%	-	66	62	3	1	yes	-	-	-	-	aagccaucgucaucgccgcugc	augacgauggcuugggcgcu	augacgauggcuugggcgcuucaccgagcggcaaacuacugccgcucggagaagcguccaagccaucgucaucgccgcugc	2:416854519..416854600:+
2_13895	3	30 +/- 18%	-	406	393	0	13	yes	-	-	-	-	cuagaggcagcaacagccgcu	gcuguugcugccucuaggc	cuagaggcagcaacagccgcucaaaauuuccuugcgcggcuguugcugccucuaggc	2:430620940..430620997:-
NIGP01001538_46063	2.9	64 +/- 9%	-	249	53	185	11	yes	-	dme-miR-2500-3p	-	-	ggauuuuggauuuuggauuuu	ggauuuuggauuuuggauu	ggauuuuggauuuuggauuuuuggauuuuggauuuuggauuuuggauuuugggauuuuggauuuuggauuuuggauuuuggauuuugggauuuuggauuuuggauu	NIGP01001538:65..171:+
1_30601	2.6	64 +/- 9%	-	14	10	0	4	no	-	-	-	-	accuuggauuguuacauucgau	aggugugucccaguccuuu	aggugugucccaguccuuuguuuccuuaugcagcuccuguauuaggaucuuaccuuggauuguuacauucgau	1:71251434..71251507:+
3_18481	2.6	64 +/- 9%	-	299	290	1	8	yes	-	-	-	-	uggcguauuaacuucgaugga	cgaaguuaauacgccaaucgc	cgaaguuaauacgccaaucgcguauuauccucgauuuuacuauaguaucgaggauaauacgcgauuggcguauuaacuucgaugga	3:179053542..179053628:+
1_34101	2.6	64 +/- 9%	-	59	59	0	0	yes	-	-	-	-	agccaucgucaucgccgccgc	ggcgccgaugacgacggcuug	ggcgccgaugacgacggcuuggacgcuuuuccgagcggcaguaguucaccgcucggaaaagcgcccaagccaucgucaucgccgccgc	1:215392503..215392591:+
NIGP01001926_46043	2.5	64 +/- 9%	-	19	7	10	2	no	-	-	-	-	uugauguucauccuggaaaa	uuccaagaugaagauacgcuu	uuccaagaugaagauacgcuucguacgaugucuauguuaucgcuugucauuugauguucauccuggaaaa	NIGP01001926:24501..24571:+
3_15609	2.4	64 +/- 9%	-	13	13	0	0	yes	-	-	-	-	cuuuaugauucccagagacuga	agucucugggaaucauaaacgg	agucucugggaaucauaaacggauuuccguucuacaccuuuaugauucccagagacuga	3:10127060..10127119:+
3_15920	2.4	64 +/- 9%	-	31	31	0	0	yes	-	-	-	-	uuccugggcccauagccugguug	acagguuaugagcccaggaacg	uuccugggcccauagccugguuguuuugcguuuuaauuucaacagguuaugagcccaggaacg	3:32679283..32679346:+
3_23155	2.4	64 +/- 9%	-	407	393	1	13	yes	-	-	-	-	cuagaggcagcaacagccgcu	uguugcugccucaaggcggaaa	cuagaggcagcaacagccgcucaaaauuuccuuacgcggcuguugcugccucaaggcggaaa	3:23442619..23442681:-
2_10323	2.3	64 +/- 9%	-	400	393	0	7	yes	-	-	-	-	cuagaggcagcaacagccgcu	gcuguugcugccucuaggc	cuagaggcagcaacagccgcucaaaauuuccuugcggggcuguugcugccucuaggc	2:204089159..204089216:-
3_15762	2.3	64 +/- 9%	-	42	29	0	13	yes	-	-	-	-	cuggaggcagcaacagccgcu	uguugcugccucaaggcggaaa	cuggaggcagcaacagccgcucaaaauuuucuagcgcggcuguugcugccucaaggcggaaa	3:16365913..16365975:+
NIGP01000294_43708	2.3	64 +/- 9%	-	395	393	0	2	yes	-	-	-	-	cuagaggcagcaacagccgcu	gcuguuacugccucaaggcgga	cuagaggcagcaacagccgcucaaaauuuacuugcgcggcuguuacugccucaaggcgga	NIGP01000294:43896..43956:+
2_9335	2.2	64 +/- 9%	-	18	13	5	0	yes	-	-	-	-	acacauguuauaauugaggca	ccucaaucauaacaugugugc	acacauguuauaauugaggcagaauaacucuuauauaaccagaucuggucauauaagaguuauucugccucaaucauaacaugugugc	2:141364377..141364465:-
2_5802	2.2	64 +/- 9%	-	939	933	5	1	yes	-	-	-	-	ccaaacauccguuugagcuga	caaacggguguuugguucu	ccaaacauccguuugagcugaaaaccuuaucgauuggucaccaccagccagugaccaaucaauuaaguuuucagcucaaacggguguuugguucu	2:400654287..400654382:+
2_6363	2.2	64 +/- 9%	-	392	378	0	14	yes	-	-	-	-	cuagaggcagcaacagccgcu	cuguugcugccuuaaggcgg	cuagaggcagcaacagccgcucaaaauuuccuugcgcggcuguugcugccuuaaggcgg	2:443101072..443101131:+
2_8679	2.2	64 +/- 9%	-	394	380	0	14	yes	-	-	-	-	cuagaggcagcaacagccgcu	cuguugcugccuuaaggcgg	cuagaggcagcaacagccgcucaaaauuuccuugcgcggcuguugcugccuuaaggcgg	2:93442638..93442697:-
2_8881	2.2	64 +/- 9%	-	435	426	0	9	yes	-	-	-	-	cuagaggcagcaacagccgcu	cgcggcuguugcugccucaagg	cuagaggcagcaacagccgcucaaaauuuccuugcgcggcuguugcugccucaagg	2:107911739..107911795:-
1_30011	2.1	64 +/- 9%	-	294	292	0	2	yes	-	-	-	-	uggcguauuaacuucgaugga	uccaucgaaguuaauaugcca	uccaucgaaguuaauaugccaaucgcguauuauccucgauuuuaccauaguaccauaauaccgcgauuggcguauuaacuucgaugga	1:29261730..29261818:+
2_5502	2.1	64 +/- 9%	-	276	267	9	0	yes	-	-	-	-	caaacacccguuugagcugaa	cagguuaaucagguguuuggu	caaacacccguuugagcugaaaacuuauucgauuggucaccaccagcuagugaccaaucgauuauguuuucagguuaaucagguguuuggu	2:373724596..373724687:+
NIGP01002025_45014	2	64 +/- 9%	-	42	32	5	5	yes	-	-	-	-	uauuugacguugagcggugcc	cucaaacgucagauagugaac	uauuugacguugagcggugccguguuguuuuacgugacuaugacaacgaguuaauucggcaccucucaaacgucagauagugaac	NIGP01002025:21981..22066:+
NIGP01001293_45755	2	64 +/- 9%	-	15	15	0	0	yes	-	-	-	-	aauuucccuuggaaauuccga	gagaauuuccuuuggaaauucc	gagaauuuccuuuggaaauuccgagaauuucccuuuggaaauuccgagaauuucccuuggaaauuccga	NIGP01001293:12462..12531:+
3_16692	2	64 +/- 9%	-	438	426	0	12	yes	-	-	-	-	cuagaggcagcaacagccgcu	uguugcugccucaaggcggaaa	cuagaggcagcaacagccgcucaaauuuccuugcguggcuguugcugccucaaggcggaaa	3:87522478..87522539:+
3_16225	1.9	69 +/- 7%	-	154	140	14	0	yes	-	-	-	-	ccggugaauuucccuuggaaa	ucccuuggaaauuccggugaa	ucccuuggaaauuccggugaauuucccuuggaaauuccggugaauuucccuuggaaauuccggugaauuucccuuggaaauuccggugaauuucccuuggaaa	3:53338596..53338699:+
3_16228	1.8	69 +/- 7%	-	154	133	21	0	yes	-	-	-	-	ccggugaauuucccuuggaaa	ucccuuggaaauuccggugaa	ucccuuggaaauuccggugaauuucccuuggaaauuccggugaauuucccuuggaaauuccggugaauuucccuuggaaauuccggugaauuucccuuggaaa	3:53338964..53339067:+
3_16224	1.8	69 +/- 7%	-	154	133	21	0	yes	-	-	-	-	ccggugaauuucccuuggaaa	ucccuuggaaauuccgguccggug	ucccuuggaaauuccgguccggugaauuucccuuggaaauuccggugaauuucccuuggaaauuccggugaauuucccuuggaaauuccggugaauuucccuuggaaa	3:53338064..53338172:+
NIGP01001293_45756	1.8	69 +/- 7%	-	15	15	0	0	yes	-	-	-	-	aauuucccuuggaaauuccga	gagaauuucccuuuggaaauucc	aauuucccuuggaaauuccgagaauuucccuuuggaaauuccgagaauuucccuuuggaaauucc	NIGP01001293:12510..12575:+
1_35234	1.8	69 +/- 7%	-	46	27	0	19	yes	-	-	-	-	uauuugacguuucagcggugcc	cucaaacgucaaauuagugaa	uauuugacguuucagcggugccguguuaucuacguggucaugguaacaagugaauuuggcaccgcucaaacgucaaauuagugaa	1:285530234..285530319:+
1_36574	1.8	69 +/- 7%	-	46	41	5	0	yes	-	-	-	-	caggagaauuucccuuggaaa	uucaggagaauuucucuugga	uucaggagaauuucucuuggaaauucaggagaauuucucuuggaaauucaggagaauuucccuuggaaa	1:64776039..64776108:-
1_35256	1.7	69 +/- 7%	-	144	139	5	0	yes	-	-	-	-	uuccaagcuucugaggagaag	ucugaggagaaguuuccaagc	ucugaggagaaguuuccaagcuucugaggagaagcuuuccaagcuucugaggagaagcuuuccaagcuucugaggagaaguuuccaagcuucugaggagaag	1:287228781..287228883:+
2_13228	1.7	69 +/- 7%	-	14	11	3	0	yes	-	-	-	-	acacaaauguuuggacugcug	gcacuccaaacaucuguuuga	gcacuccaaacaucuguuugaauauuagagaaauucugucagugucacacaaauguuuggacugcug	2:378089429..378089496:-
3_16220	1.6	69 +/- 7%	-	22	22	0	0	yes	-	-	-	-	cuggugaauuucccuuggaaa	uccccuuggaaauucuggugaa	uccccuuggaaauucuggugaauuucccuuggaaauucuggugaauuucccuuggaaauucuggugaauuucccuuggaaauucuggugaauuucccuuggaaa	3:53337833..53337937:+
2_9780	1.6	69 +/- 7%	-	28	27	1	0	yes	-	-	-	-	uuugaaggaaaugugcgccgg	ggcgcguauuuuuuuucgaaga	ggcgcguauuuuuuuucgaagaaaagacaauuuucuugcugauggauuauggaagaaaauuucuucucuuugaaggaaaugugcgccgg	2:170804329..170804418:-
1_41071	1.6	69 +/- 7%	-	202	110	92	0	yes	-	-	-	-	uucccagaauccacacuggau	ccacacuggauucccagau	ccacacuggauucccagauccacacuggauucccagaauccacacuggauucccagaauccacacuggauuucccagaauccacacuggau	1:224894708..224894799:-
3_16221	1.5	69 +/- 7%	-	22	22	0	0	yes	-	-	-	-	cuggugaauuucccuuggaaa	ucccuuggaaauucuggugaa	ucccuuggaaauucuggugaauuucccuuggaaauucuggugaauuucccuuggaaauucuggugaauuucccuuggaaa	3:53337880..53337960:+
2_13291	1.5	69 +/- 7%	-	17	17	0	0	yes	-	-	-	-	uggguauuuuuuuacccguug	auggguaaaaaaauacccuuu	uggguauuuuuuuacccguuguagaggagucgaauguucuacaaaauggguaaaaaaauacccuuu	2:386637092..386637158:-
1_36573	1.5	69 +/- 7%	-	44	41	3	0	yes	-	-	-	-	caggagaauuucccuuggaaa	ucccuuggaaauucaggagaa	ucccuuggaaauucaggagaauuucccuuggaaauucaggagaauuucccuuggaaauucaggagaauuucccuuggaaa	1:64775970..64776050:-
2_2202	1.4	69 +/- 7%	-	1695	1695	0	0	yes	-	-	-	-	aauuccggagccuguugagu	gcaacagaugauccgggugauugu	aauuccggagccuguugaguauagcaacagaugauccgggugauugu	2:149601882..149601929:+
2_1916	1.3	69 +/- 7%	-	15	9	6	0	yes	-	-	-	-	uagagaaauuccuuuugcuga	ugcaugaggaauuccugga	uagagaaauuccuuuugcugaaugauuuucuugaggaauacugugaagguaucucuggagacauuugcaugaggaauuccugga	2:132452540..132452624:+
1_29960	1.2	69 +/- 7%	-	10	9	1	0	yes	-	-	-	-	cuagcagcuuuucucaggaaa	ucuaaggaaaagcuagcagcu	ucuaaggaaaagcuagcagcuuuucucaggaaaagcuagcagcuuuucucaggaaaagcuagcagcuuuucucaggaaaagcuagcagcuuuucucaggaaa	1:27138855..27138957:+
2_567	1.2	69 +/- 7%	-	40	40	0	0	yes	-	-	-	-	cuauaucagcacgcaggguga	gccuuuaugggcuuauaggg	gccuuuaugggcuuauagggcuauuauacagccaauguagggcauguuagcucuauaucagcacgcaggguga	2:43138738..43138811:+
2_793	1.2	69 +/- 7%	-	502	502	0	0	yes	-	-	-	-	uuuaccauuucaagacgaccca	ggucaucuugaaaugguaaaga	ggucaucuugaaaugguaaagaugaugauugacacucuuuaccauuucaagacgaccca	2:58787950..58788009:+
1_29959	1.2	69 +/- 7%	-	10	10	0	0	yes	-	-	-	-	cuagcagcuuuucucaggaaa	ucucaggaaaagcuagcagcu	ucucaggaaaagcuagcagcuuuucucaggaaaagcuagcagcuuuucuaaggaaaagcuagcagcuuuucucaggaaa	1:27138809..27138888:+
2_13896	1.1	69 +/- 7%	-	400	393	5	2	yes	-	-	-	-	cuagaggcagcaacagccgcu	ucuguuuucugccgacgagga	ucuguuuucugccgacgaggauuggauaagccggaagauucccgccuagaggcagcaacagccgcu	2:430620976..430621042:-
2_5958	0.8	47 +/- 8%	-	19	17	0	2	no	-	-	-	-	aaucaguuuaaaauuuguugg	acaauaguaaacugauugcuuacc	aaucaguuuaaaauuuguugguuguuuuacaauaguaaacugauugcuuacc	2:409654698..409654750:+
1_30123	0.8	47 +/- 8%	-	11	11	0	0	yes	-	-	-	-	aaaaaaugcuaacaaacccgc	aaguuugucagcauuuuuuaa	aaguuugucagcauuuuuuaaccgcaggacgcgagauugcaucgcugccaagcgguuugaagugaaaaaaugcuaacaaacccgc	1:37467378..37467463:+
2_11645	0.7	47 +/- 8%	-	272	272	0	0	yes	-	-	-	-	ugcucugguauuuugauguucga	ggaacucaagauaccagaucaug	ugcucugguauuuugauguucgauggauuugauauuacucggaacucaagauaccagaucaug	2:289697988..289698051:-
3_23703	0.6	47 +/- 8%	-	34	34	0	0	yes	-	-	-	-	agaugucaacagccuguggga	ccacgaagcugugacagcaac	agaugucaacagccugugggacccuaaccacgaagcugugacagcaac	3:59110728..59110776:-
2_8922	0.6	47 +/- 8%	-	10	9	0	1	no	-	-	-	-	gaggggacgcuacgaauagagcu	ucgcccguggcgaaaagcccgac	ucgcccguggcgaaaagcccgaccauauaucggccaaagagggccccaaguaaguugaggggacgcuacgaauagagcu	2:111398039..111398118:-
1_36937	0.4	47 +/- 8%	-	83	83	0	0	yes	-	-	-	-	uauagggcuauuauauagcug	cuuguauaauagcacuauauu	uauagggcuauuauauagcugaaauggagcuugucacuuguauaauagcacuauauu	1:86928448..86928505:-
2_12469	0.4	47 +/- 8%	-	9	9	0	0	yes	-	-	-	-	uuuuccuugacuuggaucgcug	gcgauccaagucaagguaaauc	uuuuccuugacuuggaucgcugcaaauuaauaauguacagcgauccaagucaagguaaauc	2:321026994..321027055:-
2_3075	0.2	47 +/- 8%	-	461	427	34	0	yes	-	-	-	-	uggauuuggauuggauuu	auuuaauuuggauugaau	auuuaauuuggauugaauuuguauuggauuuggauuggauuuuuauuggauuuggauuggauuuguauuggauuuggauuggauuu	2:215144178..215144264:+
3_17938	0	47 +/- 8%	-	30	30	0	0	yes	-	-	-	-	ccgaaaaggucauuaggccga	agccgaauggauuugaaggcc	ccgaaaaggucauuaggccgaaaacaauugauaguucuuauaugucuuuaagccgaauggauuugaaggcc	3:150022853..150022924:+
2_8135	0	47 +/- 8%	-	3157	1608	1544	5	yes	-	-	-	-	ggauuggauuuggauuggauuu	auggauuggauuuggauugg	auggauuggauuuggauuggauuuggauuggauuuggauuggauuuggauuggauuggauuggauuuggauuggauuu	2:56931764..56931842:-
3_16292	0	47 +/- 8%	-	20	17	3	0	yes	-	-	-	-	uuucagcuuucuaggugguga	acuauggugaaaugcugaaaaa	uuucagcuuucuagguggugauuuugagguggcccaaagacaaugaagguuaauauggaaauuacuauggugaaaugcugaaaaa	3:54227885..54227970:+
3_16117	0	47 +/- 8%	-	7	7	0	0	yes	-	-	-	-	ugagugcgcugaagacaucaac	uggugucuucagcgcacuuauu	uggugucuucagcgcacuuauucuacgauuuauaaugaaugagugcgcugaagacaucaac	3:47376526..47376587:+



mature miRBase miRNAs detected by miRDeep2
tag id	miRDeep2 score	estimated probability that the miRNA is a true positive	rfam alert	total read count	mature read count	loop read count	star read count	significant randfold p-value	mature miRBase miRNA	example miRBase miRNA with the same seed	UCSC browser	NCBI blastn	consensus mature sequence	consensus star sequence	consensus precursor sequence	precursor coordinate
2_8166	98396.5	16 +/- 19%	-	192998	192899	0	99	yes	aae-miR-11894a	-	-	-	uuuaccauuucaagaugaccua	ggucgucuugaaaugguaaaga	ggucgucuugaaaugguaaagagugucaaucaucaucuuuaccauuucaagaugaccua	2:58785158..58785217:-
2_8174	98396.4	16 +/- 19%	-	192998	192899	0	99	yes	aae-miR-11894a	-	-	-	uuuaccauuucaagaugaccua	ggucgucuugaaaugguaaaga	ggucgucuugaaaugguaaagagugucaaucaucaucuuuaccauuucaagaugaccua	2:58787948..58788007:-
2_8172	98396.4	16 +/- 19%	-	192998	192899	0	99	yes	aae-miR-11894a	-	-	-	uuuaccauuucaagaugaccua	ggucgucuugaaaugguaaaga	ggucgucuugaaaugguaaagagugucaaucaucaucuuuaccauuucaagaugaccua	2:58787426..58787485:-
2_8168	98396.4	16 +/- 19%	-	192998	192899	0	99	yes	aae-miR-11894a	-	-	-	uuuaccauuucaagaugaccua	ggucgucuugaaaugguaaaga	ggucgucuugaaaugguaaagagugucaaucaucaucuuuaccauuucaagaugaccua	2:58785850..58785909:-
2_8170	98396.4	16 +/- 19%	-	192998	192899	0	99	yes	aae-miR-11894a	-	-	-	uuuaccauuucaagaugaccua	ggucgucuugaaaugguaaaga	ggucgucuugaaaugguaaagagugucaaucaucaucuuuaccauuucaagaugaccua	2:58786284..58786343:-
1_42391	3814.2	16 +/- 19%	-	7473	7435	0	38	yes	aae-miR-283	dme-miR-283-5p	-	-	caauaucagcugguaauucuggg	cggaauuccaacugauauccac	caauaucagcugguaauucugggcuuaccccaccguuauacgcuucccggaauuccaacugauauccac	1:305625600..305625669:-
2_13682	1388.4	16 +/- 19%	-	2715	2707	0	8	yes	aae-miR-184	dme-miR-184-3p	-	-	uggacggagaacugauaagggc	ccuuaucauucuugcgccccgu	ccuuaucauucuugcgccccguguuauauuguuggcgacuggacggagaacugauaagggc	2:417599380..417599441:-
1_42387	1261.5	16 +/- 19%	-	2467	2462	0	5	yes	aae-miR-12-5p	dme-miR-12-5p	-	-	ugaguauuacaucagguacuggu	caguacuuauguuaugcucuc	ugaguauuacaucagguacuggugucgauauucgaaucaccaacgaaucggguuccuuugauuaacuuaccaguacuuauguuaugcucuc	1:305613549..305613640:-
2_8858	738.1	16 +/- 19%	-	1439	1435	0	4	yes	aae-miR-2a-5p	dme-miR-2a-3p	-	-	uaucacagccagcuuugaagagcg	acucucaaagugguugugaaaug	acucucaaagugguugugaaaugaguuacucuugaacgaucucauaucacagccagcuuugaagagcg	2:107237501..107237569:-
3_29546	542.6	16 +/- 19%	-	1056	752	1	303	yes	aae-miR-308-5p	dme-miR-2a-3p	-	-	aaucacaggaguauacugugag	cgcgguauauucuuguggcuug	cgcgguauauucuuguggcuugaugcauuugaaaaaucucaaaucacaggaguauacugugag	3:403338483..403338546:-
1_38297	433.6	16 +/- 19%	-	851	846	0	5	no	aae-miR-252-5p	dme-miR-252-5p	-	-	cuaaguacuagugccgcagga	cugcugcccaagugcuuaucg	cuaaguacuagugccgcaggagagauuugaaccccugcugcccaagugcuuaucg	1:175818157..175818212:-
2_8864	225	16 +/- 19%	-	440	439	0	1	yes	aae-miR-2c	-	-	-	ucacagccagcuuugaugagca	gcaucaaauuugguuguuuu	gcaucaaauuugguuguuuuaguacgaccucuuugaaaccccuaucacagccagcuuugaugagca	2:107237995..107238061:-
3_18467	183.7	16 +/- 19%	-	355	326	0	29	yes	aae-bantam-5p	dme-bantam-3p	-	-	ugagaucauuuugaaagcugauu	ccgguuuucauuuucgaucugacu	ccgguuuucauuuucgaucugacuuauuugauuuaacaagagugagaucauuuugaaagcugauu	3:178082830..178082895:+
2_8860	153.1	16 +/- 19%	-	292	195	0	97	yes	aae-miR-13-5p	dme-miR-2a-3p	-	-	uaucacagccauuuugacgaguu	ucguaaaaaugguugugcugug	ucguaaaaaugguugugcuguguuguuacgcucgaaauucauaucacagccauuuugacgaguu	2:107237649..107237713:-
2_7989	113.1	16 +/- 19%	-	214	212	0	2	yes	aae-miR-190	dme-miR-190-5p	-	-	agauauguuugauauucuugguug	cccaggaaucaaacauauuau	agauauguuugauauucuugguuguuaaauuuuauauuaucacccaggaaucaaacauauuau	2:48811879..48811942:-
3_23922	93.3	16 +/- 19%	-	174	149	0	25	yes	aae-miR-11-5p	dme-miR-2a-3p	-	-	caucacagucugaguucuugcu	cgagaacuccggcugugaccug	cgagaacuccggcugugaccuguguacacuuuauccaaaucacaucacagucugaguucuugcu	3:75489864..75489928:-
1_33871	86.3	16 +/- 19%	-	161	158	0	3	yes	aae-miR-996	dme-miR-279-3p	-	-	ugacuagauuacaugcucgucu	gcgugcaugaaucuggugcacg	gcgugcaugaaucuggugcacgguuuuccaguuguaauaucgcuucgugacuagauuacaugcucgucu	1:207012536..207012605:+
2_8865	80.5	16 +/- 19%	-	156	124	0	32	yes	aae-miR-71-5p	-	-	-	agaaagacauggguagugagau	ucucacuaccuugucuuucaug	agaaagacauggguagugagauaguuucacccuauugcacugggaucucacuaccuugucuuucaug	2:107238287..107238354:-
2_5145	76.7	16 +/- 19%	-	143	142	0	1	yes	aae-miR-14	dme-miR-14-3p	-	-	ucagucuuuuucucucuccuau	gggagcgagauuaaggcuugc	gggagcgagauuaaggcuugcuggucauuuauuacacucgaagucagucuuuuucucucuccuau	2:344767572..344767637:+
1_36345	63.1	16 +/- 19%	-	115	113	0	2	yes	aae-miR-33	dme-miR-33-5p	-	-	gugcauuguaguugcauugca	caauacuucugcaaugcaagcc	gugcauuguaguugcauugcacuuuugcguucgauaacacggugcaauacuucugcaaugcaagcc	1:50888880..50888946:-
1_33869	59	16 +/- 19%	-	108	64	0	44	yes	aae-miR-279	dme-miR-279-3p	-	-	ugacuagauccacacucauuaa	gaugggugugaaucuaguguuucaca	gaugggugugaaucuaguguuucacaugauuuucgauagccugugacuagauccacacucauuaa	1:207007788..207007853:+
2_8719	58.9	16 +/- 19%	-	107	103	2	2	yes	aae-miR-282-5p	dme-miR-282-5p	-	-	uagccucuccuaggcuuugucu	acauagccugacagagguuagg	uagccucuccuaggcuuugucuguuaccuuccuugggaauuccacuagccagacauagccugacagagguuagg	2:96911966..96912040:-
2_8717	45.4	16 +/- 19%	-	81	66	0	15	yes	aae-miR-281-5p	dme-miR-281-2-5p	-	-	aagagagcuauccgucgacagu	ugucauggaauugcucucuuua	aagagagcuauccgucgacaguagggauaugauucacugucauggaauugcucucuuua	2:96469361..96469420:-
3_23920	43.8	16 +/- 19%	-	77	70	0	7	yes	aae-miR-998	dme-miR-285-3p	-	-	uagcaccaugagauucagcuc	acugaacucucgugggucugca	acugaacucucgugggucugcaguugauauuucgaaagcuuguagcaccaugagauucagcuc	3:75489589..75489652:-
3_24176	34.1	16 +/- 19%	-	59	54	0	5	yes	aae-miR-92a-5p	dme-miR-92a-3p	-	-	uauugcacuugucccggccua	cgguacggacaggggcaac	cgguacggacaggggcaacauugugacauuugaaagcuaauauugcacuugucccggccua	3:93477597..93477658:-
2_8354	27.3	16 +/- 19%	-	45	42	0	3	yes	aae-miR-276-5p	dme-miR-276a-3p	-	-	uaggaacuucauaccgugcucu	agcgagguauagaguuccuacg	agcgagguauagaguuccuacguugcgugugcgaaauugguaggaacuucauaccgugcucu	2:73120452..73120514:-
2_8414	26.4	16 +/- 19%	-	43	42	0	1	yes	aae-miR-276-3p	dme-miR-276a-3p	-	-	uaggaacuucauaccgugcucu	gcgagguauagaguuccu	gcgagguauagaguuccuaugcguucggauaaaauauuccauaggaacuucauaccgugcucu	2:73509399..73509462:-
2_12677	24.5	16 +/- 19%	-	40	34	0	6	yes	aae-miR-9c-5p	dme-miR-9a-5p	-	-	ucuuugguauucuagcuguaga	uaaagcuuuaguaccagagguc	ucuuugguauucuagcuguagaauguugagcuuugugauaugguaucuucuaaagcuuuaguaccagagguc	2:335810364..335810436:-
2_8856	5.4	17 +/- 18%	-	659	659	0	0	yes	aae-miR-2c	dme-miR-2a-3p	-	-	uaucacagccagcuuugaugagcu	cucucaaaguggcugugaaaug	cucucaaaguggcugugaaaugguuugauuuugcucauaucacagccagcuuugaugagcu	2:107235884..107235945:-
3_19861	5.3	17 +/- 18%	-	15	13	0	2	yes	aae-miR-307	dme-miR-307a-3p	-	-	ucacaaccuccuugagugagc	acucacucaaccugggugugaug	acucacucaaccugggugugaugcuuauuugaaucaucacaaccuccuugagugagc	3:244794376..244794433:+
3_27196	5.3	17 +/- 18%	-	154	154	0	0	yes	aae-miR-278-5p	dme-miR-278-3p	-	-	ucggugggacuuucguccguuu	acggacgauagucuucagcggcc	acggacgauagucuucagcggccgugcauuugauagaaguggucggugggacuuucguccguuu	3:243123888..243123952:-
2_1353	5.3	17 +/- 18%	-	13	13	0	0	yes	aae-miR-988-5p	dme-miR-988-3p	-	-	ccccuuguugcaaaccucacgc	gugugcuuugugacaaugag	gugugcuuugugacaaugagauucgguucgauaucauccccuuguugcaaaccucacgc	2:93351380..93351439:+
2_4669	5.2	17 +/- 18%	-	342	342	0	0	yes	aae-miR-275-5p	dme-miR-275-3p	-	-	ucagguaccugaaguagcgcgcg	cgcgcuaagcaggaaccgagacu	cgcgcuaagcaggaaccgagacuuugucauuugcuagcagucagguaccugaaguagcgcgcg	2:307135668..307135731:+
1_42348	5.2	17 +/- 18%	-	215	215	0	0	yes	aae-miR-277-5p	dme-miR-277-3p	-	-	uaaaugcacuaucugguacgaca	gcgugucagaagugcauuuaca	gcgugucagaagugcauuuacauagguauuucccguuuagcaguauuuguaaaugcacuaucugguacgaca	1:302603812..302603884:-
1_42350	5.2	17 +/- 18%	-	476	470	0	6	yes	aae-miR-317	dme-miR-317-3p	-	-	ugaacacagcuggugguaucuca	cgggauacacccugugcucgcu	cgggauacacccugugcucgcuuugcauucgaaacuagugaacacagcuggugguaucuca	1:302667131..302667192:-
3_24170	5.1	17 +/- 18%	-	144	144	0	0	yes	aae-miR-92b-3p	dme-miR-92a-3p	-	-	aauugcacuugucccggccugc	aggucgugacuugugcccauuug	aggucgugacuugugcccauuugcugaauuuuaauggucaaauugcacuugucccggccugc	3:93418515..93418577:-
2_5539	5.1	17 +/- 18%	-	50	50	0	0	yes	aae-miR-2945-5p	dme-miR-279-3p	-	-	ugacuagaggcagacucguuua	agcggguccguuucuagugucaug	agcggguccguuucuagugucaugugcuguauucgaauaucaugacuagaggcagacucguuua	2:374947142..374947206:+
2_12672	5	17 +/- 18%	-	28	27	0	1	yes	aae-miR-79-5p	dme-miR-4-3p	-	-	auaaagcuagauuaccaaagc	gcuuuggcgcuuuagcuguauga	gcuuuggcgcuuuagcuguaugauagaauuuaauauuucauaaagcuagauuaccaaagc	2:335780886..335780946:-
2_12669	4.9	26 +/- 19%	-	36	36	0	0	yes	aae-miR-9b	dme-miR-9a-5p	-	-	ucuuuggugauuuuagcuguaug	uauagcuuuaucaccaaaaacc	ucuuuggugauuuuagcuguaugcugauacguuucugauugcauauagcuuuaucaccaaaaacc	2:335780574..335780639:-
NIGP01000533_44310	4.9	26 +/- 19%	-	21	21	0	0	yes	aae-miR-970	dme-miR-970-3p	-	-	ucauaagacacacgcggcuau	agcuugcguuugucuuagcuggua	agcuugcguuugucuuagcugguauugaaugugauagguaucauaagacacacgcggcuau	NIGP01000533:10107..10168:-
2_6221	4.9	26 +/- 19%	-	41	41	0	0	yes	aae-miR-965	dme-miR-965-3p	-	-	uaagcguauagcuuuucccau	gggaaauccuguacgcuguaug	gggaaauccuguacgcuguauguuguauuugaauaauccauaagcguauagcuuuucccau	2:429778751..429778812:+
2_4672	4	26 +/- 19%	-	799	799	0	0	yes	aae-miR-305-5p	dme-miR-305-5p	-	-	auuguacuucaucaggugcucugg	ccggcacauguuggaguacacuua	auuguacuucaucaggugcucugguuguuuucgauacccggcacauguuggaguacacuua	2:307145445..307145506:+
2_3180	3.7	30 +/- 18%	-	70	70	0	0	yes	aae-miR-7	dme-miR-7-5p	-	-	uggaagacuagugauuuuguuguu	uaacaauaaaucucaagucuuucuac	uggaagacuagugauuuuguuguuuugcuuacgauaauaacaauaaaucucaagucuuucuac	2:222802544..222802607:+
2_4850	2.5	64 +/- 9%	-	940	917	23	0	yes	aae-miR-11917	-	-	-	ccaaacauccguuugagcuga	agcuuaaacggauguuuuguu	ccaaacauccguuugagcugaaaacuuaaucgauuggucacuagccgguggugaccaaucgauuaaguuuucagcuuaaacggauguuuuguu	2:321319157..321319250:+
2_8162	2	64 +/- 9%	-	192904	192899	0	5	yes	aae-miR-11894a	-	-	-	uuuaccauuucaagaugaccua	ucuugaaaugguaaagagu	ucuugaaaugguaaagagugucaaccaucaucuuuaccauuucaagaugaccua	2:58783350..58783404:-
2_8164	1.9	69 +/- 7%	-	25739	25739	0	0	yes	aae-miR-11894b	-	-	-	uuuaccauuucaauaugaccua	ggucguauugaaaugguaaaga	ggucguauugaaaugguaaagagugucaaucaucaucuuuaccauuucaauaugaccua	2:58784590..58784649:-
2_12530	1.7	69 +/- 7%	-	203631	203631	0	0	yes	aae-miR-11895	-	-	-	uucaugcauucacuucugcuga	agcaggagugaaugcaugaguu	agcaggagugaaugcaugaguuugacaucugaaacuaauucaugcauucacuucugcuga	2:324949494..324949554:-
3_24303	1.4	69 +/- 7%	-	44	44	0	0	yes	aae-miR-2765	-	-	-	ugguaacuccaccaccguuggc	caaugggagcuggaguucccgcg	ugguaacuccaccaccguuggcgauauuugacagccaaugggagcuggaguucccgcg	3:101895454..101895512:-
2_13638	1.4	69 +/- 7%	-	24	24	0	0	yes	aae-miR-1890	-	-	-	ugaaaucuuugauuaggucugg	agagcuaauuggagaguucuug	agagcuaauuggagaguucuugaauaguguugugaaccuucaugaaaucuuugauuaggucugg	2:413654961..413655025:-
3_21741	0.6	47 +/- 8%	-	55	55	0	0	no	aae-miR-8-5p	dme-miR-8-3p	-	-	uaauacugucagguaaagauguc	caucuuaccgggcagcauuaga	caucuuaccgggcagcauuagauauuuuugaaauacuucuaauacugucagguaaagauguc	3:328527955..328528017:+
1_36848	0.3	47 +/- 8%	-	10	7	0	3	yes	aae-miR-87	-	-	-	ugagcaaauuuucagguguguc	cugaaauuugcuaaaccu	cugaaauuugcuaaaccuguguguauuugauucaaacaaucaaggugagcaaauuuucagguguguc	1:80682400..80682467:-
2_4670	-1	19 +/- 9%	-	342	342	0	0	no	aae-miR-275-3p	dme-miR-275-3p	-	-	ucagguaccugaaguagcgcgcg	ucaucaagcgacaacagaggcgugaaa	ucagguaccugaaguagcgcgcgugaucaaacaggaagcgucaucaagcgacaacagaggcgugaaa	2:307135708..307135775:+
2_8718	-2.3	0 +/- 1%	-	66	66	0	0	no	aae-miR-281-5p	dme-miR-281-2-5p	-	-	aagagagcuauccgucgacagu	cguugacgugggauuuuuuug	cguugacgugggauuuuuuuguucauuuuguucuuucgcugguuucgaauaugaaaauaaagagagcuauccgucgacagu	2:96469398..96469479:-

#miRBase miRNAs not detected by miRDeep2
miRBase precursor id	total read count	mature read count(s)	star read count	remaining reads	UCSC browser	NCBI blastn	miRBase mature sequence(s)	miRBase star sequence(s)	miRBase precursor sequence
1242	1203	0	39	-	-	ugguuuaucuuaucugucgaggc	gucgacagggagauaaaucacu	-	cauugguuuaucuuaucugucgaggcaaguuauuuuaccggauaguguuucuuuucgugagcaaucaccacuauccagcucuucuugucgacagggagauaaaucacug	
576	576	0	0	-	-	ucagguacugagugacucucag	gagagcaccucgguaucuaagc	-	cauucgcaauuucaccgguucagguacugagugacucucagaugugcauuucucaagcaaucucguccucaggaccugagguugaaaaacccugagagcaccucgguaucuaagccaguguugcgaaaa	
494	494	0	0	-	-	cacguuacagauugggguuucc	uaaucucaaauuguaacagugg	-	gagguaaucucaaauuguaacaguggguugauuuuccuggugaaucccggccuuguccuccgucacaagugugacaagugucucgaaaacguguucgcuauacccacguuacagauugggguuucccc	
115	115	0	0	-	-	caaccacuauccgcccugccgcc	uggcagugugguuagcugguug	-	caaggcaauacgcuauggcagugugguuagcugguuguguagaacuuuggggggcuuccguggcguucgcgcgcacacgggggcucagauucacaaccacuauccgcccugccgccgcgaggugccagg	
80	36	0	44	-	-	gugugugaaccguuggcggc	-	agcagugugugaaccguuggcggcgcaacgccugaugguauugaugcugcu	
16	11	0	5	-	-	ucacuuuuuagugacuugguc	-	caagucacuuuuuagugacuuggucacuuuuuucaaucuggucacuaaaaagucacuau	
11	11	0	0	-	-	uggaauguaaagaaguauggag	-	cgaaaguuccaugcuuccuugcauucaauagugauucugaaagcauauggaauguaaagaaguauggagcgcucgg	
7	7	0	0	-	-	uggcaagauguuggcauagcuga	-	cgagauuuugggagauugaaggucguguuugcagagugaaauuggcaacuuggcaagauguuggcauagcugaaaguuuugaguuuagcuauucaacuucuugucuauuuuuccaauuuauugacaacgaagaggcguuuuuccgugau	
6	6	0	0	-	-	ugagauucuacuucuccgacuuaa	aaguggaguaguggucucaucg	-	acgauaugaaauaaguggaguaguggucucaucgcuuaguauuagaaaagugagauucuacuucuccgacuuaauucauaucua	
6	5	0	1	-	-	aaaugggacugauaugcgaguau	-	ccauucucgcauaacaguaccauauucuugggauuucucauauaaaugggacugauaugcgaguaugg	
5	5	0	0	-	-	ugucuuuuuccgcuuacugccg	-	ccaacauuuugauugauuugucuuuuuccgcuuacugccgguggcauuugaaauucucgacagcaaaccgaaaaaggcgccucaaucaauu	
4	4	0	0	-	-	uuuuaggaggucaaaaucgcgu	-	gaacgcgguuuuggccuccuaaaaccgugcccauggagguuuuaggaggucaaaaucgcguuc	
3	3	0	0	-	-	agcauuuuuacaccucaggac	-	ucagcauuuuuacaccucaggacguaagauugcaucgcugccuggagucuugaaguaaaacaaugcuaa	
3	3	0	0	-	-	ucuuugguuaucuagcuguauga	-	gucaaaguucucuuugguuaucuagcuguaugagugaauuuagaacaucauaaagcuagcauaccgaaguuaauaguugac	
4	2	0	2	-	-	ucagaucuacuuaauacccau	-	acuccaauucuggguauuuuagauccuuggcauaguuacgugauugaaugcacuguucuucuuugguuuacccaguaucgaacacgcgucaaucugucagaucuacuuaauacccaua	
2	2	0	0	-	-	uaguacggaaaagauaugggga	-	uaugaacaaugaucgccauauuuuuaccgcuacugcauuucauuguaauaauuguaguacggaaaagauauggggauugggguucaua	
5	2	0	3	-	-	accguuacgcgcauauaauuug	-	gcagaccguuacgcgcauauaauuuggccauuuacggcauaauccaauggaaguggccaaacuauauuauaucgcucagu	
2	2	0	0	-	-	cuugugcgugugacaacgg	-	cucauugcagcugcugaccacugcacaagauuagauuaugacucuugugcgugugacaacggcuauug	
2	2	0	0	-	-	uuccugacuuauacgcuuaccu	-	augguaaguagauaaaucagaaagacguuuuuaucguuucuuccugacuuauacgcuuaccuc	
2	2	0	0	-	-	uugguccccuucaaccagcugu	-	cucggaaucgcugaauauagcugguugacuucgggucaaaucgucaaauauuugcaaagauauuuccucagugaaaucauuugguccccuucaaccagcuguagcagugaugcauuaca	
1	1	0	0	-	-	cacaaggccggauugaucaaga	-	accucggucaauccggaacuguuggcucggcacaaaagcgaccacaaggccggauugaucaagagu	
1	1	0	0	-	-	ugugaugugacguagugguac	-	uucaucauacggucaugggggaccgccgcuaccucgcuuucacuugguaccgauuucccauaauccaugugaugugacguagugguaccuucccuuggcuauuacaacacuuccu	
1	1	0	0	-	-	uauugcuugagaauacacguag	-	uauucaucgagcaacuugguuggccacgcguauucuuggguuauuaacacacuguuuauguuguuauugcuugagaauacacguaguugacaaguguuucaca	
1	1	0	0	-	-	uagcugccuagugaagggc	cggccguucauugggucaucuagc	-	acuacaauucggccguucauugggucaucuagcucguguuggaaacaguuagcugccuagugaagggcaauauugu	
1	1	0	0	-	-	uagcaccauucgaaaucaguac	-	guuaaucuuccuaaguacuggcuuccaaaggugaguagauggcauucgauacacucuagcaccauucgaaaucaguacugaaggcgaagauuuguucugcguga	
1	1	0	0	-	-	auuagaauguggaaucuguuuu	-	gaccauuagaauguggaaucuguuuuuguacaucaaguguuacgaaacgaagcaaaaaaguuuucauauucuugcgguc	
1	1	0	0	-	-	ucccugagacccuaacuuguga	-	uuaguuuuguuucugcugauucccugagacccuaacuugugacuauaguugaaguuucacaaguuuugaucuccgguauuagcggucgagauuca	
1	1	0	0	-	-	auugacucuaguagggagucc	-	ugccuacgacugguccaaauugacucuaguagggaguccuuguguacgagugacucccuaacggagucagauugaacccgguaggaugg	
1	1	0	0	-	-	caucacagaauuguuuuuacug	-	aaacaucacagaauuguuuuuacugauaaggaacuauguguaaaaauaauucuguaaaguuu	
7	1	0	6	-	-	uuccgaaguugggugucucgc	-	ugcaagauacccuacuucggaaguagggcgcauuagagcgcauccggaugcgaaucgaaugcaccacuuccgaaguugggugucucgca	
10	1	0	9	-	-	auuuuuuugacuguaauuuuauag	-	augguaaaauuacguugaaaaaucgucucccucaaaaaaugaaaccugagacuaacaggagauuuuuuugacuguaauuuuauagu	


3	0	0	3	-	-	uucaggagaucaucgagguagc	-	uggcuaucucgaugguccccugaacuacaguugcaacaaaacaaguguucaggagaucaucgagguagcca	





22	0	0	22	-	-	cgagauacggagagauugcgaca	-	cagucgccucuucacaucucgauaucgaagggaccaucgagauacggagagauugcgacaa	




3	0	0	3	-	-	aauguuggacaacugcaaggu	-	auaaaauguuggacaacugcaagguacuucaagguuuuuauuucgucuuuaauacaggguaucugcagugaucgauuuucucu	
































1	0	0	1	-	-	ugacuagaccgaacacucgcguccu	-	aucguuauuuggggcgauugucggacuagucgcugcguacaaaacggaacuauuucaacuagugacuagaccgaacacucgcguccuaaagcacgau	




8	0	0	8	-	-	uuggacuggcaugcguuuaugg	-	cccauaaacgcauaauugucccaugugaauagaaaauccagccacauuggacuggcaugcguuuauggg	
