miRDeep2 score	novel miRNAs reported by miRDeep2	novel miRNAs, estimated false positives	novel miRNAs, estimated true positives	known miRNAs in species	known miRNAs in data	known miRNAs detected by miRDeep2	estimated signal-to-noise	excision gearing
10	13	13 +/- 4	2 +/- 2 (12 +/- 14%)	164	113	53 (47%)	4.3	3
9	14	13 +/- 4	2 +/- 2 (14 +/- 15%)	164	113	54 (48%)	4.4	3
8	15	14 +/- 4	2 +/- 2 (15 +/- 16%)	164	113	54 (48%)	4.3	3
7	15	14 +/- 4	2 +/- 2 (13 +/- 15%)	164	113	54 (48%)	4.2	3
6	16	14 +/- 4	2 +/- 2 (15 +/- 16%)	164	113	54 (48%)	4.2	3
5	18	15 +/- 4	4 +/- 3 (20 +/- 16%)	164	113	72 (64%)	5	3
4	23	16 +/- 4	7 +/- 4 (30 +/- 16%)	164	113	90 (80%)	5.7	3
3	25	36 +/- 5	0 +/- 0 (0 +/- 2%)	164	113	93 (82%)	2.7	3
2	28	48 +/- 6	0 +/- 0 (0 +/- 0%)	164	113	93 (82%)	2.1	3
1	67	59 +/- 6	9 +/- 5 (13 +/- 8%)	164	113	101 (89%)	2.5	3
0	120	156 +/- 9	0 +/- 0 (0 +/- 0%)	164	113	105 (93%)	1.3	3
-1	154	350 +/- 14	0 +/- 0 (0 +/- 0%)	164	113	105 (93%)	0.7	3
-2	199	539 +/- 16	0 +/- 0 (0 +/- 0%)	164	113	105 (93%)	0.5	3
-3	295	723 +/- 19	0 +/- 0 (0 +/- 0%)	164	113	105 (93%)	0.5	3
-4	446	891 +/- 22	0 +/- 0 (0 +/- 0%)	164	113	105 (93%)	0.6	3
-5	597	1062 +/- 22	0 +/- 0 (0 +/- 0%)	164	113	106 (94%)	0.6	3
-6	728	1215 +/- 24	0 +/- 0 (0 +/- 0%)	164	113	106 (94%)	0.7	3
-7	870	1348 +/- 27	0 +/- 0 (0 +/- 0%)	164	113	106 (94%)	0.7	3
-8	1020	1465 +/- 28	0 +/- 0 (0 +/- 0%)	164	113	106 (94%)	0.8	3
-9	1156	1569 +/- 27	0 +/- 0 (0 +/- 0%)	164	113	106 (94%)	0.8	3
-10	1278	1660 +/- 29	0 +/- 0 (0 +/- 0%)	164	113	106 (94%)	0.8	3



novel miRNAs predicted by miRDeep2
provisional id	miRDeep2 score	estimated probability that the miRNA candidate is a true positive	rfam alert	total read count	mature read count	loop read count	star read count	significant randfold p-value	miRBase miRNA	example miRBase miRNA with the same seed	UCSC browser	NCBI blastn	consensus mature sequence	consensus star sequence	consensus precursor sequence	precursor coordinate
2_10474	1440.2	12 +/- 14%	rRNA	2842	2841	0	1	no	-	-	-	-	auaccauguugaaaacaccaguucu	cacugaaguuaagcaaca	auaccauguugaaaacaccaguucucguccgaucacugaaguuaagcaaca	2:195972914..195972965:-
1_33707	135.5	12 +/- 14%	-	264	209	0	55	yes	-	-	-	-	caauccaauccaaacccaaucc	auuggguuuggauuggauuagga	auuggguuuggauuggauuaggauugcauuugaacuccaauccaauccaaacccaaucc	1:9914681..9914740:-
3_22414	89.5	12 +/- 14%	-	174	172	0	2	yes	-	-	-	-	guaggccggcggaaacuacuugc	agggguuucuuucggccuccag	agggguuucuuucggccuccagcggcauuagauaguuguaggccggcggaaacuacuugc	3:6069685..6069745:-
3_28317	72.3	12 +/- 14%	-	143	79	0	64	yes	-	-	-	-	auuggauuugauuuguauuggaua	auuggauuugaauuggauuug	auuggauuugauuuguauuggauauaauuuguauuggauuugaauuggauuug	3:371757373..371757426:-
2_14535	42.1	12 +/- 14%	-	88	85	0	3	yes	-	-	-	-	uucagacguugugacaaugc	auucuacgacaaagucaaauu	uucagacguugugacaaugcgugacagugcgucugcgauuacauucgcuuugccuuguauguauucuacgacaaagucaaauu	2:428777485..428777568:-
3_28833	30.8	12 +/- 14%	-	101	63	0	38	no	-	-	-	-	uuauaauacaagcauucuuaau	uguagcauaugcguauaaau	uguagcauaugcguauaaauaguauuaauuauaauacaagcauucuuaau	3:408744577..408744627:-
2_14949	24.8	12 +/- 14%	-	63	61	0	2	no	-	-	-	-	agucaggucguguauuuguauu	aggaauagcacgagcugcaugu	agucaggucguguauuuguauuuguccgucuccugucacgucgguuaugaucauguucguccauaguaggaauagcacgagcugcaugu	2:461218569..461218658:-
3_16051	22.6	12 +/- 14%	-	43	41	0	2	yes	-	-	-	-	uaaggccaaugacaguuugcgaaau	gagcaagagagagucauuggccucucac	gagcaagagagagucauuggccucucaccaugcuaaggccaaugacaguuugcgaaau	3:38832822..38832880:+
2_1648	20.6	12 +/- 14%	-	53	33	0	20	no	-	-	-	-	uaugagagcugagggcaca	gugcuuccggacauuccgaa	gugcuuccggacauuccgaauucuagccccucccagugaguaguagauuaugagagcugagggcaca	2:102884464..102884531:+
1_31349	12	12 +/- 14%	-	46	26	0	20	no	-	-	-	-	acugguuauugagcaaaaau	acugcacaaucgacaagcauuuc	acugguuauugagcaaaaauauuacugcacaaucgacaagcauuuc	1:175474120..175474166:+
2_14556	11.2	12 +/- 14%	-	34	32	0	2	no	-	-	-	-	acaaaaaacgcaucagaagagguu	aaagcuuuugggaaguuuuuc	aaagcuuuugggaaguuuuucgcuauggaucgaaacacuaugucuuuggcuagcguuccauacaaaaaacgcaucagaagagguu	2:429812935..429813020:-
2_6156	10.6	12 +/- 14%	-	18	17	0	1	yes	-	-	-	-	ccauggguugaauuccgccggu	cggcggaauucaacccaugacu	ccauggguugaauuccgccgguuuguuccgauacaucggcggaauucaacccaugacu	2:404562446..404562504:+
2_8709	10.6	12 +/- 14%	-	18	17	0	1	yes	-	-	-	-	ccauggguugaauuccgccggu	cggcggaauucaacccaugacu	ccauggguugaauuccgccgguuuguuccgauacaucggcggaauucaacccaugacu	2:101138860..101138918:-
NIGP01000077_39631	9	14 +/- 15%	-	32	31	0	1	no	-	-	-	-	agaaagauguguuuuaaa	uuaaaaauuauuuuuuuuu	agaaagauguguuuuaaaguucuuuuaauuuuuuaaaaauuauuuuuuuuu	NIGP01000077:14105..14156:-
NIGP01000352_40916	8	15 +/- 16%	-	23	21	0	2	no	-	-	-	-	aucgauuggaaagccugaacauu	cggagugggcugcuccaauu	aucgauuggaaagccugaacauuauuucccccguggauuucucggagugggcugcuccaauu	NIGP01000352:5226..5288:+
2_9732	6.5	15 +/- 16%	-	11	10	0	1	yes	-	-	-	-	gauacagccauaccguggaag	uccacgcuaugccugaau	uccacgcuaugccugaaucaguaaaauuugaaaaucgaaugugcauucgauuuuuaaaauccacugauacagccauaccguggaag	2:154129243..154129329:-
3_16711	5.2	20 +/- 16%	-	127	127	0	0	yes	-	dme-miR-971-3p	-	-	uugguguuauaucuuacagugag	ggcuguaaguauuacagcaagc	ggcuguaaguauuacagcaagcuugcuauucgaaaggcgcuugguguuauaucuuacagugag	3:82678953..82679016:+
3_28242	5.2	20 +/- 16%	-	40	36	0	4	no	-	-	-	-	uaaggaaggaggcgaccaacuuu	aaggagaggcuucuggac	aaggagaggcuucuggaccuaccaguaaccggcuaaggaaggaggcgaccaacuuu	3:369591172..369591228:-
1_34191	4.7	30 +/- 16%	-	144	144	0	0	yes	-	dme-miR-9372-5p	-	-	uaaaagcaaaugagaaccac	gguucucauuuggucauaug	uaaaagcaaaugagaaccacauuaaauaauaaguguuuaucuauuauuuaaugugguucucauuuggucauaug	1:34089727..34089801:-
3_15994	4.6	30 +/- 16%	-	42	42	0	0	yes	-	dme-miR-9377-3p	-	-	auugauggaaagacagcccuacac	guagaggagcuacuuuccaucgacgg	auugauggaaagacagcccuacacuuugcugccagccaaagcugcuaccuugagauuguagaggagcuacuuuccaucgacgg	3:36887324..36887407:+
3_23668	4.6	30 +/- 16%	-	16	13	0	3	no	-	-	-	-	acggaacaggagagcaaugccccc	aggcucgucuccaugcccgucacuuc	aggcucgucuccaugcccgucacuucggugcccgcgccaagaaggcaaaggaagccacggaacaggagagcaaugccccc	3:82820427..82820507:-
3_16626	4.2	30 +/- 16%	-	21	20	0	1	no	-	-	-	-	uacauucacugucgauaagaccgcu	aagguucuuggaaacgacaaggaauu	uacauucacugucgauaagaccgcuacuuuaaagguucuuggaaacgacaaggaauu	3:77705219..77705276:+
1_33512	4.2	30 +/- 16%	-	29	29	0	0	yes	-	dme-miR-iab-8-5p	-	-	uuacguauacugaagguauacc	gauacauucaguauacguucau	uuacguauacugaagguauaccggauagauagcacucaggauacauucaguauacguucau	1:308965424..308965485:+
2_9396	3.7	0 +/- 2%	-	76	76	0	0	yes	-	dme-miR-976-3p	-	-	uuggauuagauuuggauuggauu	auugauuagauucuaauugaauu	auugauuagauucuaauugaauuucgauggaauuuguguuuggauugaauuuggauuagauuuggauuggauu	2:135618299..135618372:-
1_30678	3.6	0 +/- 2%	-	81	81	0	0	yes	-	dme-miR-4953-3p	-	-	auuuuuauuuuucugauugcuaugu	ugaguaugagagacuuaaaaauuu	auuuuuauuuuucugauugcuauguauugaguaugagagacuuaaaaauuu	1:135971585..135971636:+
1_38276	2.7	0 +/- 0%	-	46	46	0	0	yes	-	-	-	-	uaugaccaccgaauuaacuu	guuaauucgguggucauaua	guuaauucgguggucauauauuuuuaugaccaccgaauuaacuu	1:241858972..241859016:-
2_2028	2.1	0 +/- 0%	-	27	26	0	1	yes	-	-	-	-	cuagaggcagcaacagccgcu	ucuugcugccucaaggcggaaa	cuagaggcagcaacagccgcucaaaauuuccuugcgcggcucuugcugccucaaggcggaaa	2:126243800..126243862:+
3_22180	2	0 +/- 0%	-	49	49	0	0	yes	-	-	-	-	uuaaaucugaaaaaaaaa	uuguuuucagguuuuuug	uuaaaucugaaaaaaaaauggugccaguaccugucaaaguugacagguacuggcacuauuguuuucagguuuuuug	3:400827496..400827572:+
2_14822	1.9	13 +/- 8%	-	83	80	0	3	yes	-	-	-	-	acggaaccgcucaagcguaaaauaa	uuugacguuugagcggugcc	uuugacguuugagcggugccaaauucacucguugacauagucacauaaauaacacggaaccgcucaagcguaaaauaa	2:452844984..452845062:-
3_19913	1.9	13 +/- 8%	-	31	31	0	0	yes	-	-	-	-	aaaccauugagaacaaguggc	cagggguucucaaccggugguc	cagggguucucaaccggugguccgcggaccucuagggggccguaaagaguucucaggggguccgcgaaaccauugagaacaaguggc	3:265273609..265273696:+
3_21027	1.8	13 +/- 8%	-	16	16	0	0	yes	-	-	-	-	aauaaggacguaguagucg	acuacuuacgucuugauuuc	acuacuuacgucuugauuucgucuuugcuugaaucaaaagcgaaauaaggacguaguagucg	3:315074361..315074423:+
NIGP01000563_39824	1.7	13 +/- 8%	-	72	72	0	0	yes	-	-	-	-	augagggcaggaucaaacauguc	uguguuugauccuucgaccuugaug	uguguuugauccuucgaccuugaugcuugcuccugcgggggccggcgaugagggcaggaucaaacauguc	NIGP01000563:62662..62732:-
1_30713	1.7	13 +/- 8%	-	15	15	0	0	yes	-	-	-	-	gcuuggcgauccaccauuc	auuguggaggccuucaagcac	auuguggaggccuucaagcacggauacggacugcguaccaagcuuggcgauccaccauuc	1:139797320..139797380:+
1_30046	1.7	13 +/- 8%	-	40	40	0	0	yes	-	-	-	-	caaggauggccaaccguugaacau	ggacgaugguggcgaucugacca	caaggauggccaaccguugaacaugauccuggacgaugguggcgaucugacca	1:82001922..82001975:+
3_16454	1.7	13 +/- 8%	-	26	26	0	0	yes	-	-	-	-	agagcaaugcgcugaacc	aguagugcuugcuuucg	agagcaaugcgcugaaccaaccguagcguaccucgcggguaugccagccagccaguagugcuugcuuucg	3:65641236..65641306:+
2_909	1.6	13 +/- 8%	-	183	183	0	0	yes	-	-	-	-	uuuaccauuucaagacgaccca	ggucaucuugaaaugguaaaga	ggucaucuugaaaugguaaagaugaugauugacacucuuuaccauuucaagacgaccca	2:58786286..58786345:+
2_4270	1.6	13 +/- 8%	-	20	20	0	0	yes	-	-	-	-	acacgccaaugaagcgauacaguau	acauggguugguucguuggucggugg	acacgccaaugaagcgauacaguauucugaacacauggguugguucguuggucggugg	2:262323340..262323398:+
2_4125	1.6	13 +/- 8%	-	24	24	0	0	yes	-	-	-	-	cgccaaaccacucgaacccgaucau	gauuggguuucgugcguccgcuuc	gauuggguuucgugcguccgcuucucgccaaaccacucgaacccgaucau	2:253478488..253478538:+
2_6103	1.5	13 +/- 8%	-	110	110	0	0	yes	-	-	-	-	auauuuucaaccagcaaucuuu	uauuugcugguugaaaauacug	uauuugcugguugaaaauacugccauuugauuuugcugggaacagcugaucuuuguuuauauuuucaaccagcaaucuuu	2:402778161..402778241:+
2_11903	1.5	13 +/- 8%	-	25	25	0	0	yes	-	-	-	-	uucuuucggacugcuguc	uugcagugugaagaaga	uucuuucggacugcugucguugcagugugaagaaga	2:272425237..272425273:-
3_16070	1.5	13 +/- 8%	-	61	61	0	0	yes	-	-	-	-	auguuauaugucauguaaucac	gauuacaugacauauaauugaa	auguuauaugucauguaaucacucagaauccugcuggauuacaugacauauaauugaa	3:40697661..40697719:+
1_38152	1.5	13 +/- 8%	-	50	50	0	0	yes	-	-	-	-	cuaucuggaugcggaccggggcaac	gauucugagcugcugccgaaagau	gauucugagcugcugccgaaagauaucuucguacacuugaacgauaucuaucuggaugcggaccggggcaac	1:234089833..234089905:-
2_5967	1.5	13 +/- 8%	-	14	14	0	0	yes	-	-	-	-	ucggcggcggcaaugauagauucg	aauaacuucaauaaccguggucgcga	aauaacuucaauaaccguggucgcgauuucggcggcggcaaugauagauucg	2:389590122..389590174:+
3_19403	1.5	13 +/- 8%	-	45	45	0	0	yes	-	-	-	-	aggagcaauguagagcgugcacaau	agugcgccucuaugagcucauua	agugcgccucuaugagcucauuaucacgaacucgaucaggagcaauguagagcgugcacaau	3:230528866..230528928:+
2_6205	1.5	13 +/- 8%	-	7	7	0	0	yes	-	dme-miR-375-5p	-	-	gcuugggcacucuggauuguucguu	ugauuaacuccugacgugcccaagcag	ugauuaacuccugacgugcccaagcagccaacacaacuagcacuauauuucgcuugggcacucuggauuguucguu	2:409202800..409202876:+
3_22491	1.5	13 +/- 8%	-	22	22	0	0	yes	-	-	-	-	acgauauggccaacgacagc	ugucguucacggccaucuugguag	acgauauggccaacgacagcaaacugggccugcauagauucuugcgagcccugucguucacggccaucuugguag	3:9996193..9996268:-
NIGP01001908_39844	1.4	13 +/- 8%	-	3	3	0	0	yes	-	dme-miR-4978-5p	-	-	accuggaauuccuccagggau	uccuccagggauuccaccugg	uccuccagggauuccaccuggaauuccuccagggauuccaccuggaauuccuccagggauuccaccuggaauuccuccagggau	NIGP01001908:66854..66938:-
2_12710	1.4	13 +/- 8%	-	39	39	0	0	yes	-	-	-	-	agauuaucaccagaaaccguacgau	ugcagggucugaugaugaucugc	ugcagggucugaugaugaucugcuuucagaggauuuuagugauccuaacuaaaauccacccaaaucagauuaucaccagaaaccguacgau	2:307575108..307575199:-
3_27470	1.4	13 +/- 8%	-	33	33	0	0	yes	-	-	-	-	cagaagcuggcaaagcugc	agcuggcaaagcuucucuu	agcuggcaaagcuucucuucagaagcuggcaaagcuucucuucagaagcuggcaaagcugc	3:314037714..314037775:-
2_13996	1.4	13 +/- 8%	-	29	29	0	0	yes	-	-	-	-	acgaucaaaacaaucauuaauc	ugauaaugauuguuuucaaaucguuc	ugauaaugauuguuuucaaaucguucugaauagucaguggaauacgaucaaaacaaucauuaauc	2:387412096..387412161:-
3_26067	1.3	13 +/- 8%	-	40	40	0	0	yes	-	-	-	-	aguugggcaggcucaaaaua	agaaggguuugcuccacgcg	aguugggcaggcucaaaauaugaaagaaggguuugcuccacgcg	3:220123034..220123078:-
3_18411	1.3	13 +/- 8%	-	21	21	0	0	yes	-	-	-	-	aaaacauaccgucgugcggg	ccaucgacgguauauuagaaguga	ccaucgacgguauauuagaagugauuaguuuaucaaaacauaccgucgugcggg	3:174442981..174443035:+
3_27694	1.3	13 +/- 8%	-	60	60	0	0	yes	-	-	-	-	augaaaccgaaggucgucguacu	agagaucgacacuucgguugucaugc	agagaucgacacuucgguugucaugccacuuaugaaaccgaaggucgucguacu	3:326600717..326600771:-
1_32103	1.3	13 +/- 8%	-	19	19	0	0	yes	-	-	-	-	gaaucggcgaugcauccc	cuagcguugccgauuccc	cuagcguugccgauucccaauauaaccauccaucguauucaaccggaaucggcgaugcauccc	1:218593608..218593671:+
2_3818	1.3	13 +/- 8%	-	42	42	0	0	yes	-	-	-	-	acuuugauuuuuuagauuguuaugu	augagggacuugaaaauuggcacca	acuuugauuuuuuagauuguuauguauuaaguaugagggacuugaaaauuggcacca	2:240831228..240831285:+
1_30082	1.2	13 +/- 8%	-	46	46	0	0	yes	-	-	-	-	augauguaaucgcaaaac	ugaucguuacguuaacc	augauguaaucgcaaaacggcugaaggcagaaggguuacuugagccguugaucguuacguuaacc	1:86551192..86551257:+
2_10888	1.2	13 +/- 8%	-	32	32	0	0	yes	-	dme-miR-4969-3p	-	-	ucaccuguuuaaaagagaaaaaaa	caguucagaguuuuuuacaggugagu	caguucagaguuuuuuacaggugaguaaauuucaccuguuuaaaagagaaaaaaa	2:216891871..216891926:-
3_16952	1.2	13 +/- 8%	-	32	32	0	0	yes	-	-	-	-	aaaagaaagcgcuggccguaacau	ggccgugugguuagcgucguua	aaaagaaagcgcuggccguaacaugaaauaaaauauaauauugugggucucguggccgugugguuagcgucguua	3:93884414..93884489:+
3_20393	1.2	13 +/- 8%	-	33	33	0	0	yes	-	-	-	-	auuugguugucuuugguc	cugggugcuaacucc	cugggugcuaacucccugcuggauuugguugucuuugguc	3:291650912..291650952:+
3_26049	1.2	13 +/- 8%	-	23	23	0	0	yes	-	-	-	-	aacaaccugaucauugguagca	uuacuaguggcaauaguggauugauca	aacaaccugaucauugguagcaacguuacuaguggcaauaguggauugauca	3:219558339..219558391:-
3_28530	1.1	13 +/- 8%	-	20	20	0	0	yes	-	-	-	-	uuuuuggaugucaaacugaagaagg	guucauaguuugacguccugaaaug	guucauaguuugacguccugaaaugcauuuuuuggaugucaaacugaagaagg	3:383651141..383651194:-
2_13145	1.1	13 +/- 8%	-	27	27	0	0	yes	-	-	-	-	ucgaaugacguuuggucgagugac	cauuuggucgaauggacauuugguc	ucgaaugacguuuggucgagugacauuuggucgaaaguacauuuggucgaaaggacauuuggucgaauggacauuugguc	2:331452867..331452947:-
2_3997	1.1	13 +/- 8%	-	30	30	0	0	yes	-	-	-	-	uaggggugcaaugagugaccuuac	gaguaacgcuucuucgccugagaa	gaguaacgcuucuucgccugagaaggcaaucauggucguagccaugauuuucuuuaggggugcaaugagugaccuuac	2:246998242..246998320:+
3_21545	1.1	13 +/- 8%	-	17	17	0	0	yes	-	-	-	-	agcgauucacugaccaagu	ucggucgguuucagcugu	ucggucgguuucagcuguucagcgauucacugaccaagu	3:348413464..348413503:+
1_32794	1	13 +/- 8%	-	60	60	0	0	yes	-	-	-	-	ucaacgaaugaaagugaacc	uuccgcuuuccguugccg	ucaacgaaugaaagugaaccaagucugguucgacaagcaugcuacaguucaugcuggcgaacugguuccgcuuuccguugccg	1:257952296..257952379:+
3_23215	1	13 +/- 8%	-	26	26	0	0	yes	-	-	-	-	auuggucaguggacagaaaac	caucuuccuguggccaucg	auuggucaguggacagaaaacacuuuggaaacauccucaucuuccuguggccaucg	3:51267791..51267847:-
2_8922	1	13 +/- 8%	-	40	40	0	0	yes	-	-	-	-	augagaguggccaaauuaggag	ccuaaauuggcuaauugcauug	ccuaaauuggcuaauugcauugauuucucaugagaguggccaaauuaggag	2:112447248..112447299:-
1_32035	0.9	0 +/- 0%	-	58	58	0	0	yes	-	-	-	-	auuugugcacuguugcauaugc	auguguucagugccaucgaa	auguguucagugccaucgaacugauuugugcacuguugcauaugc	1:213008363..213008408:+
NIGP01002231_39276	0.9	0 +/- 0%	-	27	27	0	0	yes	-	-	-	-	ucacuugaauuuggaagagugaucc	cucuucuuccagauuuaauugguu	cucuucuuccagauuuaauugguuuggagcaaugauugacccuaugcggcaagugcuguuccucaaaaucacuugaauuuggaagagugaucc	NIGP01002231:223691..223784:-
2_2708	0.9	0 +/- 0%	-	16	16	0	0	yes	-	-	-	-	guguuaaaaauccacccgguaauu	ucaccgggucgggauguggcgaacacca	guguuaaaaauccacccgguaauuaauauucccuucguucaucaccgggucgggauguggcgaacacca	2:173951740..173951809:+
3_20386	0.9	0 +/- 0%	-	43	43	0	0	yes	-	-	-	-	ucgucgaaaaaucucuccucca	guaggagcgacaauggcucgacuucg	ucgucgaaaaaucucuccuccagugccgguaggagcgacaauggcucgacuucg	3:291377040..291377094:+
2_15253	0.8	0 +/- 0%	-	41	41	0	0	no	-	dme-miR-2494-3p	-	-	uucccagugcagauucaaaac	ugaugacuuugcacgugguaagu	uucccagugcagauucaaaacggccaguggaagauuguucagggcuuguccguugaugacuuugcacgugguaagu	2:470385258..470385334:-
3_22922	0.8	0 +/- 0%	-	48	48	0	0	yes	-	-	-	-	agaugacgaagcgguugaauggu	uucaucucauucguaucgaucacucgua	uucaucucauucguaucgaucacucguaauucaagaugacgaagcgguugaauggu	3:33053286..33053342:-
2_15090	0.8	0 +/- 0%	-	37	35	0	2	no	-	-	-	-	uuguauaguuuuucucgucguugg	ccucaauggaaaaauauccauuuaaca	ccucaauggaaaaauauccauuuaacauguuacgaaguguaucgucuucgugguucaucauuguauaguuuuucucgucguugg	2:461334194..461334278:-
2_905	0.8	0 +/- 0%	-	21	21	0	0	yes	-	-	-	-	uuuaccauuucaauacgaccca	ggucauauugaaaugguaaaga	ggucauauugaaaugguaaagaugaugauugacacucuuuaccauuucaauacgaccca	2:58784592..58784651:+
2_12746	0.7	0 +/- 0%	-	22	22	0	0	yes	-	-	-	-	cuaaucgauuacgcgacaaa	caucguguaaucuagca	caucguguaaucuagcauggacucuaaucgauuacgcgacaaa	2:309381658..309381701:-
NIGP01000450_40063	0.7	0 +/- 0%	-	24	24	0	0	yes	-	-	-	-	ugggaauuacaucaggaguu	uuccuccagggauuacaucaga	uuccuccagggauuacaucagaagguucuucuagggauaacaaaagaacuuuucugggaauuacaucaggaguu	NIGP01000450:30711..30785:+
2_5946	0.7	0 +/- 0%	-	32	32	0	0	yes	-	-	-	-	uugagaagcaggaaaacuuggccac	gagcgagauuuuaugcuucuauuau	uugagaagcaggaaaacuuggccacacuaucgaugaccgaucggaagauuaaggaguugaacaaggugagcgagauuuuaugcuucuauuau	2:388922576..388922668:+
2_5152	0.7	0 +/- 0%	-	24	24	0	0	yes	-	-	-	-	gcaugacgguacugucuucuccau	ggacuauacgaacgccguucggcac	gcaugacgguacugucuucuccauccuuauucggacuauacgaacgccguucggcac	2:324410739..324410796:+
1_36594	0.7	0 +/- 0%	-	44	44	0	0	yes	-	-	-	-	acuuuucgaggugcugcaau	guaaggauuucgagaaacug	guaaggauuucgagaaacugcaucauaaauacuauaauuuaugauuugaugcuaaacuuuucgaggugcugcaau	1:203148949..203149024:-
3_24375	0.6	0 +/- 0%	-	77	77	0	0	yes	-	-	-	-	ucgauauaacguaacucgauu	uuuucguuacguuauaucgagg	ucgauauaacguaacucgauuuuuauuuucguuacguuauaucgagg	3:122243232..122243279:-
2_3999	0.6	0 +/- 0%	-	21	21	0	0	yes	-	-	-	-	agaaugaguucuuggaaa	gcgaggagcuuuuuga	gcgaggagcuuuuugaggaguucuuaagagaaauucaggaagaaccuuuagaaugaguucuuggaaa	2:247000536..247000603:+
2_2963	0.6	0 +/- 0%	-	49	49	0	0	no	-	dme-miR-978-3p	-	-	aguccaguauuugaugaacuuac	aaggacauacugaaugcugggggcu	aaggacauacugaaugcugggggcucuagggcccaacuuaguccaguauuugaugaacuuac	2:190004571..190004633:+
3_20470	0.6	0 +/- 0%	-	34	34	0	0	yes	-	-	-	-	agagguguccaguagcaac	ggcggcggaggcagcaag	agagguguccaguagcaacaagaguggcggcggaggcagcaag	3:294158847..294158890:+
2_2177	0.6	0 +/- 0%	-	80	80	0	0	yes	-	-	-	-	ccuugaucuaugacaaaguucuuau	gagaagcuuugucuggauuacuagu	gagaagcuuugucuggauuacuaguuggacuacuccuugaucuaugacaaaguucuuau	2:134384976..134385035:+
1_31091	0.6	0 +/- 0%	-	18	18	0	0	yes	-	-	-	-	augaaugcgacaaaccaugcc	gaggguuauggagcauucuucu	gaggguuauggagcauucuucugcaguggagagugcaacuucccacuaaaugcucauaugaaugcgacaaaccaugcc	1:156529528..156529606:+
NIGP01000450_40064	0.6	0 +/- 0%	-	24	24	0	0	yes	-	-	-	-	ugggaauuacaucaggaguu	cuccugggauucuuucuaga	ugggaauuacaucaggaguucuuuuagagauuucaagaagaguuccuucagggguuucauuagcacuccugggauucuuucuaga	NIGP01000450:30765..30850:+
1_31088	0.6	0 +/- 0%	-	27	27	0	0	yes	-	-	-	-	aucaugccaaacaacuguuau	uuauguuauguuuggcauuaugc	aucaugccaaacaacuguuaugucaaacguuauguuauguuuggcauuaugc	1:156484895..156484947:+
3_16987	0.6	0 +/- 0%	-	40	40	0	0	yes	-	-	-	-	aagaagagucacaaacauagc	gguggagaaggauucuucaaaa	gguggagaaggauucuucaaaaaagaaaaagaagaagagcaaaaagaagagucacaaacauagc	3:95794530..95794594:+
3_26931	0.5	0 +/- 0%	-	72	72	0	0	yes	-	-	-	-	uauaacguuguaaagccuaacggau	caaaggcuuucacaaugcgucgug	uauaacguuguaaagccuaacggauugaagaugauuuggcauaaagucaacauuccuucaaaggcuuucacaaugcgucgug	3:286839768..286839850:-
3_23168	0.5	0 +/- 0%	-	40	40	0	0	yes	-	-	-	-	gcaugcggaagaauuccacu	uggacuucuucucgaucaaugcac	uggacuucuucucgaucaaugcacaacgcgcagcacucgccaucacggccaacugcugucugaaucugcaugcggaagaauuccacu	3:47826225..47826312:-
2_5858	0.5	0 +/- 0%	-	24	24	0	0	yes	-	-	-	-	uuaauaaagcaaucguggcuac	ugucacaaucuuuguuucuguuggug	uuaauaaagcaaucguggcuacacucauuucugaguuaacagccagagauguaugugcugucacaaucuuuguuucuguuggug	2:381015436..381015520:+
2_13341	0.5	0 +/- 0%	-	29	29	0	0	yes	-	-	-	-	uucuaaagaaaugugggauacg	ugucccaggauguuuugggagu	uucuaaagaaaugugggauacgcuaaagaaggugucccaggauguuuugggagu	2:345809005..345809059:-
2_8671	0.5	0 +/- 0%	-	51	51	0	0	yes	-	-	-	-	agcgcucacaaagcgugugacguc	ugcaacgauuuggggugcgau	agcgcucacaaagcgugugacgucaaaacuaucagcaucuaaagcugugauucaauuuaauuuggaugcgaugcaacgauuuggggugcgau	2:99020862..99020954:-
2_3500	0.5	0 +/- 0%	-	46	46	0	0	yes	-	-	-	-	augucguuugugcugaaaauuaaac	caaauuuucagugcgaaugaauguc	augucguuugugcugaaaauuaaacucgcugguggugacaaaucgaucaaucaaauuuucagugcgaaugaauguc	2:226183412..226183488:+
3_23486	0.4	0 +/- 0%	-	12	12	0	0	yes	-	-	-	-	acagauaaaucuguguau	ucacagauaucuguag	ucacagauaucuguaggcaaaaacagaaaaaaaaaucuguguaauuacagauaaaucuguguau	3:69248139..69248203:-
1_30947	0.4	0 +/- 0%	-	11	11	0	0	yes	-	-	-	-	cuagagguugguaccacugc	agagguaaagaccggcacuguagcu	agagguaaagaccggcacuguagcugagcuugaaaaaugucuagagguugguaccacugc	1:147926031..147926091:+
2_7592	0.4	0 +/- 0%	-	39	39	0	0	yes	-	-	-	-	ucaauaauaccgagagcaagaa	cuugaucgguaccgcauucagg	cuugaucgguaccgcauucagggcccaaucagaauucgacuccucaauaauaccgagagcaagaa	2:27145054..27145119:-
3_28533	0.4	0 +/- 0%	-	59	59	0	0	yes	-	-	-	-	aaggaauccuuggaagaauu	aucauugaaggaaguccuguu	aaggaauccuuggaagaauuuguaaagauauucuugaaggaacucuguauagaaucauugaaggaaguccuguu	3:384217250..384217324:-
1_33395	0.4	0 +/- 0%	-	38	38	0	0	yes	-	-	-	-	uuucacuccggauaaucgaaucacu	ggacucgauuauccggaguaucgauuuu	ggacucgauuauccggaguaucgauuuuuuuucacuccggauaaucgaaucacu	1:302300240..302300294:+
3_23896	0.3	0 +/- 0%	-	59	59	0	0	yes	-	-	-	-	acgagaauaaacgcauaacaguau	gacugauaugcguuuauuugcucuugaau	gacugauaugcguuuauuugcucuugaauguacgagaauaaacgcauaacaguau	3:102577669..102577724:-
2_12201	0.3	0 +/- 0%	-	11	11	0	0	yes	-	-	-	-	ugcucugguauuuugauguucg	gaacucaagauaccagaucaug	ugcucugguauuuugauguucgauggauuugauauuacucggaacucaagauaccagaucaug	2:289697988..289698051:-
3_23823	0.3	0 +/- 0%	-	33	33	0	0	no	-	dme-miR-2491-5p	-	-	agcuguugauggcggccaauu	uugcacgucgcaucuccacccg	agcuguugauggcggccaauuguaaucgauugcacgucgcaucuccacccg	3:95416727..95416778:-
3_20033	0.3	0 +/- 0%	-	45	45	0	0	yes	-	-	-	-	uuuggaauucauugaggaac	ucugggaugaauucuaagag	ucugggaugaauucuaagagaauaucgugguguggucccaggagaaauuuuuggaauucauugaggaac	3:268416149..268416218:+
1_32839	0.3	0 +/- 0%	-	38	38	0	0	yes	-	-	-	-	uaugaaauuugugaauagac	uucaaaaauggcaauauu	uucaaaaauggcaauauuuggcuuuaugaaauuugugaauagac	1:261466231..261466275:+
3_17762	0.3	0 +/- 0%	-	32	32	0	0	yes	-	-	-	-	uuaaggauucugacuagaaau	ugcugaccaaaaauccuuugag	uuaaggauucugacuagaaauccuuugacgauucagaccaaaaauccugugaggaugcugaccaaaaauccuuugag	3:143143071..143143148:+
1_29249	0.2	0 +/- 0%	-	37	37	0	0	yes	-	-	-	-	uuuuacgguuucgaaucg	auauccucgccguacgauc	auauccucgccguacgaucgguuuuuuacgguuucgaaucg	1:27673811..27673852:+
3_15893	0.2	0 +/- 0%	-	26	26	0	0	yes	-	-	-	-	cgaggaaaggaucacgauau	aucggaucggaacacggu	aucggaucggaacacgguacuggugauaccggaaaaaaucgccggcuaucgaggaaaggaucacgauau	3:27913952..27914021:+
3_16592	0.2	0 +/- 0%	-	59	59	0	0	yes	-	-	-	-	aaaguguaaauacggcuacauuucc	gucuguaccguauaaaagcuuuag	aaaguguaaauacggcuacauuuccuagcucuauguuggcaauugcuaaaguauaguuacugucuguaccguauaaaagcuuuag	3:75927499..75927584:+
1_34016	0.2	0 +/- 0%	-	55	55	0	0	yes	-	-	-	-	aacgcuggaaacagaaaaaugaac	uuuuuuuucuuucuuugagaguuug	uuuuuuuucuuucuuugagaguuugacagaucgaacgcuggaaacagaaaaaugaac	1:23241480..23241537:-
2_1176	0.2	0 +/- 0%	-	64	64	0	0	yes	-	-	-	-	uacucaguuuagguacaaaac	aaugucccucaacacgaguucc	uacucaguuuagguacaaaacaaaaaugucccucaacacgaguucc	2:74673340..74673386:+
3_22436	0.2	0 +/- 0%	-	66	66	0	0	yes	-	-	-	-	uaagauaccuucaugaauuc	auugugguauuuuaag	auugugguauuuuaaguaauucuucgaggaauuucuuuuaagauaccuucaugaauuc	3:7076027..7076085:-
3_24495	0.1	0 +/- 0%	-	33	33	0	0	yes	-	-	-	-	aagcgaauuaaucguguggca	ccgcauauuuaauuugcguuuc	aagcgaauuaaucguguggcauuucucaucaccuuccgacuagaccuguuagccgcauauuuaauuugcguuuc	3:130821429..130821503:-
2_11876	0.1	0 +/- 0%	-	37	37	0	0	yes	-	-	-	-	aagagaagugaagaaaaa	uuuguccgccgaagcuuac	uuuguccgccgaagcuuacgcugcauuauauuuagcuguguauuguguacgcagcaguguaagagaagugaagaaaaa	2:271366497..271366575:-
2_11998	0	0 +/- 0%	-	42	37	5	0	yes	-	-	-	-	cgugaaaaucauccuggaucacugc	auggaccuagguggucacaau	auggaccuagguggucacaauaaugaccuccggaagauccggaacauccguaaaaauggucauuucgugaaaaucauccuggaucacugc	2:275366052..275366142:-
3_24014	0	0 +/- 0%	-	76	76	0	0	yes	-	-	-	-	uuugauuaaaugguagagaagguac	gcuggcuuggugccgguuucggagg	gcuggcuuggugccgguuucggagguagaggcgaauaguuucuugguggagguauuggucuuguuugauuaaaugguagagaagguac	3:106034586..106034674:-
3_21963	0	0 +/- 0%	-	52	52	0	0	yes	-	-	-	-	auaggaauuucucaaaggauu	ucccuucugggccuaaaa	ucccuucugggccuaaaaaaaguuccuccagggauucucccuugaauuauuuuauaggaauuucucaaaggauu	3:385771625..385771699:+
3_18039	0	0 +/- 0%	-	35	35	0	0	yes	-	-	-	-	uguaugugugguugaucucucac	accaguucgaccauuggcaca	accaguucgaccauuggcacauguguaugugugguugaucucucac	3:154802672..154802718:+
2_11027	0	0 +/- 0%	-	35	35	0	0	yes	-	-	-	-	aauuggagaagacuugacaca	uguuagcucuccauuacu	aauuggagaagacuugacacaaaugcuucaaaauguaaauguguuagcucuccauuacu	2:227254072..227254131:-
1_33753	0	0 +/- 0%	-	19	19	0	0	yes	-	-	-	-	augaagaaauggucgaauc	uucgccacuucuucgguc	uucgccacuucuucggucuaugaagaaauggucgaauc	1:11625221..11625259:-



mature miRBase miRNAs detected by miRDeep2
tag id	miRDeep2 score	estimated probability that the miRNA is a true positive	rfam alert	total read count	mature read count	loop read count	star read count	significant randfold p-value	mature miRBase miRNA	example miRBase miRNA with the same seed	UCSC browser	NCBI blastn	consensus mature sequence	consensus star sequence	consensus precursor sequence	precursor coordinate
2_8142	18831.2	12 +/- 14%	-	36934	36930	0	4	yes	aae-miR-11894a	-	-	-	uuuaccauuucaagaugaccua	ggucgucuugaaaugguaaag	ggucgucuugaaaugguaaagagugucaaucaucaucuuuaccauuucaagaugaccua	2:58785158..58785217:-
2_8144	18831.1	12 +/- 14%	-	36934	36930	0	4	yes	aae-miR-11894a	-	-	-	uuuaccauuucaagaugaccua	ggucgucuugaaaugguaaag	ggucgucuugaaaugguaaagagugucaaucaucaucuuuaccauuucaagaugaccua	2:58785850..58785909:-
2_8146	18831.1	12 +/- 14%	-	36934	36930	0	4	yes	aae-miR-11894a	-	-	-	uuuaccauuucaagaugaccua	ggucgucuugaaaugguaaag	ggucgucuugaaaugguaaagagugucaaucaucaucuuuaccauuucaagaugaccua	2:58786284..58786343:-
2_8150	18831.1	12 +/- 14%	-	36934	36930	0	4	yes	aae-miR-11894a	-	-	-	uuuaccauuucaagaugaccua	ggucgucuugaaaugguaaag	ggucgucuugaaaugguaaagagugucaaucaucaucuuuaccauuucaagaugaccua	2:58787948..58788007:-
2_8148	18831	12 +/- 14%	-	36934	36930	0	4	yes	aae-miR-11894a	-	-	-	uuuaccauuucaagaugaccua	ggucgucuugaaaugguaaag	ggucgucuugaaaugguaaagagugucaaucaucaucuuuaccauuucaagaugaccua	2:58787426..58787485:-
1_39070	9810.4	12 +/- 14%	-	19234	19219	0	15	yes	aae-miR-277-5p	dme-miR-277-3p	-	-	uaaaugcacuaucugguacgaca	cgugucagaagugcauuuaca	cgugucagaagugcauuuacauagguauuucccguuuagcaguauuuguaaaugcacuaucugguacgaca	1:302603812..302603883:-
3_21201	2740.7	12 +/- 14%	-	5369	5337	0	32	yes	aae-miR-8-5p	dme-miR-8-3p	-	-	uaauacugucagguaaagauguc	caucuuaccgggcagcauuaga	caucuuaccgggcagcauuagauauuuuugaaauacuucuaauacugucagguaaagauguc	3:328527955..328528017:+
2_8637	2191.2	12 +/- 14%	-	4290	3813	0	477	yes	aae-miR-281-5p	dme-miR-281-2-5p	-	-	aagagagcuauccgucgacagu	ugucauggaauugcucucuuua	aagagagcuauccgucgacaguagggauaugauucacugucauggaauugcucucuuua	2:96469361..96469420:-
2_14154	1582.3	12 +/- 14%	-	3096	3090	0	6	yes	aae-miR-1	dme-miR-1-3p	-	-	uggaauguaaagaaguauggag	ccaugcuuccuugcauucaaua	ccaugcuuccuugcauucaauagugauucugaaagcauauggaauguaaagaaguauggag	2:399501023..399501084:-
1_39133	1431.8	12 +/- 14%	-	2801	2799	0	2	yes	aae-miR-12-5p	dme-miR-12-5p	-	-	ugaguauuacaucagguacuggu	caguacuuauguuaugcucucu	ugaguauuacaucagguacuggugucgauauucgaaucaccaacgaaucggguuccuuugauuaacuuaccaguacuuauguuaugcucucu	1:305613548..305613640:-
2_14376	1331.3	12 +/- 14%	-	2603	2602	0	1	yes	aae-miR-184	dme-miR-184-3p	-	-	uggacggagaacugauaagggc	ccuuaucauucuugcgccccgu	ccuuaucauucuugcgccccguguuauauuguuggcgacuggacggagaacugauaagggc	2:417599380..417599441:-
3_28720	1282.9	12 +/- 14%	-	2508	1829	0	679	yes	aae-miR-308-5p	dme-miR-2a-3p	-	-	aaucacaggaguauacugugag	cgcgguauauucuuguggcuug	cgcgguauauucuuguggcuugaugcauuugaaaaaucucaaaucacaggaguauacugugag	3:403338483..403338546:-
3_18459	1058.8	12 +/- 14%	-	2080	2026	0	54	no	aae-bantam-5p	dme-bantam-3p	-	-	ugagaucauuuugaaagcugauu	ccgguuuucauuuucgaucugacu	ccgguuuucauuuucgaucugacuuauuugauuuaacaagagugagaucauuuugaaagcugauu	3:178082830..178082895:+
1_39137	924	12 +/- 14%	-	1804	1802	0	2	yes	aae-miR-283	dme-miR-283-5p	-	-	caauaucagcugguaauucugg	cggaauuccaacugauaucc	caauaucagcugguaauucugggcuuaccccaccguuauacgcuucccggaauuccaacugauaucc	1:305625602..305625669:-
2_4938	555.8	12 +/- 14%	-	1084	1080	0	4	yes	aae-miR-305-5p	dme-miR-305-5p	-	-	auuguacuucaucaggugcucugg	cggcacauguuggaguacacuu	auuguacuucaucaggugcucugguuguuuucgauacccggcacauguuggaguacacuu	2:307145445..307145505:+
2_8396	425.4	12 +/- 14%	-	826	715	1	110	yes	aae-miR-276-5p	dme-miR-276a-3p	-	-	uaggaacuucauaccgugcucu	agcgagguauagaguuccuacg	agcgagguauagaguuccuacguugcgugugcgaaauugguaggaacuucauaccgugcucu	2:73120452..73120514:-
1_36183	396.6	12 +/- 14%	-	771	730	0	41	yes	aae-miR-252-5p	dme-miR-252-5p	-	-	cuaaguacuagugccgcagga	ccugcugcccaagugcuuaucg	cuaaguacuagugccgcaggagagauuugaaccccugcugcccaagugcuuaucg	1:175818157..175818212:-
2_8410	375.1	12 +/- 14%	-	727	715	0	12	yes	aae-miR-276-3p	dme-miR-276a-3p	-	-	uaggaacuucauaccgugcucu	agcgagguauagaguuccu	agcgagguauagaguuccuaugcguucggauaaaauauuccauaggaacuucauaccgugcucu	2:73509399..73509463:-
3_23568	256.4	12 +/- 14%	-	494	476	0	18	yes	aae-miR-11-5p	dme-miR-2a-3p	-	-	caucacagucugaguucuugcu	cgagaacuccggcugugaccugug	cgagaacuccggcugugaccuguguacacuuuauccaaaucacaucacagucugaguucuugcu	3:75489864..75489928:-
2_1694	249.9	12 +/- 14%	-	483	468	0	15	yes	aae-miR-9a	dme-miR-9a-5p	-	-	ucuuugguuaucuagcuguauga	auaaagcuagcauaccgaaguua	ucuuugguuaucuagcuguaugagugaauuuagaacaucauaaagcuagcauaccgaaguua	2:108461947..108462009:+
3_28190	235.5	12 +/- 14%	-	454	444	0	10	yes	aae-miR-989	dme-miR-989-3p	-	-	ugugaugugacguagugguac	cgccgcuaccucgcuuucac	cgccgcuaccucgcuuucacuugguaccgauuucccauaauccaugugaugugacguagugguac	3:366439082..366439147:-
2_8840	203.1	12 +/- 14%	-	390	369	0	21	yes	aae-miR-13-5p	dme-miR-2a-3p	-	-	uaucacagccauuuugacgaguu	ucguaaaaaugguugugcugug	ucguaaaaaugguugugcuguguuguuacgcucgaaauucauaucacagccauuuugacgaguu	2:107237649..107237713:-
2_13233	171.8	12 +/- 14%	-	329	306	0	23	yes	aae-miR-9c-5p	dme-miR-9a-5p	-	-	ucuuugguauucuagcuguaga	uaaagcuuuaguaccagagguc	ucuuugguauucuagcuguagaauguugagcuuugugauaugguaucuucuaaagcuuuaguaccagagguc	2:335810364..335810436:-
2_13227	161.6	12 +/- 14%	-	309	307	0	2	yes	aae-miR-9b	dme-miR-9a-5p	-	-	ucuuuggugauuuuagcuguaug	uauagcuuuaucaccaaaaaccu	ucuuuggugauuuuagcuguaugcugauacguuucugauugcauauagcuuuaucaccaaaaaccu	2:335780573..335780639:-
3_26386	131	12 +/- 14%	-	248	243	0	5	yes	aae-miR-278-5p	dme-miR-278-3p	-	-	ucggugggacuuucguccguuu	acggacgauagucuucagcggcc	acggacgauagucuucagcggccgugcauuugauagaaguggucggugggacuuucguccguuu	3:243123888..243123952:-
2_5365	127.2	12 +/- 14%	-	242	239	0	3	yes	aae-miR-14	dme-miR-14-3p	-	-	ucagucuuuuucucucuccuau	gggagcgagauuaaggcuugcug	gggagcgagauuaaggcuugcuggucauuuauuacacucgaagucagucuuuuucucucuccuau	2:344767572..344767637:+
2_5783	126.2	12 +/- 14%	-	246	192	0	54	yes	aae-miR-100	-	-	-	caagaacggauguaugggauuc	aacccguagauccgaacuugug	aacccguagauccgaacuugugcugccguuucacauguuacaagaacggauguaugggauuc	2:375117351..375117413:+
3_22370	117.1	12 +/- 14%	-	221	213	0	8	yes	aae-miR-980-5p	dme-miR-980-3p	-	-	uagcugccuagugaagggcaau	cggccguucauugggucauc	cggccguucauugggucaucuagcucguguuggaaacaguuagcugccuagugaagggcaau	3:1054523..1054585:-
1_31917	109.3	12 +/- 14%	-	206	204	0	2	yes	aae-miR-996	dme-miR-279-3p	-	-	ugacuagauuacaugcucgucu	gcgugcaugaaucuggugcacg	gcgugcaugaaucuggugcacgguuuuccaguuguaauaucgcuucgugacuagauuacaugcucgucu	1:207012536..207012605:+
2_13595	98.1	12 +/- 14%	-	192	175	0	17	yes	aae-miR-1891	-	-	-	ugaggaguuaauuugcguguuu	acacguccauuaacucugguac	ugaggaguuaauuugcguguuuuuguauuugauuaaacacguccauuaacucugguac	2:360084867..360084925:-
3_19631	90.2	12 +/- 14%	-	168	135	0	33	yes	aae-miR-307	dme-miR-307a-3p	-	-	ucacaaccuccuugagugagcg	acucacucaaccugggugugau	acucacucaaccugggugugaugcuuauuugaaucaucacaaccuccuugagugagcg	3:244794376..244794434:+
2_3654	81.9	12 +/- 14%	-	153	149	0	4	yes	aae-miR-932-5p	dme-miR-932-5p	-	-	ucaauuccguagugcauugcagu	ugcaagcaauguggaagugaag	ucaauuccguagugcauugcagugugcuuuagacgaacugcaagcaauguggaagugaag	2:231381156..231381216:+
2_7995	81.5	12 +/- 14%	-	152	151	0	1	yes	aae-miR-190	dme-miR-190-5p	-	-	agauauguuugauauucuugguug	cccaggaaucaaacauauua	agauauguuugauauucuugguuguuaaauuuuauauuaucacccaggaaucaaacauauua	2:48811880..48811942:-
3_23566	67.3	12 +/- 14%	-	123	119	0	4	yes	aae-miR-998	dme-miR-285-3p	-	-	uagcaccaugagauucagcuc	acugaacucucgugggucugca	acugaacucucgugggucugcaguugauauuucgaaagcuuguagcaccaugagauucagcuc	3:75489589..75489652:-
NIGP01000533_40092	64.3	12 +/- 14%	-	118	114	0	4	yes	aae-miR-970	dme-miR-970-3p	-	-	ucauaagacacacgcggcuau	agcuugcguuugucuuagcuggu	agcuugcguuugucuuagcugguauugaaugugauagguaucauaagacacacgcggcuau	NIGP01000533:10107..10168:-
1_31103	64.3	12 +/- 14%	-	118	114	0	4	yes	aae-miR-970	dme-miR-970-3p	-	-	ucauaagacacacgcggcuau	agcuugcguuugucuuagcuggu	agcuugcguuugucuuagcugguauugaaugugauagguaucauaagacacacgcggcuau	1:157238423..157238484:+
1_31915	59	12 +/- 14%	-	108	91	0	17	yes	aae-miR-279	dme-miR-279-3p	-	-	ugacuagauccacacucauuaa	gaugggugugaaucuaguguuucaca	gaugggugugaaucuaguguuucacaugauuuucgauagccugugacuagauccacacucauuaa	1:207007788..207007853:+
1_34407	38.6	12 +/- 14%	-	67	66	0	1	yes	aae-miR-33	dme-miR-33-5p	-	-	gugcauuguaguugcauugca	caauacuucugcaaugcaa	gugcauuguaguugcauugcacuuuugcguucgauaacacggugcaauacuucugcaaugcaa	1:50888883..50888946:-
3_28798	35.8	12 +/- 14%	-	64	63	0	1	yes	aae-miR-285	dme-miR-285-3p	-	-	uagcaccauucgaaaucaguac	acuggcuuccaaaggugaguaga	acuggcuuccaaaggugaguagauggcauucgauacacucuagcaccauucgaaaucaguac	3:406875046..406875108:-
1_34814	25.9	12 +/- 14%	-	43	37	0	6	yes	aae-miR-87	dme-miR-87-3p	-	-	gugagcaaauuuucaggugugu	cagccugaaauuugcuaaaccu	cagccugaaauuugcuaaaccuguguguauuugauucaaacaaucaaggugagcaaauuuucaggugugu	1:80682401..80682471:-
1_30412	25.3	12 +/- 14%	-	43	26	0	17	yes	aae-miR-927	dme-miR-927-5p	-	-	uuuagaauuccuacgcuuuacc	caaagcguuuggguucugaaac	uuuagaauuccuacgcuuuaccgugauuuguugaaaguuuggcaaagcguuuggguucugaaac	1:115022929..115022993:+
1_39229	21.6	12 +/- 14%	-	35	24	0	11	yes	aae-miR-iab-4-5p	dme-miR-iab-4-5p	-	-	acguauacugaauguauccuga	cgguauaccuucaguauacguaa	acguauacugaauguauccugagugcuaucuauccgguauaccuucaguauacguaa	1:308965424..308965481:-
2_2945	18.1	12 +/- 14%	-	28	25	0	3	yes	aae-miR-137	dme-miR-137-3p	-	-	uauugcuugagaauacacguag	acgcguauucuuggguuauuaac	acgcguauucuuggguuauuaacacacuguuuauguuguuauugcuugagaauacacguag	2:189612067..189612128:+
3_27558	9.4	14 +/- 15%	-	10	5	0	5	yes	aae-miR-10365	dme-miR-927-5p	-	-	auuagaauguggaaucuguuuu	aaaaguuuucauauucuugcgg	auuagaauguggaaucuguuuuuguacaucaaguguuacgaaacgaagcaaaaaaguuuucauauucuugcgg	3:320775621..320775694:-
NIGP01001634_40135	9.4	14 +/- 15%	-	10	5	0	5	yes	aae-miR-10365	dme-miR-927-5p	-	-	auuagaauguggaaucuguuuu	aaaaguuuucauauucuugcgg	auuagaauguggaaucuguuuuuguacaucaaguguuacgaaacgaagcaaaaaaguuuucauauucuugcgg	NIGP01001634:30709..30782:-
NIGP01001012_40458	5.5	20 +/- 16%	-	41	41	0	0	yes	aae-miR-957	dme-miR-957-3p	-	-	ugaaaccguccaaaacugaggc	guuaguuuugggcggguuuuagu	guuaguuuugggcggguuuuaguguauuucgauuagaguaucaauugaaaccguccaaaacugaggc	NIGP01001012:27490..27557:-
1_32675	5.4	20 +/- 16%	-	106	106	0	0	yes	aae-miR-999	dme-miR-999-3p	-	-	uguuaacuguaagacugugucu	acgcggucgugcaggaaauuauu	acgcggucgugcaggaaauuauuuggcauuagauucaaauguuaacuguaagacugugucu	1:252222293..252222354:+
1_31660	5.4	20 +/- 16%	-	290	290	0	0	yes	aae-miR-929	dme-miR-929-5p	-	-	aaauugacucuaguagggaguc	cucccuaacggagucagauuga	aaauugacucuaguagggaguccuuguguacgagugacucccuaacggagucagauuga	1:198495526..198495585:+
2_8836	5.4	20 +/- 16%	-	576	576	0	0	yes	aae-miR-2c	dme-miR-2a-3p	-	-	uaucacagccagcuuugauga	cucaaaguggcugugaaaug	cucaaaguggcugugaaaugguuugauuuugcucauaucacagccagcuuugauga	2:107235887..107235943:-
3_22107	5.3	20 +/- 16%	-	41	41	0	0	yes	aae-miR-957	dme-miR-957-3p	-	-	ugaaaccguccaaaacugaggc	guuaguuuugggcggguuuuagu	guuaguuuugggcggguuuuaguguauuucgauuagaguaucaauugaaaccguccaaaacugaggc	3:398466624..398466691:+
2_1505	5.3	20 +/- 16%	-	19	19	0	0	yes	aae-miR-988-5p	dme-miR-988-3p	-	-	ccccuuguugcaaaccucacgc	gugugcuuugugacaaugag	gugugcuuugugacaaugagauucgguucgauaucauccccuuguugcaaaccucacgc	2:93351380..93351439:+
2_4935	5.2	20 +/- 16%	-	782	781	0	1	yes	aae-miR-275-5p	dme-miR-275-3p	-	-	ucagguaccugaaguagcgcg	cgcgcuaagcaggaaccgagacu	cgcgcuaagcaggaaccgagacuuugucauuugcuagcagucagguaccugaaguagcgcg	2:307135668..307135729:+
2_8838	5.2	20 +/- 16%	-	2271	2271	0	0	yes	aae-miR-2a-5p	dme-miR-2a-3p	-	-	uaucacagccagcuuugaaga	ucaaagugguugugaaaug	ucaaagugguugugaaaugaguuacucuugaacgaucucauaucacagccagcuuugaaga	2:107237504..107237565:-
2_8844	5.1	20 +/- 16%	-	544	544	0	0	yes	aae-miR-2c	dme-miR-2a-3p	-	-	uaucacagccagcuuugauga	aucaaauuugguuguuuuagu	aucaaauuugguuguuuuaguacgaccucuuugaaaccccuaucacagccagcuuugauga	2:107237998..107238059:-
2_8645	5.1	20 +/- 16%	-	34	34	0	0	yes	aae-miR-282-5p	dme-miR-282-5p	-	-	uagccucuccuaggcuuugucu	acauagccugacagagguuagg	uagccucuccuaggcuuugucuguuaccuuccuugggaauuccacuagccagacauagccugacagagguuagg	2:96911966..96912040:-
3_23760	5.1	20 +/- 16%	-	60	60	0	0	yes	aae-miR-92b-3p	dme-miR-92a-3p	-	-	aauugcacuugucccggccugc	aggucgugacuugugcccauuug	aggucgugacuugugcccauuugcugaauuuuaauggucaaauugcacuugucccggccugc	3:93418515..93418577:-
2_5779	5.1	20 +/- 16%	-	148	148	0	0	yes	aae-miR-2945-5p	dme-miR-279-3p	-	-	ugacuagaggcagacucguuua	agcggguccguuucuagugucaug	agcggguccguuucuagugucaugugcuguauucgaauaucaugacuagaggcagacucguuua	2:374947142..374947206:+
2_13230	5	20 +/- 16%	-	51	50	0	1	yes	aae-miR-79-5p	dme-miR-9a-3p	-	-	uaaagcuagauuaccaaagcau	uuuggcgcuuuagcuguau	uuuggcgcuuuagcuguaugauagaauuuaauauuucauaaagcuagauuaccaaagcau	2:335780884..335780944:-
2_6397	4.9	30 +/- 16%	-	244	244	0	0	yes	aae-miR-965	dme-miR-965-3p	-	-	uaagcguauagcuuuucccauu	ggggaaauccuguacgcuguaug	ggggaaauccuguacgcuguauguuguauuugaauaauccauaagcguauagcuuuucccauu	2:429778750..429778813:+
3_23764	4.8	30 +/- 16%	-	15	15	0	0	yes	aae-miR-92a-5p	dme-miR-92a-3p	-	-	uauugcacuugucccggccuau	cgguacggacaggggcaacauu	cgguacggacaggggcaacauugugacauuugaaagcuaauauugcacuugucccggccuau	3:93477596..93477658:-
2_5695	4.8	30 +/- 16%	-	599	599	0	0	yes	aae-miR-124	dme-miR-124-3p	-	-	uaaggcacgcggugaaugccaa	gguauccacugccggccuauaug	gguauccacugccggccuauauguccuauuucgguacucauaaggcacgcggugaaugccaa	2:369307279..369307341:+
2_5788	4.8	30 +/- 16%	-	335	335	0	0	yes	aae-let-7	dme-let-7-5p	-	-	ugagguaguugguuguauagu	uaugcaaucugcuagcuuguc	ugagguaguugguuguauaguagugacugauuaaauaucugcuaugcaaucugcuagcuuguc	2:375131497..375131560:+
1_39190	4.7	30 +/- 16%	-	2275	2231	0	44	yes	aae-miR-1175-5p	dme-miR-958-3p	-	-	ugagauucuacuucuccgacuu	aaguggaguaguggucucaucgc	aaguggaguaguggucucaucgcuuaguauuagaaaagugagauucuacuucuccgacuu	1:307010046..307010106:-
1_30443	4.7	30 +/- 16%	-	50	50	0	0	yes	aae-miR-981	dme-miR-981-3p	-	-	uucguugucgacgaaaccugc	ggguuucgcggcgaacgggcu	ggguuucgcggcgaacgggcuuccaccaugaugaauagcaguucguugucgacgaaaccugc	1:118556349..118556411:+
2_5205	4.6	30 +/- 16%	-	476	476	0	0	yes	aae-miR-133	dme-miR-133-3p	-	-	uugguccccuucaaccagcugu	agcugguugacuucgggucaaau	agcugguugacuucgggucaaaucgucaaauauuugcaaagauauuuccucagugaaauuauuugguccccuucaaccagcugu	2:330417065..330417149:+
2_9703	4.5	30 +/- 16%	-	120	120	0	0	yes	aae-miR-263b-5p	dme-miR-263b-5p	-	-	cuuggcacugggagaauucacag	guggaucuuuucgugccaucgu	cuuggcacugggagaauucacaggcgcuauuugcuaucauucuguggaucuuuucgugccaucgu	2:153371131..153371196:-
2_86	4.5	30 +/- 16%	-	42	42	0	0	yes	aae-miR-219	dme-miR-219-5p	-	-	ugauuguccaaacgcaauucuu	gaguugugacuggacauccgug	ugauuguccaaacgcaauucuuguuuuauucgaauaugauauccaagaguugugacuggacauccgug	2:3715261..3715329:+
2_13387	4.5	30 +/- 16%	-	109	109	0	0	yes	aae-miR-263a-5p	dme-miR-263a-5p	-	-	aauggcacuggaagaauucac	guucuggcaguggcauccc	aauggcacuggaagaauucacggguauauuuugaaauccccguguucuggcaguggcauccc	2:348784448..348784510:-
3_23541	4.5	30 +/- 16%	-	17	17	0	0	yes	aae-miR-1000	dme-miR-1000-5p	-	-	auauuguccugucacagcagu	uguuguuucgggacauuuaca	auauuguccugucacagcaguacuguuacaaauuuacuguuguuucgggacauuuaca	3:74204061..74204119:-
2_5790	4.4	30 +/- 16%	-	295	295	0	0	yes	aae-miR-125-5p	dme-miR-125-5p	-	-	ucccugagacccuaacuuguga	acaaguuuugaucuccgguauu	ucccugagacccuaacuugugacuauaguugaaguuucacaaguuuugaucuccgguauu	2:375131781..375131841:+
3_15490	4	30 +/- 16%	-	14	14	0	0	yes	aae-miR-315-5p	dme-miR-315-5p	-	-	uuuugauuguugcucagaaagcc	cuuucgagcaguaaucaaaguc	uuuugauuguugcucagaaagccgugcauuugaaacgggucgcuuucgagcaguaaucaaaguc	3:3444767..3444831:+
3_17642	3.8	0 +/- 2%	-	1550	1533	0	17	yes	aae-miR-31	dme-miR-31b-5p	-	-	uggcaagauguuggcauagcug	uagcuauucaacuucuugucua	uggcaagauguuggcauagcugaaaguuuugaguuuagcuauucaacuucuugucua	3:136174150..136174207:+
3_27288	3.8	0 +/- 2%	-	12	12	0	0	yes	aae-miR-309a	dme-miR-3-3p	-	-	ucacugggcaaaguuugucgc	gacuaacuucguucaguuuggug	gacuaacuucguucaguuuggugucauacgaagguuuccaguuucaucacugggcaaaguuugucgc	3:309335452..309335519:-
2_3466	3.7	0 +/- 2%	-	209	209	0	0	yes	aae-miR-7	dme-miR-7-5p	-	-	uggaagacuagugauuuuguuguu	uaacaauaaaucucaagucuuucuac	uggaagacuagugauuuuguuguuuugcuuacgauaauaacaauaaaucucaagucuuucuac	2:222802544..222802607:+
2_8136	2	0 +/- 0%	-	36930	36930	0	0	yes	aae-miR-11894a	-	-	-	uuuaccauuucaagaugaccua	gguugucuugaaaugguaaaga	gguugucuugaaaugguaaagagugucaaccaucaucuuuaccauuucaagaugaccua	2:58783350..58783409:-
2_8140	1.9	13 +/- 8%	-	3777	3777	0	0	yes	aae-miR-11894b	-	-	-	uuuaccauuucaauaugaccua	ggucguauugaaaugguaaaga	ggucguauugaaaugguaaagagugucaaucaucaucuuuaccauuucaauaugaccua	2:58784590..58784649:-
2_8845	1.7	13 +/- 8%	-	274	232	0	42	yes	aae-miR-71-5p	-	-	-	agaaagacauggguagugaga	ucucacuaccuugucuuucaug	agaaagacauggguagugagauaguuucacccuauugcacugggaucucacuaccuugucuuucaug	2:107238287..107238354:-
2_13004	1.7	13 +/- 8%	-	30161	30161	0	0	yes	aae-miR-11895	-	-	-	uucaugcauucacuucugcuga	agcaggagugaaugcaugaguu	agcaggagugaaugcaugaguuugacaucugaaacuaauucaugcauucacuucugcuga	2:324949494..324949554:-
NIGP01001349_41229	1.7	13 +/- 8%	-	30161	30161	0	0	yes	aae-miR-11895	-	-	-	uucaugcauucacuucugcuga	agcaggagugaaugcaugaguu	agcaggagugaaugcaugaguugacaucugaaaacuaauucaugcauucacuucugcuga	NIGP01001349:11838..11898:+
2_11842	1.5	13 +/- 8%	-	16	16	0	0	yes	aae-miR-2946	-	-	-	uaguacggaaaagauauggggauu	ucgccauauuuuuaccgcuacugca	ucgccauauuuuuaccgcuacugcauuucauuguaauaauuguaguacggaaaagauauggggauu	2:268456439..268456505:-
2_14334	1.4	13 +/- 8%	-	498	498	0	0	yes	aae-miR-1890	-	-	-	ugaaaucuuugauuaggucugg	agagcuaauuggagaguucuug	agagcuaauuggagaguucuugaauaguguugugaaccuucaugaaaucuuugauuaggucugg	2:413654961..413655025:-
3_23887	1.4	13 +/- 8%	-	72	72	0	0	yes	aae-miR-2765	-	-	-	ugguaacuccaccaccguuggc	caaugggagcuggaguucccgcg	ugguaacuccaccaccguuggcgauauuugacagccaaugggagcuggaguucccgcg	3:101895454..101895512:-
1_39080	1.3	13 +/- 8%	-	2604	2602	0	2	no	aae-miR-317	dme-miR-317-3p	-	-	ugaacacagcuggugguaucuc	gggauacacccugugcucgcu	gggauacacccugugcucgcuuugcauucgaaacuagugaacacagcuggugguaucuc	1:302667132..302667191:-
2_1506	1	13 +/- 8%	-	19	19	0	0	no	aae-miR-988-3p	dme-miR-988-3p	-	-	ccccuuguugcaaaccucacgc	ggcagguaggggcaaugggggc	ccccuuguugcaaaccucacgcuugcgguagguuccacaacugcugagagguggcagguaggggcaaugggggc	2:93351417..93351491:+
2_10192	0.9	0 +/- 0%	-	81	81	0	0	yes	aae-miR-11899	-	-	-	ugaccgauuuaauauauggc	cauguaugauuucggucaug	cauguaugauuucggucauguaugcaguugaaaauaauuauaugaccgauuuaauauauggc	2:182319042..182319104:-
2_11840	0.9	0 +/- 0%	-	41	41	0	0	yes	aae-miR-2941	-	-	-	uaguacggcuagaacuccacgga	cgugaagcucagcugcauuaca	cgugaagcucagcugcauuacacgauauggaauacgguuuguaguacggcuagaacuccacgga	2:268456314..268456378:-
2_11838	0.9	0 +/- 0%	-	39	39	0	0	yes	aae-miR-2941	-	-	-	uaguacggcuagaacuccacgga	cgugguguuuagacguauuaca	cgugguguuuagacguauuacaugauuuuuugaacauaacuguaguacggcuagaacuccacgga	2:268456010..268456075:-
2_5289	0.4	0 +/- 0%	-	13	13	0	0	no	aae-miR-375	dme-miR-375-3p	-	-	uuuguucguuuggcucgaguua	acuuaagcccaacguacagaaacu	acuuaagcccaacguacagaaacuugaaucugaaugccguucuagauuggcuugcuagaaguuuguucguuuggcucgaguua	2:337876532..337876615:+
1_29575	0.2	0 +/- 0%	-	487	484	0	3	no	aae-miR-210	dme-miR-210-3p	-	-	cuugugcgugugacaacggcuau	cugcugaccacugcacaagau	cugcugaccacugcacaagauuagauuaugacucuugugcgugugacaacggcuau	1:54892619..54892675:+
2_4936	-1	0 +/- 0%	-	781	781	0	0	no	aae-miR-275-3p	dme-miR-275-3p	-	-	ucagguaccugaaguagcgcg	agcgacaacagaggcgugaaa	ucagguaccugaaguagcgcgcgugaucaaacaggaagcgucaucaagcgacaacagaggcgugaaa	2:307135708..307135775:+
2_8638	-2.3	0 +/- 0%	-	3813	3813	0	0	no	aae-miR-281-5p	dme-miR-281-2-5p	-	-	aagagagcuauccgucgacagu	cguugacgugggauuuuuuug	cguugacgugggauuuuuuuguucauuuuguucuuucgcugguuucgaauaugaaaauaaagagagcuauccgucgacagu	2:96469398..96469479:-
NIGP01000443_40033	-4.8	0 +/- 0%	-	13	13	0	0	no	aae-miR-11893	-	-	-	uuccugacuuauacgcuuaccu	guaaguagauaaaucagaaaga	guaaguagauaaaucagaaagacguuuauaucguuucuuccugacuuauacgcuuaccu	NIGP01000443:52102..52161:+
2_4179	-4.8	0 +/- 0%	-	13	13	0	0	no	aae-miR-11893	-	-	-	uuccugacuuauacgcuuaccu	guaaguagauaaaucagaaaga	guaaguagauaaaucagaaagacguuuauaucguuucuuccugacuuauacgcuuaccu	2:257889040..257889099:+
3_15489	-6.1	0 +/- 0%	-	14	14	0	0	no	aae-miR-315-5p	dme-miR-315-5p	-	-	uuuugauuguugcucagaaagcc	uauugugucacucaaaaag	uauugugucacucaaaaaguguuucuauaaaauuuugauuguugcucagaaagcc	3:3444735..3444790:+
2_5787	-7.7	0 +/- 0%	-	335	335	0	0	no	aae-let-7	dme-let-7-5p	-	-	ugagguaguugguuguauagu	auuacaguacugcuucuuc	auuacaguacugcuucuuccacguugagguaguugguuguauagu	2:375131473..375131518:+

#miRBase miRNAs not detected by miRDeep2
miRBase precursor id	total read count	mature read count(s)	star read count	remaining reads	UCSC browser	NCBI blastn	miRBase mature sequence(s)	miRBase star sequence(s)	miRBase precursor sequence
3348	3346	0	2	-	-	caaccacuauccgcccugccgcc	uggcagugugguuagcugguug	-	caaggcaauacgcuauggcagugugguuagcugguuguguagaacuuuggggggcuuccguggcguucgcgcgcacacgggggcucagauucacaaccacuauccgcccugccgccgcgaggugccagg	
1164	1164	0	0	-	-	ucagguacugagugacucucag	gagagcaccucgguaucuaagc	-	cauucgcaauuucaccgguucagguacugagugacucucagaugugcauuucucaagcaaucucguccucaggaccugagguugaaaaacccugagagcaccucgguaucuaagccaguguugcgaaaa	
712	711	0	1	-	-	ugucuuuuuccgcuuacugccg	-	ccaacauuuugauugauuugucuuuuuccgcuuacugccgguggcauuugaaauucucgacagcaaaccgaaaaaggcgccucaaucaauu	
447	444	0	3	-	-	cacguuacagauugggguuucc	uaaucucaaauuguaacagugg	-	gagguaaucucaaauuguaacaguggguugauuuuccuggugaaucccggccuuguccuccgucacaagugugacaagugucucgaaaacguguucgcuauacccacguuacagauugggguuucccc	
512	476	0	36	-	-	ugguuuaucuuaucugucgaggc	gucgacagggagauaaaucacu	-	cauugguuuaucuuaucugucgaggcaaguuauuuuaccggauaguguuucuuuucgugagcaaucaccacuauccagcucuucuugucgacagggagauaaaucacug	
103	20	0	83	-	-	ucagaucuacuuaauacccau	-	acuccaauucuggguauuuuagauccuuggcauaguuacgugauugaaugcacuguucuucuuugguuuacccaguaucgaacacgcgucaaucugucagaucuacuuaauacccaua	
9	4	0	5	-	-	acccuguagauccgaauuuguu	-	uuuguucuacaucuacccuguagauccgaauuuguuugaauauuuaacaagcgacaaauucgguucuagagagguuuguguggggcauu	
3	3	0	0	-	-	uacuggccuacuaagucccaac	-	gcuugcuauguaauuuuuucaaucgaacugggauuuuguggaccagaagauuuccuccauucgauaauagcuacuggccuacuaagucccaacuuguuuggaaauuguccgacagauagcaagc	
1	1	0	0	-	-	gaaggaacucccggugugauaua	uaucacagcaguaguuaccuga	-	aucgaaggaacucccggugugauauaugacucgauuauaucacagcaguaguuaccugauau	
1	1	0	0	-	-	accguuacgcgcauauaauuug	-	gcagaccguuacgcgcauauaauuuggccauuuacggcauaauccaauggaaguggccaaacuauauuauaucgcucagu	
1	1	0	0	-	-	uaucacaguaguuguacuuuaa	gaaggaacuucugcugugaucuga	-	cguugaaggaacuucugcugugaucugaguuagauacauaucacaguaguuguacuuuaaug	
4	1	0	3	-	-	cugaaaacuuaaucgauugguc	-	uaaccugaaaacuuaaucgauuggucacuagcugcgcggugaccaaucgauuaaguuuucagcuua	
2	1	0	1	-	-	auuuuuuugacuguaauuuuauag	-	augguaaaauuacguugaaaaaucgucucccucaaaaaaugaaaccugagacuaacaggagauuuuuuugacuguaauuuuauagu	
1	1	0	0	-	-	uagcuagguugcggugcacugcu	-	gaagucaguguacucugccuggccggcgcugcugcgagucuagcuagguugcggugcacugcuuc	




1	0	0	1	-	-	cgagauacggagagauugcgaca	-	cagucgccucuucacaucucgauaucgaagggaccaucgagauacggagagauugcgacaa	



3	0	0	3	-	-	aauguuggacaacugcaaggu	-	auaaaauguuggacaacugcaagguacuucaagguuuuuauuucgucuuuaauacaggguaucugcagugaucgauuuucucu	








3	0	0	3	-	-	ucacuuuuuagugacuugguc	-	caagucacuuuuuagugacuuggucacuuuuuucaaucuggucacuaaaaagucacuau	


1	0	0	1	-	-	uacccuguaguuccgggcuuuu	-	agcgcuccuccgugaccuacccuguaguuccgggcuuuugugguuucuuuuauuguuaauuaucagaagcucguuucuauagagguaucucacagggugaa	













1	0	0	1	-	-	aacguuacaaaucguaaggcgag	-	agcaacguuacaaaucguaaggcgaguuauauguuuuuugaaacucaccauaugauuuguaacugugcu	

