miRDeep2 score	novel miRNAs reported by miRDeep2	novel miRNAs, estimated false positives	novel miRNAs, estimated true positives	known miRNAs in species	known miRNAs in data	known miRNAs detected by miRDeep2	estimated signal-to-noise	excision gearing
10	1	2 +/- 2	0 +/- 0 (13 +/- 34%)	164	107	27 (25%)	8.5	1
9	1	3 +/- 2	0 +/- 0 (11 +/- 31%)	164	107	27 (25%)	8.1	1
8	1	3 +/- 2	0 +/- 0 (9 +/- 29%)	164	107	27 (25%)	7.4	1
7	2	3 +/- 2	0 +/- 1 (15 +/- 29%)	164	107	27 (25%)	7.2	1
6	4	3 +/- 2	1 +/- 1 (31 +/- 32%)	164	107	27 (25%)	7.2	1
5	7	4 +/- 2	3 +/- 2 (50 +/- 27%)	164	107	49 (46%)	11.6	1
4	7	5 +/- 2	2 +/- 2 (34 +/- 27%)	164	107	70 (65%)	12.1	1
3	10	11 +/- 3	1 +/- 2 (10 +/- 17%)	164	107	75 (70%)	6.3	1
2	20	16 +/- 4	4 +/- 4 (22 +/- 18%)	164	107	77 (72%)	4.9	1
1	45	25 +/- 5	20 +/- 5 (45 +/- 10%)	164	107	85 (79%)	4.4	1
0	73	66 +/- 8	8 +/- 7 (11 +/- 9%)	164	107	88 (82%)	2.1	1
-1	112	148 +/- 10	0 +/- 0 (0 +/- 0%)	164	107	93 (87%)	1.3	1
-2	149	254 +/- 14	0 +/- 0 (0 +/- 0%)	164	107	97 (91%)	0.9	1
-3	215	389 +/- 16	0 +/- 0 (0 +/- 0%)	164	107	97 (91%)	0.8	1
-4	305	552 +/- 19	0 +/- 0 (0 +/- 0%)	164	107	99 (93%)	0.7	1
-5	409	745 +/- 21	0 +/- 0 (0 +/- 0%)	164	107	101 (94%)	0.7	1
-6	527	965 +/- 23	0 +/- 0 (0 +/- 0%)	164	107	101 (94%)	0.6	1
-7	673	1162 +/- 24	0 +/- 0 (0 +/- 0%)	164	107	101 (94%)	0.6	1
-8	850	1337 +/- 27	0 +/- 0 (0 +/- 0%)	164	107	101 (94%)	0.7	1
-9	1040	1482 +/- 28	0 +/- 0 (0 +/- 0%)	164	107	101 (94%)	0.8	1
-10	1231	1603 +/- 28	0 +/- 0 (0 +/- 0%)	164	107	101 (94%)	0.8	1



novel miRNAs predicted by miRDeep2
provisional id	miRDeep2 score	estimated probability that the miRNA candidate is a true positive	rfam alert	total read count	mature read count	loop read count	star read count	significant randfold p-value	miRBase miRNA	example miRBase miRNA with the same seed	UCSC browser	NCBI blastn	consensus mature sequence	consensus star sequence	consensus precursor sequence	precursor coordinate
1_24657	26.2	13 +/- 34%	-	61	30	0	31	yes	-	-	-	-	gaugaugaugaugaugaugaugau	gaugaugaugaugaugaugau	gaugaugaugaugaugaugaugaugcugaugaugaugaugaugaugaugauggaugaugaugaugcaugaugagauggcaugaugaugaugaugaugaugau	1:18690051..18690153:-
1_24519	7.5	15 +/- 29%	-	13	12	0	1	yes	-	-	-	-	caauccaauccaaacccaaucc	auuggguuuggauuggauuagga	auuggguuuggauuggauuaggauugcauuugaacuccaauccaauccaaacccaaucc	1:9914681..9914740:-
2_6842	6.5	31 +/- 32%	-	11	8	0	3	yes	-	-	-	-	gauacagccauaccguggaag	uccacgcuaugccugaau	uccacgcuaugccugaaucaguaaaauuugaaaaucgaaugugcauucgauuuuuaaaauccacugauacagccauaccguggaag	2:154129243..154129329:-
1_27604	6	31 +/- 32%	-	18	8	4	6	no	-	-	-	-	cggguaacgugccuugggggg	aucaggcgcacguucgaccug	cggguaacgugccuuggggggccauggcucggcggggucgucagggaggacgacagcuucagccaucaggcgcacguucgaccug	1:205708164..205708249:-
NIGP01000718_30250	5.8	50 +/- 27%	-	19	19	0	0	yes	-	dme-miR-193-5p	-	-	cugggauucggagagaaucccgu	gggauucggagagaaucccgucu	gggauucggagagaaucccgucugggauucggagagaaucccgucugggauucggagagaaucccgu	NIGP01000718:12906..12973:-
1_21197	5.6	50 +/- 27%	-	26	19	7	0	yes	-	dme-miR-193-5p	-	-	cugggauucggagagaaucccgu	gagauucggaaagaaucccgucu	gagauucggaaagaaucccgucugggauucggaaagaaucccgucugggauucggagagaaucccgu	1:39887248..39887315:+
3_11735	5.2	50 +/- 27%	-	13	13	0	0	yes	-	dme-miR-971-3p	-	-	uugguguuauaucuuacagugag	ggcuguaaguauuacagcaagc	ggcuguaaguauuacagcaagcuugcuauucgaaaggcgcuugguguuauaucuuacagugag	3:82678953..82679016:+
1_21309	3.9	10 +/- 17%	-	4	3	0	1	yes	-	-	-	-	ggacucuuguaugcuagacg	cuagcauacaagagcccuggg	ggacucuuguaugcuagacgagcgcuuuacaaacuaagcuaccgguaaagcgcucgucuagcauacaagagcccuggg	1:52068178..52068256:+
1_21199	3.3	10 +/- 17%	-	7	7	0	0	yes	-	dme-miR-193-5p	-	-	cugggauucugagagaaucccgu	gggauucugagagaaucccgac	gggauucugagagaaucccgacugggauucugagagaaucccgucugggauucugagagaaucccgu	1:39892048..39892115:+
NIGP01000718_30254	3.2	10 +/- 17%	-	7	7	0	0	yes	-	dme-miR-193-5p	-	-	cugggauucugagagaaucccgu	gggauucggagagaaucccgacu	gggauucggagagaaucccgacugggauucggagagaaucccgacugggauucugagagaaucccgu	NIGP01000718:15986..16053:-
2_6656	2.9	22 +/- 18%	-	7	7	0	0	yes	-	dme-miR-4986-5p	-	-	ugggauucuuccaggagu	uucugggauauuuccaga	uucugggauauuuccagaugcucuucugggaauucuucuaugaguacauucugggauucuuccaggagu	2:141516943..141517012:-
2_10407	2.7	22 +/- 18%	-	21	21	0	0	yes	-	-	-	-	caaaguuguuuagaaggacaa	guccuucuaaacaacuuugcc	caaaguuguuuagaaggacaaugacauucgaaaggcauauagucuugccuuucgaaugucauuguccuucuaaacaacuuugcc	2:457101186..457101270:-
2_7190	2.6	22 +/- 18%	-	7	7	0	0	yes	-	dme-miR-11182	-	-	aacaucgacucauggagguau	gguuccaugagucgauaucg	gguuccaugagucgauaucgagucauggaacaucgacucauggagguau	2:180367521..180367570:-
1_23238	2.5	22 +/- 18%	-	13	13	0	0	yes	-	-	-	-	cuggaggcagcaacagccgcu	cggcuguugcugccucaaggc	cuggaggcagcaacagccgcucaaaauuuucuugcgcggcuguugcugccucaaggc	1:206352953..206353010:+
2_4648	2.4	22 +/- 18%	-	19	19	0	0	yes	-	-	-	-	ccaaacauccguuuaagcuga	agcuuaaacggauguuugguu	ccaaacauccguuuaagcugaaaacuuuaucgauugguuagucgcuggugaugaccaaucgauuaaguuuucagcuuaaacggauguuugguu	2:450029437..450029530:+
2_6655	2.4	22 +/- 18%	-	7	7	0	0	yes	-	dme-miR-4986-5p	-	-	ugggauucuuccaggagu	uccugggauucuuccaga	ugggauucuuccaggaguuuuuccugggauucuuccaga	2:141516922..141516961:-
2_2744	2.4	22 +/- 18%	-	80	80	0	0	yes	-	-	-	-	uauaaugaaugccaggaau	uccuugcauucauuauaaa	uauaaugaaugccaggaauauuauugccauaauugguuuguaccaauuauggcaauaauauuccuugcauucauuauaaa	2:257265490..257265570:+
NIGP01001908_29800	2.3	22 +/- 18%	-	5	5	0	0	yes	-	dme-miR-4978-5p	-	-	accuggaauuccuccagggau	uccuccagggauuccaccugg	uccuccagggauuccaccuggaauuccuccagggauuccaucuggaauuccuccagggauuccaccuggaauuccuccagggau	NIGP01001908:66495..66579:-
2_9201	2.2	22 +/- 18%	-	14	14	0	0	yes	-	-	-	-	cuagaggcagcaacagccgcu	cgucuguugcugccuuaaggc	cuagaggcagcaacagccgcucgaaauuuccuugcgcgucuguugcugccuuaaggc	2:336435847..336435904:-
3_13175	2.1	22 +/- 18%	-	11	11	0	0	yes	-	-	-	-	aaaaacuucucgagacaaaaau	uuuugucucgagaaguuuuugg	uuuugucucgagaaguuuuugguagaagcuuuaaaaaauacguauuuuuuaaagcuucuaccaaaaacuucucgagacaaaaau	3:192547216..192547300:+
3_15931	1.9	45 +/- 10%	-	19	19	0	0	yes	-	-	-	-	ugagcugaaaacuuaaucgauug	aucgauuaaguuuucagcuuaaa	ugagcugaaaacuuaaucgauugguaaccaccagcuagugaccaaucgauuaaguuuucagcuuaaa	3:7894215..7894282:-
3_17023	1.9	45 +/- 10%	-	8	5	3	0	yes	-	dme-miR-190-5p	-	-	ggauauguuggugggaugccu	caauuccacgaacuacaauauccuc	ggauauguuggugggaugccuuuaucaauccgcaucuccugaauuggauuuguaccaauuccacgaacuacaauauccuc	3:105990281..105990361:-
1_23103	1.8	45 +/- 10%	-	12	12	0	0	yes	-	-	-	-	uacguacgagcguccgagcgc	gccagacacguucguacggaug	gccagacacguucguacggaugcgguggugcgguacguacgagcguccgagcgc	1:205685769..205685823:+
2_881	1.6	45 +/- 10%	-	11	11	0	0	yes	-	-	-	-	uuaugcagcgcaaauagugac	uacuauuugcucugcauaaua	uuaugcagcgcaaauagugacguuacuauuugcucugcauaaua	2:89891177..89891221:+
3_13710	1.6	45 +/- 10%	-	18	18	0	0	yes	-	-	-	-	uggugauccacuuaccccacc	uggggcaaguggaucauuugg	uggugauccacuuaccccaccaugguggggcaaguggaucauuugg	3:227630624..227630670:+
2_505	1.6	45 +/- 10%	-	55	55	0	0	yes	-	-	-	-	uuuaccauuucaagacgac	caucuugaaaugguaaaga	caucuugaaaugguaaagaugaugauugacacucuuuaccauuucaagacgac	2:58786289..58786342:+
NIGP01000718_30252	1.5	45 +/- 10%	-	4	4	0	0	yes	-	dme-miR-4986-5p	-	-	ugggauucugagaggaucccgu	gggauucagaaagaaucccgua	gggauucagaaagaaucccguaugagauucugagagaaucccgucugggauucugagaggaucccgu	NIGP01000718:14509..14576:-
3_16039	1.5	45 +/- 10%	-	14	14	0	0	yes	-	-	-	-	cuguaucgaaggguaggcgaacu	uuucauuucgagagaggg	cuguaucgaaggguaggcgaacuguauaucguacaguuucauuucgagagaggg	3:12173655..12173709:-
3_16487	1.5	45 +/- 10%	-	17	17	0	0	yes	-	-	-	-	cgacgaauuucccuuggaaa	ucccuuggaaauuccgacga	ucccuuggaaauuccgacgaauuucccuuggaaauuccgacgaauuucccuuggaaauuccgacgaauuucccuuggaaauuccgacgaauuucccuuggaaa	3:53340995..53341098:-
2_6055	1.5	45 +/- 10%	-	5	5	0	0	yes	-	dme-miR-11182	-	-	aacaucgaccggguaagugc	acuuugucccuccagaaauauuug	aacaucgaccggguaagugccggcaccagcacaauugugcuggucccacuuugucccuccagaaauauuug	2:84507762..84507833:-
3_18863	1.5	45 +/- 10%	-	10	10	0	0	yes	-	-	-	-	agccuucuucagugucaguuacu	uaacugacauugaagaaugcuac	agccuucuucagugucaguuacucguauacucugagugaauacgaguaacugacauugaagaaugcuac	3:247194003..247194072:-
3_17685	1.4	45 +/- 10%	-	11	11	0	0	yes	-	-	-	-	caauugucgacucgagugaag	ucacuagaguugagaauggau	caauugucgacucgagugaagugacucuccauuugauuuacacguugagucacuucacuagaguugagaauggau	3:151664552..151664627:-
1_28841	1.4	45 +/- 10%	-	14	14	0	0	yes	-	-	-	-	cuauuaaacucauaauauggguau	acuuauauuaugaguaaagccgcu	cuauuaaacucauaauauggguauaauuuaccaauaaaaauugguaaaguucacuuauauuaugaguaaagccgcu	1:286155484..286155560:-
1_24832	1.4	45 +/- 10%	-	12	12	0	0	yes	-	-	-	-	aucaucugaaaaacgguggccaac	uggacgacggcgaaggugggguga	uggacgacggcgaagguggggugauuguggguggccugaagccaaucagcgaucaucaucugaaaaacgguggccaac	1:35662727..35662805:-
3_16486	1.4	45 +/- 10%	-	17	17	0	0	yes	-	-	-	-	cgacgaauuucccuuggaaa	ucccuuggaaauuccgacga	ucccuuggaaauuccgacgaauuucccuuggaaauuccgacgaauuucccuuggaaa	3:53340926..53340983:-
1_24822	1.2	45 +/- 10%	-	117	115	0	2	yes	-	-	-	-	auuggauuuggauuggauuuggauu	uggauuuggauuggauuu	auuggauuuggauuggauuuggauuggaauuuggauugauuuggaucuggauuuggauuggauuu	1:35041365..35041430:-
1_24786	1.2	45 +/- 10%	-	60	60	0	0	yes	-	-	-	-	aggagacgaugacucucuaauu	uuccggaguuauccaucuuuuug	uuccggaguuauccaucuuuuuggguaccacccagaugggugauguccaaggagacgaugacucucuaauu	1:31303220..31303291:-
2_9718	1.1	45 +/- 10%	-	11	11	0	0	yes	-	-	-	-	aguguugggcaagauguggcaac	ggcuaccuuguaccaaagcugu	ggcuaccuuguaccaaagcugugacaccacaaaugagcuaggaacuggcuucauaguguugggcaagauguggcaac	2:384506341..384506418:-
2_3256	1.1	45 +/- 10%	-	13	13	0	0	yes	-	-	-	-	gaugaacucuggauccgaauagagu	ucugagaaaucuggauucaucaa	gaugaacucuggauccgaauagaguugcgcgaaguucgugauugccacuucuacgccaucugagaaaucuggauucaucaa	2:300874332..300874413:+
3_18298	1.1	45 +/- 10%	-	10	10	0	0	yes	-	-	-	-	ugucauauaagaguuaauaugcauu	ugcauauuaacucuuauauuacuag	ugcauauuaacucuuauauuacuagauuuugucauauaagaguuaauaugcauu	3:200236888..200236942:-
3_14717	1	45 +/- 10%	-	4	4	0	0	yes	-	dme-miR-10404-5p	-	-	aauugaaguuuacaugac	cauguaaaaauguguuau	cauguaaaaauguguuauaugucauguaaucacacagaauccugcuggguuacaugacauauaauugaaguuuacaugac	3:313412727..313412807:+
2_1046	1	45 +/- 10%	-	23	23	0	0	yes	-	-	-	-	gcaaauguucauuuuaccugcacu	uguggguaaaaugaacagcug	gcaaauguucauuuuaccugcacuauguggguaaaaugaacagcug	2:104393163..104393209:+
3_11094	1	45 +/- 10%	-	10	10	0	0	yes	-	-	-	-	ccaaacauccguuuaggcuga	agcucaaacggguguuugguu	ccaaacauccguuuaggcugaaaacuucggucacuagcuggugguguccaaucgauuagguuuucagcucaaacggguguuugguu	3:16950568..16950654:+
3_19738	1	45 +/- 10%	-	11	11	0	0	yes	-	-	-	-	aaauaaucacguauggcgaaau	uuggccauaugugaaauuuug	uuggccauaugugaaauuuugauaacuuucacauuuuaaaucuuuuugaauugaguagacauuaaaauaaucacguauggcgaaau	3:316388028..316388114:-
3_13079	1	45 +/- 10%	-	16	16	0	0	yes	-	-	-	-	acuaccggagucugaauuucaa	ggaauuuagguucgguggagg	ggaauuuagguucgguggagguggcagaagaacuuacuaccggagucugaauuucaa	3:191300993..191301050:+
3_12243	0.9	11 +/- 9%	-	11	11	0	0	yes	-	-	-	-	agaauugcucaaguacagugcau	guacaccacuugagcaaucuaa	guacaccacuugagcaaucuaacaagaauugcucaaguacagugcau	3:129841101..129841148:+
3_12203	0.9	11 +/- 9%	-	33	33	0	0	yes	-	-	-	-	uugaggauaacuaaccaucuguc	cagcucgaaaguuauuuucugcu	cagcucgaaaguuauuuucugcucccgugaguuugaggauaacuaaccaucuguc	3:122874350..122874405:+
3_18393	0.8	11 +/- 9%	-	17	17	0	0	yes	-	-	-	-	acucugaaacugcugguaucagacu	ucugaaacugcugguuucagagaug	acucugaaacugcugguaucagacuggaaaagacuguuggucuuauuauuauguauucugaaacugcugguuucagagaug	3:209057510..209057591:-
2_3186	0.7	11 +/- 9%	-	13	13	0	0	yes	-	-	-	-	aauuggagcguggaauaucauggau	acaugauauguccuguaaacuucaauuau	aauuggagcguggaauaucauggauuuuuacaugauauguccuguaaacuucaauuau	2:292060771..292060829:+
3_11598	0.6	11 +/- 9%	-	11	11	0	0	yes	-	-	-	-	auggaagcuuugcaagguu	ucaguuuguaugcuucuauug	auggaagcuuugcaagguucuguacgaaaauuugcuagcagcuaucaguuuguaugcuucuauug	3:65930318..65930383:+
2_7673	0.5	11 +/- 9%	-	137	137	0	0	no	-	dme-miR-277-5p	-	-	agugucagucgcuuccag	ggaaagcugccaucgu	agugucagucgcuuccaggagucuggaaagcugccaucgu	2:216867381..216867421:-
3_10892	0.4	11 +/- 9%	-	10	10	0	0	yes	-	-	-	-	cuuugacuguccuacccaggu	gugcguaguacauguccuaccu	cuuugacuguccuacccagguguuuucgugcguaguacauguccuaccu	3:1825430..1825479:+
3_19119	0.4	11 +/- 9%	-	10	10	0	0	yes	-	-	-	-	aucagcauaaaugcguucaucgcc	cgaucgccuuuaugcugaugu	aucagcauaaaugcguucaucgcccggguggcgcgaucgccuuuaugcugaugu	3:275462633..275462687:-
2_2385	0.4	11 +/- 9%	-	12	12	0	0	yes	-	-	-	-	guuucauggacagaucauauucaac	cuaaguugaucuggaauuccaugaauagc	cuaaguugaucuggaauuccaugaauagcuuguuucauggacagaucauauucaac	2:229629206..229629262:+
3_19203	0.4	11 +/- 9%	-	5	5	0	0	yes	-	dme-miR-2501-3p	-	-	acucuugcgcuuuccauugggu	guagaagaaagaacaagaguca	acucuugcgcuuuccauugggugauauugugauaaccaucggaguaugucgucguagaagaaagaacaagaguca	3:281086487..281086562:-
1_22507	0.3	11 +/- 9%	-	8	8	0	0	yes	-	-	-	-	acuuuucagcauuguuuguuuuggu	cuacaaaaacaguacugaaaagugc	cuacaaaaacaguacugaaaagugcuacuuuucagcaccgaaaagagugcugaaaaguagcacuuuucagcauuguuuguuuuggu	1:152262555..152262641:+
1_24151	0.2	11 +/- 9%	-	8	8	0	0	yes	-	-	-	-	gagugaauucagcaccgcucaaac	uugagcggugccguguuauuuacguga	uugagcggugccguguuauuuacgugaccauggcaacgagugaauucagcaccgcucaaac	1:280068262..280068323:+
3_13689	0.2	11 +/- 9%	-	12	12	0	0	yes	-	-	-	-	aacuaaggcugcauggaucau	gaaaguguagacuuacuuua	gaaaguguagacuuacuuuaggaacacguugucuguagugacuaauaggugacuguuugaacuaaggcugcauggaucau	3:226716391..226716471:+
3_17717	0.2	11 +/- 9%	-	11	11	0	0	yes	-	-	-	-	auuaguguaaaaggcaugaaa	ucagucgaaacucaaaugc	ucagucgaaacucaaaugcacggugaauggacccuuuucaauauauaugguuccuauuaccguguauuaguguaaaaggcaugaaa	3:156631387..156631473:-
NIGP01001678_29558	0.2	11 +/- 9%	-	8	8	0	0	yes	-	-	-	-	auuuucaauuggacuauu	uaguccaauugaaaauaa	uaguccaauugaaaauaaaguuacucaggaauccugaguaacuggauuuucaauuggacuauu	NIGP01001678:10567..10630:-
1_23474	0.1	11 +/- 9%	-	1	1	0	0	yes	-	dme-miR-4970-5p	-	-	uugggagcuucucuccag	cuccagaagcuugggagc	cuccagaagcuugggagcuucucuccagaagcuugggagcuucucuccag	1:219388505..219388555:+
3_18287	0.1	11 +/- 9%	-	15	15	0	0	yes	-	-	-	-	auggcaagguucuuggcgaaauu	cuuugcuggaauccuaacggga	auggcaagguucuuggcgaaauuuuuguuugauugcuauucaaauucauggcaauuuuuaaugaaaucuuugcuggaauccuaacggga	3:199361971..199362060:-
3_20527	0.1	11 +/- 9%	-	8	8	0	0	yes	-	-	-	-	acauauugcauguugacgaagu	gaagucaacaugcaauauguuu	acauauugcauguugacgaaguguuuugaagaagucaacaugcaauauguuu	3:385976245..385976297:-
3_15124	0	11 +/- 9%	-	9	9	0	0	yes	-	-	-	-	guacucgauuuuuacagcugu	ugcuguaaaaaauaucauacug	guacucgauuuuuacagcugucguccuaauaaauauaggacucgugcuguaaaaaauaucauacug	3:337975989..337976055:+
1_23541	0	11 +/- 9%	-	14	14	0	0	no	-	dme-miR-4977-5p	-	-	auucuuuugcguaaguuaaagc	cguaacaaauucgagagaugg	cguaacaaauucgagagaugggugaguuuccgaaagaaaacgcacaaucauucuuuugcguaaguuaaagc	1:224794347..224794418:+
3_16286	0	11 +/- 9%	-	9	9	0	0	yes	-	-	-	-	gaagcgguugagugguagaguacgu	gcauuuugcuucaucucauucguaucga	gcauuuugcuucaucucauucguaucgaucacucauaauucaagaugacgaagcgguugagugguagaguacgu	3:34537066..34537140:-
1_24892	0	11 +/- 9%	-	9	9	0	0	yes	-	-	-	-	cuuucaaaucacaguguagggu	ccuacacugugauucgaaaaaa	ccuacacugugauucgaaaaaagcagugccaccugaaacgccuugagugcuuucaaaucacaguguagggu	1:38559936..38560007:-
2_2706	0	11 +/- 9%	-	10	10	0	0	yes	-	-	-	-	uuccaauauugcuugugcuga	agcacuucgaaauuggaaua	uuccaauauugcuugugcugaguugccgccuaagaguuuaucugaagcuucacccagcacuucgaaauuggaaua	2:255264655..255264730:+
3_11118	0	11 +/- 9%	-	14	14	0	0	yes	-	-	-	-	ugaaaauuugagguuuggcuu	gcaucuucaccuuaaauuuuuuuu	ugaaaauuugagguuuggcuucguugcaucuucaccuuaaauuuuuuuu	3:21449176..21449225:+
1_28412	0	11 +/- 9%	-	71	71	0	0	yes	-	-	-	-	uuaagccguuuuaagccguuu	gccguuuaaagccguuuuaag	gccguuuaaagccguuuuaagccguuuuaagccguuucaagccgugucaagccauuuuaagccguuuuaagccguuu	1:243462883..243462960:-
1_23473	0	11 +/- 9%	-	1	1	0	0	yes	-	dme-miR-4970-5p	-	-	uugggagcuucucuccag	cuccagaagcuugggagc	cuccagaagcuugggagcuucucuccagaagcuugggagcuucucuccagaagcuugggagcuucucuccag	1:219388461..219388533:+
2_2434	0	11 +/- 9%	-	9	9	0	0	yes	-	-	-	-	aucugccgcuggaccucuucucg	agaaaggguagcgguaauuuuuag	aucugccgcuggaccucuucucggugacagaaaggguagcgguaauuuuuag	2:232762840..232762892:+
3_14193	0	11 +/- 9%	-	9	9	0	0	yes	-	-	-	-	gggacuuggaaaacggaaaau	cgaccguuuuguccggguccaaa	cgaccguuuuguccggguccaaacaauuaaagcugugggacuuggaaaacggaaaau	3:266982882..266982939:+



mature miRBase miRNAs detected by miRDeep2
tag id	miRDeep2 score	estimated probability that the miRNA is a true positive	rfam alert	total read count	mature read count	loop read count	star read count	significant randfold p-value	mature miRBase miRNA	example miRBase miRNA with the same seed	UCSC browser	NCBI blastn	consensus mature sequence	consensus star sequence	consensus precursor sequence	precursor coordinate
2_5776	3522.2	13 +/- 34%	-	6906	6905	0	1	yes	aae-miR-11894a	-	-	-	uuuaccauuucaagaugaccua	ggucgucuugaaaugguaa	ggucgucuugaaaugguaaagagugucaaucaucaucuuuaccauuucaagaugaccua	2:58785158..58785217:-
2_5778	3522.1	13 +/- 34%	-	6906	6905	0	1	yes	aae-miR-11894a	-	-	-	uuuaccauuucaagaugaccua	ggucgucuugaaaugguaa	ggucgucuugaaaugguaaagagugucaaucaucaucuuuaccauuucaagaugaccua	2:58785850..58785909:-
2_5784	3522	13 +/- 34%	-	6906	6905	0	1	yes	aae-miR-11894a	-	-	-	uuuaccauuucaagaugaccua	ggucgucuugaaaugguaa	ggucgucuugaaaugguaaagagugucaaucaucaucuuuaccauuucaagaugaccua	2:58787948..58788007:-
2_5780	3522	13 +/- 34%	-	6906	6905	0	1	yes	aae-miR-11894a	-	-	-	uuuaccauuucaagaugaccua	ggucgucuugaaaugguaa	ggucgucuugaaaugguaaagagugucaaucaucaucuuuaccauuucaagaugaccua	2:58786284..58786343:-
2_5782	3522	13 +/- 34%	-	6906	6905	0	1	yes	aae-miR-11894a	-	-	-	uuuaccauuucaagaugaccua	ggucgucuugaaaugguaa	ggucgucuugaaaugguaaagagugucaaucaucaucuuuaccauuucaagaugaccua	2:58787426..58787485:-
1_29014	799.7	13 +/- 34%	-	1560	1558	0	2	yes	aae-miR-277-5p	dme-miR-277-3p	-	-	uaaaugcacuaucugguacgaca	cgugucagaagugcauuuaca	cgugucagaagugcauuuacauagguauuucccguuuagcaguauuuguaaaugcacuaucugguacgaca	1:302603812..302603883:-
3_15025	213.5	13 +/- 34%	-	412	411	0	1	yes	aae-miR-8-5p	dme-miR-8-3p	-	-	uaauacugucagguaaagauguc	caucuuaccgggcagcauu	caucuuaccgggcagcauuagauauuuuugaaauacuucuaauacugucagguaaagauguc	3:328527955..328528017:+
3_20640	164.3	13 +/- 34%	-	314	286	0	28	yes	aae-miR-308-5p	dme-miR-2a-3p	-	-	aaucacaggaguauacugugag	cgcgguauauucuuguggcuug	cgcgguauauucuuguggcuugaugcauuugaaaaaucucaaaucacaggaguauacugugag	3:403338483..403338546:-
2_6153	160.6	13 +/- 34%	-	307	281	0	26	yes	aae-miR-281-5p	dme-miR-281-2-5p	-	-	aagagagcuauccgucgacagu	ugucauggaauugcucucuuua	aagagagcuauccgucgacaguagggauaugauucacugucauggaauugcucucuuua	2:96469361..96469420:-
3_12929	116.1	13 +/- 34%	-	231	230	0	1	no	aae-bantam-5p	dme-bantam-3p	-	-	ugagaucauuuugaaagcugauu	ccgguuuucauuuucgaucugacu	ccgguuuucauuuucgaucugacuuauuugauuuaacaagagugagaucauuuugaaagcugauu	3:178082830..178082895:+
1_26369	68	13 +/- 34%	-	134	120	0	14	no	aae-miR-252-5p	dme-miR-252-5p	-	-	cuaaguacuagugccgcagga	ccugcugcccaagugcuuaucg	cuaaguacuagugccgcaggagagauuugaaccccugcugcccaagugcuuaucg	1:175818157..175818212:-
2_6284	54.2	13 +/- 34%	-	98	79	0	19	yes	aae-miR-13-5p	dme-miR-2a-3p	-	-	uaucacagccauuuugacgaguu	ucguaaaaaugguugugcugug	ucguaaaaaugguugugcuguguuguuacgcucgaaauucauaucacagccauuuugacgaguu	2:107237649..107237713:-
2_5935	38	13 +/- 34%	-	66	56	0	10	yes	aae-miR-276-5p	dme-miR-276a-3p	-	-	uaggaacuucauaccgugcucu	agcgagguauagaguuccuacg	agcgagguauagaguuccuacguugcgugugcgaaauugguaggaacuucauaccgugcucu	2:73120452..73120514:-
2_6289	35.1	13 +/- 34%	-	67	54	0	13	yes	aae-miR-71-5p	-	-	-	agaaagacauggguagugagau	ucucacuaccuugucuuucau	agaaagacauggguagugagauaguuucacccuauugcacugggaucucacuaccuugucuuucau	2:107238288..107238354:-
3_16714	33.6	13 +/- 34%	-	57	56	0	1	yes	aae-miR-11-5p	dme-miR-2a-3p	-	-	caucacagucugaguucuugcu	cgagaacuccggcugugaccugug	cgagaacuccggcugugaccuguguacacuuuauccaaaucacaucacagucugaguucuugcu	3:75489864..75489928:-
2_1088	19	13 +/- 34%	-	30	29	0	1	yes	aae-miR-9a	dme-miR-9a-5p	-	-	ucuuugguuaucuagcuguaug	uaaagcuagcauaccgaaguua	ucuuugguuaucuagcuguaugagugaauuuagaacaucauaaagcuagcauaccgaaguua	2:108461947..108462009:+
2_9193	15.8	13 +/- 34%	-	23	20	0	3	yes	aae-miR-9c-5p	dme-miR-9a-5p	-	-	ucuuugguauucuagcuguaga	uaaagcuuuaguaccagagguc	ucuuugguauucuagcuguagaauguugagcuuugugauaugguaucuucuaaagcuuuaguaccagagguc	2:335810364..335810436:-
2_9431	15	13 +/- 34%	-	29	27	0	2	yes	aae-miR-1891	-	-	-	ugaggaguuaauuugcguguuu	acacguccauuaacucugguac	ugaggaguuaauuugcguguuuuuguauuugauuaaacacguccauuaacucugguac	2:360084867..360084925:-
1_23258	13.1	13 +/- 34%	-	25	14	0	11	yes	aae-miR-279	-	-	-	gaugggugugaaucuaguguuuc	ugacuagauccacacucauuaa	gaugggugugaaucuaguguuucacaugauuuucgauagccugugacuagauccacacucauuaa	1:207007788..207007853:+
3_13881	11.6	13 +/- 34%	-	14	12	0	2	yes	aae-miR-307	dme-miR-307a-3p	-	-	ucacaaccuccuugagugagcga	acucacucaaccugggugugaug	acucacucaaccugggugugaugcuuauuugaaucaucacaaccuccuugagugagcga	3:244794376..244794435:+
2_6280	5.4	50 +/- 27%	-	147	147	0	0	yes	aae-miR-2c	dme-miR-2a-3p	-	-	uaucacagccagcuuugaugagcu	cucucaaaguggcugugaaaug	cucucaaaguggcugugaaaugguuugauuuugcucauaucacagccagcuuugaugagcu	2:107235884..107235945:-
1_22966	5.4	50 +/- 27%	-	23	23	0	0	yes	aae-miR-929	dme-miR-929-5p	-	-	aaauugacucuaguagggagu	ucccuaacggagucagauuga	aaauugacucuaguagggaguccuuguguacgagugacucccuaacggagucagauuga	1:198495526..198495585:+
1_22076	5.4	50 +/- 27%	-	4	1	0	3	yes	aae-miR-927	dme-miR-927-5p	-	-	uuuagaauuccuacgcuuuacc	caaagcguuuggguucugaaac	uuuagaauuccuacgcuuuaccgugauuuguugaaaguuuggcaaagcguuuggguucugaaac	1:115022929..115022993:+
1_25005	5.3	50 +/- 27%	-	18	18	0	0	yes	aae-miR-33	dme-miR-33-5p	-	-	gugcauuguaguugcauugca	caauacuucugcaaugcaagc	gugcauuguaguugcauugcacuuuugcguucgauaacacggugcaauacuucugcaaugcaagc	1:50888881..50888946:-
3_18816	5.3	50 +/- 27%	-	23	23	0	0	yes	aae-miR-278-5p	dme-miR-278-3p	-	-	ucggugggacuuucguccguuu	acggacgauagucuucagcggcc	acggacgauagucuucagcggccgugcauuugauagaaguggucggugggacuuucguccguuu	3:243123888..243123952:-
2_5962	5.3	50 +/- 27%	-	56	56	0	0	yes	aae-miR-276-3p	dme-miR-276a-3p	-	-	uaggaacuucauaccgugcucu	agcgagguauagaguuccuaug	agcgagguauagaguuccuaugcguucggauaaaauauuccauaggaacuucauaccgugcucu	2:73509399..73509463:-
2_3351	5.2	50 +/- 27%	-	66	66	0	0	yes	aae-miR-275-5p	dme-miR-275-3p	-	-	ucagguaccugaaguagcgcg	cgcuaagcaggaaccgagacu	cgcuaagcaggaaccgagacuuugucauuugcuagcagucagguaccugaaguagcgcg	2:307135670..307135729:+
3_15864	5.2	50 +/- 27%	-	15	15	0	0	yes	aae-miR-980-5p	dme-miR-980-3p	-	-	uagcugccuagugaagggcaau	ggccguucauugggucaucuagc	ggccguucauugggucaucuagcucguguuggaaacaguuagcugccuagugaagggcaau	3:1054523..1054584:-
1_29020	5.2	50 +/- 27%	-	248	248	0	0	yes	aae-miR-317	dme-miR-317-3p	-	-	ugaacacagcuggugguaucuca	ggauacacccugugcucgcu	ggauacacccugugcucgcuuugcauucgaaacuagugaacacagcuggugguaucuca	1:302667131..302667190:-
2_6282	5.2	50 +/- 27%	-	444	444	0	0	yes	aae-miR-2a-5p	dme-miR-2a-3p	-	-	uaucacagccagcuuugaaga	ucaaagugguugugaaaug	ucaaagugguugugaaaugaguuacucuugaacgaucucauaucacagccagcuuugaaga	2:107237504..107237565:-
1_29079	5.1	50 +/- 27%	-	631	631	0	0	yes	aae-miR-283	dme-miR-283-5p	-	-	caauaucagcugguaauucuggg	cggaauuccaacugauauccac	caauaucagcugguaauucugggcuuaccccaccguuauacgcuucccggaauuccaacugauauccac	1:305625600..305625669:-
2_6157	5.1	50 +/- 27%	-	15	15	0	0	yes	aae-miR-282-5p	dme-miR-282-5p	-	-	uagccucuccuaggcuuugucug	gacauagccugacagagguuagg	uagccucuccuaggcuuugucuguuaccuuccuugggaauuccacuagccagacauagccugacagagguuagg	2:96911966..96912040:-
3_16850	5.1	50 +/- 27%	-	41	41	0	0	yes	aae-miR-92b-3p	dme-miR-92a-3p	-	-	aauugcacuugucccggccugc	aggucgugacuugugcccauuug	aggucgugacuugugcccauuugcugaauuuuaauggucaaauugcacuugucccggccugc	3:93418515..93418577:-
2_3939	5.1	50 +/- 27%	-	12	12	0	0	yes	aae-miR-2945-5p	dme-miR-279-3p	-	-	ugacuagaggcagacucguuua	agcggguccguuucuagugucaug	agcggguccguuucuagugucaugugcuguauucgaauaucaugacuagaggcagacucguuua	2:374947142..374947206:+
1_23259	5	50 +/- 27%	-	45	45	0	0	yes	aae-miR-996	dme-miR-279-3p	-	-	ugacuagauuacaugcucgucu	gcgugcaugaaucuggugcacg	gcgugcaugaaucuggugcacgguuuuccaguuguaauaucgcuucgugacuagauuacaugcucgucu	1:207012536..207012605:+
2_10014	5	50 +/- 27%	-	432	432	0	0	yes	aae-miR-184	dme-miR-184-3p	-	-	uggacggagaacugauaagggc	ccuuaucauucuugcgccccgu	ccuuaucauucuugcgccccguguuauauuguuggcgacuggacggagaacugauaagggc	2:417599380..417599441:-
2_4445	4.9	34 +/- 27%	-	25	25	0	0	yes	aae-miR-965	dme-miR-965-3p	-	-	uaagcguauagcuuuucccauu	ggggaaauccuguacgcuguaug	ggggaaauccuguacgcuguauguuguauuugaauaauccauaagcguauagcuuuucccauu	2:429778750..429778813:+
2_9185	4.9	34 +/- 27%	-	21	21	0	0	yes	aae-miR-9b	dme-miR-9a-5p	-	-	ucuuuggugauuuuagcuguaug	uauagcuuuaucaccaaaaacc	ucuuuggugauuuuagcuguaugcugauacguuucugauugcauauagcuuuaucaccaaaaacc	2:335780574..335780639:-
2_9188	4.9	34 +/- 27%	-	14	14	0	0	yes	aae-miR-79-5p	dme-miR-4-3p	-	-	auaaagcuagauuaccaaagc	uuuggcgcuuuagcuguauga	uuuggcgcuuuagcuguaugauagaauuuaauauuucauaaagcuagauuaccaaagc	2:335780886..335780944:-
NIGP01000533_29990	4.9	34 +/- 27%	-	13	13	0	0	yes	aae-miR-970	dme-miR-970-3p	-	-	ucauaagacacacgcggcuau	agcuugcguuugucuuagcuggua	agcuugcguuugucuuagcugguauugaaugugauagguaucauaagacacacgcggcuau	NIGP01000533:10107..10168:-
1_22579	4.9	34 +/- 27%	-	13	13	0	0	yes	aae-miR-970	dme-miR-970-3p	-	-	ucauaagacacacgcggcuau	agcuugcguuugucuuagcuggua	agcuugcguuugucuuagcugguauugaaugugauagguaucauaagacacacgcggcuau	1:157238423..157238484:+
2_5689	4.8	34 +/- 27%	-	13	13	0	0	yes	aae-miR-190	dme-miR-190-5p	-	-	agauauguuugauauucuugguug	cccaggaaucaaacauauuauua	agauauguuugauauucuugguuguuaaauuuuauauuaucacccaggaaucaaacauauuauua	2:48811877..48811942:-
2_3851	4.8	34 +/- 27%	-	26	26	0	0	yes	aae-miR-124	dme-miR-124-3p	-	-	uaaggcacgcggugaaugcca	guauccacugccggccuauaug	guauccacugccggccuauauguccuauuucgguacucauaaggcacgcggugaaugcca	2:369307280..369307340:+
3_20298	4.8	34 +/- 27%	-	17	17	0	0	yes	aae-miR-989	dme-miR-989-3p	-	-	ugugaugugacguagugguac	gccgcuaccucgcuuucacuug	gccgcuaccucgcuuucacuugguaccgauuucccauaauccaugugaugugacguagugguac	3:366439082..366439146:-
3_16860	4.8	34 +/- 27%	-	13	13	0	0	yes	aae-miR-92a-5p	dme-miR-92a-3p	-	-	uauugcacuugucccggccua	gguacggacaggggcaacauu	gguacggacaggggcaacauugugacauuugaaagcuaauauugcacuugucccggccua	3:93477597..93477657:-
2_3946	4.8	34 +/- 27%	-	22	22	0	0	yes	aae-let-7	dme-let-7-5p	-	-	ugagguaguugguuguauagu	uaugcaaucugcuagcuuguc	ugagguaguugguuguauaguagugacugauuaaauaucugcuaugcaaucugcuagcuuguc	2:375131497..375131560:+
1_29106	4.7	34 +/- 27%	-	167	164	0	3	yes	aae-miR-1175-5p	dme-miR-958-3p	-	-	ugagauucuacuucuccgacuu	aaguggaguaguggucucauc	aaguggaguaguggucucaucgcuuaguauuagaaaagugagauucuacuucuccgacuu	1:307010046..307010106:-
2_3517	4.6	34 +/- 27%	-	28	28	0	0	yes	aae-miR-133	dme-miR-133-3p	-	-	uugguccccuucaaccagcugu	agcugguugacuucgggucaaau	agcugguugacuucgggucaaaucgucaaauauuugcaaagauauuuccucagugaaauuauuugguccccuucaaccagcugu	2:330417065..330417149:+
2_3639	4.6	34 +/- 27%	-	30	30	0	0	yes	aae-miR-14	dme-miR-14-3p	-	-	ucagucuuuuucucucuccuau	gggagcgagauuaaggcuugcu	gggagcgagauuaaggcuugcuggucauuuauuacacucgaagucagucuuuuucucucuccuau	2:344767572..344767637:+
2_9856	4.6	34 +/- 27%	-	186	186	0	0	yes	aae-miR-1	dme-miR-1-3p	-	-	uggaauguaaagaaguauggag	ccaugcuuccuugcauucaaua	ccaugcuuccuugcauucaauagugauucugaaagcauauggaauguaaagaaguauggag	2:399501023..399501084:-
1_29075	4.6	34 +/- 27%	-	385	385	0	0	yes	aae-miR-12-5p	dme-miR-12-5p	-	-	ugaguauuacaucagguacuggu	caguacuuauguuaugcucucu	ugaguauuacaucagguacuggugucgauauucgaaucaccaacgaaucggguuccuuugauuaacuuaccaguacuuauguuaugcucucu	1:305613548..305613640:-
2_3948	4.4	34 +/- 27%	-	28	28	0	0	yes	aae-miR-125-5p	dme-miR-125-5p	-	-	ucccugagacccuaacuuguga	acaaguuuugaucuccgguauu	ucccugagacccuaacuugugacuauaguugaaguuucacaaguuuugaucuccgguauu	2:375131781..375131841:+
2_3354	4	34 +/- 27%	-	165	165	0	0	yes	aae-miR-305-5p	dme-miR-305-5p	-	-	auuguacuucaucaggugcucugg	ccggcacauguuggaguacacuua	auuguacuucaucaggugcucugguuguuuucgauacccggcacauguuggaguacacuua	2:307145445..307145506:+
3_12310	3.8	10 +/- 17%	-	103	103	0	0	yes	aae-miR-31	dme-miR-31b-5p	-	-	uggcaagauguuggcauagcug	gcuauucaacuucuugucuau	uggcaagauguuggcauagcugaaaguuuugaguuuagcuauucaacuucuugucuau	3:136174150..136174208:+
2_2270	3.7	10 +/- 17%	-	12	12	0	0	yes	aae-miR-7	dme-miR-7-5p	-	-	uggaagacuagugauuuuguuguu	uaacaauaaaucucaagucuuucuac	uggaagacuagugauuuuguuguuuugcuuacgauaauaacaauaaaucucaagucuuucuac	2:222802544..222802607:+
2_3943	3.3	10 +/- 17%	-	5	4	0	1	yes	aae-miR-100	-	-	-	caagaacggauguaugggauuc	aacccguagauccgaacuugu	aacccguagauccgaacuugugcugccguuucacauguuacaagaacggauguaugggauuc	2:375117351..375117413:+
3_16712	3	10 +/- 17%	-	7	7	0	0	yes	aae-miR-998	dme-miR-285-3p	-	-	uagcaccaugagauucagcuc	acugaacucucgugggucugca	acugaacucucgugggucugcaguugauauuucgaaagcuuguagcaccaugagauucagcuc	3:75489589..75489652:-
1_23867	3	10 +/- 17%	-	7	7	0	0	yes	aae-miR-999	dme-miR-999-3p	-	-	uguuaacuguaagacugugucu	acgcggucgugcaggaaauuauu	acgcggucgugcaggaaauuauuuggcauuagauucaaauguuaacuguaagacugugucu	1:252222293..252222354:+
2_2418	2.3	22 +/- 18%	-	7	7	0	0	yes	aae-miR-932-5p	dme-miR-932-5p	-	-	ucaauuccguagugcauugcagu	ugcaagcaauguggaagugaag	ucaauuccguagugcauugcagugugcuuuagacgaacugcaagcaauguggaagugaag	2:231381156..231381216:+
2_5772	2	22 +/- 18%	-	6905	6905	0	0	yes	aae-miR-11894a	-	-	-	uuuaccauuucaagaugaccua	gguugucuugaaaugguaaaga	gguugucuugaaaugguaaagagugucaaccaucaucuuuaccauuucaagaugaccua	2:58783350..58783409:-
2_5774	1.9	45 +/- 10%	-	903	903	0	0	yes	aae-miR-11894b	-	-	-	uuuaccauuucaauaugaccua	ggucguauugaaaugguaaaga	ggucguauugaaaugguaaagagugucaaucaucaucuuuaccauuucaauaugaccua	2:58784590..58784649:-
2_9054	1.7	45 +/- 10%	-	6845	6845	0	0	yes	aae-miR-11895	-	-	-	uucaugcauucacuucugcuga	agcaggagugaaugcaugaguu	agcaggagugaaugcaugaguuugacaucugaaacuaauucaugcauucacuucugcuga	2:324949494..324949554:-
2_6288	1.5	45 +/- 10%	-	105	105	0	0	yes	aae-miR-2c	-	-	-	ucacagccagcuuugaugagca	ggcaucaaauuugguuguuuua	ggcaucaaauuugguuguuuuaguacgaccucuuugaaaccccuaucacagccagcuuugaugagca	2:107237995..107238062:-
3_20698	1.5	45 +/- 10%	-	7	7	0	0	yes	aae-miR-285	dme-miR-285-3p	-	-	uagcaccauucgaaaucaguac	acuggcuuccaaaggugaguaga	acuggcuuccaaaggugaguagauggcauucgauacacucuagcaccauucgaaaucaguac	3:406875046..406875108:-
2_9972	1.4	45 +/- 10%	-	48	48	0	0	yes	aae-miR-1890	-	-	-	ugaaaucuuugauuaggucugg	agagcuaauuggagaguucuug	agagcuaauuggagaguucuugaauaguguugugaaccuucaugaaaucuuugauuaggucugg	2:413654961..413655025:-
3_16965	1.4	45 +/- 10%	-	22	22	0	0	yes	aae-miR-2765	-	-	-	ugguaacuccaccaccguugg	aaugggagcuggaguucccgcg	ugguaacuccaccaccguuggcgauauuugacagccaaugggagcuggaguucccgcg	3:101895454..101895512:-
2_927	1.4	45 +/- 10%	-	4	4	0	0	yes	aae-miR-988-5p	dme-miR-988-3p	-	-	ccccuuguugcaaaccucacgc	gugugcuuugugacaaugag	gugugcuuugugacaaugagauucgguucgauaucauccccuuguugcaaaccucacgc	2:93351380..93351439:+
NIGP01001060_29953	1.4	45 +/- 10%	-	19	19	0	0	yes	aae-miR-11917	-	-	-	ugagcugaaaacuuaaucgauug	aucgauaaaguuuucagcuuaaa	ugagcugaaaacuuaaucgauuggucaccacaaacuagugaacaaucgauaaaguuuucagcuuaaa	NIGP01001060:23018..23085:-
3_20439	1.1	45 +/- 10%	-	10	10	0	0	yes	aae-miR-11917	-	-	-	ugaaaacuuaaucgauuggu	ccaucgauuaaguuuucagc	ugaaaacuuaaucgauuggucacuugcugguggugacccaucgauuaaguuuucagc	3:376000225..376000282:-
2_6831	0.5	11 +/- 9%	-	4	4	0	0	yes	aae-miR-263b-5p	dme-miR-263b-5p	-	-	cuuggcacugggagaauucacag	guggaucuuuucgugccaucgu	cuuggcacugggagaauucacaggcgcuauuugcuaucauucuguggaucuuuucgugccaucgu	2:153371131..153371196:-
1_21341	0.2	11 +/- 9%	-	36	36	0	0	no	aae-miR-210	dme-miR-210-3p	-	-	cuugugcgugugacaacggcuau	agcugcugaccacugcacaagau	agcugcugaccacugcacaagauuagauuaugacucuugugcgugugacaacggcuau	1:54892617..54892675:+
2_28	-0.2	0 +/- 0%	-	2	2	0	0	yes	aae-miR-219	dme-miR-219-5p	-	-	ugauuguccaaacgcaauucuug	agaguugugacuggacauccgug	ugauuguccaaacgcaauucuuguuuuauucgaauaugauauccaagaguugugacuggacauccgug	2:3715261..3715329:+
1_22113	-0.2	0 +/- 0%	-	2	2	0	0	yes	aae-miR-981	dme-miR-981-3p	-	-	uucguugucgacgaaaccugc	ggguuucgcggcgaacgggcu	ggguuucgcggcgaacgggcuuccaccaugaugaauagcaguucguugucgacgaaaccugc	1:118556349..118556411:+
2_1909	-0.3	0 +/- 0%	-	2	2	0	0	yes	aae-miR-137	dme-miR-137-3p	-	-	uauugcuugagaauacacguag	acgcguauucuuggguuauuaac	acgcguauucuuggguuauuaacacacuguuuauguuguuauugcuugagaauacacguag	2:189612067..189612128:+
1_25336	-0.6	0 +/- 0%	-	1	1	0	0	yes	aae-miR-87	dme-miR-87-3p	-	-	gugagcaaauuuucaggugu	gccugaaauuugcuaaaccu	gccugaaauuugcuaaaccuguguguauuugauucaaacaaucaaggugagcaaauuuucaggugu	1:80682403..80682469:-
1_21511	-0.8	0 +/- 0%	-	7	7	0	0	yes	aae-miR-11901	-	-	-	uaaaguuuuguaacaagu	uugucacaaaacaucaca	uugucacaaaacaucacagaauuguuuuuacugauaaggaacuauguguaaaaauaauucuguaaaguuuuguaacaagu	1:68805966..68806046:+
2_3352	-1	0 +/- 0%	-	66	66	0	0	no	aae-miR-275-3p	dme-miR-275-3p	-	-	ucagguaccugaaguagcgcg	agcgacaacagaggcgugaaa	ucagguaccugaaguagcgcgcgugaucaaacaggaagcgucaucaagcgacaacagaggcgugaaa	2:307135708..307135775:+
2_3585	-1.2	0 +/- 0%	-	1	1	0	0	yes	aae-miR-375	dme-miR-375-3p	-	-	uuuguucguuuggcucgaguua	acuuaagcccaacguacagaaacu	acuuaagcccaacguacagaaacuugaaucugaaugccguucuagauuggcuugcuagaaguuuguucguuuggcucgaguua	2:337876532..337876615:+
2_9317	-1.4	0 +/- 0%	-	7	7	0	0	no	aae-miR-263a-5p	dme-miR-263a-5p	-	-	aauggcacuggaagaauucac	guucuggcaguggcauccc	aauggcacuggaagaauucacggguauauuuugaaauccccguguucuggcaguggcauccc	2:348784448..348784510:-
2_8304	-1.9	0 +/- 0%	-	5	5	0	0	yes	aae-miR-2946	-	-	-	uaguacggaaaagauauggggauu	ucgccauauuuuuaccgcuacugca	ucgccauauuuuuaccgcuacugcauuucauuguaauaauuguaguacggaaaagauauggggauu	2:268456439..268456505:-
2_6154	-2.3	0 +/- 0%	-	281	281	0	0	no	aae-miR-281-5p	dme-miR-281-2-5p	-	-	aagagagcuauccgucgacagu	cguugacgugggauuuuuuug	cguugacgugggauuuuuuuguucauuuuguucuuucgcugguuucgaauaugaaaauaaagagagcuauccgucgacagu	2:96469398..96469479:-
2_928	-2.8	0 +/- 0%	-	4	4	0	0	no	aae-miR-988-3p	dme-miR-988-3p	-	-	ccccuuguugcaaaccucacgc	ggcagguaggggcaaugggggc	ccccuuguugcaaaccucacgcuugcgguagguuccacaacugcugagagguggcagguaggggcaaugggggc	2:93351417..93351491:+
2_7194	-3.3	0 +/- 0%	-	3	3	0	0	yes	aae-miR-11899	-	-	-	uaugaccgauuuaauauauggc	cauguaugauuucggucaugua	cauguaugauuucggucauguaugcaguugaaaauaauuauaugaccgauuuaauauauggc	2:182319042..182319104:-
2_8302	-3.5	0 +/- 0%	-	3	3	0	0	yes	aae-miR-2941	-	-	-	uaguacggcuagaacuccacgga	cgugaagcucagcugcauuaca	cgugaagcucagcugcauuacacgauauggaauacgguuuguaguacggcuagaacuccacgga	2:268456314..268456378:-
2_9881	-4.7	0 +/- 0%	-	1	1	0	0	no	aae-miR-2944a-5p	dme-miR-5-5p	-	-	gaaggaacuucugcugugaucu	aucacaguaguuguacuuuaa	gaaggaacuucugcugugaucugaguuagauacauaucacaguaguuguacuuuaa	2:402152658..402152714:-
2_3945	-7.7	0 +/- 0%	-	22	22	0	0	no	aae-let-7	dme-let-7-5p	-	-	ugagguaguugguuguauagu	auuacaguacugcuucuuc	auuacaguacugcuucuuccacguugagguaguugguuguauagu	2:375131473..375131518:+

#miRBase miRNAs not detected by miRDeep2
miRBase precursor id	total read count	mature read count(s)	star read count	remaining reads	UCSC browser	NCBI blastn	miRBase mature sequence(s)	miRBase star sequence(s)	miRBase precursor sequence
282	282	0	0	-	-	caaccacuauccgcccugccgcc	uggcagugugguuagcugguug	-	caaggcaauacgcuauggcagugugguuagcugguuguguagaacuuuggggggcuuccguggcguucgcgcgcacacgggggcucagauucacaaccacuauccgcccugccgccgcgaggugccagg	
158	158	0	0	-	-	ucagguacugagugacucucag	gagagcaccucgguaucuaagc	-	cauucgcaauuucaccgguucagguacugagugacucucagaugugcauuucucaagcaaucucguccucaggaccugagguugaaaaacccugagagcaccucgguaucuaagccaguguugcgaaaa	
77	63	0	14	-	-	cacguuacagauugggguuucc	uaaucucaaauuguaacagugg	-	gagguaaucucaaauuguaacaguggguugauuuuccuggugaaucccggccuuguccuccgucacaagugugacaagugucucgaaaacguguucgcuauacccacguuacagauugggguuucccc	
86	86	0	0	-	-	ugguuuaucuuaucugucgaggc	gucgacagggagauaaaucacu	-	cauugguuuaucuuaucugucgaggcaaguuauuuuaccggauaguguuucuuuucgugagcaaucaccacuauccagcucuucuugucgacagggagauaaaucacug	
46	46	0	0	-	-	ugucuuuuuccgcuuacugccg	-	ccaacauuuugauugauuugucuuuuuccgcuuacugccgguggcauuugaaauucucgacagcaaaccgaaaaaggcgccucaaucaauu	
2	2	0	0	-	-	auauuguccugucacagcagu	-	cgauuuuugcuagaaaccgauuauauuguccugucacagcaguacuguuacaaauuuacuguuguuucgggacauuuacauugauucuagccgucac	
2	2	0	0	-	-	ugaaaccguccaaaacugaggc	-	uccggcguuaguuuugggcggguuuuaguguauuucgauuagaguaucaauugaaaccguccaaaacugaggccggcg	
2	1	0	1	-	-	ucagaucuacuuaauacccau	-	acuccaauucuggguauuuuagauccuuggcauaguuacgugauugaaugcacuguucuucuuugguuuacccaguaucgaacacgcgucaaucugucagaucuacuuaauacccaua	
1	1	0	0	-	-	cuuucgagcaguaaucaaaguc	uuuugauuguugcucagaaagc	-	aguguuucuauaaaauuuugauuguugcucagaaagccgugcauuugaaacgggucgcuuucgagcaguaaucaaagucaaauaaaacacca	










6	0	0	6	-	-	aauguuggacaacugcaaggu	-	auaaaauguuggacaacugcaagguacuucaagguuuuuauuucgucuuuaauacaggguaucugcagugaucgauuuucucu	




















36	0	0	36	-	-	uuccgaaguugggugucucgc	-	ugcaagauacccuacuucggaaguagggcgcauuagagcgcauccggaugcgaaucgaaugcaccacuuccgaaguugggugucucgca	













