miRDeep2 score	novel miRNAs reported by miRDeep2	novel miRNAs, estimated false positives	novel miRNAs, estimated true positives	known miRNAs in species	known miRNAs in data	known miRNAs detected by miRDeep2	estimated signal-to-noise	excision gearing
10	5	6 +/- 2	1 +/- 1 (12 +/- 20%)	164	123	65 (53%)	8.9	1
9	6	6 +/- 2	1 +/- 1 (18 +/- 22%)	164	123	65 (53%)	9	1
8	6	6 +/- 2	1 +/- 1 (18 +/- 23%)	164	123	65 (53%)	9	1
7	8	6 +/- 2	3 +/- 2 (31 +/- 24%)	164	123	65 (53%)	9.3	1
6	11	6 +/- 2	5 +/- 2 (48 +/- 20%)	164	123	65 (53%)	9.7	1
5	16	6 +/- 2	10 +/- 2 (64 +/- 14%)	164	123	77 (63%)	11.9	1
4	18	6 +/- 2	12 +/- 2 (65 +/- 13%)	164	123	95 (77%)	13.2	1
3	21	8 +/- 3	13 +/- 3 (62 +/- 12%)	164	123	97 (79%)	10.9	1
2	32	10 +/- 3	22 +/- 3 (70 +/- 9%)	164	123	98 (80%)	10.5	1
1	54	12 +/- 3	42 +/- 3 (77 +/- 6%)	164	123	104 (85%)	9.8	1
0	68	28 +/- 5	40 +/- 5 (59 +/- 8%)	164	123	108 (88%)	5	1
-1	87	54 +/- 7	33 +/- 7 (38 +/- 9%)	164	123	111 (90%)	3	1
-2	117	94 +/- 9	23 +/- 9 (20 +/- 7%)	164	123	112 (91%)	2.1	1
-3	190	144 +/- 10	46 +/- 10 (24 +/- 6%)	164	123	113 (92%)	1.9	1
-4	272	208 +/- 12	64 +/- 12 (24 +/- 5%)	164	123	115 (93%)	1.7	1
-5	367	331 +/- 15	37 +/- 15 (10 +/- 4%)	164	123	116 (94%)	1.4	1
-6	428	567 +/- 18	0 +/- 0 (0 +/- 0%)	164	123	116 (94%)	0.9	1
-7	486	778 +/- 21	0 +/- 0 (0 +/- 0%)	164	123	116 (94%)	0.7	1
-8	593	955 +/- 22	0 +/- 0 (0 +/- 0%)	164	123	116 (94%)	0.7	1
-9	761	1095 +/- 23	0 +/- 0 (0 +/- 0%)	164	123	116 (94%)	0.8	1
-10	945	1205 +/- 25	0 +/- 0 (0 +/- 0%)	164	123	116 (94%)	0.9	1



novel miRNAs predicted by miRDeep2
provisional id	miRDeep2 score	estimated probability that the miRNA candidate is a true positive	rfam alert	total read count	mature read count	loop read count	star read count	significant randfold p-value	miRBase miRNA	example miRBase miRNA with the same seed	UCSC browser	NCBI blastn	consensus mature sequence	consensus star sequence	consensus precursor sequence	precursor coordinate
1_19475	7190.2	12 +/- 20%	-	14111	14110	0	1	no	-	-	-	-	aauuagcaauugggagacgcuac	uggugcucucaguagcuuccgggaa	aauuagcaauugggagacgcuacauuauggugcucucaguagcuuccgggaa	1:205707268..205707320:+
1_23033	5804.9	12 +/- 20%	rRNA	11394	11371	0	23	no	-	-	-	-	ggggagguagugacgagaaau	aggcgcguaaauuacccaau	aggcgcguaaauuacccaaucccggcacggggagguagugacgagaaau	1:205637864..205637913:-
NIGP01001771_24996	5804	12 +/- 20%	rRNA	11394	11371	0	23	no	-	-	-	-	ggggagguagugacgagaaau	aggcgcguaaauuacccaau	aggcgcguaaauuacccaaucccggcacggggagguagugacgagaaau	NIGP01001771:13299..13348:+
1_22041	5803.4	12 +/- 20%	rRNA	11394	11371	0	23	no	-	-	-	-	ggggagguagugacgagaaau	aggcgcguaaauuacccaau	aggcgcguaaauuacccaaucccggcacggggagguagugacgagaaau	1:162387146..162387195:-
1_23017	313.2	12 +/- 20%	-	628	627	0	1	no	-	-	-	-	ugcggaaggaucauuacu	caagguuuccguaggugaacc	caagguuuccguaggugaaccugcggaaggaucauuacu	1:205636382..205636421:-
3_12401	9.2	18 +/- 22%	-	16	15	0	1	yes	-	-	-	-	ugaggcgucuucugguggcug	agucaccaucugauacugacgg	agucaccaucugauacugacggaggauggaugugcuucccaaagcacgguccuccgugaggcgucuucugguggcug	3:267477095..267477172:+
2_9102	7.2	31 +/- 24%	-	12	11	0	1	yes	-	-	-	-	ugaggcgucuucugguggcug	agucaccaucugauacugacgg	agucaccaucugauacugacggaggauggaugugcuccccaaagcacgauccuccgugaggcgucuucugguggcug	2:446625022..446625099:-
3_12373	7.2	31 +/- 24%	-	12	11	0	1	yes	-	-	-	-	ugaggcgucuucugguggcug	agucaccaucugauacugacgg	agucaccaucugauacugacggaggaugaaugugcuccccaaagcacgguccuccgugaggcgucuucugguggcug	3:266192887..266192964:+
2_3175	6.8	48 +/- 20%	-	12	11	0	1	yes	-	-	-	-	ugaggcgucuucugguggcug	agucaccaucugauacugacgg	agucaccaucugauacugacggaggauggaugugaagcacggucuucugugaggcgucuucugguggcug	2:327701617..327701687:+
1_21868	6.3	48 +/- 20%	-	10	9	0	1	yes	-	-	-	-	ugaggcgucuucugguggcug	agucaccaucugauacugacgg	agucaccaucugauacugacggaggauggaugugcuccccaaagcacaguccuccgugaggcgucuucugguggcug	1:146727354..146727431:-
2_1023	6	48 +/- 20%	-	10	9	0	1	yes	-	-	-	-	ugaggcgucuucugguggcug	agucaccaucugauacugacgg	agucaccaucugauacugacggaggauggaugugcuccccaaagcacgauccuccgugaggcgucuucugguggcug	2:109046622..109046699:+
1_18047	5.8	64 +/- 14%	-	51	51	0	0	yes	-	dme-miR-193-5p	-	-	cugggauucggagagaaucccgu	gggauucggagagaaucccgucu	gggauucggagagaaucccgucugggauucggagagaaucccgucugggauucggagagaaucccgu	1:39890566..39890633:+
NIGP01000718_25584	5.7	64 +/- 14%	-	53	53	0	0	yes	-	dme-miR-193-5p	-	-	cugggauucggagagaaucccgu	gggauucggagagaaucccgucu	gggauucggagagaaucccgucugggauucggagagaaucccgucugggauucggagagaaucccgucugggauucggagagaaucccgu	NIGP01000718:14208..14298:-
NIGP01000718_25587	5.6	64 +/- 14%	-	69	53	0	16	yes	-	dme-miR-193-5p	-	-	cugggauucggagagaaucccgu	cugggauucggaaagaaucccgu	cugggauucggaaagaaucccgucugggauucggagagaaucccgucugggauucggagagaaucccgu	NIGP01000718:16400..16469:-
3_10337	5.2	64 +/- 14%	-	352	352	0	0	yes	-	dme-miR-971-3p	-	-	uugguguuauaucuuacagugag	ggcuguaaguauuacagcaagc	ggcuguaaguauuacagcaagcuugcuauucgaaaggcgcuugguguuauaucuuacagugag	3:82678953..82679016:+
1_24340	5	64 +/- 14%	-	8	7	0	1	yes	-	-	-	-	ugaggcgucuucugguggcug	agucaccaucugauacugacgg	agucaccaucugauacugacggaggauggaugugcuccccaaagcacgguccuccgugaggcgucuucugguggcug	1:258560388..258560465:-
1_20468	4.2	65 +/- 13%	-	57	56	0	1	yes	-	dme-miR-iab-8-5p	-	-	uuacguauacugaagguauacc	aggauacauucaguauacguucau	uuacguauacugaagguauaccggauagauagcacucaggauacauucaguauacguucau	1:308965424..308965485:+
1_21452	4	65 +/- 13%	-	5	4	0	1	yes	-	-	-	-	ucggaaguagugcgcuguauag	auacagcgcacuacuaccgac	ucggaaguagugcgcuguauaguugaucagaugcucuauacagcgcacuacuaccgac	1:92806598..92806656:-
2_6868	3.8	62 +/- 12%	-	13	12	0	1	no	-	-	-	-	ugaggcgucuucugguggcug	agucaccaucugauacugacgg	agucaccaucugauacugacggaggauggaggugcuccccaaagcacgguccuccgugaggcgucuucugguggcug	2:234901727..234901804:-
3_11225	3.2	62 +/- 12%	-	5	4	0	1	yes	-	-	-	-	ugcggcgucuucuggugacug	agucaccaucugauacugacgg	agucaccaucugauacugacggaguauggauguguuuccccaauacacgguccuucgugcggcgucuucuggugacug	3:159790544..159790622:+
1_21070	3	62 +/- 12%	-	4	3	0	1	yes	-	-	-	-	ugaggcgucuucugguggcua	agucaccaucugauacugacgg	agucaccaucugauacugacggaggauggaugugcucccccaaagcacgguccuccgugaggcgucuucugguggcua	1:49206883..49206961:-
NIGP01000718_25580	2.6	70 +/- 9%	-	6	6	0	0	yes	-	dme-miR-193-5p	-	-	cugggauucugagagaaucccgu	ggaauucugagagaaucccgac	ggaauucugagagaaucccgacugggauucugagagaaucccgucugggauucugagagaaucccgu	NIGP01000718:11574..11641:-
1_22180	2.6	70 +/- 9%	-	3	2	0	1	yes	-	-	-	-	ugagccgucuucugguggcug	agucaccaucugauacugacgg	agucaccaucugauacugacggaggauggaugugcuccccaaagcacgguccuccgugagccgucuucugguggcug	1:171210660..171210737:-
NIGP01000248_25967	2.5	70 +/- 9%	-	12	11	0	1	no	-	-	-	-	ugaggcgucuucugguggcug	agucaccaucugauacugacgg	agucaccaucugauacugacggacgauggaugagcuccccaaagcacgguccuccgugaggcgucuucugguggcug	NIGP01000248:13580..13657:+
NIGP01001940_25381	2.5	70 +/- 9%	-	3	2	0	1	yes	-	-	-	-	ugaggcaucuucugguagcug	agucaccaucugauacugacgg	agucaccaucugauacugacggaggauggaugugcuccccaaagcacgguccuccgugaggcaucuucugguagcug	NIGP01001940:17195..17272:+
2_4249	2.4	70 +/- 9%	-	5	4	0	1	yes	-	-	-	-	aacagaacuuuccaucugaacg	uuccaggugggaguuaucugauau	uuccaggugggaguuaucugauaugugaauaugguaccauaacagaacuuuccaucugaacg	2:468829080..468829142:+
3_11531	2.4	70 +/- 9%	-	107	107	0	0	yes	-	-	-	-	auaccauguugaaaacaa	guuuucaacaugguauga	guuuucaacaugguaugauuguugaccguugcuugcuugcauaccauguugaaaacaa	3:192815589..192815647:+
2_3770	2.4	70 +/- 9%	-	26	26	0	0	yes	-	-	-	-	ucuuaugcagcgcaaauaguga	acuauuugagcugcauaagaac	ucuuaugcagcgcaaauagugacgucacuauuugagcugcauaagaac	2:404562113..404562161:+
3_10120	2.2	70 +/- 9%	-	7	7	0	0	yes	-	dme-miR-4982-5p	-	-	cugcaauucaaguuucggug	ccgaaacuugaauuggguc	cugcaauucaaguuucggugaaaugauucgcacucacucacucacucauuucauuuaaccgaaacuugaauuggguc	3:53600747..53600824:+
2_8041	2.2	70 +/- 9%	-	14	14	0	0	yes	-	-	-	-	cuagaggcagcaacagccgcu	cggccguugcugcuucaaggc	cuagaggcagcaacagccgcucaaaauuuccuugcgcggccguugcugcuucaaggc	2:331134974..331135031:-
2_9011	2.1	70 +/- 9%	-	11	11	0	0	yes	-	-	-	-	cuagaggcagcaacagccgcu	cggcuguugcugucucuaggc	cuagaggcagcaacagccgcucaaaauuuccuugcgcggcuguugcugucucuaggc	2:439186038..439186095:-
3_10388	2	70 +/- 9%	-	18	18	0	0	yes	-	-	-	-	cuagaggcagcaacagccgcu	uggcuguugcugccucaaggc	cuagaggcagcaacagccgcucaaauuuccuugcguggcuguugcugccucaaggc	3:87522478..87522534:+
3_14423	1.9	77 +/- 6%	-	2	1	0	1	yes	-	-	-	-	ugcggcgucuucugguggcugg	agucaccaucugauacugacgg	agucaccaucugauacugacggagaauggaugugcuccccuaagcacgguccuccgugcggcgucuucugguggcugg	3:70065440..70065518:-
3_10972	1.8	77 +/- 6%	-	5	5	0	0	yes	-	dme-miR-2491-5p	-	-	agcuguuggaggaagauc	gcuuccgccacggcuaa	agcuguuggaggaagaucuggaacguucggaagaacgucuggcuuccgccacggcuaa	3:145064915..145064973:+
2_8740	1.7	77 +/- 6%	-	19	19	0	0	yes	-	-	-	-	uacggcaagggcugauugcugc	agcauuucaggccuuaucauagu	agcauuucaggccuuaucauaguuugauagcagucugaacuacuagacugcaaaacuacggcaagggcugauugcugc	2:402484530..402484608:-
3_12286	1.7	77 +/- 6%	-	26	26	0	0	yes	-	-	-	-	ucuuaugcagcgcaaauaguga	acuauuugcacugcauaagaac	ucuuaugcagcgcaaauagugacgaaacuauuugcacugcauaagaac	3:260623496..260623544:+
3_15674	1.7	77 +/- 6%	-	19	19	0	0	yes	-	-	-	-	uacggcaagggcugauugcugc	agcauuucaggccuuaucauagu	agcauuucaggccuuaucauaguuugauagcagucugaacuacuagacugcaaaacuacggcaagggcugauugcugc	3:196317396..196317474:-
1_21650	1.7	77 +/- 6%	-	19	19	0	0	yes	-	-	-	-	uacggcaagggcugauugcugc	agcauuucaggccuuaucauagu	agcauuucaggccuuaucauaguuugauaguagucugaacuacuagacugcaaaacuacggcaagggcugauugcugc	1:119512324..119512402:-
2_335	1.7	77 +/- 6%	-	19	19	0	0	yes	-	-	-	-	uacggcaagggcugauugcugc	agcauuucaggccuuaucauagu	agcauuucaggccuuaucauaguuugauaguagucugaacuacuagacugcaaaacuacggcaagggcugauugcugc	2:29416768..29416846:+
3_11857	1.6	77 +/- 6%	-	14	14	0	0	yes	-	-	-	-	caccuguccagcgaauuggga	ccaauucgauagacaugcg	ccaauucgauagacaugcggcugcgguaguugguaacgcaccuguccagcgaauuggga	3:218717125..218717184:+
1_21623	1.6	77 +/- 6%	-	12	12	0	0	yes	-	-	-	-	ccaaacacucguuuaagcuga	agcuuaaacggauguuugcuu	ccaaacacucguuuaagcugaaaaccaaucgauaaaguuuccagcuuaaacggauguuugcuu	1:113736371..113736434:-
3_11290	1.5	77 +/- 6%	-	2	1	0	1	yes	-	-	-	-	aauaagggcucugaagacaccaa	aaugucuucagcgggcuuauuca	aaugucuucagcgggcuuauucaucggaguccaaagaauaagggcucugaagacaccaa	3:168031464..168031523:+
3_13854	1.5	77 +/- 6%	-	428	428	0	0	yes	-	-	-	-	guaggccggcggaaacuacuugc	aagggguuucuuucggccuccag	aagggguuucuuucggccuccagcggcauuagauaguuguaggccggcggaaacuacuugc	3:6069685..6069746:-
1_21620	1.5	77 +/- 6%	-	19	19	0	0	yes	-	-	-	-	uacggcaagggcugauugcugc	agcauuucaggccuuaucauagu	agcauuucaggccuuaucauaguuugauaguagucugaacuacuagacuguaaaacuacggcaagggcugauugcugc	1:112901003..112901081:-
3_15753	1.5	77 +/- 6%	-	3	2	0	1	yes	-	-	-	-	uaacagaauuuuccaucugaac	uucuaggugggaguuaucug	uucuaggugggaguuaucugauaugugaauaugguaccauaacagaauuuuccaucugaac	3:201642600..201642661:-
2_7083	1.5	77 +/- 6%	-	3	2	0	1	yes	-	-	-	-	uaacagaauuuuccaucugaac	uuccaggugggaguuaucugauau	uuccaggugggaguuaucugauaugugaauaugguaccauaacagaauuuuccaucugaac	2:253674070..253674131:-
3_15706	1.5	77 +/- 6%	-	11	11	0	0	yes	-	-	-	-	ugaggcgucuucugguggcug	gccaccaucugguacugacg	gccaccaucugguacugacggaggauggaugugcucuccaaagcacgguccuccgugaggcgucuucugguggcug	3:198897681..198897757:-
3_14156	1.5	77 +/- 6%	-	3	2	0	1	yes	-	-	-	-	uaacagaauuuuccaucugaac	uuccaggugggaguuaucugauau	uuccaggugggaguuaucugauaugugaauaugguaccauaacagaauuuuccaucugaac	3:33622471..33622532:-
1_18602	1.4	77 +/- 6%	-	22	22	0	0	yes	-	-	-	-	augucugacgccauuuuggaa	ucaaaaugauggcagacauug	augucugacgccauuuuggaaaccaagauuugugaaaaucacuuuaaaccggauuucgccaucuuggauuucaaaaugauggcagacauug	1:100381026..100381117:+
2_5908	1.3	77 +/- 6%	-	11	11	0	0	yes	-	-	-	-	ugauacagccauaccguggaag	uccacgcuaugccugaaucagu	uccacgcuaugccugaaucaguaaaauuugaaaaucgaaugugcauucgauuuuuaaaauccacugauacagccauaccguggaag	2:154129243..154129329:-
2_3126	1.2	77 +/- 6%	-	5	5	0	0	yes	-	dme-miR-7-3p	-	-	uaauaaauugaugaaaauaaga	uuauuuucuucgauuuguccau	uaauaaauugaugaaaauaagaacacacagccuuuuuauuuggcaaauaaaagagcuguguguauuuauuuucuucgauuuguccau	2:318822780..318822867:+
1_18628	1.2	77 +/- 6%	-	46	43	0	3	yes	-	-	-	-	cgaagcaaaugaucgguugagucau	gcgauucccggauuuugcuucgu	cgaagcaaaugaucgguugagucaucgacgcgauucccggauuuugcuucgu	1:104631504..104631556:+
2_1535	1.1	77 +/- 6%	-	17	17	0	0	yes	-	-	-	-	aauuuaucucuuguauggaaac	uugcauacaagaggcaaacuca	uugcauacaagaggcaaacucaaugugcagagaauuuaucucuuguauggaaac	2:163844421..163844475:+
1_22311	1.1	77 +/- 6%	-	36	36	0	0	yes	-	-	-	-	gaguccgcggcuacaaagc	ugaaggugucuggguucga	gaguccgcggcuacaaagcaaagucaugcugaaggugucuggguucga	1:191409841..191409889:-
NIGP01000718_25585	0.8	59 +/- 8%	-	2	2	0	0	yes	-	dme-miR-193-5p	-	-	cugggauucugagaggauc	uuuuugagagaaucccaucu	cugggauucugagaggaucccgucugggaaucugagaggaucccgucugggauuuuugagagaaucccaucu	NIGP01000718:14460..14532:-
2_1383	0.8	59 +/- 8%	-	5	5	0	0	yes	-	dme-miR-283-3p	-	-	aggaauuucuugaagaauuuc	aauucuuaagaaauuccuuu	aauucuuaagaaauuccuuuaagcauccuuugaaaauuacuaaaagaauugguagaggaauuucuugaagaauuuc	2:146999076..146999152:+
2_6938	0.6	59 +/- 8%	-	9	9	0	0	yes	-	-	-	-	uaaacaugggacuguuauacg	cauaaccgucccauguuguaug	cauaaccgucccauguuguaugggauuuccuauaaacaugggacuguuauacg	2:240454737..240454790:-
2_2636	0.6	59 +/- 8%	-	3	3	0	0	yes	-	dme-miR-277-3p	-	-	uaaaugcaugucaguccc	gacaauuaugcguauaug	uaaaugcaugucagucccauguuugcuggguuuccuauucacaugggacaauuaugcguauaug	2:265468552..265468616:+
2_6633	0.5	59 +/- 8%	-	12496	12496	0	0	no	-	dme-miR-277-5p	-	-	agugucagucgcuuccag	ggaaagcugccaucgu	agugucagucgcuuccaggagucuggaaagcugccaucgu	2:216867381..216867421:-
3_17290	0.4	59 +/- 8%	-	73	73	0	0	yes	-	-	-	-	auugcaauuccaaaaugu	aacuugauauugacaaugc	aacuugauauugacaaugcucuugaaacuuuaacaaauuccauuguugaagccaggagcauugcaauuccaaaaugu	3:366259123..366259200:-
2_7878	0.2	59 +/- 8%	-	9	9	0	0	yes	-	-	-	-	uaaacaugggacuguuauacg	cauacaugucccauauuccaug	cauacaugucccauauuccauggaauuucccauaaacaugggacuguuauacg	2:320107278..320107331:-
1_23970	0.2	59 +/- 8%	-	9	9	0	0	yes	-	-	-	-	agcuucugggagaaacuuucc	agaagcuuucccuagcuuc	agaagcuuucccuagcuucugggaguagcuuucucaagcuucugagaguagcuuucccaagcuucugggagaaacuuucc	1:219298688..219298768:-
3_14185	0.2	59 +/- 8%	-	1	1	0	0	yes	-	dme-miR-4986-5p	-	-	cgggauucugagaggauc	ucuuucucgggauucugag	cgggauucugagaggauccuucucgggauucugagagaacccugcucgggauucugaaaggaucuuucucgggauucugag	3:36720345..36720426:-
2_3645	0.2	59 +/- 8%	-	1	1	0	0	yes	-	dme-miR-4916-3p	-	-	aaauuucuucucuucgaag	ucgaagaaaagaaaauuuuc	ucgaagaaaagaaaauuuucuugcugguggauuauggaagaaaauuucuucucuucgaag	2:384927574..384927634:+
1_23969	0.1	59 +/- 8%	-	9	9	0	0	yes	-	-	-	-	agcuucugggagaaacuuucc	agauuuuuucacaagcuuc	agcuucugggagaaacuuucccaaguuucugggagauuuuuucacaagcuuc	1:219298657..219298709:-
1_17731	0.1	59 +/- 8%	-	9	9	0	0	yes	-	-	-	-	ugaggcgucuucugguggcug	gucacccucugauacugaca	gucacccucugauacugacagaggauugaugugcuucccaaagcacgguccuccgugaggcgucuucugguggcug	1:2040824..2040900:+
3_9951	0	59 +/- 8%	-	89	89	0	0	yes	-	-	-	-	ucacugacuaguuugguguc	cuacucauguugcucguuagauu	cuacucauguugcucguuagauuuuaauaaacaaaaucacugacuaguuugguguc	3:39597342..39597398:+
1_20951	0	59 +/- 8%	-	708	708	0	0	yes	-	-	-	-	ucagucacuuccagcugg	agcuggaguaugaga	ucagucacuuccagcugguuuugacacgaacacgaucagcuggaguaugaga	1:38205619..38205671:-



mature miRBase miRNAs detected by miRDeep2
tag id	miRDeep2 score	estimated probability that the miRNA is a true positive	rfam alert	total read count	mature read count	loop read count	star read count	significant randfold p-value	mature miRBase miRNA	example miRBase miRNA with the same seed	UCSC browser	NCBI blastn	consensus mature sequence	consensus star sequence	consensus precursor sequence	precursor coordinate
1_24775	150500.6	12 +/- 20%	-	295192	295169	0	23	yes	aae-miR-283	dme-miR-283-5p	-	-	caauaucagcugguaauucuggg	cggaauuccaacugauauccac	caauaucagcugguaauucugggcuuaccccaccguuauacgcuucccggaauuccaacugauauccac	1:305625600..305625669:-
2_5334	53947.5	12 +/- 20%	-	105807	105786	0	21	yes	aae-miR-2a-5p	dme-miR-2a-3p	-	-	uaucacagccagcuuugaagagcg	ucucaaagugguugugaa	ucucaaagugguugugaaaugaguuacucuugaacgaucucauaucacagccagcuuugaagagcg	2:107237501..107237567:-
1_24771	45563.8	12 +/- 20%	-	89364	89360	0	4	yes	aae-miR-12-5p	dme-miR-12-5p	-	-	ugaguauuacaucagguacuggu	caguacuuauguuaugcucu	ugaguauuacaucagguacuggugucgauauucgaaucaccaacgaaucggguuccuuugauuaacuuaccaguacuuauguuaugcucu	1:305613550..305613640:-
1_24726	39588.7	12 +/- 20%	-	77643	77598	0	45	yes	aae-miR-277-5p	dme-miR-277-3p	-	-	uaaaugcacuaucugguacgaca	cgugucagaagugcauuuaca	cgugucagaagugcauuuacauagguauuucccguuuagcaguauuuguaaaugcacuaucugguacgaca	1:302603812..302603883:-
3_17638	35479.9	12 +/- 20%	-	69584	69568	0	16	yes	aae-miR-308-5p	dme-miR-2a-3p	-	-	aaucacaggaguauacugugag	cgcgguauauucuuguggcuug	cgcgguauauucuuguggcuugaugcauuugaaaaaucucaaaucacaggaguauacugugag	3:403338483..403338546:-
2_3034	34886.4	12 +/- 20%	-	68422	68408	0	14	yes	aae-miR-305-5p	dme-miR-305-5p	-	-	auuguacuucaucaggugcucugg	cggcacauguuggaguacacuu	auuguacuucaucaggugcucugguuguuuucgauacccggcacauguuggaguacacuu	2:307145445..307145505:+
2_8862	20389.6	12 +/- 20%	-	39985	39983	0	2	yes	aae-miR-184	dme-miR-184-3p	-	-	uggacggagaacugauaagggc	ccuuaucauucuugcgccccgu	ccuuaucauucuugcgccccguguuauauuguuggcgacuggacggagaacugauaagggc	2:417599380..417599441:-
3_11407	19536.1	12 +/- 20%	-	38314	38275	0	39	yes	aae-bantam-5p	dme-bantam-3p	-	-	ugagaucauuuugaaagcugauu	ccgguuuucauuuucgaucugacu	ccgguuuucauuuucgaucugacuuauuugauuuaacaagagugagaucauuuugaaagcugauu	3:178082830..178082895:+
3_14458	8997.4	12 +/- 20%	-	17639	17631	0	8	yes	aae-miR-11-5p	dme-miR-2a-3p	-	-	caucacagucugaguucuugcu	cgagaacuccggcugugaccug	cgagaacuccggcugugaccuguguacacuuuauccaaaucacaucacagucugaguucuugcu	3:75489864..75489928:-
3_13069	7976.6	12 +/- 20%	-	15639	15540	0	99	yes	aae-miR-8-5p	dme-miR-8-3p	-	-	uaauacugucagguaaagauguc	caucuuaccgggcagcauuaga	caucuuaccgggcagcauuagauauuuuugaaauacuucuaauacugucagguaaagauguc	3:328527955..328528017:+
2_5231	7659.9	12 +/- 20%	-	15016	14997	0	19	yes	aae-miR-282-5p	dme-miR-282-5p	-	-	uagccucuccuaggcuuugucu	acauagccugacagagguuagg	uagccucuccuaggcuuugucuguuaccuuccuugggaauuccacuagccagacauagccugacagagguuagg	2:96911966..96912040:-
2_5336	7584.3	12 +/- 20%	-	14868	14791	0	77	yes	aae-miR-13-5p	dme-miR-2a-3p	-	-	uaucacagccauuuugacgaguu	ucguaaaaaugguugugcugu	ucguaaaaaugguugugcuguguuguuacgcucgaaauucauaucacagccauuuugacgaguu	2:107237649..107237713:-
2_5227	6213.8	12 +/- 20%	-	12180	10691	0	1489	yes	aae-miR-281-5p	dme-miR-281-2-5p	-	-	aagagagcuauccgucgacagu	ugucauggaauugcucucuuua	aagagagcuauccgucgacaguagggauaugauucacugucauggaauugcucucuuua	2:96469361..96469420:-
1_22203	5053.3	12 +/- 20%	-	9905	9548	0	357	yes	aae-miR-252-5p	dme-miR-252-5p	-	-	cuaaguacuagugccgcagga	ccugcugcccaagugcuuaucg	cuaaguacuagugccgcaggagagauuugaaccccugcugcccaagugcuuaucg	1:175818157..175818212:-
2_8688	4881.3	12 +/- 20%	-	9567	9562	0	5	yes	aae-miR-1	dme-miR-1-3p	-	-	uggaauguaaagaaguauggag	ccaugcuuccuugcauucaau	ccaugcuuccuugcauucaauagugauucugaaagcauauggaauguaaagaaguauggag	2:399501023..399501084:-
2_3301	3787.2	12 +/- 20%	-	7421	7417	1	3	yes	aae-miR-14	dme-miR-14-3p	-	-	ucagucuuuuucucucuccuau	gggagcgagauuaaggcuugcu	gggagcgagauuaaggcuugcuggucauuuauuacacucgaagucagucuuuuucucucuccuau	2:344767572..344767637:+
2_5332	3633	12 +/- 20%	-	7117	7106	0	11	yes	aae-miR-2c	dme-miR-2a-3p	-	-	uaucacagccagcuuugaugagcu	acucucaaaguggcugugaaaug	acucucaaaguggcugugaaaugguuugauuuugcucauaucacagccagcuuugaugagcu	2:107235884..107235946:-
2_3031	3453.9	12 +/- 20%	-	6766	6761	0	5	yes	aae-miR-275-5p	dme-miR-275-3p	-	-	ucagguaccugaaguagcgcgcg	cgcgcuaagcaggaaccgagacu	cgcgcuaagcaggaaccgagacuuugucauuugcuagcagucagguaccugaaguagcgcgcg	2:307135668..307135731:+
3_10878	2347.2	12 +/- 20%	-	4598	4556	0	42	yes	aae-miR-31	dme-miR-31b-5p	-	-	uggcaagauguuggcauagcug	agcuauucaacuucuugucuau	uggcaagauguuggcauagcugaaaguuuugaguuuagcuauucaacuucuugucuau	3:136174150..136174208:+
1_21089	2047.9	12 +/- 20%	-	4008	3997	0	11	yes	aae-miR-33	dme-miR-33-5p	-	-	gugcauuguaguugcauugca	aauacuucugcaaugcaagcca	gugcauuguaguugcauugcacuuuugcguucgauaacacggugcaauacuucugcaaugcaagcca	1:50888879..50888946:-
2_4825	1464.2	12 +/- 20%	-	2864	2861	0	3	yes	aae-miR-190	dme-miR-190-5p	-	-	agauauguuugauauucuugguug	cccaggaaucaaacauauuauu	agauauguuugauauucuugguuguuaaauuuuauauuaucacccaggaaucaaacauauuauu	2:48811878..48811942:-
2_5043	1380.3	12 +/- 20%	-	2699	2316	1	382	yes	aae-miR-276-5p	dme-miR-276a-3p	-	-	uaggaacuucauaccgugcucu	agcgagguauagaguuccuacg	agcgagguauagaguuccuacguugcgugugcgaaauugguaggaacuucauaccgugcucu	2:73120452..73120514:-
3_16182	1213.9	12 +/- 20%	-	2372	2371	0	1	yes	aae-miR-278-5p	dme-miR-278-3p	-	-	ucggugggacuuucguccguuu	acggacgauagucuucagc	acggacgauagucuucagcggccgugcauuugauagaaguggucggugggacuuucguccguuu	3:243123888..243123952:-
2_5054	1212.3	12 +/- 20%	-	2369	2322	0	47	yes	aae-miR-276-3p	dme-miR-276a-3p	-	-	uaggaacuucauaccgugcucu	agcgagguauagaguuccua	agcgagguauagaguuccuaugcguucggauaaaauauuccauaggaacuucauaccgugcucu	2:73509399..73509463:-
1_19561	1113.8	12 +/- 20%	-	2177	2167	0	10	yes	aae-miR-279	dme-miR-279-3p	-	-	ugacuagauccacacucauuaa	gaugggugugaaucuagu	gaugggugugaaucuaguguuucacaugauuuucgauagccugugacuagauccacacucauuaa	1:207007788..207007853:+
2_5341	895.2	12 +/- 20%	-	1754	1212	0	542	yes	aae-miR-71-5p	-	-	-	agaaagacauggguagugagau	ucucacuaccuugucuuucaug	agaaagacauggguagugagauaguuucacccuauugcacugggaucucacuaccuugucuuucaug	2:107238287..107238354:-
2_3925	854.5	12 +/- 20%	-	1668	1665	0	3	yes	aae-miR-965	dme-miR-965-3p	-	-	uaagcguauagcuuuucccauu	gggggaaauccuguacgcugu	gggggaaauccuguacgcuguauguuguauuugaauaauccauaagcguauagcuuuucccauu	2:429778749..429778813:+
2_1016	762.3	12 +/- 20%	-	1488	1441	0	47	yes	aae-miR-9a	dme-miR-9a-5p	-	-	ucuuugguuaucuagcuguauga	uaaagcuagcauaccgaaguua	ucuuugguuaucuagcuguaugagugaauuuagaacaucauaaagcuagcauaccgaaguua	2:108461947..108462009:+
3_17292	581.2	12 +/- 20%	-	1132	1109	0	23	yes	aae-miR-989	dme-miR-989-3p	-	-	ugugaugugacguagugguac	cgccgcuaccucgcuuucac	cgccgcuaccucgcuuucacuugguaccgauuucccauaauccaugugaugugacguagugguac	3:366439082..366439147:-
2_8113	565.9	12 +/- 20%	-	1102	968	0	134	yes	aae-miR-9c-5p	dme-miR-9a-5p	-	-	ucuuugguauucuagcuguaga	uaaagcuuuaguaccagagguc	ucuuugguauucuagcuguagaauguugagcuuugugauaugguaucuucuaaagcuuuaguaccagagguc	2:335810364..335810436:-
2_8105	482.8	12 +/- 20%	-	939	938	0	1	yes	aae-miR-9b	dme-miR-9a-5p	-	-	ucuuuggugauuuuagcuguaug	uauagcuuuaucaccaaaaac	ucuuuggugauuuuagcuguaugcugauacguuucugauugcauauagcuuuaucaccaaaaac	2:335780575..335780639:-
2_3570	480.2	12 +/- 20%	-	934	932	0	2	yes	aae-let-7	dme-let-7-5p	-	-	ugagguaguugguuguauagu	cuaugcaaucugcuagcuuguc	ugagguaguugguuguauaguagugacugauuaaauaucugcuaugcaaucugcuagcuuguc	2:375131497..375131560:+
3_12163	303.3	12 +/- 20%	-	586	409	0	177	yes	aae-miR-307	dme-miR-307a-3p	-	-	ucacaaccuccuugagugagcga	acucacucaaccugggugugau	acucacucaaccugggugugaugcuuauuugaaucaucacaaccuccuugagugagcga	3:244794376..244794435:+
2_2234	251.7	12 +/- 20%	-	486	485	0	1	yes	aae-miR-932-5p	dme-miR-932-5p	-	-	ucaauuccguagugcauugcagu	ugcaagcaauguggaagugaag	ucaauuccguagugcauugcagugugcuuuagacgaacugcaagcaauguggaagugaag	2:231381156..231381216:+
NIGP01000533_25444	181	12 +/- 20%	-	347	344	0	3	yes	aae-miR-970	dme-miR-970-3p	-	-	ucauaagacacacgcggcuau	agcuugcguuugucuuagcugg	agcuugcguuugucuuagcugguauugaaugugauagguaucauaagacacacgcggcuau	NIGP01000533:10107..10168:-
1_19041	180.9	12 +/- 20%	-	347	344	0	3	yes	aae-miR-970	dme-miR-970-3p	-	-	ucauaagacacacgcggcuau	agcuugcguuugucuuagcugg	agcuugcguuugucuuagcugguauugaaugugauagguaucauaagacacacgcggcuau	1:157238423..157238484:+
2_8325	140.9	12 +/- 20%	-	276	187	0	89	yes	aae-miR-1891	-	-	-	ugaggaguuaauuugcguguuu	acacguccauuaacucuggua	ugaggaguuaauuugcguguuuuuguauuugauuaaacacguccauuaacucuggua	2:360084868..360084925:-
3_17676	119.9	12 +/- 20%	-	229	227	0	2	yes	aae-miR-285	dme-miR-285-3p	-	-	uagcaccauucgaaaucaguac	acuggcuuccaaaggugaguagau	acuggcuuccaaaggugaguagauggcauucgauacacucuagcaccauucgaaaucaguac	3:406875046..406875108:-
2_8108	116.9	12 +/- 20%	-	221	220	0	1	yes	aae-miR-79-5p	dme-miR-4-3p	-	-	auaaagcuagauuaccaaagcau	cuuuggcgcuuuagcugu	cuuuggcgcuuuagcuguaugauagaauuuaauauuucauaaagcuagauuaccaaagcau	2:335780884..335780945:-
2_889	71.8	12 +/- 20%	-	132	119	0	13	yes	aae-miR-988-5p	dme-miR-988-3p	-	-	ccccuuguugcaaaccucacgc	gugugcuuugugacaaugagau	gugugcuuugugacaaugagauucgguucgauaucauccccuuguugcaaaccucacgc	2:93351380..93351439:+
1_21354	52.5	12 +/- 20%	-	95	85	0	10	yes	aae-miR-87	dme-miR-87-3p	-	-	gugagcaaauuuucaggugugu	cagccugaaauuugcuaaaccu	cagccugaaauuugcuaaaccuguguguauuugauucaaacaaucaaggugagcaaauuuucaggugugu	1:80682401..80682471:-
1_18668	41.6	12 +/- 20%	-	75	43	0	32	yes	aae-miR-927	dme-miR-927-5p	-	-	uuuagaauuccuacgcuuuacc	caaagcguuuggguucugaaac	uuuagaauuccuacgcuuuaccgugauuuguugaaaguuuggcaaagcguuuggguucugaaac	1:115022929..115022993:+
2_7268	34.8	12 +/- 20%	-	67	66	0	1	yes	aae-miR-2946	-	-	-	uaguacggaaaagauaugggga	gccauauuuuuaccgcuacugc	gccauauuuuuaccgcuacugcauuucauuguaauaauuguaguacggaaaagauaugggga	2:268456441..268456503:-
NIGP01001634_25468	22.1	12 +/- 20%	-	42	12	0	30	yes	aae-miR-10365	-	-	-	aaaaguuuucauauucuugcgg	auuagaauguggaaucuguuu	auuagaauguggaaucuguuuuuguacaucaaguguuacgaaacgaagcaaaaaaguuuucauauucuugcgg	NIGP01001634:30709..30782:-
3_16863	22.1	12 +/- 20%	-	42	12	0	30	yes	aae-miR-10365	-	-	-	aaaaguuuucauauucuugcgg	auuagaauguggaaucuguuu	auuagaauguggaaucuguuuuuguacaucaaguguuacgaaacgaagcaaaaaaguuuucauauucuugcgg	3:320775621..320775694:-
1_20482	20.5	12 +/- 20%	-	32	29	0	3	yes	aae-miR-10	dme-miR-10-5p	-	-	acccuguagauccgaauuuguu	caaauucgguucuagagagguuu	acccuguagauccgaauuuguuugaauauuuaacaagcgacaaauucgguucuagagagguuu	1:310530475..310530538:+
2_3255	12.1	12 +/- 20%	-	17	16	0	1	yes	aae-miR-375	dme-miR-375-3p	-	-	uuuguucguuuggcucgaguu	acuuaagcccaacguacagaa	acuuaagcccaacguacagaaacuugaaucugaaugccguucuagauuggcuugcuagaaguuuguucguuuggcucgaguu	2:337876532..337876614:+
NIGP01001012_25646	5.5	64 +/- 14%	-	104	104	0	0	yes	aae-miR-957	dme-miR-957-3p	-	-	ugaaaccguccaaaacugaggc	guuaguuuugggcggguuuuagu	guuaguuuugggcggguuuuaguguauuucgauuagaguaucaauugaaaccguccaaaacugaggc	NIGP01001012:27490..27557:-
1_19364	5.4	64 +/- 14%	-	808	808	0	0	yes	aae-miR-929	dme-miR-929-5p	-	-	aaauugacucuaguagggaguc	cucccuaacggagucagauuga	aaauugacucuaguagggaguccuuguguacgagugacucccuaacggagucagauuga	1:198495526..198495585:+
3_14456	5.4	64 +/- 14%	-	783	783	0	0	yes	aae-miR-998	dme-miR-285-3p	-	-	uagcaccaugagauucagcuc	acugaacucucgugggucugca	acugaacucucgugggucugcaguugauauuucgaaagcuuguagcaccaugagauucagcuc	3:75489589..75489652:-
3_13635	5.3	64 +/- 14%	-	104	104	0	0	yes	aae-miR-957	dme-miR-957-3p	-	-	ugaaaccguccaaaacugaggc	guuaguuuugggcggguuuuagu	guuaguuuugggcggguuuuaguguauuucgauuagaguaucaauugaaaccguccaaaacugaggc	3:398466624..398466691:+
1_20011	5.3	64 +/- 14%	-	269	269	0	0	yes	aae-miR-999	dme-miR-999-3p	-	-	uguuaacuguaagacugugucu	acgcggucgugcaggaaauuauu	acgcggucgugcaggaaauuauuuggcauuagauucaaauguuaacuguaagacugugucu	1:252222293..252222354:+
3_13818	5.2	64 +/- 14%	-	585	585	0	0	yes	aae-miR-980-5p	dme-miR-980-3p	-	-	uagcugccuagugaagggcaau	ggccguucauugggucaucuagc	ggccguucauugggucaucuagcucguguuggaaacaguuagcugccuagugaagggcaau	3:1054523..1054584:-
2_3563	5.1	64 +/- 14%	-	3411	3411	0	0	yes	aae-miR-2945-5p	dme-miR-279-3p	-	-	ugacuagaggcagacucguuuag	gagcggguccguuucuagugucaug	gagcggguccguuucuagugucaugugcuguauucgaauaucaugacuagaggcagacucguuuag	2:374947141..374947207:+
3_14558	5.1	64 +/- 14%	-	1634	1634	0	0	yes	aae-miR-92b-3p	dme-miR-92a-3p	-	-	aauugcacuugucccggccugc	aggucgugacuugugcccauuug	aggucgugacuugugcccauuugcugaauuuuaauggucaaauugcacuugucccggccugc	3:93418515..93418577:-
1_24728	5.1	64 +/- 14%	-	45042	45042	0	0	yes	aae-miR-317	dme-miR-317-3p	-	-	ugaacacagcuggugguaucuc	gauacacccugugcucgcu	gauacacccugugcucgcuuugcauucgaaacuagugaacacagcuggugguaucuc	1:302667132..302667189:-
2_3568	5.1	64 +/- 14%	-	166	166	0	0	yes	aae-miR-100	dme-miR-100-5p	-	-	aacccguagauccgaacuugug	caagaacggauguaugggauuc	aacccguagauccgaacuugugcugccguuucacauguuacaagaacggauguaugggauuc	2:375117351..375117413:+
1_19563	5	64 +/- 14%	-	3970	3970	0	0	yes	aae-miR-996	dme-miR-279-3p	-	-	ugacuagauuacaugcucgu	gugcaugaaucuggugcacg	gugcaugaaucuggugcacgguuuuccaguuguaauaucgcuucgugacuagauuacaugcucgu	1:207012538..207012603:+
2_3509	4.8	65 +/- 13%	-	1261	1261	0	0	yes	aae-miR-124	dme-miR-124-3p	-	-	uaaggcacgcggugaaugccaa	gguauccacugccggccuauaug	gguauccacugccggccuauauguccuauuucgguacucauaaggcacgcggugaaugccaa	2:369307279..369307341:+
1_24846	4.8	65 +/- 13%	-	14	14	0	0	yes	aae-miR-993	dme-miR-993-3p	-	-	gaagcucguuucuauagaggu	ccuguaguuccgggcuuuug	ccuguaguuccgggcuuuugugguuucuuuuauuguuaauuaucagaagcucguuucuauagaggu	1:310672024..310672090:-
3_14562	4.8	65 +/- 13%	-	358	358	0	0	yes	aae-miR-92a-5p	dme-miR-92a-3p	-	-	uauugcacuugucccggccuau	cgguacggacaggggcaacauu	cgguacggacaggggcaacauugugacauuugaaagcuaauauugcacuugucccggccuau	3:93477596..93477658:-
1_24816	4.7	65 +/- 13%	-	6655	6592	0	63	yes	aae-miR-1175-5p	dme-miR-958-3p	-	-	ugagauucuacuucuccgacuu	aaguggaguaguggucucaucgc	aaguggaguaguggucucaucgcuuaguauuagaaaagugagauucuacuucuccgacuu	1:307010046..307010106:-
1_18689	4.7	65 +/- 13%	-	70	70	0	0	yes	aae-miR-981	dme-miR-981-3p	-	-	uucguugucgacgaaaccugc	ggguuucgcggcgaacgggcu	ggguuucgcggcgaacgggcuuccaccaugaugaauagcaguucguugucgacgaaaccugc	1:118556349..118556411:+
2_3193	4.6	65 +/- 13%	-	1281	1281	0	0	yes	aae-miR-133	dme-miR-133-3p	-	-	uugguccccuucaaccagcugu	agcugguugacuucgggucaaau	agcugguugacuucgggucaaaucgucaaauauuugcaaagauauuuccucagugaaauuauuugguccccuucaaccagcugu	2:330417065..330417149:+
2_1779	4.6	65 +/- 13%	-	53	53	0	0	yes	aae-miR-137	dme-miR-137-3p	-	-	uauugcuugagaauacacguag	acgcguauucuuggguuauuaac	acgcguauucuuggguuauuaacacacuguuuauguuguuauugcuugagaauacacguag	2:189612067..189612128:+
2_5897	4.5	65 +/- 13%	-	271	271	0	0	yes	aae-miR-263b-5p	dme-miR-263b-5p	-	-	cuuggcacugggagaauucacag	guggaucuuuucgugccaucgu	cuuggcacugggagaauucacaggcgcuauuugcuaucauucuguggaucuuuucgugccaucgu	2:153371131..153371196:-
2_58	4.5	65 +/- 13%	-	144	144	0	0	yes	aae-miR-219	dme-miR-219-5p	-	-	ugauuguccaaacgcaauucuug	agaguugugacuggacauccgug	ugauuguccaaacgcaauucuuguuuuauucgaauaugauauccaagaguugugacuggacauccgug	2:3715261..3715329:+
3_14443	4.5	65 +/- 13%	-	46	46	0	0	yes	aae-miR-1000	dme-miR-1000-5p	-	-	auauuguccugucacagcagu	uguuguuucgggacauuuaca	auauuguccugucacagcaguacuguuacaaauuuacuguuguuucgggacauuuaca	3:74204061..74204119:-
2_3572	4.4	65 +/- 13%	-	801	801	0	0	yes	aae-miR-125-5p	dme-miR-125-5p	-	-	ucccugagacccuaacuuguga	acaaguuuugaucuccgguauu	ucccugagacccuaacuugugacuauaguugaaguuucacaaguuuugaucuccgguauu	2:375131781..375131841:+
1_24841	4.1	65 +/- 13%	-	110	108	0	2	yes	aae-miR-iab-4-5p	dme-miR-iab-4-5p	-	-	acguauacugaauguauccuga	cgguauaccuucaguauacguaaca	acguauacugaauguauccugagugcuaucuauccgguauaccuucaguauacguaaca	1:308965422..308965481:-
3_9594	4	65 +/- 13%	-	28	28	0	0	yes	aae-miR-315-5p	dme-miR-315-5p	-	-	uuuugauuguugcucagaaagc	uuucgagcaguaaucaaaguc	uuuugauuguugcucagaaagccgugcauuugaaacgggucgcuuucgagcaguaaucaaaguc	3:3444767..3444831:+
3_16710	3.8	62 +/- 12%	-	21	21	0	0	yes	aae-miR-309a	dme-miR-3-3p	-	-	ucacugggcaaaguuugucgca	cgacuaacuucguucaguuuggug	cgacuaacuucguucaguuuggugucauacgaagguuuccaguuucaucacugggcaaaguuugucgca	3:309335451..309335520:-
2_2112	3.7	62 +/- 12%	-	2879	2879	0	0	yes	aae-miR-7	dme-miR-7-5p	-	-	uggaagacuagugauuuuguuguu	uaacaauaaaucucaagucuuucuac	uggaagacuagugauuuuguuguuuugcuuacgauaauaacaauaaaucucaagucuuucuac	2:222802544..222802607:+
2_4914	2.1	70 +/- 9%	-	11754	11753	0	1	yes	aae-miR-11894a	-	-	-	uuuaccauuucaagaugaccua	ucgucuugaaaugguaaaga	ucgucuugaaaugguaaagagugucaaucaucaucuuuaccauuucaagaugaccua	2:58785158..58785215:-
2_4916	2	70 +/- 9%	-	11754	11753	0	1	yes	aae-miR-11894a	-	-	-	uuuaccauuucaagaugaccua	ucgucuugaaaugguaaaga	ucgucuugaaaugguaaagagugucaaucaucaucuuuaccauuucaagaugaccua	2:58785850..58785907:-
2_4918	2	70 +/- 9%	-	11754	11753	0	1	yes	aae-miR-11894a	-	-	-	uuuaccauuucaagaugaccua	ucgucuugaaaugguaaaga	ucgucuugaaaugguaaagagugucaaucaucaucuuuaccauuucaagaugaccua	2:58786284..58786341:-
2_4910	2	70 +/- 9%	-	11753	11753	0	0	yes	aae-miR-11894a	-	-	-	uuuaccauuucaagaugaccua	gguugucuugaaaugguaaaga	gguugucuugaaaugguaaagagugucaaccaucaucuuuaccauuucaagaugaccua	2:58783350..58783409:-
2_4922	2	70 +/- 9%	-	11754	11753	0	1	yes	aae-miR-11894a	-	-	-	uuuaccauuucaagaugaccua	ucgucuugaaaugguaaaga	ucgucuugaaaugguaaagagugucaaucaucaucuuuaccauuucaagaugaccua	2:58787948..58788005:-
2_4920	1.9	77 +/- 6%	-	11754	11753	0	1	yes	aae-miR-11894a	-	-	-	uuuaccauuucaagaugaccua	ucgucuugaaaugguaaaga	ucgucuugaaaugguaaagagugucaaucaucaucuuuaccauuucaagaugaccua	2:58787426..58787483:-
2_4912	1.9	77 +/- 6%	-	38	38	0	0	yes	aae-miR-11894b	-	-	-	uuuaccauuucaauaugaccua	ggucguauugaaaugguaaaga	ggucguauugaaaugguaaagagugucaaucaucaucuuuaccauuucaauaugaccua	2:58784590..58784649:-
3_13378	1.8	77 +/- 6%	-	5	2	0	3	yes	aae-miR-193	-	-	-	ugggauuuuguggaccagaag	uacuggccuacuaagucccaac	ugggauuuuguggaccagaagauuuccuccauucgauaauagcuacuggccuacuaagucccaac	3:360501795..360501860:+
2_7958	1.7	77 +/- 6%	-	14618	14618	0	0	yes	aae-miR-11895	-	-	-	uucaugcauucacuucugcuga	agcaggagugaaugcaugaguu	agcaggagugaaugcaugaguuugacaucugaaacuaauucaugcauucacuucugcuga	2:324949494..324949554:-
2_5340	1.5	77 +/- 6%	-	17617	17617	0	0	yes	aae-miR-2c	-	-	-	ucacagccagcuuugaugagcaa	ggcaucaaauuugguuguuuua	ggcaucaaauuugguuguuuuaguacgaccucuuugaaaccccuaucacagccagcuuugaugagcaa	2:107237994..107238062:-
3_14643	1.4	77 +/- 6%	-	520	520	0	0	yes	aae-miR-2765	-	-	-	ugguaacuccaccaccguugg	aaugggagcuggaguucccgcg	ugguaacuccaccaccguuggcgauauuugacagccaaugggagcuggaguucccgcg	3:101895454..101895512:-
2_8838	1.4	77 +/- 6%	-	1116	1116	0	0	yes	aae-miR-1890	-	-	-	ugaaaucuuugauuaggucugg	agagcuaauuggagaguucuug	agagcuaauuggagaguucuugaauaguguugugaaccuucaugaaaucuuugauuaggucugg	2:413654961..413655025:-
2_6208	1.1	77 +/- 6%	-	25	25	0	0	yes	aae-miR-11899	-	-	-	uaugaccgauuuaauauauggcu	ccauguaugauuucggucaugua	ccauguaugauuucggucauguaugcaguugaaaauaauuauaugaccgauuuaauauauggcu	2:182319041..182319105:-
2_890	1	77 +/- 6%	-	119	119	0	0	no	aae-miR-988-3p	dme-miR-988-3p	-	-	ccccuuguugcaaaccucacgc	ggcagguaggggcaaugggggc	ccccuuguugcaaaccucacgcuugcgguagguuccacaacugcugagagguggcagguaggggcaaugggggc	2:93351417..93351491:+
2_7264	0.9	59 +/- 8%	-	146	146	0	0	yes	aae-miR-2941	-	-	-	uaguacggcuagaacuccacgga	cgugguguuuagacguauuaca	cgugguguuuagacguauuacaugauuuuuugaacauaacuguaguacggcuagaacuccacgga	2:268456010..268456075:-
2_7266	0.9	59 +/- 8%	-	148	148	0	0	yes	aae-miR-2941	-	-	-	uaguacggcuagaacuccacgga	cgugaagcucagcugcauuaca	cgugaagcucagcugcauuacacgauauggaauacgguuuguaguacggcuagaacuccacgga	2:268456314..268456378:-
2_8203	0.7	59 +/- 8%	-	268	268	0	0	no	aae-miR-263a-5p	dme-miR-263a-5p	-	-	aauggcacuggaagaauucac	guucuggcaguggcauccc	aauggcacuggaagaauucacggguauauuuugaaauccccguguucuggcaguggcauccc	2:348784448..348784510:-
1_18145	0.2	59 +/- 8%	-	1349	1349	0	0	no	aae-miR-210	dme-miR-210-3p	-	-	cuugugcgugugacaacggcuau	agcugcugaccacugcacaagau	agcugcugaccacugcacaagauuagauuaugacucuugugcgugugacaacggcuau	1:54892617..54892675:+
1_19739	-0.1	38 +/- 9%	-	277	277	0	0	yes	aae-miR-11900	-	-	-	gacuguaauuuuauagua	ugguaaaauuacguuga	ugguaaaauuacguugaaaaaucgucucccucaaaaaaugaaaccugagacuaacaggagauuuuuuugacuguaauuuuauagua	1:223944068..223944154:+
2_8726	-0.9	38 +/- 9%	-	2	2	0	0	yes	aae-miR-309b-5p	dme-miR-3-3p	-	-	ucacugggcauaguuugucgcau	gcgucaaacuccguucaguuggu	gcgucaaacuccguucaguugguggagucauuuuccaagucaucacugggcauaguuugucgcau	2:402152470..402152535:-
2_3032	-1	38 +/- 9%	-	6761	6761	0	0	no	aae-miR-275-3p	dme-miR-275-3p	-	-	ucagguaccugaaguagcgcgcg	ucaucaagcgacaacagaggcgugaaa	ucagguaccugaaguagcgcgcgugaucaaacaggaagcgucaucaagcgacaacagaggcgugaaa	2:307135708..307135775:+
3_17536	-1.1	20 +/- 7%	-	3	3	0	0	yes	aae-miR-2942	dme-miR-314-3p	-	-	uauucgagacuucacgaguuaau	caauucgcuguggucucgaacguacc	caauucgcuguggucucgaacguaccuacauuggauauuuuugguauucgagacuucacgaguuaau	3:390116459..390116526:-
2_5228	-2.3	24 +/- 6%	-	10691	10691	0	0	no	aae-miR-281-5p	dme-miR-281-2-5p	-	-	aagagagcuauccgucgacagu	cguugacgugggauuuuuuug	cguugacgugggauuuuuuuguucauuuuguucuuucgcugguuucgaauaugaaaauaaagagagcuauccgucgacagu	2:96469398..96469479:-
2_8182	-2.3	24 +/- 6%	-	4	4	0	0	yes	aae-miR-11916	-	-	-	gaugccucguaaagcaacugga	caguugcuuuccgagcguagcac	caguugcuuuccgagcguagcacaguuuggaugcgggcccgugcaucguccacggugaugccucguaaagcaacugga	2:344991982..344992060:-
2_8727	-3.7	24 +/- 5%	-	3	3	0	0	no	aae-miR-2944a-5p	dme-miR-5-5p	-	-	gaaggaacuucugcugugaucu	aucacaguaguuguacuuuaa	gaaggaacuucugcugugaucugaguuagauacauaucacaguaguuguacuuuaa	2:402152658..402152714:-
NIGP01000443_25411	-4.8	10 +/- 4%	-	29	29	0	0	no	aae-miR-11893	-	-	-	uuccugacuuauacgcuuaccu	guaaguagauaaaucagaaaga	guaaguagauaaaucagaaagacguuuauaucguuucuuccugacuuauacgcuuaccu	NIGP01000443:52102..52161:+
2_2567	-4.8	10 +/- 4%	-	29	29	0	0	no	aae-miR-11893	-	-	-	uuccugacuuauacgcuuaccu	guaaguagauaaaucagaaaga	guaaguagauaaaucagaaagacguuuauaucguuucuuccugacuuauacgcuuaccu	2:257889040..257889099:+
2_3569	-7.7	0 +/- 0%	-	932	932	0	0	no	aae-let-7	dme-let-7-5p	-	-	ugagguaguugguuguauagu	auuacaguacugcuucuuc	auuacaguacugcuucuuccacguugagguaguugguuguauagu	2:375131473..375131518:+
3_9593	-10.2	0.00 +/- 0.00	-	28	28	0	0	no	aae-miR-315-5p	dme-miR-315-5p	-	-	uuuugauuguugcucagaaagc	auugugucacucaaaaag	auugugucacucaaaaaguguuucuauaaaauuuugauuguugcucagaaagc	3:3444736..3444789:+

#miRBase miRNAs not detected by miRDeep2
miRBase precursor id	total read count	mature read count(s)	star read count	remaining reads	UCSC browser	NCBI blastn	miRBase mature sequence(s)	miRBase star sequence(s)	miRBase precursor sequence
48537	48537	0	0	-	-	cacguuacagauugggguuucc	uaaucucaaauuguaacagugg	-	gagguaaucucaaauuguaacaguggguugauuuuccuggugaaucccggccuuguccuccgucacaagugugacaagugucucgaaaacguguucgcuauacccacguuacagauugggguuucccc	
34402	34402	0	0	-	-	ugguuuaucuuaucugucgaggc	gucgacagggagauaaaucacu	-	cauugguuuaucuuaucugucgaggcaaguuauuuuaccggauaguguuucuuuucgugagcaaucaccacuauccagcucuucuugucgacagggagauaaaucacug	
14849	14849	0	0	-	-	ucagguacugagugacucucag	gagagcaccucgguaucuaagc	-	cauucgcaauuucaccgguucagguacugagugacucucagaugugcauuucucaagcaaucucguccucaggaccugagguugaaaaacccugagagcaccucgguaucuaagccaguguugcgaaaa	
14584	14584	0	0	-	-	caaccacuauccgcccugccgcc	uggcagugugguuagcugguug	-	caaggcaauacgcuauggcagugugguuagcugguuguguagaacuuuggggggcuuccguggcguucgcgcgcacacgggggcucagauucacaaccacuauccgcccugccgccgcgaggugccagg	
1945	1944	0	1	-	-	ugucuuuuuccgcuuacugccg	-	ccaacauuuugauugauuugucuuuuuccgcuuacugccgguggcauuugaaauucucgacagcaaaccgaaaaaggcgccucaaucaauu	
103	82	0	21	-	-	ucagaucuacuuaauacccau	-	acuccaauucuggguauuuuagauccuuggcauaguuacgugauugaaugcacuguucuucuuugguuuacccaguaucgaacacgcgucaaucugucagaucuacuuaauacccaua	
7	7	0	0	-	-	gaaggaacucccggugugauaua	uaucacagcaguaguuaccuga	-	aucgaaggaacucccggugugauauaugacucgauuauaucacagcaguaguuaccugauau	
4	4	0	0	-	-	cugaaaacuuaaucgauugguc	-	uaaccugaaaacuuaaucgauuggucacuagcugcgcggugaccaaucgauuaaguuuucagcuua	
1	1	0	0	-	-	aaaugggacugauaugcgaguau	-	ccauucucgcauaacaguaccauauucuugggauuucucauauaaaugggacugauaugcgaguaugg	
1	1	0	0	-	-	accguuacgcgcauauaauuug	-	gcagaccguuacgcgcauauaauuuggccauuuacggcauaauccaauggaaguggccaaacuauauuauaucgcucagu	































1	0	0	1	-	-	uuggacuggcaugcguuuaugg	-	cccauaaacgcauaauugucccaugugaauagaaaauccagccacauuggacuggcaugcguuuauggg	
