miRDeep2 score	novel miRNAs reported by miRDeep2	novel miRNAs, estimated false positives	novel miRNAs, estimated true positives	known miRNAs in species	known miRNAs in data	known miRNAs detected by miRDeep2	estimated signal-to-noise	excision gearing
10	14	12 +/- 4	2 +/- 3 (17 +/- 18%)	164	107	49 (46%)	3.7	3
9	15	12 +/- 4	3 +/- 3 (20 +/- 19%)	164	107	51 (48%)	3.9	3
8	17	13 +/- 4	5 +/- 3 (27 +/- 19%)	164	107	51 (48%)	4	3
7	17	13 +/- 4	4 +/- 3 (26 +/- 19%)	164	107	51 (48%)	4	3
6	18	13 +/- 4	5 +/- 3 (29 +/- 19%)	164	107	51 (48%)	4	3
5	21	13 +/- 4	8 +/- 4 (37 +/- 18%)	164	107	62 (58%)	4.7	3
4	21	14 +/- 4	7 +/- 4 (34 +/- 18%)	164	107	83 (78%)	5.6	3
3	22	18 +/- 4	5 +/- 4 (21 +/- 17%)	164	107	87 (81%)	4.6	3
2	28	21 +/- 5	7 +/- 5 (24 +/- 17%)	164	107	89 (83%)	4.4	3
1	60	28 +/- 6	32 +/- 6 (53 +/- 10%)	164	107	94 (88%)	4.7	3
0	92	61 +/- 9	31 +/- 9 (33 +/- 10%)	164	107	97 (91%)	2.7	3
-1	118	126 +/- 12	2 +/- 5 (1 +/- 4%)	164	107	98 (92%)	1.5	3
-2	170	206 +/- 14	0 +/- 0 (0 +/- 0%)	164	107	98 (92%)	1.2	3
-3	260	314 +/- 17	0 +/- 0 (0 +/- 0%)	164	107	98 (92%)	1.1	3
-4	352	492 +/- 21	0 +/- 0 (0 +/- 0%)	164	107	98 (92%)	0.9	3
-5	452	732 +/- 25	0 +/- 0 (0 +/- 0%)	164	107	99 (93%)	0.7	3
-6	550	991 +/- 28	0 +/- 0 (0 +/- 0%)	164	107	99 (93%)	0.6	3
-7	693	1222 +/- 29	0 +/- 0 (0 +/- 0%)	164	107	99 (93%)	0.6	3
-8	911	1431 +/- 29	0 +/- 0 (0 +/- 0%)	164	107	99 (93%)	0.7	3
-9	1109	1614 +/- 31	0 +/- 0 (0 +/- 0%)	164	107	99 (93%)	0.7	3
-10	1287	1775 +/- 33	0 +/- 0 (0 +/- 0%)	164	107	99 (93%)	0.8	3



novel miRNAs predicted by miRDeep2
provisional id	miRDeep2 score	estimated probability that the miRNA candidate is a true positive	rfam alert	total read count	mature read count	loop read count	star read count	significant randfold p-value	miRBase miRNA	example miRBase miRNA with the same seed	UCSC browser	NCBI blastn	consensus mature sequence	consensus star sequence	consensus precursor sequence	precursor coordinate
3_16227	732.5	17 +/- 18%	-	1439	1428	0	11	yes	-	-	-	-	gaauugguugcgaccaaauuuc	gaucuggaugaugccguugau	gaauugguugcgaccaaauuucauggauauucaccguccauugaaaauccaagagaucuggaugaugccguugau	3:39704471..39704546:+
3_23760	729.4	17 +/- 18%	-	1444	1443	0	1	no	-	-	-	-	ucuugaugaguucgguucc	agccgaugcagacaagcggcc	agccgaugcagacaagcggccaaccuguccgggcccaucuugaugaguucgguucc	3:71359456..71359512:-
1_32573	555.2	17 +/- 18%	-	1094	1092	0	2	yes	-	-	-	-	aauuuugaucgauuuuuc	aauacgcauuuugauugacuu	aauacgcauuuugauugacuuuuuugucaauuuugaucgauuuuuc	1:205722627..205722673:+
NIGP01002231_40934	460.5	17 +/- 18%	-	921	916	0	5	no	-	-	-	-	auaugaagcgauuggugc	cgcucaccgcaacauagacgg	cgcucaccgcaacauagacgggauccauaugaagcgauuggugc	NIGP01002231:179666..179710:-
NIGP01002231_40902	456.3	17 +/- 18%	-	921	916	0	5	no	-	-	-	-	auaugaagcgauuggugc	cgcucaccgcaacauagacgg	cgcucaccgcaacauagacgggauccauaugaagcgauuggugc	NIGP01002231:147222..147266:+
3_16538	431.1	17 +/- 18%	-	909	907	0	2	no	-	-	-	-	gcugauuuguacaggcaa	gcugucuacuccaucacc	gcugauuuguacaggcaaacugcgauacaauacggaucauucuauaucacaucaacaucaugcugucuacuccaucacc	3:53594748..53594827:+
NIGP01000963_41881	390.1	17 +/- 18%	-	765	517	246	2	yes	-	-	-	-	gauuuggauuggauuugg	uggauuggauuggauuggauu	uggauuggauuggauuggauuuggauuggauuuggauuggauuuggauuggauuugaauuggauuuggauuggauuugg	NIGP01000963:43256..43335:-
1_33846	346.6	17 +/- 18%	-	680	610	11	59	yes	-	-	-	-	gauuuggauuggauuugg	ggauuggauuuggauuggauuu	ggauuggauuuggauuggauuuguauuggauuuggauuggauuuguauuggauuuggauuggauuugaauuggauuuggauuggauuugg	1:279519889..279519979:+
3_18266	257.5	17 +/- 18%	-	520	517	0	3	no	-	-	-	-	aacuguggaagugcucau	aguaugaacaaacgaguu	aguaugaacaaacgaguuguaacaugaacuuucaugcgauuucugguugucugaggaguuaauaacuguggaagugcucau	3:159246126..159246207:+
1_33604	119.1	17 +/- 18%	-	236	235	0	1	yes	-	-	-	-	uucgcgugguguuguuccaca	auugaacaaaacgcacuucagcgacuuc	uucgcgugguguuguuccacacaugcuacguuugaguaacauguuauugaacaaaacgcacuucagcgacuuc	1:262643330..262643403:+
2_943	70.2	17 +/- 18%	-	146	145	0	1	no	-	-	-	-	gcuacggcuauuagggccca	gcugaauagcugcgcguuu	gcugaauagcugcgcguuuaccgcuacggcuauuagggccca	2:62615940..62615982:+
1_34629	36.5	17 +/- 18%	-	79	76	0	3	no	-	-	-	-	ggcaucauccguacuacu	auggcuacgugcugauggcugcgucac	ggcaucauccguacuacuauggcuacgugcugauggcugcgucac	1:15835071..15835116:-
2_493	34.3	17 +/- 18%	-	71	62	1	8	yes	-	-	-	-	uauguuugguucauacugauu	uucaugaugacaacuuacacagu	uucaugaugacaacuuacacaguauucggauaaucaugccgaccuucuauguuugguucauacugauu	2:25650910..25650978:+
2_2488	11.1	17 +/- 18%	-	18	17	0	1	yes	-	-	-	-	ucuuaugcagcgcaaauaguga	acuauuugcgcugcauaagaac	ucuuaugcagcgcaaauagugacgucacuauuugcgcugcauaagaac	2:157372292..157372340:+
3_24854	9.9	20 +/- 19%	-	17	8	0	9	yes	-	-	-	-	caugggacaauuaugcguuuau	uaaacgcaugucagucccaugu	uaaacgcaugucagucccauguuugcagguuuuccuauucacaugggacaauuaugcguuuau	3:135627792..135627855:-
3_17777	8.6	27 +/- 19%	-	44	33	2	9	no	-	-	-	-	aauuaaaagacgagaagacccuau	acugucuuuuuuaaauuuuu	acugucuuuuuuaaauuuuuauagaauuuuauuuuuuaauuaaaaaguuaaaauguaauuaaaagacgagaagacccuau	3:135909018..135909098:+
3_16589	8.1	27 +/- 19%	-	13	8	0	5	yes	-	-	-	-	uaaacgcaugucagucccaugu	ugggacugacaugcguuuaugg	uaaacgcaugucagucccaugugaauaggaaauccagcaaacaugggacugacaugcguuuaugg	3:60253456..60253521:+
3_17272	6.1	29 +/- 19%	-	10	8	0	2	yes	-	-	-	-	uggcaguaagugauggucagcaga	cuugaccacacguacugccguu	uggcaguaagugauggucagcagaacaaguguaucgcucggaauuucuugaccacacguacugccguu	3:105931180..105931248:+
3_16853	5.3	37 +/- 18%	-	20	20	0	0	yes	-	dme-miR-971-3p	-	-	uugguguuauaucuuacagugag	ggcuguaaguauuacagcaagc	ggcuguaaguauuacagcaagcuugcuauucgaaaggcgcuugguguuauaucuuacagugag	3:82678953..82679016:+
2_12127	5.1	37 +/- 18%	-	10	5	0	5	yes	-	-	-	-	uuccaggugggaguuaucugauau	aacagaauuuuccaucugaacg	uuccaggugggaguuaucugauaugugaauaugguaccauaacagaauuuuccaucugaacg	2:274405495..274405557:-
3_24658	5.1	37 +/- 18%	-	10	5	0	5	yes	-	-	-	-	uuccaggugggaguuaucugauau	aacagaauuuuccaucugaacg	uuccaggugggaguuaucugauaugugaauaugguaccauaacagaauuuuccaucugaacg	3:121893411..121893473:-
1_31354	3.3	21 +/- 17%	-	6	4	0	2	yes	-	-	-	-	auuuccaugagucgauggucc	aauaucgacucauggagguu	auuuccaugagucgauggucccuucaauaucgacucauggagguu	1:133731739..133731784:+
2_8506	2.8	24 +/- 17%	-	1867	1867	0	0	yes	-	dme-miR-2500-3p	-	-	agauuuuguucgugaagaccgu	gguucuucgcaacauuugu	gguucuucgcaacauuuguuauuguuugaaauuucauaauuucucaucuaauagauuuuguucgugaagaccgu	2:80926011..80926085:-
2_6748	2.6	24 +/- 17%	-	15	15	0	0	yes	-	-	-	-	cuagaggcagcaacagccgcu	cggcuguuguguccucuaggc	cuagaggcagcaacagccgcucaaaauuuccuugcgcggcuguuguguccucuaggc	2:459603549..459603606:+
1_30019	2.2	24 +/- 17%	-	574	574	0	0	yes	-	-	-	-	agaaucccgucugggauuc	aucccgucugggauucgga	aucccgucugggauucggagagaaucccgucugggauucggagagaaucccgucugggauucggagagaaucccgucugggauuc	1:39890236..39890321:+
1_30022	2.1	24 +/- 17%	-	574	574	0	0	yes	-	-	-	-	agaaucccgucugggauuc	aucccgucugggauucgga	aucccgucugggauucggagagaaucccgucugggauuc	1:39891087..39891126:+
1_30021	2.1	24 +/- 17%	-	574	574	0	0	yes	-	-	-	-	agaaucccgucugggauuc	aucccgucugggauucgga	aucccgucugggauucggagagaaucccgucugggauucggagagaaucccgucugggauuc	1:39891064..39891126:+
1_30020	2.1	24 +/- 17%	-	573	573	0	0	yes	-	-	-	-	agaaucccgucugggauuc	aucccgucugggauucgga	aucccgucugggauucggagagaaucccgucugggauucggagagaaucccgucugggauucggagagaaucccgucugggauuc	1:39890282..39890367:+
1_34591	1.9	53 +/- 10%	-	6	6	0	0	yes	-	dme-miR-4974-3p	-	-	aauaaaauuaaauagaac	uauuuuaauuuuaaauu	aauaaaauuaaauagaacgagcucaccaaaucuuuaaucgauugaaagaauuuggugagcucguuauuuuaauuuuaaauu	1:14781544..14781625:-
3_20088	1.8	53 +/- 10%	-	15	15	0	0	yes	-	-	-	-	ucuuaugcagcgcaaauaguga	acuauuugcacugcauaagaac	ucuuaugcagcgcaaauagugacgaaacuauuugcacugcauaagaac	3:260623496..260623544:+
1_30024	1.8	53 +/- 10%	-	576	574	1	1	yes	-	-	-	-	agaaucccgucugggauuc	caaucccgucugggauuc	caaucccgucugggauucugagagaaucccgacugggauucugagagaaucccgucugggauuc	1:39892037..39892101:+
1_33809	1.8	53 +/- 10%	-	13	13	0	0	yes	-	-	-	-	ugugguuuacggcuuaagcgaa	cgcuuaggccuuaaaccugguu	cgcuuaggccuuaaaccugguuuaaucguauggguaaaugugguuuacggcuuaagcgaa	1:278614885..278614945:+
3_18828	1.7	53 +/- 10%	-	1081	1081	0	0	yes	-	-	-	-	ucacaugaguuccagguacuggucc	guaacgugccaugggaagucgguuugcau	ucacaugaguuccagguacuggucccgcaaucaucuugaucgggguaacgugccaugggaagucgguuugcau	3:191321955..191322028:+
NIGP01000552_41342	1.7	53 +/- 10%	-	47	47	0	0	yes	-	-	-	-	uacggcaagggcugauugcug	gcauuucaggccuuaucauagu	gcauuucaggccuuaucauaguuugauaguagucugaacuacuagacugcaaaacuacggcaagggcugauugcug	NIGP01000552:3242..3318:-
1_33172	1.7	53 +/- 10%	-	573	573	0	0	yes	-	-	-	-	agaaucccgucugggauuc	aucccgucugggauuccaa	aucccgucugggauuccaacagaaucccgucugggauuc	1:238960251..238960290:+
3_18832	1.7	53 +/- 10%	-	1081	1081	0	0	yes	-	-	-	-	ucacaugaguuccagguacuggucc	guaacgugccaugggaagucgguuugcau	ucacaugaguuccagguacuggucccgcaaucaucuugaucgggguaacgugccaugggaagucgguuugcau	3:191332510..191332583:+
1_36496	1.7	53 +/- 10%	-	1574	1574	0	0	yes	-	-	-	-	aaguggcgaauucaggaaccg	guuccugauucgccaaccuc	guuccugauucgccaaccuccauaagaaaucaacguaaguggcgaauucaggaaccg	1:138961551..138961608:-
2_12950	1.6	53 +/- 10%	-	13	13	0	0	yes	-	-	-	-	uaaacaugggacuguuauacga	gcauacaugucccauauuccaug	gcauacaugucccauauuccauggaauuucccauaaacaugggacuguuauacga	2:320107277..320107332:-
3_19443	1.6	53 +/- 10%	-	33	28	0	5	yes	-	-	-	-	caccuguccagcgaauugggag	uucccaauucgauagacaugcggcug	uucccaauucgauagacaugcggcugcgguaguugguaacgcaccuguccagcgaauugggag	3:218717122..218717185:+
1_33173	1.6	53 +/- 10%	-	573	573	0	0	yes	-	-	-	-	agaaucccgucugggauuc	guuccgucugggauucgaa	agaaucccgucugggauucgaacagaguuccgucugggauucgaa	1:238960639..238960684:+
3_21379	1.6	53 +/- 10%	-	738	587	151	0	yes	-	-	-	-	gauuuggauuggauuugg	agauuggauuuugauugg	gauuuggauuggauuuggauuggauuuggauuggauuuggauuggauuuggauuggauuuggauuggauuuggauuggauuuagauuggauuuugauugg	3:327334150..327334250:+
2_8302	1.6	53 +/- 10%	-	27	27	0	0	yes	-	-	-	-	aguggcgaauucaggaaccg	guuccugaauucgccacccu	guuccugaauucgccacccuccauaagaaaucaacgugaguggcgaauucaggaaccg	2:70690752..70690810:-
2_7880	1.5	53 +/- 10%	-	1574	1574	0	0	yes	-	-	-	-	aaguggcgaauucaggaaccg	guuccugaauucgccacccuc	guuccugaauucgccacccuccauaagaaaucaacguaaguggcgaauucaggaaccg	2:45106364..45106422:-
3_22766	1.5	53 +/- 10%	-	33	33	0	0	yes	-	-	-	-	guaggccggcggaaacuacuugc	aagggguuucuuucggccuccag	aagggguuucuuucggccuccagcggcauuagauaguuguaggccggcggaaacuacuugc	3:6069685..6069746:-
2_13310	1.5	53 +/- 10%	-	1574	1574	0	0	yes	-	-	-	-	aaguggcgaauucaggaaccg	guuccugauucgccacccuu	guuccugauucgccacccuucauaagaaaucaacguaaguggcgaauucaggaaccg	2:337421160..337421217:-
2_2366	1.5	53 +/- 10%	-	3203	3203	0	0	yes	-	-	-	-	aauuccggagccuguugagua	agcaacagaugauccgggugauugu	aauuccggagccuguugaguauagcaacagaugauccgggugauugu	2:149601882..149601929:+
2_4678	1.4	53 +/- 10%	-	236	236	0	0	yes	-	-	-	-	agauauccguucaagcugg	agcgugaucgguugucugg	agauauccguucaagcuggagauuggucacucacugguggagaccaaccgaucagcgugaucgguugucugg	2:303071554..303071626:+
2_13413	1.4	53 +/- 10%	-	12	12	0	0	yes	-	-	-	-	ugcaguccagugguuuggg	cccguggagugcgug	ugcaguccagugguuugggacagaauuuccccguggagugcgug	2:344921826..344921870:-
1_36738	1.4	53 +/- 10%	-	1583	1583	0	0	yes	-	-	-	-	ggauuguucaugcacgagauguuga	aacggauaucguguguggcaucccga	aacggauaucguguguggcaucccgaggagaagcggauuguucaugcacgagauguuga	1:151074381..151074440:-
3_22380	1.3	53 +/- 10%	-	8	8	0	0	yes	-	dme-miR-4982-3p	-	-	ugcuggaaucccuugaggaa	acuuaugauggaacugcuagagg	ugcuggaaucccuugaggaacucuauaaaaaacuagaagaacuagaaaccauggagaaacuuaugauggaacugcuagagg	3:395360712..395360793:+
NIGP01001407_42659	1.3	53 +/- 10%	-	47	47	0	0	yes	-	-	-	-	uacggcaagggcugauugcug	gcauuucaggcuuaucauagu	gcauuucaggcuuaucauaguuugauaguagucugaacuacaagacugcaaaaacuacggcaagggcugauugcug	NIGP01001407:27019..27095:+
2_11829	1.3	53 +/- 10%	-	556	556	0	0	yes	-	-	-	-	uucuucugggauucauccgg	gguauucuucuuggagu	uucuucugggauucauccggguguuuuuugguauucuucuuggagu	2:259400040..259400086:-
3_15769	1.3	53 +/- 10%	-	1160	1160	0	0	yes	-	-	-	-	gauuuggacucaugauac	aucaugauuccaccagug	aucaugauuccaccaguguguuuuaaucuuaugaaaauacacuaugauuuggacucaugauac	3:8926202..8926265:+
1_40795	1.2	53 +/- 10%	-	6	6	0	0	yes	-	dme-miR-3-5p	-	-	agaugcaucuuuggagaaacu	aauuuuugaagaagcucuaa	agaugcaucuuuggagaaacuucugguugaauuuuugaagaagcucuaa	1:305972244..305972293:-
2_6511	1.1	53 +/- 10%	-	1105	1080	25	0	yes	-	-	-	-	uuuuccauuuccauuccau	ggauuuuggauuuuggauuuug	ggauuuuggauuuuggauuuuggauuuuggauuuuggauuuuccauuuccauuccau	2:443851710..443851767:+
1_31008	1.1	53 +/- 10%	-	15	14	0	1	yes	-	-	-	-	cgaagcaaaugaucgguugagucau	gcgauucccggauuuugcuucgu	cgaagcaaaugaucgguugagucaucgacgcgauucccggauuuugcuucgu	1:104631504..104631556:+
2_411	1.1	53 +/- 10%	-	1164	1164	0	0	yes	-	-	-	-	gaagaggcauguuugccaa	gguaagcauguugauucac	gguaagcauguugauucacaugaagaggcauguuugccaa	2:20734408..20734448:+
1_40735	1.1	53 +/- 10%	-	649	649	0	0	yes	-	-	-	-	agaauccguagagggauucuu	gaauccaaagaaagagauucuag	agaauccguagagggauucuuguagaaaagagauucuagcagaauccaaagaaagagauucuag	1:304365990..304366054:-
3_21793	1	53 +/- 10%	-	1164	1164	0	0	yes	-	-	-	-	gaagaggcauguuugccaa	gguaagcauguugauucac	gguaagcauguugauucacaugaagaggcauguuugccaa	3:351242529..351242569:+
2_9686	1	53 +/- 10%	-	1574	1574	0	0	yes	-	-	-	-	aaguggcgaauucaggaaccg	guuccugauucgccacccuc	guuccugauucgccacccuccauaagaaaucaacguaaguggcgaauucaggaaccg	2:149956516..149956573:-
2_9625	0.8	33 +/- 10%	-	1164	1164	0	0	yes	-	-	-	-	gaagaggcauguuugccaa	gguacgcauguugauucac	gguacgcauguugauucacaugaagaggcauguuugccaa	2:149360804..149360844:-
3_19837	0.8	33 +/- 10%	-	10	10	0	0	yes	-	-	-	-	uucaacccaggcgaauugacaa	guaauuucgccuggguugaagc	guaauuucgccuggguugaagcuuagcgaugcuucaacccaggcgaauugacaa	3:238640837..238640891:+
3_27296	0.7	33 +/- 10%	-	35	35	0	0	yes	-	-	-	-	aauuuaucucuuguauggaaac	uuucauacaagaggcaaacuca	uuucauacaagaggcaaacucaaugaugcagaugaauuuaucucuuguauggaaac	3:281642892..281642948:-
3_29050	0.7	33 +/- 10%	-	9	9	0	0	yes	-	-	-	-	cugaagugaaaaaauguugaca	auagcauuuuuuuacuucagau	auagcauuuuuuuacuucagaucgguuggcagcgaugcaaucgugcguccugaagugaaaaaauguugaca	3:381815782..381815853:-
2_7580	0.7	33 +/- 10%	-	10	10	0	0	yes	-	-	-	-	uacggcaaggguugauugcugc	agcauuucaagucuuaucauagu	agcauuucaagucuuaucauaguuuuauaguagucuggaauacuagacugcaaaacuacggcaaggguugauugcugc	2:28805765..28805843:-
3_26382	0.7	33 +/- 10%	-	835	835	0	0	yes	-	-	-	-	gacaccgauaauucucacc	cgagaauugucaccu	cgagaauugucaccucgccauaggacaccgauaauucucacc	3:221931772..221931814:-
1_31092	0.6	33 +/- 10%	-	1385	1385	0	0	yes	-	-	-	-	agguggcucauuuugccccgc	ggggcaaguggguaaauggg	agguggcucauuuugccccgccccuucauuuuuaaaauaauaagguaccgcggggcaaguggguaaauggg	1:112264772..112264843:+
3_19623	0.6	33 +/- 10%	-	32	32	0	0	yes	-	-	-	-	gaagaugcauguuugccaa	gguaagcauguugauucac	gguaagcauguugauucacaugaagaugcauguuugccaa	3:225540315..225540355:+
1_31566	0.5	33 +/- 10%	-	12	12	0	0	yes	-	-	-	-	ggaacgcauuaucgaucaucacau	gugauguuucgaggcgcuuuccga	ggaacgcauuaucgaucaucacauucgugauguuucgaggcgcuuuccga	1:144165646..144165696:+
2_2265	0.5	33 +/- 10%	-	843	843	0	0	yes	-	-	-	-	uaggaaguggugauucucaaggaa	cuagaaucaauacuuuuaau	cuagaaucaauacuuuuaauuugggcaaauuuggaaaauuugucgauauagguuaggaaguggugauucucaaggaa	2:143628913..143628990:+
1_29678	0.5	33 +/- 10%	-	1165	1165	0	0	yes	-	-	-	-	cuagaagugccucuccacauu	acggguaaaagcgguuucuguca	cuagaagugccucuccacauuuaaagaguaaacacgguuuacucuuuaacggguaaaagcgguuucuguca	1:18436326..18436397:+
1_40820	0.5	33 +/- 10%	-	665	665	0	0	yes	-	-	-	-	uugcagucuuucuggacgac	cuccaaauuauggguuuuaagu	cuccaaauuauggguuuuaaguauucucaauggaagcugauugagaacuuuugcagucuuucuggacgac	1:306622301..306622371:-
2_10883	0.5	33 +/- 10%	-	3190	3190	0	0	no	-	dme-miR-277-5p	-	-	agugucagucgcuuccag	ggaaagcugccaucgu	agugucagucgcuuccaggagucuggaaagcugccaucgu	2:216867381..216867421:-
1_33845	0.5	33 +/- 10%	-	736	532	201	3	yes	-	-	-	-	gauuuggauuggauuugg	uggauuuggauuggauuu	gauuuggauuggauuuggauuggauuuggauuggauuuggauuggauuuggauuggauuuggauuggauuuguauuggauuuggauuggauuu	1:279519840..279519933:+
3_18185	0.4	33 +/- 10%	-	984	984	0	0	no	-	dme-miR-137-3p	-	-	gauugcuuaccgauuacgguugguu	aagaucuucauaaacaggggggcgacgg	aagaucuucauaaacaggggggcgacgguguguuaucaagauaagcuuguagugugcugauugcuuaccgauuacgguugguu	3:157231426..157231509:+
3_23038	0.4	33 +/- 10%	-	2389	2389	0	0	yes	-	-	-	-	aagaaggaagucucguccuac	accacgaggcucgcuucgagg	accacgaggcucgcuucgaggaaaucaagaaggaagucucguccuac	3:25283481..25283528:-
3_21501	0.4	33 +/- 10%	-	11	11	0	0	yes	-	-	-	-	auaaucccgucugggauuc	auuucgucugggauuugaa	auuucgucugggauuugaacagaauuuccuuugggauucgaacagaauucuguuguggauuugaacauaaucccgucugggauuc	3:336368582..336368667:+
NIGP01000701_42913	0.3	33 +/- 10%	-	536	505	28	3	yes	-	-	-	-	gauuuggauuggauuugg	uggauuuggauuuggauu	gauuuggauuggauuuggaauuggauuuggauuggauuguggauugaauuuggauuggauuuggauuuggauuuggauuuggauu	NIGP01000701:6943..7028:+
2_544	0.3	33 +/- 10%	-	12	5	0	7	no	-	-	-	-	acgcauaacagucccacugaga	gcuguggaugaccguucuu	acgcauaacagucccacugagaguagugaccaauuaugugcuaagcauacugcuguggaugaccguucuu	2:30926508..30926578:+
NIGP01000598_41634	0.3	33 +/- 10%	-	12	5	0	7	no	-	-	-	-	acgcauaacagucccacugaga	gcuguggaugaccguucuu	acgcauaacagucccacugagaguaguaaccaauuaugugcuaagcauacugcuguggaugaccguucuu	NIGP01000598:20805..20875:-
3_29217	0.3	33 +/- 10%	-	9	8	0	1	yes	-	-	-	-	uucacuaauaccacuaucagga	uucugauagugguguuaguuu	uucacuaauaccacuaucaggauacgcuaacauugaucguucugauagugguguuaguuu	3:390185748..390185808:-
3_22963	0.3	33 +/- 10%	-	774	530	244	0	yes	-	-	-	-	gauuuggauuggauuugg	aaaugcacggauggu	aaaugcacggaugguaaguuuggauuuugauuuggauuggauuuggauuggauuuggauuggauuuggauuggauuuggacuggauuuggauuggauuugg	3:19159317..19159418:-
1_30747	0.3	33 +/- 10%	-	4	3	0	1	yes	-	-	-	-	ucuggacguuugauuauuuugac	aauuauaauuagacgaucagaaguaggc	aauuauaauuagacgaucagaaguaggcauuuuuuuucugacucuggacguuugauuauuuugac	1:83452094..83452159:+
2_5081	0.2	33 +/- 10%	-	41	41	0	0	yes	-	-	-	-	uuuucauucaauuccagcu	cugcuguugaaugaaauuc	cugcuguugaaugaaauucucaguuauggugguuuagaaucacugccuuuugaaugcuguuuagguuuucauucaauuccagcu	2:332339986..332340070:+
1_31526	0.2	33 +/- 10%	-	1155	1155	0	0	yes	-	-	-	-	uuuacaagggggaaaucugc	agauccccugagaag	uuuacaagggggaaaucugcaaacagauccccugagaag	1:141115968..141116007:+
3_21522	0.1	33 +/- 10%	-	45	45	0	0	no	-	dme-miR-981-5p	-	-	gggguuuccugugcgaaau	gucggacaguggccuagg	gggguuuccugugcgaaauugugucggacaguggccuagg	3:337104386..337104426:+
2_12137	0.1	33 +/- 10%	-	1522	1522	0	0	yes	-	-	-	-	augacaauuaacacguuuuuc	agagcugucacugggucguga	augacaauuaacacguuuuucauuagauuagagcugucacugggucguga	2:274640817..274640867:-
NIGP01001859_42947	0	33 +/- 10%	-	3256	3256	0	0	yes	-	-	-	-	auuucagucacuuccagc	uggaguaugagaaca	auuucagucacuuccagcugguuuugacacgaacacgaucagcuggaguaugagaaca	NIGP01001859:17510..17568:-
2_2853	0	33 +/- 10%	-	38	38	0	0	yes	-	-	-	-	aagaggcauguuugccaa	ggcuagcauguugauuca	ggcuagcauguugauucacauuaagaggcauguuugccaa	2:189160055..189160095:+
3_16456	0	33 +/- 10%	-	1479	1476	3	0	yes	-	-	-	-	acuucacauuuggaauugc	aauaucaagcuuuguuuguag	acuucacauuuggaauugcaaugcuccgggcuucaacaauggaauuuguuaaaguuucaagagcauugucaauaucaagcuuuguuuguag	3:51086335..51086426:+
1_37601	0	33 +/- 10%	-	414	404	10	0	yes	-	-	-	-	gaagcaucgauuucugua	uuuagauuuauuguggcau	uuuagauuuauuguggcauuacccguauccuuaguguauagugcaugucgcauuacugcauuuccauugauagguaaugaagcaucgauuucugua	1:197428560..197428656:-
NIGP01002129_42162	0	33 +/- 10%	-	261	261	0	0	yes	-	-	-	-	aacgcgugauggaauccuuggaacu	aucugaaagaauucauuaugugauuc	aucugaaagaauucauuaugugauuccuggguaacgcgugauggaauccuuggaacu	NIGP01002129:21568..21625:-



mature miRBase miRNAs detected by miRDeep2
tag id	miRDeep2 score	estimated probability that the miRNA is a true positive	rfam alert	total read count	mature read count	loop read count	star read count	significant randfold p-value	mature miRBase miRNA	example miRBase miRNA with the same seed	UCSC browser	NCBI blastn	consensus mature sequence	consensus star sequence	consensus precursor sequence	precursor coordinate
1_40757	120131.3	17 +/- 18%	-	235624	235599	0	25	yes	aae-miR-283	dme-miR-283-5p	-	-	caauaucagcugguaauucuggg	cggaauuccaacugauauccac	caauaucagcugguaauucugggcuuaccccaccguuauacgcuucccggaauuccaacugauauccac	1:305625600..305625669:-
1_40751	41561.7	17 +/- 18%	-	81514	81504	0	10	yes	aae-miR-12-5p	dme-miR-12-5p	-	-	ugaguauuacaucagguacuggu	ccaguacuuauguuaugcucuc	ugaguauuacaucagguacuggugucgauauucgaaucaccaacgaaucggguuccuuugauuaacuuaccaguacuuauguuaugcucuc	1:305613549..305613640:-
2_8880	35118.6	17 +/- 18%	-	68875	68846	0	29	yes	aae-miR-2a-5p	dme-miR-2a-3p	-	-	uaucacagccagcuuugaagagcg	acucucaaagugguugugaaaug	acucucaaagugguugugaaaugaguuacucuugaacgaucucauaucacagccagcuuugaagagcg	2:107237501..107237569:-
2_14484	22894.3	17 +/- 18%	-	44898	44890	0	8	yes	aae-miR-184	dme-miR-184-3p	-	-	uggacggagaacugauaagggc	ccuuaucauucuugcgccccgu	ccuuaucauucuugcgccccguguuauauuguuggcgacuggacggagaacugauaagggc	2:417599380..417599441:-
3_29336	18213.1	17 +/- 18%	-	35716	35710	0	6	yes	aae-miR-308-5p	dme-miR-2a-3p	-	-	aaucacaggaguauacugugag	cgcgguauauucuuguggcuug	cgcgguauauucuuguggcuugaugcauuugaaaaaucucaaaucacaggaguauacugugag	3:403338483..403338546:-
2_4766	15647.2	17 +/- 18%	-	30685	30668	0	17	yes	aae-miR-305-5p	dme-miR-305-5p	-	-	auuguacuucaucaggugcucugg	cggcacauguuggaguacacuu	auuguacuucaucaggugcucugguuguuuucgauacccggcacauguuggaguacacuu	2:307145445..307145505:+
2_8878	11755.6	17 +/- 18%	-	23049	23026	0	23	yes	aae-miR-2c	dme-miR-2a-3p	-	-	uaucacagccagcuuugaugagcu	acucucaaaguggcugugaaaug	acucucaaaguggcugugaaaugguuugauuuugcucauaucacagccagcuuugaugagcu	2:107235884..107235946:-
1_40694	4909.9	17 +/- 18%	-	9622	9617	0	5	yes	aae-miR-277-5p	dme-miR-277-3p	-	-	uaaaugcacuaucugguacgaca	cgugucagaagugcauuuaca	cgugucagaagugcauuuacauagguauuucccguuuagcaguauuuguaaaugcacuaucugguacgaca	1:302603812..302603883:-
2_8882	4289.8	17 +/- 18%	-	8406	8272	0	134	yes	aae-miR-13-5p	dme-miR-2a-3p	-	-	uaucacagccauuuugacgaguu	ucguaaaaaugguugugcugu	ucguaaaaaugguugugcuguguuguuacgcucgaaauucauaucacagccauuuugacgaguu	2:107237649..107237713:-
3_18655	3753.5	17 +/- 18%	-	7357	7343	0	14	yes	aae-bantam-5p	dme-bantam-3p	-	-	ugagaucauuuugaaagcugauu	ccgguuuucauuuucgaucugacu	ccgguuuucauuuucgaucugacuuauuugauuuaacaagagugagaucauuuugaaagcugauu	3:178082830..178082895:+
2_5601	2862.3	17 +/- 18%	-	5606	5605	0	1	yes	aae-miR-2945-5p	dme-miR-279-3p	-	-	ugacuagaggcagacucguuua	agcggguccguuucuagugucaug	agcggguccguuucuagugucaugugcuguauucgaauaucaugacuagaggcagacucguuua	2:374947142..374947206:+
1_35191	2483.8	17 +/- 18%	-	4863	4843	0	20	yes	aae-miR-33	dme-miR-33-5p	-	-	gugcauuguaguugcauugca	caauacuucugcaaugcaagcc	gugcauuguaguugcauugcacuuuugcguucgauaacacggugcaauacuucugcaaugcaagcc	1:50888880..50888946:-
2_8711	2329.1	17 +/- 18%	-	4560	4512	3	45	yes	aae-miR-282-5p	dme-miR-282-5p	-	-	uagccucuccuaggcuuugucu	acauagccugacagagguuagg	uagccucuccuaggcuuugucuguuaccuuccuugggaauuccacuagccagacauagccugacagagguuagg	2:96911966..96912040:-
2_7969	2271.7	17 +/- 18%	-	4448	4426	0	22	yes	aae-miR-190	dme-miR-190-5p	-	-	agauauguuugauauucuugguug	cccaggaaucaaacauauuauu	agauauguuugauauucuugguuguuaaauuuuauauuaucacccaggaaucaaacauauuauu	2:48811878..48811942:-
3_23804	2049.5	17 +/- 18%	-	4011	3981	0	30	yes	aae-miR-11-5p	dme-miR-2a-3p	-	-	caucacagucugaguucuugcu	cgagaacuccggcugugaccugu	cgagaacuccggcugugaccuguguacacuuuauccaaaucacaucacagucugaguucuugcu	3:75489864..75489928:-
1_32625	1979	17 +/- 18%	-	3874	3870	0	4	yes	aae-miR-279	dme-miR-279-3p	-	-	ugacuagauccacacucauuaa	gaugggugugaaucuaguguuuca	gaugggugugaaucuaguguuucacaugauuuucgauagccugugacuagauccacacucauuaa	1:207007788..207007853:+
3_23802	1609.5	17 +/- 18%	-	3148	3145	0	3	yes	aae-miR-998	dme-miR-285-3p	-	-	uagcaccaugagauucagcuc	acugaacucucgugggucugc	acugaacucucgugggucugcaguugauauuucgaaagcuuguagcaccaugagauucagcuc	3:75489589..75489652:-
2_8356	1585.8	17 +/- 18%	-	3102	2409	0	693	yes	aae-miR-276-5p	dme-miR-276a-3p	-	-	uaggaacuucauaccgugcucu	agcgagguauagaguuccuacg	agcgagguauagaguuccuacguugcgugugcgaaauugguaggaacuucauaccgugcucu	2:73120452..73120514:-
2_13273	1445.9	17 +/- 18%	-	2828	2825	0	3	yes	aae-miR-9b	dme-miR-9a-5p	-	-	ucuuuggugauuuuagcuguaug	uauagcuuuaucaccaaaaacc	ucuuuggugauuuuagcuguaugcugauacguuucugauugcauauagcuuuaucaccaaaaacc	2:335780574..335780639:-
2_5209	1434.9	17 +/- 18%	-	2807	2804	0	3	yes	aae-miR-14	dme-miR-14-3p	-	-	ucagucuuuuucucucuccuau	gggagcgagauuaaggcuugcu	gggagcgagauuaaggcuugcuggucauuuauuacacucgaagucagucuuuuucucucuccuau	2:344767572..344767637:+
3_24052	1371.2	17 +/- 18%	-	2681	2676	0	5	yes	aae-miR-92b-3p	dme-miR-92a-3p	-	-	aauugcacuugucccggccugc	aggucgugacuugugcccauu	aggucgugacuugugcccauuugcugaauuuuaauggucaaauugcacuugucccggccugc	3:93418515..93418577:-
2_8703	1336.8	17 +/- 18%	-	2614	2443	0	171	yes	aae-miR-281-5p	dme-miR-281-2-5p	-	-	aagagagcuauccgucgacagu	ugucauggaauugcucucuuua	aagagagcuauccgucgacaguagggauaugauucacugucauggaauugcucucuuua	2:96469361..96469420:-
2_8378	1247.4	17 +/- 18%	-	2438	2421	0	17	yes	aae-miR-276-3p	dme-miR-276a-3p	-	-	uaggaacuucauaccgugcucu	agcgagguauagaguuccu	agcgagguauagaguuccuaugcguucggauaaaauauuccauaggaacuucauaccgugcucu	2:73509399..73509463:-
3_26700	978.8	17 +/- 18%	-	1911	1909	0	2	yes	aae-miR-278-5p	dme-miR-278-3p	-	-	ucggugggacuuucguccguuu	acggacgauagucuucagcggcc	acggacgauagucuucagcggccgugcauuugauagaaguggucggugggacuuucguccguuu	3:243123888..243123952:-
2_8887	965.6	17 +/- 18%	-	1892	1342	0	550	yes	aae-miR-71-5p	-	-	-	agaaagacauggguagugagau	ucucacuaccuugucuuucaug	agaaagacauggguagugagauaguuucacccuauugcacugggaucucacuaccuugucuuucaug	2:107238287..107238354:-
3_24207	299.4	17 +/- 18%	-	586	580	0	6	yes	aae-miR-2765	-	-	-	ugguaacuccaccaccguuggc	caaugggagcuggaguucccgcg	ugguaacuccaccaccguuggcgauauuugacagccaaugggagcuggaguucccgcg	3:101895454..101895512:-
3_17786	183	17 +/- 18%	-	353	348	0	5	yes	aae-miR-31	dme-miR-31b-5p	-	-	uggcaagauguuggcauagcug	agcuauucaacuucuugucuau	uggcaagauguuggcauagcugaaaguuuugaguuuagcuauucaacuucuugucuau	3:136174150..136174208:+
2_13283	176.9	17 +/- 18%	-	339	225	6	108	yes	aae-miR-9c-5p	dme-miR-9a-5p	-	-	ucuuugguauucuagcuguaga	uaaagcuuuaguaccagagguc	ucuuugguauucuagcuguagaauguugagcuuugugauaugguaucuucuaaagcuuuaguaccagagguc	2:335810364..335810436:-
3_19913	112.1	17 +/- 18%	-	211	130	0	81	yes	aae-miR-307	dme-miR-307a-3p	-	-	ucacaaccuccuugagugagcga	acucacucaaccugggugugaug	acucacucaaccugggugugaugcuuauuugaaucaucacaaccuccuugagugagcga	3:244794376..244794435:+
2_13276	105.2	17 +/- 18%	-	198	194	0	4	yes	aae-miR-79-5p	dme-miR-9a-3p	-	-	uaaagcuagauuaccaaagcau	cuuuggcgcuuuagcuguauga	cuuuggcgcuuuagcuguaugauagaauuuaauauuucauaaagcuagauuaccaaagcau	2:335780884..335780945:-
2_1650	77.1	17 +/- 18%	-	144	141	0	3	yes	aae-miR-9a	dme-miR-9a-5p	-	-	ucuuugguuaucuagcuguauga	uaaagcuagcauaccgaaguua	ucuuugguuaucuagcuguaugagugaauuuagaacaucauaaagcuagcauaccgaaguua	2:108461947..108462009:+
1_35672	56	17 +/- 18%	-	102	78	0	24	yes	aae-miR-87	dme-miR-87-3p	-	-	gugagcaaauuuucaggugugu	cagccugaaauuugcuaaaccu	cagccugaaauuugcuaaaccuguguguauuugauucaaacaaucaaggugagcaaauuuucaggugugu	1:80682401..80682471:-
2_13676	11.3	17 +/- 18%	-	22	14	0	8	yes	aae-miR-1891	-	-	-	ugaggaguuaauuugcguguuu	acacguccauuaacucuggua	ugaggaguuaauuugcguguuuuuguauuugauuaaacacguccauuaacucuggua	2:360084868..360084925:-
NIGP01001634_41918	9.3	20 +/- 19%	-	17	10	0	7	yes	aae-miR-10365	-	-	-	aaaaguuuucauauucuugcgg	auuagaauguggaaucuguuu	auuagaauguggaaucuguuuuuguacaucaaguguuacgaaacgaagcaaaaaaguuuucauauucuugcgg	NIGP01001634:30709..30782:-
3_29382	9	20 +/- 19%	-	19	18	0	1	no	aae-miR-285	dme-miR-285-3p	-	-	uagcaccauucgaaaucaguac	acuggcuuccaaaggugaguaga	acuggcuuccaaaggugaguagauggcauucgauacacucuagcaccauucgaaaucaguac	3:406875046..406875108:-
1_32352	5.4	37 +/- 18%	-	87	87	0	0	yes	aae-miR-929	dme-miR-929-5p	-	-	aaauugacucuaguagggagu	ucccuaacggagucagauuga	aaauugacucuaguagggaguccuuguguacgagugacucccuaacggagucagauuga	1:198495526..198495585:+
1_33473	5.4	37 +/- 18%	-	49	49	0	0	yes	aae-miR-999	dme-miR-999-3p	-	-	uguuaacuguaagacugugucu	acgcggucgugcaggaaauuauu	acgcggucgugcaggaaauuauuuggcauuagauucaaauguuaacuguaagacugugucu	1:252222293..252222354:+
2_1463	5.3	37 +/- 18%	-	1618	1616	0	2	yes	aae-miR-988-5p	dme-miR-988-3p	-	-	ccccuuguugcaaaccucacgcuu	gugugcuuugugacaaugagau	gugugcuuugugacaaugagauucgguucgauaucauccccuuguugcaaaccucacgcuu	2:93351380..93351441:+
3_22702	5.2	37 +/- 18%	-	68	68	0	0	yes	aae-miR-980-5p	dme-miR-980-3p	-	-	uagcugccuagugaagggcaau	ggccguucauugggucaucuagc	ggccguucauugggucaucuagcucguguuggaaacaguuagcugccuagugaagggcaau	3:1054523..1054584:-
2_4763	5.2	37 +/- 18%	-	4422	4418	0	4	yes	aae-miR-275-5p	dme-miR-275-3p	-	-	ucagguaccugaaguagcgcg	cgcgcuaagcaggaaccgaga	cgcgcuaagcaggaaccgagacuuugucauuugcuagcagucagguaccugaaguagcgcg	2:307135668..307135729:+
2_5606	5.1	37 +/- 18%	-	16	16	0	0	yes	aae-miR-100	dme-miR-100-5p	-	-	aacccguagauccgaacuugug	caagaacggauguaugggauuc	aacccguagauccgaacuugugcugccguuucacauguuacaagaacggauguaugggauuc	2:375117351..375117413:+
1_32629	5	37 +/- 18%	-	9724	9724	0	0	yes	aae-miR-996	dme-miR-279-3p	-	-	ugacuagauuacaugcucgucu	gcgugcaugaaucuggugcacg	gcgugcaugaaucuggugcacgguuuuccaguuguaauaucgcuucgugacuagauuacaugcucgucu	1:207012536..207012605:+
1_40696	5	37 +/- 18%	-	19377	19377	0	0	yes	aae-miR-317	dme-miR-317-3p	-	-	ugaacacagcuggugguaucu	auacacccugugcucgcu	auacacccugugcucgcuuugcauucgaaacuagugaacacagcuggugguaucu	1:302667133..302667188:-
1_31823	4.9	34 +/- 18%	-	177	177	0	0	yes	aae-miR-970	dme-miR-970-3p	-	-	ucauaagacacacgcggcuau	agcuugcguuugucuuagcuggua	agcuugcguuugucuuagcugguauugaaugugauagguaucauaagacacacgcggcuau	1:157238423..157238484:+
NIGP01000533_41864	4.9	34 +/- 18%	-	177	177	0	0	yes	aae-miR-970	dme-miR-970-3p	-	-	ucauaagacacacgcggcuau	agcuugcguuugucuuagcuggua	agcuugcguuugucuuagcugguauugaaugugauagguaucauaagacacacgcggcuau	NIGP01000533:10107..10168:-
2_6279	4.9	34 +/- 18%	-	1565	1560	0	5	yes	aae-miR-965	dme-miR-965-3p	-	-	uaagcguauagcuuuucccau	gggggaaauccuguacgcugu	gggggaaauccuguacgcuguauguuguauuugaauaauccauaagcguauagcuuuucccau	2:429778749..429778812:+
2_5497	4.8	34 +/- 18%	-	83	83	0	0	yes	aae-miR-124	dme-miR-124-3p	-	-	uaaggcacgcggugaaugccaa	gguauccacugccggccuauaug	gguauccacugccggccuauauguccuauuucgguacucauaaggcacgcggugaaugccaa	2:369307279..369307341:+
2_5608	4.8	34 +/- 18%	-	80	80	0	0	yes	aae-let-7	dme-let-7-5p	-	-	ugagguaguugguuguauagu	uaugcaaucugcuagcuuguc	ugagguaguugguuguauaguagugacugauuaaauaucugcuaugcaaucugcuagcuuguc	2:375131497..375131560:+
3_24074	4.8	34 +/- 18%	-	2038	2038	0	0	yes	aae-miR-92a-5p	dme-miR-92a-3p	-	-	uauugcacuugucccggccuau	cgguacggacaggggcaacauu	cgguacggacaggggcaacauugugacauuugaaagcuaauauugcacuugucccggccuau	3:93477596..93477658:-
3_28784	4.8	34 +/- 18%	-	78	78	0	0	yes	aae-miR-989	dme-miR-989-3p	-	-	ugugaugugacguagugguac	gccgcuaccucgcuuucacuug	gccgcuaccucgcuuucacuugguaccgauuucccauaauccaugugaugugacguagugguac	3:366439082..366439146:-
1_40826	4.7	34 +/- 18%	-	580	573	0	7	yes	aae-miR-1175-5p	dme-miR-958-3p	-	-	ugagauucuacuucuccgacuu	aaguggaguaguggucucaucg	aaguggaguaguggucucaucgcuuaguauuagaaaagugagauucuacuucuccgacuu	1:307010046..307010106:-
2_3568	4.7	34 +/- 18%	-	35	35	0	0	yes	aae-miR-932-5p	dme-miR-932-5p	-	-	ucaauuccguagugcauugcag	gcaagcaauguggaagugaag	ucaauuccguagugcauugcagugugcuuuagacgaacugcaagcaauguggaagugaag	2:231381156..231381216:+
2_56	4.6	34 +/- 18%	-	703	703	0	0	yes	aae-miR-219	dme-miR-219-5p	-	-	ugauuguccaaacgcaauucuu	gaguugugacuggacauccgug	ugauuguccaaacgcaauucuuguuuuauucgaauaugauauccaagaguugugacuggacauccgug	2:3715261..3715329:+
2_13501	4.6	34 +/- 18%	-	34	34	0	0	yes	aae-miR-263a-5p	dme-miR-263a-5p	-	-	aauggcacuggaagaauucacg	uguucuggcaguggcauccc	aauggcacuggaagaauucacggguauauuuugaaauccccguguucuggcaguggcauccc	2:348784448..348784510:-
2_14238	4.6	34 +/- 18%	-	1113	1113	0	0	yes	aae-miR-1	dme-miR-1-3p	-	-	uggaauguaaagaaguauggag	ccaugcuuccuugcauucaaua	ccaugcuuccuugcauucaauagugauucugaaagcauauggaauguaaagaaguauggag	2:399501023..399501084:-
2_5053	4.6	34 +/- 18%	-	93	93	0	0	yes	aae-miR-133	dme-miR-133-3p	-	-	uugguccccuucaaccagcugu	agcugguugacuucgggucaaau	agcugguugacuucgggucaaaucgucaaauauuugcaaagauauuuccucagugaaauuauuugguccccuucaaccagcugu	2:330417065..330417149:+
2_9749	4.5	34 +/- 18%	-	42	42	0	0	yes	aae-miR-263b-5p	dme-miR-263b-5p	-	-	cuuggcacugggagaauucacag	guggaucuuuucgugccaucgu	cuuggcacugggagaauucacaggcgcuauuugcuaucauucuguggaucuuuucgugccaucgu	2:153371131..153371196:-
2_5610	4.4	34 +/- 18%	-	64	64	0	0	yes	aae-miR-125-5p	dme-miR-125-5p	-	-	ucccugagacccuaacuuguga	acaaguuuugaucuccgguauu	ucccugagacccuaacuugugacuauaguugaaguuucacaaguuuugaucuccgguauu	2:375131781..375131841:+
3_21403	4.2	34 +/- 18%	-	3400	3400	0	0	yes	aae-miR-8-5p	dme-miR-8-3p	-	-	uaauacugucagguaaag	uaccgggcagcauuaga	uaccgggcagcauuagauauuuuugaaauacuucuaauacugucagguaaag	3:328527960..328528012:+
2_3386	3.7	21 +/- 17%	-	2242	2242	0	0	yes	aae-miR-7	dme-miR-7-5p	-	-	uggaagacuagugauuuuguuguu	uaacaauaaaucucaagucuuucuac	uggaagacuagugauuuuguuguuuugcuuacgauaauaacaauaaaucucaagucuuucuac	2:222802544..222802607:+
NIGP01001012_42308	3.6	21 +/- 17%	-	8	8	0	0	yes	aae-miR-957	dme-miR-957-3p	-	-	ugaaaccguccaaaacugagg	uuaguuuugggcggguuuuagu	uuaguuuugggcggguuuuaguguauuucgauuagaguaucaauugaaaccguccaaaacugagg	NIGP01001012:27491..27556:-
1_40853	3.6	21 +/- 17%	-	10	10	0	0	yes	aae-miR-iab-4-5p	dme-miR-iab-4-5p	-	-	acguauacugaauguauccuga	gguauaccuucaguauacguaa	acguauacugaauguauccugagugcuaucuauccgguauaccuucaguauacguaa	1:308965424..308965481:-
3_20006	2.7	24 +/- 17%	-	23	22	0	1	yes	aae-miR-11917	-	-	-	uaagcugaaaacuuaaucgauugg	ccaaucgauuagguuuucagcu	uaagcugaaaacuuaaucgauuggucacuagcuggugguggccaaucgauuagguuuucagcu	3:250556522..250556585:+
2_8108	2.1	24 +/- 17%	-	5551	5551	0	0	yes	aae-miR-11894a	-	-	-	uuuaccauuucaagaugaccua	ggucgucuugaaaugguaaaga	ggucgucuugaaaugguaaagagugucaaucaucaucuuuaccauuucaagaugaccua	2:58785158..58785217:-
2_8104	2	24 +/- 17%	-	5551	5551	0	0	yes	aae-miR-11894a	-	-	-	uuuaccauuucaagaugaccua	gguugucuugaaaugguaaaga	gguugucuugaaaugguaaagagugucaaccaucaucuuuaccauuucaagaugaccua	2:58783350..58783409:-
2_8110	2	24 +/- 17%	-	5551	5551	0	0	yes	aae-miR-11894a	-	-	-	uuuaccauuucaagaugaccua	ggucgucuugaaaugguaaaga	ggucgucuugaaaugguaaagagugucaaucaucaucuuuaccauuucaagaugaccua	2:58785850..58785909:-
2_8112	2	24 +/- 17%	-	5551	5551	0	0	yes	aae-miR-11894a	-	-	-	uuuaccauuucaagaugaccua	ggucgucuugaaaugguaaaga	ggucgucuugaaaugguaaagagugucaaucaucaucuuuaccauuucaagaugaccua	2:58786284..58786343:-
2_8116	2	24 +/- 17%	-	5551	5551	0	0	yes	aae-miR-11894a	-	-	-	uuuaccauuucaagaugaccua	ggucgucuugaaaugguaaaga	ggucgucuugaaaugguaaagagugucaaucaucaucuuuaccauuucaagaugaccua	2:58787948..58788007:-
2_8114	1.9	53 +/- 10%	-	5551	5551	0	0	yes	aae-miR-11894a	-	-	-	uuuaccauuucaagaugaccua	ggucgucuugaaaugguaaaga	ggucgucuugaaaugguaaagagugucaaucaucaucuuuaccauuucaagaugaccua	2:58787426..58787485:-
2_8106	1.9	53 +/- 10%	-	116	116	0	0	yes	aae-miR-11894b	-	-	-	uuuaccauuucaauaugaccua	ggucguauugaaaugguaaaga	ggucguauugaaaugguaaagagugucaaucaucaucuuuaccauuucaauaugaccua	2:58784590..58784649:-
2_13074	1.7	53 +/- 10%	-	279	279	0	0	yes	aae-miR-11895	-	-	-	uucaugcauucacuucugcuga	agcaggagugaaugcaugaguu	agcaggagugaaugcaugaguuugacaucugaaacuaauucaugcauucacuucugcuga	2:324949494..324949554:-
2_8886	1.5	53 +/- 10%	-	9823	9823	0	0	yes	aae-miR-2c	-	-	-	ucacagccagcuuugaugagc	gcaucaaauuugguuguuuua	gcaucaaauuugguuguuuuaguacgaccucuuugaaaccccuaucacagccagcuuugaugagc	2:107237996..107238061:-
2_11974	1.4	53 +/- 10%	-	13	13	0	0	yes	aae-miR-2946	-	-	-	uaguacggaaaagauauggg	cauauuuuuaccgcuacugca	cauauuuuuaccgcuacugcauuucauuguaauaauuguaguacggaaaagauauggg	2:268456443..268456501:-
2_14442	1.4	53 +/- 10%	-	328	328	0	0	yes	aae-miR-1890	-	-	-	ugaaaucuuugauuaggucugg	agagcuaauuggagaguucuug	agagcuaauuggagaguucuugaauaguguugugaaccuucaugaaaucuuugauuaggucugg	2:413654961..413655025:-
3_23787	1.1	53 +/- 10%	-	5	5	0	0	yes	aae-miR-1000	dme-miR-1000-5p	-	-	auauuguccugucacagcagu	uguuguuucgggacauuuaca	auauuguccugucacagcaguacuguuacaaauuuacuguuguuucgggacauuuaca	3:74204061..74204119:-
2_1464	1	53 +/- 10%	-	1616	1616	0	0	no	aae-miR-988-3p	dme-miR-988-3p	-	-	ccccuuguugcaaaccucacgcuu	guggcagguaggggcaaugggggc	ccccuuguugcaaaccucacgcuugcgguagguuccacaacugcugagagguggcagguaggggcaaugggggc	2:93351417..93351491:+
2_11972	0.9	33 +/- 10%	-	16	16	0	0	yes	aae-miR-2941	-	-	-	uaguacggcuagaacuccacgga	cgugguguuuagacguauuaca	cgugguguuuagacguauuacaugauuuuuugaacauaacuguaguacggcuagaacuccacgga	2:268456010..268456075:-
1_34290	0.5	33 +/- 10%	-	3	3	0	0	yes	aae-miR-10	dme-miR-10-5p	-	-	acccuguagauccgaauuuguu	caaauucgguucuagagagguuu	acccuguagauccgaauuuguuugaauauuuaacaagcgacaaauucgguucuagagagguuu	1:310530475..310530538:+
1_30183	0.2	33 +/- 10%	-	145	145	0	0	no	aae-miR-210	dme-miR-210-3p	-	-	cuugugcgugugacaacggcuau	agcugcugaccacugcacaagau	agcugcugaccacugcacaagauuagauuaugacucuugugcgugugacaacggcuau	1:54892617..54892675:+
1_32955	-1	1 +/- 4%	-	9	9	0	0	yes	aae-miR-11900	-	-	-	auuuuuuugacuguaauuuuauag	guaaaauuacguugaaaaaucgucu	guaaaauuacguugaaaaaucgucucccucaaaaaaugaaaccugagacuaacaggagauuuuuuugacuguaauuuuauag	1:223944070..223944152:+
2_4764	-1	1 +/- 4%	-	4418	4418	0	0	no	aae-miR-275-3p	dme-miR-275-3p	-	-	ucagguaccugaaguagcgcg	agcgacaacagaggcgugaaa	ucagguaccugaaguagcgcgcgugaucaaacaggaagcgucaucaagcgacaacagaggcgugaaa	2:307135708..307135775:+
2_8704	-2.3	0 +/- 0%	-	2443	2443	0	0	no	aae-miR-281-5p	dme-miR-281-2-5p	-	-	aagagagcuauccgucgacagu	cguugacgugggauuuuuuug	cguugacgugggauuuuuuuguucauuuuguucuuucgcugguuucgaauaugaaaauaaagagagcuauccgucgacagu	2:96469398..96469479:-
NIGP01000443_41803	-4.8	0 +/- 0%	-	13	13	0	0	no	aae-miR-11893	-	-	-	uuccugacuuauacgcuuaccu	guaaguagauaaaucagaaaga	guaaguagauaaaucagaaagacguuuauaucguuucuuccugacuuauacgcuuaccu	NIGP01000443:52102..52161:+
2_4073	-4.8	0 +/- 0%	-	13	13	0	0	no	aae-miR-11893	-	-	-	uuccugacuuauacgcuuaccu	guaaguagauaaaucagaaaga	guaaguagauaaaucagaaagacguuuauaucguuucuuccugacuuauacgcuuaccu	2:257889040..257889099:+
2_5607	-7.7	0 +/- 0%	-	80	80	0	0	no	aae-let-7	dme-let-7-5p	-	-	ugagguaguugguuguauagu	auuacaguacugcuucuuc	auuacaguacugcuucuuccacguugagguaguugguuguauagu	2:375131473..375131518:+

#miRBase miRNAs not detected by miRDeep2
miRBase precursor id	total read count	mature read count(s)	star read count	remaining reads	UCSC browser	NCBI blastn	miRBase mature sequence(s)	miRBase star sequence(s)	miRBase precursor sequence
16992	16992	0	0	-	-	ucagguacugagugacucucag	gagagcaccucgguaucuaagc	-	cauucgcaauuucaccgguucagguacugagugacucucagaugugcauuucucaagcaaucucguccucaggaccugagguugaaaaacccugagagcaccucgguaucuaagccaguguugcgaaaa	
9396	9396	0	0	-	-	cacguuacagauugggguuucc	uaaucucaaauuguaacagugg	-	gagguaaucucaaauuguaacaguggguugauuuuccuggugaaucccggccuuguccuccgucacaagugugacaagugucucgaaaacguguucgcuauacccacguuacagauugggguuucccc	
8532	6981	0	1551	-	-	uaaguacuagugccgcaggag	cugcugcccaagugcuuaucg	-	gaauucuuuacuaaguacuagugccgcaggagagauuugaaccccugcugcccaagugcuuaucgaagagu	
6802	6800	0	2	-	-	ugguuuaucuuaucugucgaggc	gucgacagggagauaaaucacu	-	cauugguuuaucuuaucugucgaggcaaguuauuuuaccggauaguguuucuuuucgugagcaaucaccacuauccagcucuucuugucgacagggagauaaaucacug	
2916	2916	0	0	-	-	caaccacuauccgcccugccgcc	uggcagugugguuagcugguug	-	caaggcaauacgcuauggcagugugguuagcugguuguguagaacuuuggggggcuuccguggcguucgcgcgcacacgggggcucagauucacaaccacuauccgcccugccgccgcgaggugccagg	
165	165	0	0	-	-	ugucuuuuuccgcuuacugccg	-	ccaacauuuugauugauuugucuuuuuccgcuuacugccgguggcauuugaaauucucgacagcaaaccgaaaaaggcgccucaaucaauu	
16	11	0	5	-	-	ucagaucuacuuaauacccau	-	acuccaauucuggguauuuuagauccuuggcauaguuacgugauugaaugcacuguucuucuuugguuuacccaguaucgaacacgcgucaaucugucagaucuacuuaauacccaua	
7	7	0	0	-	-	cuuucgagcaguaaucaaaguc	uuuugauuguugcucagaaagc	-	aguguuucuauaaaauuuugauuguugcucagaaagccgugcauuugaaacgggucgcuuucgagcaguaaucaaagucaaauaaaacacca	
6	6	0	0	-	-	gaugccucguaaagcaacuggac	-	gccucaguugcuuuccgagcguagcacaguuuggaugcgggcccgugcaucguccacggugaugccucguaaagcaacuggacu	
5	5	0	0	-	-	uucguugucgacgaaaccugca	-	aaaccuugccuggaucggguuucgcggcgaacgggcuuccaccaugaugaauagcaguucguugucgacgaaaccugcacauugcaaggca	
5	5	0	0	-	-	ucacugggcaaaguuugucgc	-	uccaccgaauguuaugcgacuaacuucguucaguuuggugucauacgaagguuuccaguuucaucacugggcaaaguuugucgcauaaaug	
4	4	0	0	-	-	uagcuagguugcggugcacugcu	-	gaagucaguguacucugccuggccggcgcugcugcgagucuagcuagguugcggugcacugcuuc	
2	2	0	0	-	-	gaaggaacucccggugugauaua	uaucacagcaguaguuaccuga	-	aucgaaggaacucccggugugauauaugacucgauuauaucacagcaguaguuaccugauau	
3	2	0	1	-	-	uacuggccuacuaagucccaac	-	gcuugcuauguaauuuuuucaaucgaacugggauuuuguggaccagaagauuuccuccauucgauaauagcuacuggccuacuaagucccaacuuguuuggaaauuguccgacagauagcaagc	
5	2	0	3	-	-	aaaugggacugauaugcgaguau	-	ccauucucgcauaacaguaccauauucuugggauuucucauauaaaugggacugauaugcgaguaugg	
5	2	0	3	-	-	caaagcguuuggguucugaaac	-	gguuugcuuuagaauuccuacgcuuuaccgugauuuguugaaaguuuggcaaagcguuuggguucugaaacgaaac	
1	1	0	0	-	-	uauugcuugagaauacacguag	-	uauucaucgagcaacuugguuggccacgcguauucuuggguuauuaacacacuguuuauguuguuauugcuugagaauacacguaguugacaaguguuucaca	
2	1	0	1	-	-	uuuguucguuuggcucgaguua	-	uggaagaauccgaguuacuuaagcccaacguacagaaacuugaaucugaaugccguucuagauuggcuugcuagaaguuuguucguuuggcucgaguuaugcggauucuucugauc	
2	1	0	1	-	-	ucacuuuuuagugacuugguc	-	caagucacuuuuuagugacuuggucacuuuuuucaaucuggucacuaaaaagucacuau	
1	1	0	0	-	-	caucacagaauuguuuuuacug	-	aaacaucacagaauuguuuuuacugauaaggaacuauguguaaaaauaauucuguaaaguuu	
1	1	0	0	-	-	uaugaccgauuuaauauauggcu	-	uguuccauguaugauuucggucauguaugcaguugaaaauaauuauaugaccgauuuaauauauggcuca	



1	0	0	1	-	-	cgagauacggagagauugcgaca	-	cagucgccucuucacaucucgauaucgaagggaccaucgagauacggagagauugcgacaa	














1	0	0	1	-	-	uacccuguaguuccgggcuuuu	-	agcgcuccuccgugaccuacccuguaguuccgggcuuuugugguuucuuuuauuguuaauuaucagaagcucguuucuauagagguaucucacagggugaa	










2	0	0	2	-	-	ugacuagaccgaacacucgcguccu	-	aucguuauuuggggcgauugucggacuagucgcugcguacaaaacggaacuauuucaacuagugacuagaccgaacacucgcguccuaaagcacgau	



7	0	0	7	-	-	uuggacuggcaugcguuuaugg	-	cccauaaacgcauaauugucccaugugaauagaaaauccagccacauuggacuggcaugcguuuauggg	
