miRDeep2 score	novel miRNAs reported by miRDeep2	novel miRNAs, estimated false positives	novel miRNAs, estimated true positives	known miRNAs in species	known miRNAs in data	known miRNAs detected by miRDeep2	estimated signal-to-noise	excision gearing
10	23	12 +/- 4	11 +/- 4 (49 +/- 16%)	164	125	75 (60%)	6.9	2
9	23	12 +/- 4	11 +/- 4 (49 +/- 16%)	164	125	75 (60%)	6.8	2
8	23	12 +/- 4	11 +/- 4 (48 +/- 16%)	164	125	75 (60%)	6.8	2
7	24	12 +/- 4	12 +/- 4 (50 +/- 15%)	164	125	75 (60%)	6.8	2
6	24	12 +/- 4	12 +/- 4 (50 +/- 15%)	164	125	75 (60%)	6.8	2
5	34	12 +/- 4	22 +/- 4 (64 +/- 11%)	164	125	83 (66%)	8.1	2
4	38	14 +/- 4	24 +/- 4 (62 +/- 10%)	164	125	97 (78%)	7.9	2
3	44	34 +/- 5	10 +/- 5 (23 +/- 12%)	164	125	99 (79%)	3.6	2
2	63	45 +/- 6	18 +/- 6 (28 +/- 10%)	164	125	101 (81%)	3.2	2
1	126	61 +/- 8	65 +/- 8 (52 +/- 6%)	164	125	106 (85%)	3.4	2
0	188	169 +/- 10	19 +/- 10 (10 +/- 5%)	164	125	110 (88%)	1.6	2
-1	230	359 +/- 15	0 +/- 0 (0 +/- 0%)	164	125	110 (88%)	0.9	2
-2	261	569 +/- 19	0 +/- 0 (0 +/- 0%)	164	125	110 (88%)	0.6	2
-3	396	735 +/- 22	0 +/- 0 (0 +/- 0%)	164	125	110 (88%)	0.7	2
-4	565	892 +/- 24	0 +/- 0 (0 +/- 0%)	164	125	112 (90%)	0.7	2
-5	741	1040 +/- 24	0 +/- 0 (0 +/- 0%)	164	125	112 (90%)	0.8	2
-6	861	1173 +/- 25	0 +/- 0 (0 +/- 0%)	164	125	113 (90%)	0.8	2
-7	992	1291 +/- 27	0 +/- 0 (0 +/- 0%)	164	125	113 (90%)	0.8	2
-8	1113	1391 +/- 27	0 +/- 0 (0 +/- 0%)	164	125	113 (90%)	0.9	2
-9	1242	1488 +/- 28	0 +/- 0 (0 +/- 0%)	164	125	113 (90%)	0.9	2
-10	1343	1579 +/- 29	0 +/- 0 (0 +/- 0%)	164	125	113 (90%)	0.9	2



novel miRNAs predicted by miRDeep2
provisional id	miRDeep2 score	estimated probability that the miRNA candidate is a true positive	rfam alert	total read count	mature read count	loop read count	star read count	significant randfold p-value	miRBase miRNA	example miRBase miRNA with the same seed	UCSC browser	NCBI blastn	consensus mature sequence	consensus star sequence	consensus precursor sequence	precursor coordinate
1_30645	31736.6	49 +/- 16%	-	62258	53165	8877	216	no	-	-	-	-	aaccaaaccgagcugauaguguccc	aacgcuacguucguuggau	aacgcuacguucguuggauuaugccugaacgccucuaaggucguaaccaaaccgagcugauaguguccc	1:205698611..205698680:-
3_18288	12444.1	49 +/- 16%	-	24407	23373	0	1034	yes	-	-	-	-	guaggccggcggaaacuacuugc	agggguuucuuucggccuccag	agggguuucuuucggccuccagcggcauuagauaguuguaggccggcggaaacuacuugc	3:6069685..6069745:-
3_15798	1065.8	49 +/- 16%	-	2100	2092	0	8	no	-	-	-	-	uaucaugaccaaaggucgcaugag	cauaugaccuaaggucgcaugag	uaucaugaccaaaggucgcaugagugcgaaaguuuuuuauaauaguucuucaaucaagucgucaucauaugaccuaaggucgcaugag	3:229928360..229928448:+
2_10805	211.7	49 +/- 16%	-	427	312	0	115	no	-	-	-	-	aagcauugcgacuuuggaccagauc	ucucagguaucuuggagucuc	aagcauugcgacuuuggaccagaucaauguucucagguaucuuggagucuc	2:334352992..334353043:-
1_31756	178	49 +/- 16%	-	339	192	0	147	yes	-	dme-miR-2491-5p	-	-	ggcuguugcugccucaagg	cuagaggcagcaacagccgcu	cuagaggcagcaacagccgcucaaaauuuccuuacgcggcuguugcugccucaagg	1:298324723..298324779:-
2_10806	166.5	49 +/- 16%	-	340	312	0	28	no	-	-	-	-	aagcauugcgacuuuggaccagauc	ucgguccaaacgacucauaagc	ucgguccaaacgacucauaagcuuuuuccaccuucaauucgauuaagcauugcgacuuuggaccagauc	2:334353018..334353087:-
2_5184	163.9	49 +/- 16%	-	321	320	0	1	yes	-	-	-	-	aucaggaaggucgacggguacu	caacuggcgaccuuccaagau	aucaggaaggucgacggguacucuucuucaaauuuggcaacuggcgaccuuccaagau	2:404325201..404325259:+
3_21927	104.1	49 +/- 16%	-	195	192	0	3	yes	-	dme-miR-2491-5p	-	-	ggcuguugcugccucaagg	cuagaggcagcaccagccgcu	cuagaggcagcaccagccgcucaaaauuuccuugcgcggcuguugcugccucaagg	3:296833420..296833476:-
2_1469	93.3	49 +/- 16%	-	202	144	0	58	yes	-	-	-	-	uuuaguucuugaaucugcuguugcu	uuuugcaguauuaagaac	uuuaguucuugaaucugcuguugcuauuauucaaucuuauguuuuugcaguauuaagaac	2:114491496..114491556:+
2_1713	85.6	49 +/- 16%	-	166	163	1	2	yes	-	-	-	-	ugaggcgucuucugguggcug	agucaccaucugauacugacgg	agucaccaucugauacugacggaggaugaaugugcuccccaaagcacgguccuccgugaggcgucuucugguggcug	2:131028170..131028247:+
3_18719	84.1	49 +/- 16%	-	176	109	0	67	no	-	-	-	-	guguggcuuugugaggccccucggu	ugaugccauuauuacagacuacauua	guguggcuuugugaggccccucggugugugugucgcuccguguauacguuuugaugccauuauuacagacuacauua	3:37462791..37462868:-
1_26092	67.8	49 +/- 16%	-	142	137	0	5	no	-	-	-	-	aagucucucaauuucuugggaa	uuccgaauuauugaggguccgc	aagucucucaauuucuugggaaguacccgcauucuuuccgaauuauugaggguccgc	1:240734066..240734123:+
1_31053	67.8	49 +/- 16%	-	142	137	0	5	no	-	-	-	-	aagucucucaauuucuugggaa	uuccgaauuauugaggguccgc	aagucucucaauuucuugggaaguacccgcauucuuuccgaauuauugaggguccgc	1:227842629..227842686:-
2_5445	51.1	49 +/- 16%	-	98	95	1	2	yes	-	-	-	-	ugaggcgucuucugguggcug	agucaccaucugauacugacgg	agucaccaucugauacugacggaggacggaugugcucaccaaagcacgguccuccgugaggcgucuucugguggcug	2:430222761..430222838:+
3_15415	50.5	49 +/- 16%	-	97	95	0	2	yes	-	-	-	-	ugaggcgucuucugguggcug	agucaccaucugauacugacgg	agucaccaucugauacugacggaggauggaugugcuccgugaggcgucuucugguggcug	3:202989024..202989084:+
2_5623	44.4	49 +/- 16%	-	109	103	4	2	no	-	-	-	-	guuuaagaaucgaauggugcuuuuu	gagucaucagaaacaucgaaagc	gagucaucagaaacaucgaaagcguguuuguccucgaccgcauuuaagaaggcaauauuuuaacguuuaagaaucgaauggugcuuuuu	2:453396750..453396839:+
3_21754	36	49 +/- 16%	-	79	78	0	1	no	-	-	-	-	ucuuaggcgggcccuauc	auccccgucuaucgugaca	auccccgucuaucgugacacuucuucuuaggcgggcccuauc	3:286383142..286383184:-
2_9653	33	49 +/- 16%	-	101	100	0	1	no	-	-	-	-	ucauacaguagauuaucuc	aguaucacgaucccuaugac	ucauacaguagauuaucucaacggauuaguaucaccgaguaucacgaucccuaugac	2:268278337..268278394:-
2_5756	32.2	49 +/- 16%	-	73	72	0	1	no	-	-	-	-	cagggcucuggaaucgaac	aaaguguuccgagcucac	cagggcucuggaaucgaacaaaaguguuccgagcucac	2:461663739..461663777:+
3_16829	28.5	49 +/- 16%	-	67	64	0	3	no	-	-	-	-	aguuacguccaggugguggu	ccucaggccggaaguggagcgg	ccucaggccggaaguggagcgguagucaguuacguccaggugguggu	3:303464467..303464514:+
2_7942	23.9	49 +/- 16%	-	45	44	0	1	yes	-	-	-	-	ugauacagccauaccguggaa	uccacgcuaugccugaau	uccacgcuaugccugaaucaguaaaauuugaaaaucgaaugugcauucgauuuuuaaaauccacugauacagccauaccguggaa	2:154129244..154129329:-
3_19998	17.1	49 +/- 16%	-	90	89	0	1	no	-	-	-	-	uuugucauucgaagcgaaaauau	gauugauucugaugcuac	gauugauucugaugcuacacuuuuaguuaucguaaauuauuuaauauaauuaccauuugucauucgaagcgaaaauau	3:148153532..148153610:-
1_24873	10.8	49 +/- 16%	-	35	34	0	1	no	-	-	-	-	aaggguucuucgaugaagag	gucaucggaugaaucgccgcgggu	gucaucggaugaaucgccgcgggugaaaaauaaggguucuucgaugaagag	1:145605329..145605380:+
3_16063	7.4	50 +/- 15%	-	13	10	1	2	yes	-	-	-	-	ugaggcgucuucugguggcuu	agucaccaucugauacugacgg	agucaccaucugauacugacggagguugaaugugcucuccaaagcacgguccuccgugaggcgucuucugguggcuu	3:249486908..249486985:+
2_5007	5.9	64 +/- 11%	-	10	7	1	2	yes	-	-	-	-	ugcggcgucuucugguggcugg	agucaccaucugauacugacgg	agucaccaucugauacugacggaggauggaugugcuccccaaagcacgguccuccaugcggcgucuucugguggcugg	2:388421641..388421719:+
NIGP01000718_32830	5.8	64 +/- 11%	-	13	13	0	0	yes	-	dme-miR-193-5p	-	-	cugggauucggagagaauccc	gauucggagagaaucccgucu	gauucggagagaaucccgucugggauucggagagaaucccgucugggauucggagagaauccc	NIGP01000718:12771..12834:-
3_15321	5.6	64 +/- 11%	-	9	6	1	2	yes	-	-	-	-	ugaggcaucuucugguggcugg	agucaccaucugauacugacgg	agucaccaucugauacugacggaggauggaugugcuccccaaagcacgguccuccgugaggcaucuucugguggcugg	3:196652402..196652480:+
3_18414	5.6	64 +/- 11%	-	9	6	1	2	yes	-	-	-	-	ugaggcaucuucugguggcugg	agucaccaucugauacugacgg	agucaccaucugauacugacggaggauggaugugcuccccaaagcacgguccuccgugaggcaucuucugguggcugg	3:14180436..14180514:-
1_26434	5.6	64 +/- 11%	-	426	426	0	0	yes	-	dme-miR-1015-3p	-	-	uccugggagaauucacag	ggaagaauucucaggaga	uccugggagaauucacaggagaauccugggagaauucucaggagaauccuggaagaauucucaggaga	1:264070265..264070333:+
NIGP01000718_32834	5.6	64 +/- 11%	-	13	13	0	0	yes	-	dme-miR-193-5p	-	-	cugggauucggagagaauccc	guuucggagaaaaucccgucu	guuucggagaaaaucccgucugggauucggagagaaucccgucugggauucggagagaauccc	NIGP01000718:13979..14042:-
NIGP01000718_32829	5.6	64 +/- 11%	-	13	13	0	0	yes	-	dme-miR-193-5p	-	-	cugggauucggagagaauccc	gauucggagagaaucccgucu	gauucggagagaaucccgucugggauucggagagaaucccgucugggauucggagagaauccc	NIGP01000718:12725..12788:-
1_28778	5.4	64 +/- 11%	-	8	2	0	6	yes	-	-	-	-	caugggacaaauaugcguuuau	uaaacgcaugucagucccaugu	uaaacgcaugucagucccauguuugcuggauuuccuauucacaugggacaaauaugcguuuau	1:153391212..153391275:-
3_13729	5.2	64 +/- 11%	-	16821	16821	0	0	yes	-	dme-miR-971-3p	-	-	uugguguuauaucuuacagugag	ggcuguaaguauuacagcaagc	ggcuguaaguauuacagcaagcuugcuauucgaaaggcgcuugguguuauaucuuacagugag	3:82678953..82679016:+
NIGP01000773_33288	5	64 +/- 11%	-	118	117	0	1	yes	-	dme-miR-283-3p	-	-	uggaauuuggaauuuggaauuug	ggaauuuggaauuuggaauuuggaauu	ggaauuuggaauuuggaauuuggaauuuggaauuuggaauuuggaauuuggaauuuggaauuuggaauuuggaauuuggaauuuggaauuuggaauuug	NIGP01000773:11126..11225:-
2_4829	4.9	62 +/- 10%	-	68	68	0	0	yes	-	dme-miR-973-3p	-	-	ccuguucaggauuugaacac	aacaggauccuguucaggau	aacaggauccuguucaggauucaaacagaguccuguucaggauuugaacac	2:371242994..371243045:+
2_11683	4.3	62 +/- 10%	-	117	117	0	0	yes	-	dme-miR-283-3p	-	-	uggaauuuggaauuuggaauuug	aauuuggaauuuggaauuuggaa	aauuuggaauuuggaauuuggaauuuggaauuugggaauuuggaauuuggaauuuggaauuugaauuuggaauuuggaauuuggaauuuggaauuug	2:411037924..411038021:-
2_9635	4.2	62 +/- 10%	-	57	57	0	0	yes	-	dme-miR-4915-5p	-	-	uugagaaauugaaauaug	augucagauuugucgaaa	uugagaaauugaaauaugaguaugacacauuauugucaugucagauuugucgaaa	2:266816775..266816830:-
1_26928	4.2	62 +/- 10%	-	2796	2795	0	1	yes	-	dme-miR-iab-8-5p	-	-	uuacguauacugaagguauacc	aggauacauucaguauacguucau	uuacguauacugaagguauaccggauagauagcacucaggauacauucaguauacguucau	1:308965424..308965485:+
1_28856	3.8	23 +/- 12%	-	188	188	0	0	yes	-	dme-miR-184-5p	-	-	acuuaucauaguauauuuacag	guaaguauacuaucacaguau	guaaguauacuaucacaguauacuuacuuaguauacuuaucauaguauauuuacag	1:158676111..158676167:-
3_14912	3.8	23 +/- 12%	-	72	72	0	0	yes	-	dme-miR-9377-3p	-	-	uuugauggagagaucaacgacu	acguugaucuucagaucuucaagc	uuugauggagagaucaacgacuuauuuguugaugacaugaacaauuucgauguugugaacguugaucuucagaucuucaagc	3:161695091..161695173:+
2_9636	3.8	23 +/- 12%	-	57	57	0	0	yes	-	dme-miR-4915-5p	-	-	uugagaaauugaaauaug	aguuucaaggcugaagg	aguuucaaggcugaaggcacuuggugauaacuuaccgacugugcuuugagaaauugaaauaug	2:266816812..266816875:-
2_11582	3.3	23 +/- 12%	-	17	16	0	1	no	-	-	-	-	auggaucgaaccugguugaugu	aacaagcggguuuaaugcugu	aacaagcggguuuaaugcugugguauaguauuugguucucacgcucaugaccauggaucgaaccugguugaugu	2:400903309..400903383:-
3_22733	3.1	23 +/- 12%	-	72	72	0	0	yes	-	-	-	-	uggcuugggcgcuucuccgag	cggagaagcguccaagccauc	uggcuugggcgcuucuccgagcggcaaacuacugcugcucggagaagcguccaagccauc	3:357828484..357828544:-
1_25294	3	23 +/- 12%	-	72	72	0	0	yes	-	-	-	-	uggcuugggcgcuucuccgag	cagagaagcguccaagccauc	uggcuugggcgcuucuccgagcggcaaacuacugcugcucagagaagcguccaagccauc	1:182480929..182480989:+
2_322	2.8	28 +/- 10%	-	80	80	0	0	yes	-	-	-	-	auugaucgugugcgucuugaua	ucaagacgcacacgaucaaucg	auugaucgugugcgucuugauauuucauuaagucacgaaauaucaagacgcacacgaucaaucg	2:18082371..18082435:+
2_5472	2.8	28 +/- 10%	-	147	147	0	0	yes	-	dme-miR-4943-5p	-	-	auuuauuuaucguagugaguaacuu	uuuacucacuuuugaguaaaugu	auuuauuuaucguagugaguaacuuucugcucuguuguucuagauuuuaguuuuacucacuuuugaguaaaugu	2:434219653..434219727:+
2_4727	2.6	28 +/- 10%	-	159	159	0	0	yes	-	-	-	-	aaggaccgaaacguuggagaaaga	uuucuccaacguuucgguccuuau	uuucuccaacguuucgguccuuauuggaccuuuaucaaggacaauaaggaccgaaacguuggagaaaga	2:366692236..366692305:+
2_2862	2.6	28 +/- 10%	-	90	90	0	0	yes	-	-	-	-	uauuugacguuugagugguguc	caccgcucaaacgucaaauuagu	uauuugacguuugaguggugucguguuauuuauguggccaugaacgaauuuggcaccgcucaaacgucaaauuagu	2:225406035..225406111:+
3_15075	2.4	28 +/- 10%	-	159	159	0	0	yes	-	-	-	-	aaggaccgaaacguuggagaaaga	uuuccuccaacguuucgguccuuau	uuuccuccaacguuucgguccuuauuggacccuuaucaaggaccgaaacguuggagaaaga	3:175696030..175696091:+
1_26266	2.4	28 +/- 10%	-	70	70	0	0	yes	-	-	-	-	ccgacgaaucccucugggggau	cccucugggggauuccgacgaa	cccucugggggauuccgacgaaucccucugggggauuccgacgaaucccucugggggauuccgacgaaucccucugggggau	1:250709623..250709705:+
1_25194	2.4	28 +/- 10%	-	25	25	0	0	yes	-	-	-	-	auucucgacuagagugaaguga	acuucacucgagucgagacuug	auucucgacuagagugaagugacucgccaugaaaagcaaauaaagagucacuucacucgagucgagacuug	1:170533539..170533610:+
3_21281	2.4	28 +/- 10%	-	344	344	0	0	yes	-	-	-	-	agcugaaaacuuaaucgauuggc	caaucgauuagguuuucagcuua	agcugaaaacuuaaucgauuggccacuagcugguggugaucaaucgauuagguuuucagcuua	3:240131522..240131585:-
2_3058	2.4	28 +/- 10%	-	128	128	0	0	yes	-	-	-	-	aaggcugaaaaccuaaucgauug	aucgauaaaguuuucagcuuaaa	aaggcugaaaaccuaaucgauuggucacuagcuggcggugaccaaucgauaaaguuuucagcuuaaa	2:234260410..234260477:+
3_15269	2.4	28 +/- 10%	-	631	631	0	0	yes	-	-	-	-	auaccauguugaaaacaa	guuuucaacaugguauga	guuuucaacaugguaugauuguugaccguugcuugcuugcauaccauguugaaaacaa	3:192815589..192815647:+
NIGP01000294_32382	2.3	28 +/- 10%	-	147	147	0	0	yes	-	-	-	-	cuagaggcagcaacagccgcu	cggcuguuacugccucaaggc	cuagaggcagcaacagccgcucaaaauuuacuugcgcggcuguuacugccucaaggc	NIGP01000294:43896..43953:+
1_26265	2.2	28 +/- 10%	-	70	70	0	0	yes	-	-	-	-	ccgacgaaucccucugggggau	cccucugggggauuccgacgaa	cccucugggggauuccgacgaaucucucugggggauuccgacgaaucccucugggggauuccgacgaaucccucugggggau	1:250709577..250709659:+
3_21421	2.2	28 +/- 10%	-	15	15	0	0	yes	-	-	-	-	aaacgcauaauugucccaugug	caugggacugacaugcguuuau	aaacgcauaauugucccaugugaauaggaaauccagcaaacaugggacugacaugcguuuau	3:258412496..258412558:-
1_24420	2.1	28 +/- 10%	-	147	147	0	0	yes	-	-	-	-	cuagaggcagcaacagccgcu	cagcuguugcugccucaaggc	cuagaggcagcaacagccgcucagaauuuccuugcgcagcuguugcugccucaaggc	1:98697707..98697764:+
2_7543	2.1	28 +/- 10%	-	33	33	0	0	yes	-	-	-	-	uuugacguuuuagcggugccgu	ggcuccgcucaaacgucaaauu	uuugacguuuuagcggugccguguuauuuauguggccauggaaaccagugaauucggcuccgcucaaacgucaaauu	2:126338137..126338214:-
3_22109	2.1	28 +/- 10%	-	138	138	0	0	yes	-	-	-	-	augggacaauuaugcguu	cgcaugucagucccaugu	cgcaugucagucccauguuugcuggauuuccuauccacaugggacaauuaugcguu	3:310665960..310666016:-
3_13275	2.1	28 +/- 10%	-	198	198	0	0	yes	-	-	-	-	aaaauuucugugauguuuugu	aaaacaucacagaauuauuuu	aaaacaucacagaauuauuuuuacacauaguuucuuaucaguaaaaaaauuucugugauguuuugu	3:47183919..47183985:+
NIGP01002194_32965	2	28 +/- 10%	-	183	183	0	0	yes	-	-	-	-	auaaaugggacuguuaugcgag	cgcauaacagucccauaugaua	cgcauaacagucccauaugauaugggauuucauauauaaaugggacuguuaugcgag	NIGP01002194:28530..28587:+
2_10824	2	28 +/- 10%	-	103	103	0	0	yes	-	-	-	-	aaucuggacccgcucuaguguca	acacuugagcggggcacgcucccguau	acacuugagcggggcacgcucccguauggucgccacguaaucuggacccgcucuaguguca	2:335523879..335523940:-
3_13149	1.9	52 +/- 6%	-	321	321	0	0	yes	-	-	-	-	cagcuucuacugagaagcuuu	agcuuuccagcuucugcugag	agcuuuccagcuucugcugagaaguuuuccagcuucugcugagaagcuuuccagcuucuacugagaagcuuu	3:37344092..37344164:+
3_16918	1.9	52 +/- 6%	-	53	53	0	0	yes	-	-	-	-	uuccaagcuucugaggagaag	ucugaggagaagcuuccaagc	ucugaggagaagcuuccaagcuucugaggagaagcuuccaagcuucugaggagaag	3:313746273..313746329:+
3_13985	1.9	52 +/- 6%	-	130	130	0	0	yes	-	-	-	-	uccugaggugaaaaaaugcuga	agcauuuuuuucacuucagaccg	agcauuuuuuucacuucagaccgcuugacagcgauacaaucuugcguccugaggugaaaaaaugcuga	3:102685641..102685709:+
2_9676	1.9	52 +/- 6%	-	172	172	0	0	yes	-	-	-	-	uaagugcggugaagauacc	ugucuucgucgcacuuauu	ugucuucgucgcacuuauucgucaucucaugcugaauaagugcggugaagauacc	2:269466559..269466614:-
1_27176	1.9	52 +/- 6%	-	67	67	0	0	yes	-	-	-	-	gaaauccuccaaggauuuc	aauccuccaaggauuuccg	aauccuccaaggauuuccggcgaaauccuccaaggauuuccggcgaaauccuccaaggauuuc	1:14611197..14611260:-
1_28406	1.9	52 +/- 6%	-	55	55	0	0	yes	-	-	-	-	cgugcggugucuuuugguggc	caccaucugauacugacgga	caccaucugauacugacggaggaugaauguguuccccaaagcacgcuccuccgugcggugucuuuugguggc	1:116828240..116828312:-
2_4223	1.8	52 +/- 6%	-	55	55	0	0	yes	-	-	-	-	ugcagcgucuucugguggcug	gucaccaucugaaacugacg	gucaccaucugaaacugacggaggauggaugugcuccccuccuaggcacgguccuccgugcagcgucuucugguggcug	2:314729887..314729966:+
1_28337	1.8	52 +/- 6%	-	138	138	0	0	yes	-	-	-	-	augggacaauuaugcguu	ugcaugucagucccaugu	ugcaugucagucccauguuugcuguauuuccuauucacaugggacaauuaugcguu	1:111182515..111182571:-
1_25582	1.8	52 +/- 6%	-	172	172	0	0	yes	-	-	-	-	auuaauuuaugaauauuugauccag	ggaucaaauauuuauaaauuaaugu	auuaauuuaugaauauuugauccagaaaaauuuuuaaucaauauaacuggaucaaauauuuauaaauuaaugu	1:205513967..205514040:+
1_31086	1.8	52 +/- 6%	-	39	39	0	0	yes	-	-	-	-	aaaacgcaauagggcgau	cgcccuauuaguugugu	cgcccuauuaguuguguucgauuuuuucaaugaauuuaaauugugaauaaaaaaaacgcaauagggcgau	1:231388338..231388408:-
1_27092	1.8	52 +/- 6%	-	93	93	0	0	yes	-	-	-	-	agaagcuuccaagcuucc	aagcuuccuggaagaagcuuc	aagcuuccuggaagaagcuuccaagcuuccuggaagaagcuuccaagcuuccuggaagaagcuuccaagcuucc	1:10033191..10033265:-
1_27605	1.8	52 +/- 6%	-	130	130	0	0	yes	-	-	-	-	augucugacgccauuuuggaa	ucaaaaugguggcagacauug	augucugacgccauuuuggaauccaagauuugagaaaaucacuuuaaaccagauuucgccaucuuggauuucaaaaugguggcagacauug	1:41133930..41134021:-
2_1657	1.8	52 +/- 6%	-	422	422	0	0	yes	-	-	-	-	ugugguuuacggcuuaagcgaagg	accgcuuaggccuuaaaccugguu	accgcuuaggccuuaaaccugguuuaaucguauggguaaaugugguuuacggcuuaagcgaagg	2:127497671..127497735:+
2_7138	1.8	52 +/- 6%	-	362	362	0	0	yes	-	-	-	-	auaaaugggacuguuaugcgag	cgcauaacaguccuauuuucuau	cgcauaacaguccuauuuucuaugggauuuccuauauaaaugggacuguuaugcgag	2:98458108..98458165:-
1_26213	1.8	52 +/- 6%	-	138	138	0	0	yes	-	-	-	-	augggacaauuaugcguu	cacaugucagucccaugu	cacaugucagucccauguuugcuggauuuccuuuuaacaugggacaauuaugcguu	1:247364346..247364402:+
2_10227	1.7	52 +/- 6%	-	83	83	0	0	yes	-	-	-	-	aaacgcaugugagucccauguu	caugggacaauaaugcauuuau	aaacgcaugugagucccauguuugcugaauauucuauucacaugggacaauaaugcauuuau	2:302072438..302072500:-
1_27091	1.7	52 +/- 6%	-	93	93	0	0	yes	-	-	-	-	agaagcuuccaagcuucc	aagcuuccuggaagaagcuuc	aagcuuccuggaagaagcuuccaagcuuccuggaagaagcuuccaagcuucc	1:10033169..10033221:-
1_27175	1.7	52 +/- 6%	-	67	67	0	0	yes	-	-	-	-	gaaauccuccaaggauuuc	aauccuccaaggauuuccg	aauccuccaaggauuuccggcgaaauccuccaaggauuuccggcgaaauccuccaaggauuuc	1:14611128..14611191:-
3_13908	1.7	52 +/- 6%	-	49	49	0	0	yes	-	-	-	-	gcugaugguggcucccgg	uggaguggacaacaacggcgg	gcugaugguggcucccgggauggaguggacaacaacggcgg	3:90661953..90661994:+
3_17306	1.7	52 +/- 6%	-	63	63	0	0	yes	-	-	-	-	gcucaucucgggaaccugggugcu	ccccagaguuugcaggacgguga	gcucaucucgggaaccugggugcucuuccugccggaaaccaacggcaaaccgaugccccagaguuugcaggacgguga	3:334501058..334501136:+
1_28464	1.7	52 +/- 6%	-	245	245	0	0	yes	-	-	-	-	ugggacaauuaugcguuuaugga	cauaaacgcaugucaguccuaug	cauaaacgcaugucaguccuauguuugcuggauuuacuauucacaugggacaauuaugcguuuaugga	1:123692158..123692226:-
2_4331	1.7	52 +/- 6%	-	125	125	0	0	yes	-	-	-	-	gcaagggcugauugcugcuagc	uaguagcauuucaggccuuauca	uaguagcauuucaggccuuaucauaguuugauaguagucugaacuacuagacugcaaaacuacggcaagggcugauugcugcuagc	2:326066185..326066271:+
3_13376	1.7	52 +/- 6%	-	59	59	0	0	yes	-	-	-	-	gcuuggaagcuucuucuccaaaagc	uucuuauccagaagcuuggaagcuu	gcuuggaagcuucuucuccaaaagcuuggaagcuucuucuccagaagcuugaaagcuucuuauccagaagcuuggaagcuu	3:52248666..52248747:+
1_23601	1.7	52 +/- 6%	-	56	56	0	0	yes	-	-	-	-	uucccggagccggaggcg	ccuccgguucgggcagc	ccuccgguucgggcagcaguugcguucccggagccggaggcg	1:24374493..24374535:+
3_16917	1.7	52 +/- 6%	-	53	53	0	0	yes	-	-	-	-	uuccaagcuucugaggagaag	ucugaggagaagcuuccaagc	ucugaggagaagcuuccaagcuucugaggagaagcuuccaagcuucugaggagaagcuuccaagcuucugaggagaag	3:313746229..313746307:+
3_21338	1.7	52 +/- 6%	-	72	72	0	0	yes	-	-	-	-	augagggcaggaucaaacaugucgc	guaguguuugaucuuucgaccuugacg	guaguguuugaucuuucgaccuugacguuugcuccugcgggggcgggcgaugagggcaggaucaaacaugucgc	3:247287393..247287467:-
2_2535	1.6	52 +/- 6%	-	125	125	0	0	yes	-	-	-	-	gcaagggcugauugcugcuagc	uaguagcauuucaggccuuauca	uaguagcauuucaggccuuaucauaguuugauaguagucugaacuaguagacugcaaaacuacggcaagggcugauugcugcuagc	2:198913763..198913849:+
2_9922	1.6	52 +/- 6%	-	90	90	0	0	yes	-	-	-	-	aaguagguguagaugggc	uguucuacgcauauuugu	uguucuacgcauauuuguccagcgguuuauaagguuuacauagaacaugggacaaguagguguagaugggc	2:290481234..290481305:-
1_23481	1.6	52 +/- 6%	-	227	227	0	0	yes	-	-	-	-	ucuuacagaagcuuggaagcuucu	aagcuuggaagcuucucuggcaga	aagcuuggaagcuucucuggcagaagcuuggaaguuucacuuacagaaacuuggaagcuucucuuacagaagcuuggaagcuucu	1:14916022..14916107:+
2_10674	1.6	52 +/- 6%	-	104	104	0	0	yes	-	-	-	-	cguuaacggcguuucguugaua	ucaacgauuaacgccguuaacguu	ucaacgauuaacgccguuaacguuaguuuuucucgagaucaacguuaacggcguuucguugaua	2:327167077..327167141:-
3_18324	1.6	52 +/- 6%	-	136	136	0	0	yes	-	-	-	-	gucaucauuccggccggaguuc	gcucuggccaaugccgacau	gcucuggccaaugccgacaucgucaucauuccggccggaguuc	3:10090695..10090738:-
3_19584	1.6	52 +/- 6%	-	65	65	0	0	yes	-	-	-	-	uaucccaggaagcaucacug	gagauuuuccuauaauaauc	gagauuuuccuauaauaaucccuggaggagugucuggagaaacuccugggauuccuccaggagauaucccaggaagcaucacug	3:112942539..112942623:-
1_27759	1.6	52 +/- 6%	-	15	15	0	0	yes	-	-	-	-	aaacgcauaauugucccaugug	caugagacugauauguguuuau	aaacgcauaauugucccaugugaauaggaauccaagcaaacaugagacugauauguguuuau	1:56851122..56851184:-
1_27030	1.6	52 +/- 6%	-	79	79	0	0	yes	-	-	-	-	gaugugcaauaauuggaguguuu	acgugccaauuauugaacaacccg	acgugccaauuauugaacaacccguguauuccuuauggaugugcaauaauuggaguguuu	1:5793452..5793512:-
2_4347	1.5	52 +/- 6%	-	136	136	0	0	yes	-	-	-	-	augggacaauuaugcguu	cgcaugucagucccaugu	cgcaugucagucccauguuugcuggauuuccuauucacaugggacaauuaugcguu	2:327021989..327022045:+
2_7833	1.5	52 +/- 6%	-	106	106	0	0	yes	-	-	-	-	uuaguggcagaagaagugaaaacc	ggaggacuuguuuugcgcgcggaugau	uuaguggcagaagaagugaaaaccgaugcggcgcgcgcgcguauuggaggacuuguuuugcgcgcggaugau	2:147966035..147966107:-
3_18548	1.5	52 +/- 6%	-	140	140	0	0	yes	-	-	-	-	augauagguaaugaaguuu	aguucaauuauuauuu	augauagguaaugaaguuuacaguucaauuauuauuu	3:25440406..25440443:-
1_28236	1.5	52 +/- 6%	-	334	334	0	0	yes	-	-	-	-	uugcuggagugguucccaaac	uuggguugaagcuucgcgaga	uuggguugaagcuucgcgagaagaagacgucuucuugcuggagugguucccaaac	1:102197731..102197786:-
3_22248	1.5	52 +/- 6%	-	718	718	0	0	yes	-	-	-	-	aagcagucaucugguugguuccuu	uauacuaagggugucuguuagu	uauacuaagggugucuguuagucccaagcagucaucugguugguuccuu	3:318930617..318930666:-
3_21260	1.4	52 +/- 6%	-	108	108	0	0	yes	-	-	-	-	uggccaaauuauacgcguaa	acgaguacauaauuuugccauu	acgaguacauaauuuugccauuuacggcaaaaucaaaugaaaguggccaaauuauacgcguaa	3:237611319..237611382:-
3_17983	1.4	52 +/- 6%	-	12	12	0	0	yes	-	-	-	-	acguuuucgaaaaugccugggag	cucaggacuucgaaaauauuc	cucaggacuucgaaaauauucucaaucaagagaacguuuucgaaaaugccugggag	3:393997057..393997113:+
1_29436	1.3	52 +/- 6%	-	3	3	0	0	yes	-	dme-miR-2491-5p	-	-	ggcuguugcagccucaagg	uagagguagcaacagccgc	uagagguagcaacagccgcucaaaauuuccuugcucggcuguugcagccucaagg	1:200241298..200241353:-
2_2261	1.2	52 +/- 6%	-	68	68	0	0	yes	-	-	-	-	auggacgugcucaaguucgaacc	uucgauccaguacgauaucg	uucgauccaguacgauaucgccaccgguaaggugauggacgugcucaaguucgaacc	2:178995374..178995431:+
2_5043	1.2	52 +/- 6%	-	42	42	0	0	yes	-	-	-	-	augaaugcagcacugugcg	agcagugccgauucaaug	agcagugccgauucaauguauuucuuacauuuaugaaugcagcacugugcg	2:389809745..389809796:+
3_22540	1.2	52 +/- 6%	-	203	203	0	0	yes	-	-	-	-	aagaauggcgucgagaagggcaa	gccaagcuugccccauuccuca	gccaagcuugccccauuccucaagaaggccuugaagaauggcgucgagaagggcaa	3:341303160..341303216:-
1_25487	1.2	52 +/- 6%	-	104	104	0	0	yes	-	-	-	-	ugagaagcuccagucugaugga	caucaucuggagcagcucaga	caucaucuggagcagcucagauauuaauuugagaagcuccagucugaugga	1:198227326..198227377:+
3_21167	1.2	52 +/- 6%	-	55	55	0	0	yes	-	-	-	-	ccagaaggcggggaaacggcaauc	uugcaauuucugcgcauccuugaa	ccagaaggcggggaaacggcaaucaaagaaaaucgccaguucuucgauugcaauuucugcgcauccuugaa	3:234041003..234041074:-
NIGP01000813_32713	1.2	52 +/- 6%	-	203	203	0	0	yes	-	-	-	-	aagaauggcgucgagaagggcaa	gccaagcuugccccauuccuca	gccaagcuugccccauuccucaagaaggccuugaagaauggcgucgagaagggcaa	NIGP01000813:44089..44145:+
3_20276	1.2	52 +/- 6%	-	16	16	0	0	yes	-	-	-	-	auggauuuggacuuguucuacgccg	guguacgagaagaacgugucccguaa	guguacgagaagaacgugucccguaaugaaaucauuauggauuuggacuuguucuacgccg	3:168918040..168918101:-
3_15633	1.2	52 +/- 6%	-	11	11	0	0	yes	-	-	-	-	caccuguccagcgaauugggag	cccaauucgauagacaugcg	cccaauucgauagacaugcggcugcgguaguugguaacgcaccuguccagcgaauugggag	3:218717124..218717185:+
1_28801	1.2	52 +/- 6%	-	407	407	0	0	yes	-	-	-	-	uugggaugguuugcauacaagag	cuuguauggaaaccauccgaauu	uugggaugguuugcauacaagaggcauauucaaugaugcagaugacuuaaccucuuguauggaaaccauccgaauu	1:154850156..154850232:-
1_25797	1.1	52 +/- 6%	-	43	43	0	0	yes	-	-	-	-	gugaugaagaauguggggagaugua	cauuauccggcuuguuucgcauggcua	cauuauccggcuuguuucgcauggcuacucuggacaaguugcggaagauguggugcaguguagugaugaagaauguggggagaugua	1:215748791..215748878:+
3_16169	1.1	52 +/- 6%	-	422	422	0	0	yes	-	-	-	-	ugugguuuacggcuuaagcgaagg	accgcauaggccuuaauccugguu	accgcauaggccuuaauccugguuuaaucguauggguaaaugugguuuacggcuuaagcgaagg	3:260478146..260478210:+
2_12035	1.1	52 +/- 6%	-	17	17	0	0	yes	-	-	-	-	gaucgggacugauccgagugc	ugaaggaucacccgaaguu	gaucgggacugauccgagugcgugaguucacuaugugugaaauugaacauuucugugacccucagcugaaggaucacccgaaguu	2:437307908..437307993:-
2_11205	1.1	52 +/- 6%	-	149	149	0	0	yes	-	-	-	-	gaggugguaugcuacagccc	gcugcgugugcauuacgg	gaggugguaugcuacagcccauuucgcugcgugugcauuacgg	2:372637515..372637558:-
1_25713	1.1	52 +/- 6%	-	160	160	0	0	yes	-	-	-	-	gagcacuaaaguuaauaccggaa	ucggauuaaccuuagugcucca	ucggauuaaccuuagugcuccaaaaucggagcacuaaaguuaauaccggaa	1:208815289..208815340:+
2_7044	1.1	52 +/- 6%	-	497	497	0	0	yes	-	-	-	-	uuuuuuucaaaaguguuguacaaaa	aaccaccacacugcuguugaggacgaaa	aaccaccacacugcuguugaggacgaaaagcgaguuuuuuuuucaaaaguguuguacaaaa	2:82429250..82429311:-
3_22322	1.1	52 +/- 6%	-	34	34	0	0	yes	-	-	-	-	uuuuuacacuuaauauaagg	uuauauugguaauaucg	uuauauugguaauaucgaauuuuuacacuuaauauaagg	3:325564957..325564996:-
1_31704	1.1	52 +/- 6%	-	497	497	0	0	yes	-	-	-	-	uuuuuuucaaaaguguuguacaaaa	aaccaccacacugcuguugaggacgaaa	aaccaccacacugcuguugaggacgaaaagcgaguuuuuuuuucaaaaguguuguacaaaa	1:294731944..294732005:-
NIGP01000162_33076	1.1	52 +/- 6%	-	149	149	0	0	yes	-	-	-	-	gaggugguaugcuacagccc	gcugcgugugcauuacgg	gaggugguaugcuacagcccauuucgcugcgugugcauuacgg	NIGP01000162:18981..19024:+
2_8133	1	52 +/- 6%	-	149	149	0	0	yes	-	-	-	-	uguggcucuagugguccu	ggccuucgguuaugccgcaca	uguggcucuagugguccucuaucuggccuucgguuaugccgcaca	2:169945729..169945774:-
NIGP01001589_32936	1	52 +/- 6%	-	121	121	0	0	yes	-	-	-	-	uuucagcuugaaccauugucugg	agacagcgauuuuagcugaaaac	agacagcgauuuuagcugaaaacguccaaucgaucaaguuuucagcuugaaccauugucugg	NIGP01001589:32173..32235:-
1_23907	1	52 +/- 6%	-	87	87	0	0	yes	-	-	-	-	auggucaacuugagauccau	gggugucggccgaag	gggugucggccgaaguuuagccauggucaacuugagauccau	1:55995606..55995648:+
1_23855	0.9	10 +/- 5%	-	107	107	0	0	yes	-	-	-	-	gcgcguaauauuuccgggaggagca	cuccgcuuuuuugcguguag	cuccgcuuuuuugcguguagaguaguuggaguaggcgaaguucgcggauuuauagaugugcgcguaauauuuccgggaggagca	1:51852770..51852854:+
2_10823	0.9	10 +/- 5%	-	103	103	0	0	yes	-	-	-	-	aaucuggacccgcucuaguguca	accgagcugguuuaguacac	aaucuggacccgcucuagugucaaaauucuucgaccgagcugguuuaguacac	2:335523849..335523902:-
3_16310	0.9	10 +/- 5%	-	170	170	0	0	yes	-	-	-	-	uuccaggugggaguuaucu	aauuuuccaucugaacg	uuccaggugggaguuaucugauaugugaauaugguaucauaacagaauuuuccaucugaacg	3:268199378..268199440:+
1_27181	0.9	10 +/- 5%	-	4	3	1	0	yes	-	dme-miR-4974-3p	-	-	aauaaaauuaaauagaac	uauuuuaauuuuaaauu	aauaaaauuaaauagaacgagcucaccaaaucuuuaaucgauugaaagaauuuggugagcucguuauuuuaauuuuaaauu	1:14781544..14781625:-
3_21497	0.9	10 +/- 5%	-	103	103	0	0	yes	-	-	-	-	aacuggugaaaacaacua	guucaaauuucgaccguguucu	aacuggugaaaacaacuaugaaguucaaauuucgaccguguucu	3:265030748..265030792:-
1_31654	0.9	10 +/- 5%	-	126	126	0	0	yes	-	-	-	-	aagaugacgaagcgguugaguggu	cauuacauucguaucaaucacucuuga	cauuacauucguaucaaucacucuugaaucaagaugacgaagcgguugaguggu	1:289504871..289504925:-
1_23555	0.9	10 +/- 5%	-	117	117	0	0	yes	-	-	-	-	auagggaauucugagaggaucccug	gggauuuuauagaaaauuccuggag	gggauuuuauagaaaauuccuggagggaauuaugaggagauuccuauagggaauucugagaggaucccug	1:20584767..20584837:+
2_477	0.8	10 +/- 5%	-	170	170	0	0	yes	-	-	-	-	uuccaggugggaguuaucu	aauuuuccaucugaacg	uuccaggugggaguuaucugauaugugaauaugguaccauaacagaauuuuccaucugaacg	2:29363022..29363084:+
2_9427	0.8	10 +/- 5%	-	170	170	0	0	yes	-	-	-	-	uuccaggugggaguuaucu	aauuuuccaucugaacg	uuccaggugggaguuaucugauaugugaauaagguaccauaacagaauuuuccaucugaacg	2:253402565..253402627:-
2_1318	0.8	10 +/- 5%	-	170	170	0	0	yes	-	-	-	-	uuccaggugggaguuaucu	aauuuuccaucugaacg	uuccaggugggaguuaucugauaugugaauaugguaccauaacagaauuuuccaucugaacg	2:102885513..102885575:+
2_9462	0.8	10 +/- 5%	-	119	119	0	0	yes	-	-	-	-	aagaaucauaccggauuggagu	cccaaucugguuauugguuucauu	cccaaucugguuauugguuucauucuaagaaucauaccggauuggagu	2:257070637..257070685:-
3_22546	0.8	10 +/- 5%	-	366	267	0	99	yes	-	-	-	-	auggauguugucuacgcuc	aaaucgcauuccaaaguuuc	auggauguugucuacgcucugaagcgucagggacgcacccuguacgguuucggagguuaaaucgcauuccaaaguuuc	3:341864259..341864337:-
3_15862	0.8	10 +/- 5%	-	170	170	0	0	yes	-	-	-	-	uuccaggugggaguuaucu	aauuuuccaucugaacg	uuccaggugggaguuaucugauaugugaauaugguaccauaacagaauuuuccaucugaacg	3:234925847..234925909:+
1_27763	0.7	10 +/- 5%	-	157	157	0	0	yes	-	-	-	-	aaacaugcacggaagggcc	cccuuuuaugaccaguuag	aaacaugcacggaagggccaaucugaauuugauggaaauuuucaguuaggcccuuuuaugaccaguuag	1:57178664..57178733:-
1_24266	0.7	10 +/- 5%	-	10	9	0	1	yes	-	-	-	-	uguuucgagcgacucggaguug	caaacccgagcgacucgaagua	uguuucgagcgacucggaguugguuggacucggcucaaugaacacaaacccgagcgacucgaagua	1:81523758..81523824:+
3_22714	0.7	10 +/- 5%	-	214	214	0	0	yes	-	-	-	-	uugacuucccugggcauaga	gauucccagucgguccagg	gauucccagucgguccaggaucuuuucguaauggaaauuuccuugacuucccugggcauaga	3:352785421..352785483:-
2_5829	0.7	10 +/- 5%	-	170	170	0	0	yes	-	-	-	-	uuccaggugggaguuaucu	aacuuuccaucugaacg	uuccaggugggaguuaucugauaugugaauaugguaccauaacagaacuuuccaucugaacg	2:468829080..468829142:+
3_16767	0.7	10 +/- 5%	-	54	54	0	0	yes	-	-	-	-	augacauuuggucgaaagu	auuuggucgaaugacauuu	auuuggucgaaugacauuuggucaaauaacguuuggucgaaugacauuuggucgaaagu	3:297569735..297569794:+
3_14280	0.6	10 +/- 5%	-	212	212	0	0	yes	-	-	-	-	ucaggaguuccucuaggaguu	cuucuccaggaauucuucaaa	ucaggaguuccucuaggaguuccaucacgaacuucuccaggaauucuucaaa	3:130205845..130205897:+
3_22543	0.6	10 +/- 5%	-	366	267	0	99	yes	-	-	-	-	auggauguugucuacgcuc	aaaucgcauuccaaaguuuc	auggauguugucuacgcucugaagcgucagggacgcacccuguacgguuucggagguuaaaucgcauuccaaaguuuc	3:341721979..341722057:-
2_11312	0.6	10 +/- 5%	-	183	183	0	0	yes	-	-	-	-	uugcguugauuuuuaggagcc	cuuuuucugacuugaacguuucg	cuuuuucugacuugaacguuucguugauucguugacguuaauuguaacgaucaacgaauuuugcguugauuuuuaggagcc	2:381857603..381857684:-
3_14398	0.6	10 +/- 5%	-	18	18	0	0	yes	-	-	-	-	uuuagcugaaacuaaucguac	cugaguuaguuucaggauu	uuuagcugaaacuaaucguacuccuuuugauuuugcugaaggggagucugaguuaguuucaggauu	3:135890686..135890752:+
3_20913	0.6	10 +/- 5%	-	33	33	0	0	yes	-	-	-	-	gcaggcaccuccguaaaca	uuccagguuuuugugcugcug	gcaggcaccuccguaaacaauucucuugcuuugccuguuaguuuagucagagccaauugaauuguuccagguuuuugugcugcug	3:215296708..215296793:-
1_31278	0.6	10 +/- 5%	-	103	103	0	0	yes	-	-	-	-	aacucuuuuccacaaauuu	gauugaggaauauaagauguaau	gauugaggaauauaagauguaauaaggucggaaauauuauuccuucaacucuuuuccacaaauuu	1:253215511..253215576:-
1_26391	0.5	10 +/- 5%	-	92	92	0	0	yes	-	-	-	-	gauuuuaugaggguggcaauc	uuguccccacaugaggugag	uuguccccacaugaggugaggagugucauuaucuguuucgacgaccgcccaccugauuuuaugaggguggcaauc	1:260112465..260112540:+
2_11898	0.5	10 +/- 5%	-	10	10	0	0	yes	-	-	-	-	uuucggcuuguucggccuaacg	uuaggcccaaugagugaaaac	uuaggcccaaugagugaaaacaaauaaaugauaaaaaacguuuucggcuuguucggccuaacg	2:426910024..426910087:-
3_19244	0.5	10 +/- 5%	-	142	142	0	0	yes	-	-	-	-	ugagaaucuuuugaaaguuacucuu	gaaaaccuuuugagauuuuuucgga	gaaaaccuuuugagauuuuuucggaauuuuucugagaaucuuuugaaaguuacucuu	3:92661453..92661510:-
3_22511	0.5	10 +/- 5%	-	61	61	0	0	yes	-	-	-	-	gcgcuuaaguguaucuucc	gagauauacauugaacgcaa	gcgcuuaaguguaucuuccauguucaugggcaucgugcccguguugacgaucgaaaaguuuuggagauauacauugaacgcaa	3:339026113..339026196:-
3_17348	0.5	10 +/- 5%	-	8	8	0	0	yes	-	-	-	-	cuagaggcagcaacggccgcu	cggcugcugcugccucaaggc	cuagaggcagcaacggccgcucaaaauuuccuuacgcggcugcugcugccucaaggc	3:337608849..337608906:+
2_597	0.4	10 +/- 5%	-	29	29	0	0	yes	-	-	-	-	agcuaccuuacggaugagccucacu	cggggcugauucuaagagaguaca	cggggcugauucuaagagaguacaaccgucacggguacgaggauauugcucguaucuauaccuacagcuaccuuacggaugagccucacu	2:41976848..41976938:+
2_2854	0.4	10 +/- 5%	-	68	68	0	0	yes	-	-	-	-	ugguugcugaauaguugc	aacgaaauucaagcggcuaau	ugguugcugaauaguugcacggugaagaauccguccgaggauacuuuccgaaacgaaauucaagcggcuaau	2:225062392..225062464:+
2_5064	0.4	10 +/- 5%	-	90	90	0	0	yes	-	-	-	-	gaaggcggucugcacucgg	cagucagcaggauguuaucua	gaaggcggucugcacucggaauauucuguucgccauuuuuggcuuacagcaauucucagucagcaggauguuaucua	2:395268575..395268652:+
1_24081	0.3	10 +/- 5%	-	131	131	0	0	yes	-	-	-	-	aguuacacgcagcuuggau	cucauucgcugcuuuguaacuag	cucauucgcugcuuuguaacuaggugcaguuacacgcagcuuggau	1:76898112..76898158:+
2_740	0.3	10 +/- 5%	-	11	11	0	0	yes	-	-	-	-	aaacccauacauuauggg	cauaauggguuucg	aaacccauacauuauggguacuuucagaacgggcacauaauggguuucg	2:58857164..58857213:+
1_23323	0.3	10 +/- 5%	-	133	133	0	0	yes	-	-	-	-	gguauuccgggagaaguc	cauuugacggauaaaau	cauuugacggauaaaaucgaagaaguaucuucggugguauuccgggagaaguc	1:1518771..1518824:+
2_22	0.3	10 +/- 5%	-	100	54	0	46	no	-	dme-miR-284-5p	-	-	acuggaaucuuggcuaugccaau	ggagguauucuggcuacgauucuaacagc	acuggaaucuuggcuaugccaauugcuuucagcuaugcuggucuuguaggagguauucuggcuacgauucuaacagc	2:363149..363226:+
3_21803	0.3	10 +/- 5%	-	266	266	0	0	yes	-	-	-	-	agaaaauugagcagaaguu	cuucugcacagugagugg	agaaaauugagcagaaguuacccauuacauauucuccuucugcacagugagugg	3:288818758..288818812:-
1_26888	0.3	10 +/- 5%	-	543	543	0	0	yes	-	-	-	-	gcuaauuuggauuuagauuug	auccuaugucuaaugcguagcag	gcuaauuuggauuuagauuuggaaucgauuuggaaaaauccuaugucuaaugcguagcag	1:306213881..306213941:+
2_5791	0.3	10 +/- 5%	-	62	62	0	0	yes	-	-	-	-	gaguacaaccggaccgacaacg	caaccgguucggugcauacuacuc	caaccgguucggugcauacuacucugcaaccagugaguacaaccggaccgacaacg	2:464676317..464676373:+
1_23556	0.3	10 +/- 5%	-	117	117	0	0	yes	-	-	-	-	auagggaauucugagaggaucccug	gaaaucuugagaauauuccugaag	auagggaauucugagaggaucccugaaguuaaucuugaaaagauugcugaaagaaaucuugagaauauuccugaag	1:20584812..20584888:+
3_21119	0.3	10 +/- 5%	-	202	202	0	0	yes	-	-	-	-	uaugagagacuguuuauc	uaaaaccccucuaaaca	uaugagagacuguuuaucguacacugcuacaacuuugaucagaucggggggauagcagugcuugauaaaaccccucuaaaca	3:229783499..229783581:-
2_5458	0.3	10 +/- 5%	-	75	75	0	0	yes	-	-	-	-	gugagggaaaaucgcaaucggcaac	ugccaaugagauuucgauuaccucaauc	gugagggaaaaucgcaaucggcaacauuaaaauuacuuuuugaacaugccaaugagauuucgauuaccucaauc	2:432763255..432763329:+
2_11319	0.2	10 +/- 5%	-	49	49	0	0	yes	-	-	-	-	ggaggcauuucagguugaau	uuaaaacgggagccuuugg	ggaggcauuucagguugaauauugcaacauguuuaaaacgggagccuuugg	2:382022631..382022682:-
2_10209	0.2	10 +/- 5%	-	92	92	0	0	yes	-	-	-	-	accuugaacgucggcuaaccaau	ucgguuggucgaccgucaaaggguu	accuugaacgucggcuaaccaauuaauuaauucgguuggucgaccgucaaaggguu	2:300777669..300777725:-
2_4393	0.2	10 +/- 5%	-	23	22	1	0	yes	-	-	-	-	uuuucauucaauuccagcu	cugcuguugaaugaaauuc	cugcuguugaaugaaauucucaguuauggugguuuagaaucacugccuuuugaaugcuguuuagguuuucauucaauuccagcu	2:332339986..332340070:+
1_31725	0.2	10 +/- 5%	-	93	93	0	0	yes	-	-	-	-	gaugcuccaggugaaaugucugu	ggucuauaauuuugguagcauuua	gaugcuccaggugaaaugucuguaaauacucuaggaguauacggucuauaauuuugguagcauuua	1:296346169..296346235:-
3_20127	0.1	10 +/- 5%	-	134	134	0	0	yes	-	-	-	-	gaauuuuauagguuggacuccacac	guggggucaugguaguucaa	gaauuuuauagguuggacuccacacuauuugauccauaacuguggggucaugguaguucaa	3:158618224..158618285:-
1_26722	0.1	10 +/- 5%	-	120	120	0	0	yes	-	-	-	-	guuuaguguaccauagagagcau	guuguguguggcccacagaaga	guuuaguguaccauagagagcauagaucauaaagugaguguaauguuguguguggcccacagaaga	1:291258841..291258907:+
3_21059	0.1	10 +/- 5%	-	260	260	0	0	yes	-	-	-	-	augggagacaaagugacuuaacc	uugagucgauuuugcacugguac	augggagacaaagugacuuaaccacaaaucaaaacagaacacuacuugagucgauuuugcacugguac	3:223948235..223948303:-
3_14927	0.1	10 +/- 5%	-	60	60	0	0	yes	-	-	-	-	uaaagugaaacuggagauggc	caucaacguuucaaacugcu	caucaacguuucaaacugcuacugagcgagaggauaaaaucaagcagaaucuuaaagugaaacuggagauggc	3:162893386..162893459:+
1_30861	0.1	10 +/- 5%	-	86	86	0	0	yes	-	-	-	-	uggauuuggauuggauuuc	auuucgauucaaauucgau	uggauuuggauuggauuucgaaaggauuucgauucaaauucgau	1:212651921..212651965:-
3_16356	0.1	10 +/- 5%	-	65	65	0	0	yes	-	-	-	-	guuaagaaugaacgaauu	uauguuuauuuaacuuac	guuaagaaugaacgaauugaaaaauauguuuauuuaacuuac	3:270703312..270703354:+
2_459	0	10 +/- 5%	-	20	20	0	0	yes	-	-	-	-	agaccaaauucauuccug	ggaaaguuggucaag	ggaaaguuggucaagcaacuugcgcagaccaaauucauuccug	2:29001543..29001586:+
3_13089	0	10 +/- 5%	-	202	202	0	0	yes	-	-	-	-	ucucaggauguugaggaaaaucuu	gaacuucucucaaaauuucgaggga	gaacuucucucaaaauuucgagggaaauccucucaggaugucgagguaaauccucucaggauguugaggaaaaucuu	3:30185903..30185980:+
3_12861	0	10 +/- 5%	-	45	45	0	0	yes	-	-	-	-	acggagggcgaggaggggggaaaau	caucuccuuguguugcaauccgaaa	caucuccuuguguugcaauccgaaaacggagugucuuuggagagaagaaucugugugguugugguuacggagggcgaggaggggggaaaau	3:11922268..11922359:+
2_3769	0	10 +/- 5%	-	60	60	0	0	yes	-	-	-	-	aauacagaguaacggacgaauuuu	aaaguccguuuaucauaauuga	aaaguccguuuaucauaauugacaaaauacagaguaacggacgaauuuu	2:285047956..285048005:+
3_21504	0	10 +/- 5%	-	192	192	0	0	yes	-	-	-	-	guuggaguccaauauuugacuguc	uagccgaauaauguuggcuucaaaua	uagccgaauaauguuggcuucaaauauucacaucuguaaagcauguaauaguuggaguccaauauuugacuguc	3:265307544..265307618:-
3_22685	0	10 +/- 5%	-	47	47	0	0	yes	-	-	-	-	uaagguaaguggcuauagauagac	guaucuuuuuuccgaccuuaucuuaau	uaagguaaguggcuauagauagacauguaucuuuuuuccgaccuuaucuuaau	3:349962709..349962762:-
1_27541	0	10 +/- 5%	-	4065	4065	0	0	yes	-	-	-	-	auuucagucacuuccagc	uggaguaugagaaca	auuucagucacuuccagcugguuuugacacgaacacgaucagcuggaguaugagaaca	1:38205616..38205674:-
2_10658	0	10 +/- 5%	-	245	245	0	0	yes	-	-	-	-	ugggacaauuaugcguuuaugga	aauaaacgcaugucagucccacg	aauaaacgcaugucagucccacgauugcuggauuuccuauucacaugggacaauuaugcguuuaugga	2:326829462..326829530:-
2_10596	0	10 +/- 5%	-	9	9	0	0	yes	-	-	-	-	aauuuaccucuuguauggaaa	ugcauacaagaggcaaacucg	ugcauacaagaggcaaacucgaugaugcagaugaauuuaccucuuguauggaaa	2:324387025..324387079:-
2_1024	0	10 +/- 5%	-	91	89	0	2	yes	-	-	-	-	gccaaaguagaaggugcagcau	auaucaccuucccaauac	gccaaaguagaaggugcagcauaaaaauacccguccuugaaacauaucaccuucccaauac	2:84864223..84864284:+



mature miRBase miRNAs detected by miRDeep2
tag id	miRDeep2 score	estimated probability that the miRNA is a true positive	rfam alert	total read count	mature read count	loop read count	star read count	significant randfold p-value	mature miRBase miRNA	example miRBase miRNA with the same seed	UCSC browser	NCBI blastn	consensus mature sequence	consensus star sequence	consensus precursor sequence	precursor coordinate
1_31802	1363193.7	49 +/- 16%	-	2673837	2673200	1	636	yes	aae-miR-277-5p	dme-miR-277-3p	-	-	uaaaugcacuaucugguacgaca	cgugucagaagugcauuuaca	cgugucagaagugcauuuacauagguauuucccguuuagcaguauuuguaaaugcacuaucugguacgaca	1:302603812..302603883:-
2_11544	630377.1	49 +/- 16%	-	1236450	1236300	0	150	yes	aae-miR-1	dme-miR-1-3p	-	-	uggaauguaaagaaguauggag	ccaugcuuccuugcauucaaua	ccaugcuuccuugcauucaauagugauucugaaagcauauggaauguaaagaaguauggag	2:399501023..399501084:-
1_31871	401686.4	49 +/- 16%	-	787883	787810	0	73	yes	aae-miR-12-5p	dme-miR-12-5p	-	-	ugaguauuacaucagguacuggu	ccaguacuuauguuaugcucucu	ugaguauuacaucagguacuggugucgauauucgaaucaccaacgaaucggguuccuuugauuaacuuaccaguacuuauguuaugcucucu	1:305613548..305613640:-
1_31877	360048.4	49 +/- 16%	-	706211	706208	0	3	yes	aae-miR-283	dme-miR-283-5p	-	-	caauaucagcugguaauucuggg	cggaauuccaacugauauccacu	caauaucagcugguaauucugggcuuaccccaccguuauacgcuucccggaauuccaacugauauccacu	1:305625599..305625669:-
3_23206	196703.9	49 +/- 16%	-	385818	385713	0	105	yes	aae-miR-308-5p	dme-miR-2a-3p	-	-	aaucacaggaguauacugugag	cgcgguauauucuuguggcuug	cgcgguauauucuuguggcuugaugcauuugaaaaaucucaaaucacaggaguauacugugag	3:403338483..403338546:-
3_17233	160323.7	49 +/- 16%	-	314461	312058	0	2403	yes	aae-miR-8-5p	dme-miR-8-3p	-	-	uaauacugucagguaaagauguc	caucuuaccgggcagcauuaga	caucuuaccgggcagcauuagauauuuuugaaauacuucuaauacugucagguaaagauguc	3:328527955..328528017:+
2_4128	104842.6	49 +/- 16%	-	205638	205629	0	9	yes	aae-miR-305-5p	dme-miR-305-5p	-	-	auuguacuucaucaggugcucugg	cggcacauguuggaguacacuu	auuguacuucaucaggugcucugguuguuuucgauacccggcacauguuggaguacacuu	2:307145445..307145505:+
2_7246	102195.8	49 +/- 16%	-	200444	200425	0	19	yes	aae-miR-2a-5p	dme-miR-2a-3p	-	-	uaucacagccagcuuugaagagcg	acucucaaagugguugugaaa	acucucaaagugguugugaaaugaguuacucuugaacgaucucauaucacagccagcuuugaagagcg	2:107237501..107237569:-
2_11772	100218	49 +/- 16%	-	196565	196556	0	9	yes	aae-miR-184	dme-miR-184-3p	-	-	uggacggagaacugauaagggc	ccuuaucauucuugcgccccgu	ccuuaucauucuugcgccccguguuauauuguuggcgacuggacggagaacugauaagggc	2:417599380..417599441:-
3_15093	99695.4	49 +/- 16%	-	195543	195333	2	208	yes	aae-bantam-5p	dme-bantam-3p	-	-	ugagaucauuuugaaagcugauu	ccgguuuucauuuucgaucugacu	ccgguuuucauuuucgaucugacuuauuugauuuaacaagagugagaucauuuugaaagcugauu	3:178082830..178082895:+
1_29137	71099.5	49 +/- 16%	-	139459	133861	0	5598	no	aae-miR-252-5p	dme-miR-252-5p	-	-	cuaaguacuagugccgcaggag	ccugcugcccaagugcuuaucg	cuaaguacuagugccgcaggagagauuugaaccccugcugcccaagugcuuaucg	1:175818157..175818212:-
1_31918	48179.4	49 +/- 16%	-	94494	88684	0	5810	yes	aae-miR-1175-5p	dme-miR-958-3p	-	-	ugagauucuacuucuccgacuuaa	aaguggaguaguggucucaucgcu	aaguggaguaguggucucaucgcuuaguauuagaaaagugagauucuacuucuccgacuuaa	1:307010044..307010106:-
2_6938	46081.8	49 +/- 16%	-	90379	78434	1	11944	yes	aae-miR-276-5p	dme-miR-276a-3p	-	-	uaggaacuucauaccgugcucu	agcgagguauagaguuccuacg	agcgagguauagaguuccuacguugcgugugcgaaauugguaggaacuucauaccgugcucu	2:73120452..73120514:-
2_6944	40236.8	49 +/- 16%	-	78914	78254	0	660	yes	aae-miR-276-3p	dme-miR-276a-3p	-	-	uaggaacuucauaccgugcucu	agcgagguauagaguuccua	agcgagguauagaguuccuaugcguucggauaaaauauuccauaggaacuucauaccgugcucu	2:73509399..73509463:-
2_7244	36549.9	49 +/- 16%	-	71682	71427	0	255	yes	aae-miR-2c	dme-miR-2a-3p	-	-	uaucacagccagcuuugaugagcu	acucucaaaguggcugugaaaug	acucucaaaguggcugugaaaugguuugauuuugcucauaucacagccagcuuugaugagcu	2:107235884..107235946:-
1_23889	35837.5	49 +/- 16%	-	70295	70291	0	4	no	aae-miR-210	dme-miR-210-3p	-	-	cuugugcgugugacaacggcuau	agcugcugaccacugcacaaga	agcugcugaccacugcacaagauuagauuaugacucuugugcgugugacaacggcuau	1:54892617..54892675:+
2_1358	18320.7	49 +/- 16%	-	35928	34574	0	1354	yes	aae-miR-9a	dme-miR-9a-5p	-	-	ucuuugguuaucuagcuguauga	uaaagcuagcauaccgaaguua	ucuuugguuaucuagcuguaugagugaauuuagaacaucauaaagcuagcauaccgaaguua	2:108461947..108462009:+
2_11087	17836.9	49 +/- 16%	-	34986	31697	0	3289	yes	aae-miR-1891	-	-	-	ugaggaguuaauuugcguguuu	acacguccauuaacucugguac	ugaggaguuaauuugcguguuuuuguauuugauuaaacacguccauuaacucugguac	2:360084867..360084925:-
2_7248	17177.2	49 +/- 16%	-	33684	33429	0	255	yes	aae-miR-13-5p	dme-miR-2a-3p	-	-	uaucacagccauuuugacgaguu	ucguaaaaaugguugugcugu	ucguaaaaaugguugugcuguguuguuacgcucgaaauucauaucacagccauuuugacgaguu	2:107237649..107237713:-
2_4886	16409.1	49 +/- 16%	-	32178	32060	0	118	yes	aae-let-7	dme-let-7-5p	-	-	ugagguaguugguuguauagu	cuaugcaaucugcuagcuugucg	ugagguaguugguuguauaguagugacugauuaaauaucugcuaugcaaucugcuagcuugucg	2:375131497..375131561:+
2_7253	15979.9	49 +/- 16%	-	31342	23522	0	7820	yes	aae-miR-71-5p	-	-	-	agaaagacauggguagugagau	ucucacuaccuugucuuucaug	agaaagacauggguagugagauaguuucacccuauugcacugggaucucacuaccuugucuuucaug	2:107238287..107238354:-
2_4495	13835.4	49 +/- 16%	-	27130	26847	0	283	yes	aae-miR-14	dme-miR-14-3p	-	-	ucagucuuuuucucucuccuau	gggagcgagauuaaggcuugcu	gggagcgagauuaaggcuugcuggucauuuauuacacucgaagucagucuuuuucucucuccuau	2:344767572..344767637:+
3_19070	13280.4	49 +/- 16%	-	26040	25790	0	250	yes	aae-miR-11-5p	dme-miR-2a-3p	-	-	caucacagucugaguucuugcu	cgagaacuccggcugugaccugu	cgagaacuccggcugugaccuguguacacuuuauccaaaucacaucacagucugaguucuugcu	3:75489864..75489928:-
2_4879	13041.5	49 +/- 16%	-	25572	25570	0	2	yes	aae-miR-2945-5p	dme-miR-279-3p	-	-	ugacuagaggcagacucguuua	agcggguccguuucuagugucau	agcggguccguuucuagugucaugugcuguauucgaauaucaugacuagaggcagacucguuua	2:374947142..374947206:+
3_21306	12753.2	49 +/- 16%	-	25013	25012	0	1	yes	aae-miR-278-5p	-	-	-	ggugggacuuucguccguuu	acggacgauagucuucagcggcc	acggacgauagucuucagcggccgugcauuugauagaaguggucggugggacuuucguccguuu	3:243123888..243123952:-
2_6585	10257.6	49 +/- 16%	-	20112	20036	0	76	yes	aae-miR-190	dme-miR-190-5p	-	-	agauauguuugauauucuugguug	cccaggaaucaaacauauuauua	agauauguuugauauucuugguuguuaaauuuuauauuaucacccaggaaucaaacauauuauua	2:48811877..48811942:-
2_10839	10218.4	49 +/- 16%	-	20035	16337	0	3698	yes	aae-miR-9c-5p	dme-miR-9a-5p	-	-	ucuuugguauucuagcuguaga	uaaagcuuuaguaccagagguc	ucuuugguauucuagcuguagaauguugagcuuugugauaugguaucuucuaaagcuuuaguaccagagguc	2:335810364..335810436:-
3_18230	9811.9	49 +/- 16%	-	19237	19236	0	1	yes	aae-miR-980-5p	dme-miR-980-3p	-	-	uagcugccuagugaagggcaau	cggccguucauugggucaucuagc	cggccguucauugggucaucuagcucguguuggaaacaguuagcugccuagugaagggcaau	3:1054523..1054585:-
3_23256	8625.8	49 +/- 16%	-	16913	16858	0	55	yes	aae-miR-285	dme-miR-285-3p	-	-	uagcaccauucgaaaucaguac	acuggcuuccaaaggugaguag	acuggcuuccaaaggugaguagauggcauucgauacacucuagcaccauucgaaaucaguac	3:406875046..406875108:-
3_15994	8384	49 +/- 16%	-	16436	9754	0	6682	yes	aae-miR-307	dme-miR-307a-5p	-	-	acucacucaaccugggugugau	ucacaaccuccuugagugagcga	acucacucaaccugggugugaugcuuauuugaaucaucacaaccuccuugagugagcga	3:244794376..244794435:+
1_25490	7175.3	49 +/- 16%	-	14065	14021	0	44	yes	aae-miR-929	dme-miR-929-5p	-	-	aaauugacucuaguagggagucc	acucccuaacggagucagauuga	aaauugacucuaguagggaguccuuguguacgagugacucccuaacggagucagauuga	1:198495526..198495585:+
2_10833	6565.5	49 +/- 16%	-	12870	12867	0	3	yes	aae-miR-9b	dme-miR-9a-5p	-	-	ucuuuggugauuuuagcuguaug	uauagcuuuaucaccaaaaacc	ucuuuggugauuuuagcuguaugcugauacguuucugauugcauauagcuuuaucaccaaaaacc	2:335780574..335780639:-
3_19252	5280.5	49 +/- 16%	-	10349	10348	0	1	yes	aae-miR-92b-3p	dme-miR-92a-3p	-	-	aauugcacuugucccggccugc	aggucgugacuugugcccauuu	aggucgugacuugugcccauuugcugaauuuuaauggucaaauugcacuugucccggccugc	3:93418515..93418577:-
1_25035	4944.3	49 +/- 16%	-	9690	9613	0	77	yes	aae-miR-970	dme-miR-970-3p	-	-	ucauaagacacacgcggcuau	agcuugcguuugucuuagcug	agcuugcguuugucuuagcugguauugaaugugauagguaucauaagacacacgcggcuau	1:157238423..157238484:+
NIGP01000533_32688	4944.3	49 +/- 16%	-	9690	9613	0	77	yes	aae-miR-970	dme-miR-970-3p	-	-	ucauaagacacacgcggcuau	agcuugcguuugucuuagcug	agcuugcguuugucuuagcugguauugaaugugauagguaucauaagacacacgcggcuau	NIGP01000533:10107..10168:-
3_19068	3700.3	49 +/- 16%	-	7249	7244	0	5	yes	aae-miR-998	dme-miR-285-3p	-	-	uagcaccaugagauucagcuc	acugaacucucgugggucugca	acugaacucucgugggucugcaguugauauuucgaaagcuuguagcaccaugagauucagcuc	3:75489589..75489652:-
2_3008	3383	49 +/- 16%	-	6628	6441	0	187	yes	aae-miR-932-5p	dme-miR-932-5p	-	-	ucaauuccguagugcauugcag	gcaagcaauguggaagugaag	ucaauuccguagugcauugcagugugcuuuagacgaacugcaagcaauguggaagugaag	2:231381156..231381216:+
1_27689	3046.6	49 +/- 16%	-	5967	5944	0	23	yes	aae-miR-33	dme-miR-33-5p	-	-	gugcauuguaguugcauugca	caauacuucugcaaugcaag	gugcauuguaguugcauugcacuuuugcguucgauaacacggugcaauacuucugcaaugcaag	1:50888882..50888946:-
2_10836	3009.7	49 +/- 16%	-	5895	5870	0	25	yes	aae-miR-79-5p	dme-miR-4-3p	-	-	auaaagcuagauuaccaaagcau	gcuuuggcgcuuuagcuguaug	gcuuuggcgcuuuagcuguaugauagaauuuaauauuucauaaagcuagauuaccaaagcau	2:335780884..335780946:-
1_27996	2857.5	49 +/- 16%	-	5597	5400	0	197	yes	aae-miR-87	dme-miR-87-3p	-	-	gugagcaaauuuucaggugugu	cagccugaaauuugcuaaaccu	cagccugaaauuugcuaaaccuguguguauuugauucaaacaaucaaggugagcaaauuuucaggugugu	1:80682401..80682471:-
2_4884	2312.3	49 +/- 16%	-	4527	4423	0	104	yes	aae-miR-100	dme-miR-100-5p	-	-	aacccguagauccgaacuugug	caagaacggauguaugggauuc	aacccguagauccgaacuugugcugccguuucacauguuacaagaacggauguaugggauuc	2:375117351..375117413:+
2_6688	1378.4	49 +/- 16%	-	2701	2691	0	10	yes	aae-miR-11894a	-	-	-	uuuaccauuucaagaugaccua	ggucgucuugaaaugguaaag	ggucgucuugaaaugguaaagagugucaaucaucaucuuuaccauuucaagaugaccua	2:58785158..58785217:-
2_6692	1378.3	49 +/- 16%	-	2701	2691	0	10	yes	aae-miR-11894a	-	-	-	uuuaccauuucaagaugaccua	ggucgucuugaaaugguaaag	ggucgucuugaaaugguaaagagugucaaucaucaucuuuaccauuucaagaugaccua	2:58786284..58786343:-
2_6694	1378.2	49 +/- 16%	-	2701	2691	0	10	yes	aae-miR-11894a	-	-	-	uuuaccauuucaagaugaccua	ggucgucuugaaaugguaaag	ggucgucuugaaaugguaaagagugucaaucaucaucuuuaccauuucaagaugaccua	2:58787426..58787485:-
2_6690	1378.2	49 +/- 16%	-	2701	2691	0	10	yes	aae-miR-11894a	-	-	-	uuuaccauuucaagaugaccua	ggucgucuugaaaugguaaag	ggucgucuugaaaugguaaagagugucaaucaucaucuuuaccauuucaagaugaccua	2:58785850..58785909:-
2_6696	1378.2	49 +/- 16%	-	2701	2691	0	10	yes	aae-miR-11894a	-	-	-	uuuaccauuucaagaugaccua	ggucgucuugaaaugguaaag	ggucgucuugaaaugguaaagagugucaaucaucaucuuuaccauuucaagaugaccua	2:58787948..58788007:-
2_1187	1352.5	49 +/- 16%	-	2644	2637	0	7	yes	aae-miR-988-5p	dme-miR-988-3p	-	-	ccccuuguugcaaaccucacgc	gugugcuuugugacaaugagau	gugugcuuugugacaaugagauucgguucgauaucauccccuuguugcaaaccucacgc	2:93351380..93351439:+
1_24542	1049	49 +/- 16%	-	2051	1253	0	798	yes	aae-miR-927	dme-miR-927-5p	-	-	uuuagaauuccuacgcuuuacc	caaagcguuuggguucugaaa	uuuagaauuccuacgcuuuaccgugauuuguugaaaguuuggcaaagcguuuggguucugaaa	1:115022929..115022992:+
NIGP01001012_32928	987.1	49 +/- 16%	-	1927	1925	0	2	yes	aae-miR-957	dme-miR-957-3p	-	-	ugaaaccguccaaaacugaggc	guuaguuuugggcggguuuuagu	guuaguuuugggcggguuuuaguguauuucgauuagaguaucaauugaaaccguccaaaacugaggc	NIGP01001012:27490..27557:-
3_18041	987	49 +/- 16%	-	1927	1925	0	2	yes	aae-miR-957	dme-miR-957-3p	-	-	ugaaaccguccaaaacugaggc	guuaguuuugggcggguuuuagu	guuaguuuugggcggguuuuaguguauuucgauuagaguaucaauugaaaccguccaaaacugaggc	3:398466624..398466691:+
1_31963	934.7	49 +/- 16%	-	1826	1801	0	25	yes	aae-miR-iab-4-5p	dme-miR-iab-4-5p	-	-	acguauacugaauguauccuga	cgguauaccuucaguauacguaac	acguauacugaauguauccugagugcuaucuauccgguauaccuucaguauacguaac	1:308965423..308965481:-
2_9666	857.2	49 +/- 16%	-	1680	1674	0	6	yes	aae-miR-2946	-	-	-	uaguacggaaaagauaugggga	gccauauuuuuaccgcuacugc	gccauauuuuuaccgcuacugcauuucauuguaauaauuguaguacggaaaagauaugggga	2:268456441..268456503:-
3_17688	816	49 +/- 16%	-	1602	1391	0	211	yes	aae-miR-193	-	-	-	ugggauuuuguggaccagaag	uacuggccuacuaagucccaac	ugggauuuuguggaccagaagauuuccuccauucgauaauagcuacuggccuacuaagucccaac	3:360501795..360501860:+
2_9662	686.4	49 +/- 16%	-	1346	1345	0	1	yes	aae-miR-2941	-	-	-	uaguacggcuagaacuccacgga	cgugguguuuagacguauuacau	cgugguguuuagacguauuacaugauuuuuugaacauaacuguaguacggcuagaacuccacgga	2:268456010..268456075:-
2_3467	523	49 +/- 16%	-	1037	1036	0	1	no	aae-miR-11893	-	-	-	uuccugacuuauacgcuuaccu	guaaguagauaaaucagaaaga	guaaguagauaaaucagaaagacguuuauaucguuucuuccugacuuauacgcuuaccu	2:257889040..257889099:+
NIGP01000443_32653	523	49 +/- 16%	-	1037	1036	0	1	no	aae-miR-11893	-	-	-	uuccugacuuauacgcuuaccu	guaaguagauaaaucagaaaga	guaaguagauaaaucagaaagacguuuauaucguuucuuccugacuuauacgcuuaccu	NIGP01000443:52102..52161:+
3_19059	464.1	49 +/- 16%	-	903	902	0	1	yes	aae-miR-1000	dme-miR-1000-5p	-	-	auauuguccugucacagcagua	cuguuguuucgggacauuuac	auauuguccugucacagcaguacuguuacaaauuuacuguuguuucgggacauuuac	3:74204062..74204119:-
1_26944	424.8	49 +/- 16%	-	825	818	0	7	yes	aae-miR-10	dme-miR-10-5p	-	-	acccuguagauccgaauuuguu	caaauucgguucuagagagguuu	acccuguagauccgaauuuguuugaauauuuaacaagcgacaaauucgguucuagagagguuu	1:310530475..310530538:+
2_2393	281.1	49 +/- 16%	-	544	542	0	2	yes	aae-miR-137	dme-miR-137-3p	-	-	uauugcuugagaauacacguag	acgcguauucuuggguuauuaac	acgcguauucuuggguuauuaacacacuguuuauguuguuauugcuugagaauacacguag	2:189612067..189612128:+
2_4449	255.8	49 +/- 16%	-	495	490	0	5	yes	aae-miR-375	dme-miR-375-3p	-	-	uuuguucguuuggcucgaguuau	acuuaagcccaacguacagaaa	acuuaagcccaacguacagaaacuugaaucugaaugccguucuagauuggcuugcuagaaguuuguucguuuggcucgaguuau	2:337876532..337876616:+
1_31968	178.4	49 +/- 16%	-	342	236	0	106	yes	aae-miR-993	dme-miR-993-3p	-	-	gaagcucguuucuauagaggu	ccuguaguuccgggcuuuu	ccuguaguuccgggcuuuugugguuucuuuuauuguuaauuaucagaagcucguuucuauagaggu	1:310672024..310672090:-
1_26279	5.4	64 +/- 11%	-	19407	19407	0	0	yes	aae-miR-999	dme-miR-999-3p	-	-	uguuaacuguaagacugugucu	acgcggucgugcaggaaauuauu	acgcggucgugcaggaaauuauuuggcauuagauucaaauguuaacuguaagacugugucu	1:252222293..252222354:+
2_4125	5.2	64 +/- 11%	-	62291	62203	0	88	yes	aae-miR-275-5p	dme-miR-275-3p	-	-	ucagguaccugaaguagcgcg	cgcgcuaagcaggaaccgagacu	cgcgcuaagcaggaaccgagacuuugucauuugcuagcagucagguaccugaaguagcgcg	2:307135668..307135729:+
NIGP01001634_32734	5.1	64 +/- 11%	-	1165	1133	0	32	yes	aae-miR-10365	dme-miR-927-5p	-	-	auuagaauguggaaucuguuu	aaaaguuuucauauucuugcgg	auuagaauguggaaucuguuuuuguacaucaaguguuacgaaacgaagcaaaaaaguuuucauauucuugcgg	NIGP01001634:30709..30782:-
2_7115	5.1	64 +/- 11%	-	11115	10377	0	738	yes	aae-miR-282-5p	dme-miR-282-5p	-	-	uagccucuccuaggcuuugucu	auagccugacagagguuag	uagccucuccuaggcuuugucuguuaccuuccuugggaauuccacuagccagacauagccugacagagguuag	2:96911967..96912040:-
1_31808	5.1	64 +/- 11%	-	498852	498847	0	5	yes	aae-miR-317	dme-miR-317-3p	-	-	ugaacacagcuggugguaucuc	gggauacacccugugcucgcu	gggauacacccugugcucgcuuugcauucgaaacuagugaacacagcuggugguaucuc	1:302667132..302667191:-
3_22271	5.1	64 +/- 11%	-	1165	1133	0	32	yes	aae-miR-10365	dme-miR-927-5p	-	-	auuagaauguggaaucuguuu	aaaaguuuucauauucuugcgg	auuagaauguggaaucuguuuuuguacaucaaguguuacgaaacgaagcaaaaaaguuuucauauucuugcgg	3:320775621..320775694:-
2_7252	5.1	64 +/- 11%	-	52574	52574	0	0	yes	aae-miR-2c	dme-miR-2a-3p	-	-	uaucacagccagcuuugaugag	caucaaauuugguuguuuuagu	caucaaauuugguuguuuuaguacgaccucuuugaaaccccuaucacagccagcuuugaugag	2:107237997..107238060:-
1_25699	5	64 +/- 11%	-	41969	41969	0	0	yes	aae-miR-996	dme-miR-279-3p	-	-	ugacuagauuacaugcucgucu	gcgugcaugaaucuggugcacg	gcgugcaugaaucuggugcacgguuuuccaguuguaauaucgcuucgugacuagauuacaugcucgucu	1:207012536..207012605:+
2_5409	4.9	62 +/- 10%	-	3311	3293	0	18	yes	aae-miR-965	dme-miR-965-3p	-	-	uaagcguauagcuuuucccau	gggggaaauccuguacgcuguau	gggggaaauccuguacgcuguauguuguauuugaauaauccauaagcguauagcuuuucccau	2:429778749..429778812:+
2_7113	4.9	62 +/- 10%	-	339735	304794	0	34941	yes	aae-miR-281-5p	dme-miR-281-2-5p	-	-	aagagagcuauccgucgacagu	cauggaauugcucucuuu	aagagagcuauccgucgacaguagggauaugauucacugucauggaauugcucucuuu	2:96469362..96469420:-
2_10937	4.8	62 +/- 10%	-	26672	26672	0	0	yes	aae-miR-263a-5p	dme-miR-263a-5p	-	-	aauggcacuggaagaauucacggg	cguguucuggcaguggcauccc	aauggcacuggaagaauucacggguauauuuugaaauccccguguucuggcaguggcauccc	2:348784448..348784510:-
3_19256	4.8	62 +/- 10%	-	1924	1924	0	0	yes	aae-miR-92a-5p	dme-miR-92a-3p	-	-	uauugcacuugucccggccuau	cgguacggacaggggcaacauu	cgguacggacaggggcaacauugugacauuugaaagcuaauauugcacuugucccggccuau	3:93477596..93477658:-
2_4791	4.8	62 +/- 10%	-	27378	27377	0	1	yes	aae-miR-124	dme-miR-124-3p	-	-	uaaggcacgcggugaaugccaa	uauccacugccggccuauaugu	uauccacugccggccuauauguccuauuucgguacucauaaggcacgcggugaaugccaa	2:369307281..369307341:+
1_25697	4.7	62 +/- 10%	-	4124	4052	0	72	yes	aae-miR-279	dme-miR-279-3p	-	-	ugacuagauccacacucauuaa	ugggugugaaucuaguguuuca	ugggugugaaucuaguguuucacaugauuuucgauagccugugacuagauccacacucauuaa	1:207007790..207007853:+
2_4379	4.6	62 +/- 10%	-	34154	34122	0	32	yes	aae-miR-133	dme-miR-133-3p	-	-	uugguccccuucaaccagcugu	gguugacuucgggucaaau	gguugacuucgggucaaaucgucaaauauuugcaaagauauuuccucagugaaauuauuugguccccuucaaccagcugu	2:330417069..330417149:+
2_4888	4.6	62 +/- 10%	-	32877	32877	0	0	yes	aae-miR-125-5p	dme-miR-125-5p	-	-	ucccugagacccuaacuuguga	acaaguuuugaucuccgguauu	ucccugagacccuaacuugugacuauaguugaaguuucacaaguuuugaucuccgguauu	2:375131781..375131841:+
2_74	4.6	62 +/- 10%	-	6238	6238	0	0	yes	aae-miR-219	dme-miR-219-5p	-	-	ugauuguccaaacgcaauucuug	agaguugugacuggacauccgug	ugauuguccaaacgcaauucuuguuuuauucgaauaugauauccaagaguugugacuggacauccgug	2:3715261..3715329:+
3_12752	4	62 +/- 10%	-	326	326	0	0	yes	aae-miR-315-5p	dme-miR-315-5p	-	-	uuuugauuguugcucagaaagcc	cuuucgagcaguaaucaaaguc	uuuugauuguugcucagaaagccgugcauuugaaacgggucgcuuucgagcaguaaucaaaguc	3:3444767..3444831:+
3_14438	3.8	23 +/- 12%	-	284449	283201	0	1248	yes	aae-miR-31	dme-miR-31b-5p	-	-	uggcaagauguuggcauagcug	agcuauucaacuucuugucuau	uggcaagauguuggcauagcugaaaguuuugaguuuagcuauucaacuucuugucuau	3:136174150..136174208:+
2_2838	3.7	23 +/- 12%	-	39367	39367	0	0	yes	aae-miR-7	dme-miR-7-5p	-	-	uggaagacuagugauuuuguuguu	uaacaauaaaucucaagucuuucuac	uggaagacuagugauuuuguuguuuugcuuacgauaauaacaauaaaucucaagucuuucuac	2:222802544..222802607:+
2_11599	2.4	28 +/- 10%	-	5	4	0	1	no	aae-miR-2944a-5p	dme-miR-5-5p	-	-	gaaggaacuucugcugugaucu	uaucacaguaguuguacuuua	gaaggaacuucugcugugaucugaguuagauacauaucacaguaguuguacuuua	2:402152659..402152714:-
2_6684	2	28 +/- 10%	-	2691	2691	0	0	yes	aae-miR-11894a	-	-	-	uuuaccauuucaagaugaccua	gguugucuugaaaugguaaaga	gguugucuugaaaugguaaagagugucaaccaucaucuuuaccauuucaagaugaccua	2:58783350..58783409:-
2_6686	1.9	52 +/- 6%	-	632	632	0	0	yes	aae-miR-11894b	-	-	-	uuuaccauuucaauaugaccua	ggucguauugaaaugguaaaga	ggucguauugaaaugguaaagagugucaaucaucaucuuuaccauuucaauaugaccua	2:58784590..58784649:-
2_10614	1.7	52 +/- 6%	-	1143	1143	0	0	yes	aae-miR-11895	-	-	-	uucaugcauucacuucugcuga	agcaggagugaaugcaugaguu	agcaggagugaaugcaugaguuugacaucugaaacuaauucaugcauucacuucugcuga	2:324949494..324949554:-
3_19363	1.4	52 +/- 6%	-	5502	5502	0	0	yes	aae-miR-2765	-	-	-	ugguaacuccaccaccguugg	aaugggagcuggaguucccgcg	ugguaacuccaccaccguuggcgauauuugacagccaaugggagcuggaguucccgcg	3:101895454..101895512:-
2_11726	1.4	52 +/- 6%	-	40965	40965	0	0	yes	aae-miR-1890	-	-	-	ugaaaucuuugauuaggucugg	agagcuaauuggagaguucuug	agagcuaauuggagaguucuugaauaguguugugaaccuucaugaaaucuuugauuaggucugg	2:413654961..413655025:-
2_8276	1.1	52 +/- 6%	-	370	370	0	0	yes	aae-miR-11899	-	-	-	uaugaccgauuuaauauauggcu	ccauguaugauuucggucaugua	ccauguaugauuucggucauguaugcaguugaaaauaauuauaugaccgauuuaauauauggcu	2:182319041..182319105:-
2_1188	1	52 +/- 6%	-	2637	2637	0	0	no	aae-miR-988-3p	dme-miR-988-3p	-	-	ccccuuguugcaaaccucacgc	ggcagguaggggcaaugggggc	ccccuuguugcaaaccucacgcuugcgguagguuccacaacugcugagagguggcagguaggggcaaugggggc	2:93351417..93351491:+
2_9664	0.7	10 +/- 5%	-	1403	1402	0	1	yes	aae-miR-2941	-	-	-	uaguacggcuagaacuccacgga	ugaagcucagcugcauuaca	ugaagcucagcugcauuacacgauauggaauacgguuuguaguacggcuagaacuccacgga	2:268456314..268456376:-
2_7923	0.7	10 +/- 5%	-	38233	38232	0	1	no	aae-miR-263b-5p	dme-miR-263b-5p	-	-	cuuggcacugggagaauucacag	ggaucuuuucgugccaucguu	cuuggcacugggagaauucacaggcgcuauuugcuaucauucuguggaucuuuucgugccaucguu	2:153371130..153371196:-
1_25883	0.3	10 +/- 5%	-	604	604	0	0	yes	aae-miR-11900	-	-	-	auuuuuuugacuguaauuuuauag	guaaaauuacguugaaaaaucgucu	guaaaauuacguugaaaaaucgucucccucaaaaaaugaaaccugagacuaacaggagauuuuuuugacuguaauuuuauag	1:223944070..223944152:+
3_22066	0.2	10 +/- 5%	-	683	683	0	0	yes	aae-miR-309a	-	-	-	acugggcaaaguuugucgc	gacuaacuucguucaguuu	gacuaacuucguucaguuuggugucauacgaagguuuccaguuucaucacugggcaaaguuugucgc	3:309335452..309335519:-
2_4126	-0.5	0 +/- 0%	-	62203	62203	0	0	no	aae-miR-275-3p	dme-miR-275-3p	-	-	ucagguaccugaaguagcgcg	agcgacaacagaggcgugaaa	ucagguaccugaaguagcgcgcgugaucaaacaggaagcgucaucaagcgacaacagaggcgugaaa	2:307135708..307135775:+
2_7114	-2.3	0 +/- 0%	-	304794	304794	0	0	no	aae-miR-281-5p	dme-miR-281-2-5p	-	-	aagagagcuauccgucgacagu	cguugacgugggauuuuuuug	cguugacgugggauuuuuuuguucauuuuguucuuucgcugguuucgaauaugaaaauaaagagagcuauccgucgacagu	2:96469398..96469479:-
2_11598	-3.7	0 +/- 0%	-	4	4	0	0	no	aae-miR-309b-5p	dme-miR-3-3p	-	-	ucacugggcauaguuugucgca	cgucaaacuccguucaguuggu	cgucaaacuccguucaguugguggagucauuuuccaagucaucacugggcauaguuugucgca	2:402152471..402152534:-
2_7586	-5.7	0 +/- 0%	-	5	5	0	0	no	aae-miR-11919	-	-	-	uagcuagguugcggugcacugc	aguguacucugccuggccggc	aguguacucugccuggccggcgcugcugcgagucuagcuagguugcggugcacugc	2:129145074..129145130:-
2_4885	-7.7	0 +/- 0%	-	32060	32060	0	0	no	aae-let-7	dme-let-7-5p	-	-	ugagguaguugguuguauagu	auuacaguacugcuucuuc	auuacaguacugcuucuuccacguugagguaguugguuguauagu	2:375131473..375131518:+

#miRBase miRNAs not detected by miRDeep2
miRBase precursor id	total read count	mature read count(s)	star read count	remaining reads	UCSC browser	NCBI blastn	miRBase mature sequence(s)	miRBase star sequence(s)	miRBase precursor sequence
900836	900774	0	62	-	-	caaccacuauccgcccugccgcc	uggcagugugguuagcugguug	-	caaggcaauacgcuauggcagugugguuagcugguuguguagaacuuuggggggcuuccguggcguucgcgcgcacacgggggcucagauucacaaccacuauccgcccugccgccgcgaggugccagg	
134506	134505	0	1	-	-	cacguuacagauugggguuucc	uaaucucaaauuguaacagugg	-	gagguaaucucaaauuguaacaguggguugauuuuccuggugaaucccggccuuguccuccgucacaagugugacaagugucucgaaaacguguucgcuauacccacguuacagauugggguuucccc	
72129	72128	0	1	-	-	ugucuuuuuccgcuuacugccg	-	ccaacauuuugauugauuugucuuuuuccgcuuacugccgguggcauuugaaauucucgacagcaaaccgaaaaaggcgccucaaucaauu	
55532	55532	0	0	-	-	ucagguacugagugacucucag	gagagcaccucgguaucuaagc	-	cauucgcaauuucaccgguucagguacugagugacucucagaugugcauuucucaagcaaucucguccucaggaccugagguugaaaaacccugagagcaccucgguaucuaagccaguguugcgaaaa	
55221	55096	0	125	-	-	ugugaugugacguagugguac	-	uucaucauacggucaugggggaccgccgcuaccucgcuuucacuugguaccgauuucccauaauccaugugaugugacguagugguaccuucccuuggcuauuacaacacuuccu	
43786	43781	0	5	-	-	ugguuuaucuuaucugucgaggc	gucgacagggagauaaaucacu	-	cauugguuuaucuuaucugucgaggcaaguuauuuuaccggauaguguuucuuuucgugagcaaucaccacuauccagcucuucuugucgacagggagauaaaucacug	
1040	1040	0	0	-	-	uucguugucgacgaaaccugca	-	aaaccuugccuggaucggguuucgcggcgaacgggcuuccaccaugaugaauagcaguucguugucgacgaaaccugcacauugcaaggca	
561	426	0	135	-	-	ucagaucuacuuaauacccau	-	acuccaauucuggguauuuuagauccuuggcauaguuacgugauugaaugcacuguucuucuuugguuuacccaguaucgaacacgcgucaaucugucagaucuacuuaauacccaua	
175	174	0	1	-	-	aaaugggacugauaugcgaguau	-	ccauucucgcauaacaguaccauauucuugggauuucucauauaaaugggacugauaugcgaguaugg	
114	114	0	0	-	-	gaaggaacucccggugugauaua	uaucacagcaguaguuaccuga	-	aucgaaggaacucccggugugauauaugacucgauuauaucacagcaguaguuaccugauau	
14	10	0	4	-	-	cugaaaacuuaaucgauugguc	-	uaaccugaaaacuuaaucgauuggucacuagcugcgcggugaccaaucgauuaaguuuucagcuua	
8	7	0	1	-	-	uauucgagacuucacgaguuaau	-	aauguuaucaauucgcuguggucucgaacguaccuacauuggauauuuuugguauucgagacuucacgaguuaauucccauu	
4	4	0	0	-	-	gaugccucguaaagcaacuggac	-	gccucaguugcuuuccgagcguagcacaguuuggaugcgggcccgugcaucguccacggugaugccucguaaagcaacuggacu	
3	3	0	0	-	-	caugaacgacgacgugacgccg	-	uauaagucccgucgucgccuucaugugcgguggucacaugccacacaugaacgacgacgugacgccgc	
3	3	0	0	-	-	uuaaguaggcacuugcaggcaaa	-	gauguuaaguaggcacuugcaggcaaauuuguagcuuuaauaugauugacugcuuuuuccuacuuuacauu	
3	2	0	1	-	-	cacaaggccggauugaucaaga	-	accucggucaauccggaacuguuggcucggcacaaaagcgaccacaaggccggauugaucaagagu	
2	2	0	0	-	-	uaguaaaccuugauuuuguagc	-	augcuacagaaucgaggcucacgaugauuuccaaucauaguaaaccuugauuuuguagcau	
1	1	0	0	-	-	uagaaccugguagaauucggca	-	uuucucggauuuguccucguuucgggugcguuuuuuauuugcguucgacuugcaucguagaaccugguagaauucggcaaa	
1	1	0	0	-	-	caucacagaauuguuuuuacug	-	aaacaucacagaauuguuuuuacugauaaggaacuauguguaaaaauaauucuguaaaguuu	







1	0	0	1	-	-	uaguaagcauugauuuuguagc	-	augcuacagaaucgaggcuuacuaugauuuccaaucauaguaagcauugauuuuguagcau	

1	0	0	1	-	-	aguugauccaaguagucuugccu	-	aauaguugauccaaguagucuugccuuuguaagaagacgagugcuuggaucaucaaua	















15	0	0	15	-	-	uuggacuggcaugcguuuaugg	-	cccauaaacgcauaauugucccaugugaauagaaaauccagccacauuggacuggcaugcguuuauggg	
