miRDeep2 score	novel miRNAs reported by miRDeep2	novel miRNAs, estimated false positives	novel miRNAs, estimated true positives	known miRNAs in species	known miRNAs in data	known miRNAs detected by miRDeep2	estimated signal-to-noise	excision gearing
10	80	15 +/- 4	65 +/- 4 (81 +/- 5%)	164	124	72 (58%)	8.6	5
9	81	15 +/- 4	66 +/- 4 (81 +/- 5%)	164	124	72 (58%)	8.4	5
8	82	16 +/- 5	66 +/- 5 (81 +/- 6%)	164	124	72 (58%)	8.2	5
7	83	17 +/- 5	66 +/- 5 (80 +/- 6%)	164	124	72 (58%)	7.9	5
6	84	17 +/- 5	67 +/- 5 (79 +/- 5%)	164	124	72 (58%)	7.6	5
5	85	18 +/- 5	67 +/- 5 (78 +/- 6%)	164	124	76 (61%)	7.4	5
4	90	20 +/- 5	70 +/- 5 (77 +/- 6%)	164	124	97 (78%)	7.7	5
3	92	27 +/- 5	65 +/- 5 (71 +/- 6%)	164	124	101 (81%)	6.1	5
2	125	33 +/- 6	92 +/- 6 (74 +/- 5%)	164	124	102 (82%)	6	5
1	221	44 +/- 7	177 +/- 7 (80 +/- 3%)	164	124	109 (88%)	6.7	5
0	278	118 +/- 10	160 +/- 10 (58 +/- 3%)	164	124	111 (90%)	3	5
-1	299	190 +/- 12	109 +/- 12 (36 +/- 4%)	164	124	111 (90%)	2	5
-2	325	274 +/- 15	51 +/- 15 (16 +/- 5%)	164	124	111 (90%)	1.5	5
-3	364	363 +/- 18	7 +/- 11 (2 +/- 3%)	164	124	112 (90%)	1.2	5
-4	415	443 +/- 20	1 +/- 4 (0 +/- 1%)	164	124	114 (92%)	1.1	5
-5	463	513 +/- 20	0 +/- 1 (0 +/- 0%)	164	124	114 (92%)	1.1	5
-6	517	572 +/- 21	0 +/- 1 (0 +/- 0%)	164	124	114 (92%)	1.1	5
-7	574	620 +/- 22	0 +/- 2 (0 +/- 0%)	164	124	114 (92%)	1.1	5
-8	629	666 +/- 24	1 +/- 4 (0 +/- 1%)	164	124	114 (92%)	1.1	5
-9	667	702 +/- 24	1 +/- 4 (0 +/- 1%)	164	124	114 (92%)	1.1	5
-10	703	737 +/- 25	1 +/- 4 (0 +/- 1%)	164	124	114 (92%)	1.1	5



novel miRNAs predicted by miRDeep2
provisional id	miRDeep2 score	estimated probability that the miRNA candidate is a true positive	rfam alert	total read count	mature read count	loop read count	star read count	significant randfold p-value	miRBase miRNA	example miRBase miRNA with the same seed	UCSC browser	NCBI blastn	consensus mature sequence	consensus star sequence	consensus precursor sequence	precursor coordinate
3_22021	675.7	81 +/- 5%	-	1339	1336	2	1	no	-	-	-	-	augucugacgccauuuuggaa	uuuggaacggggccgacgaguagau	uuuggaacggggccgacgaguagaugacggaaauugaugucugacgccauuuuggaa	3:260287944..260288001:-
1_29722	494.7	81 +/- 5%	-	969	964	1	4	yes	-	-	-	-	uacggcaagggcugauugcugc	agcauuucaggccuuaucauagu	agcauuucaggccuuaucauaguuugauaguagucugaacuacuagacuguaaaacuacggcaagggcugauugcugc	1:112901003..112901081:-
3_13490	360.6	81 +/- 5%	-	705	678	0	27	yes	-	-	-	-	cuagaggcagcaacagccgcu	uggcuguugcugccucaaggc	cuagaggcagcaacagccgcucaaauuuccuugcguggcuguugcugccucaaggc	3:87522478..87522534:+
2_7029	355.3	81 +/- 5%	-	694	678	0	16	yes	-	-	-	-	cuagaggcagcaacagccgcu	cgcggcuguugcugccucaagg	cuagaggcagcaacagccgcucaaaauuuccuugcgcggcuguugcugccucaagg	2:107911739..107911795:-
3_18522	329.9	81 +/- 5%	-	644	617	0	27	yes	-	-	-	-	cuagaggcagcaacagccgcu	uggcuguugcugccucaaggc	cuagaggcagcaacagccgcucaaaauuuccuuguguggcuguugcugccucaaggc	3:99357..99414:-
1_28350	328	81 +/- 5%	-	640	617	0	23	yes	-	-	-	-	cuagaggcagcaacagccgcu	cggcuguugcugccuuaaggc	cuagaggcagcaacagccgcucaaaauuuucuugcgcggcuguugcugccuuaaggc	1:6517469..6517526:-
1_24243	327.9	81 +/- 5%	-	640	617	0	23	yes	-	-	-	-	cuagaggcagcaacagccgcu	cggcuguugcugccuuaaggc	cuagaggcagcaacagccgcucaaaauuuccuugcgcggcuguugcugccuuaaggc	1:22756624..22756681:+
1_25193	326.7	81 +/- 5%	-	638	617	0	21	yes	-	-	-	-	cuagaggcagcaacagccgcu	cggcuguugcugccuuaaggc	cuagaggcagcaacagccgcucaaaauuuccuugcgcggcuguugcugccuuaaggc	1:92865657..92865714:+
1_30919	324.8	81 +/- 5%	-	634	617	0	17	yes	-	-	-	-	cuagaggcagcaacagccgcu	cgcggcuguugcugccucaagg	cuagaggcagcaacagccgcucaaaauuuacuuacgcggcuguugcugccucaagg	1:194940402..194940458:-
3_23122	284.9	81 +/- 5%	-	557	447	2	108	yes	-	-	-	-	ugaggcgucuucugguggcugg	agucaccaucugauacugacgg	agucaccaucugauacugacggaggauggaugugcuccccaaagcacgguccuccgugaggcgucuucugguggcugg	3:335295442..335295520:-
NIGP01001024_34731	258	81 +/- 5%	-	504	394	2	108	yes	-	-	-	-	ugaggcgucuucugguggcugg	agucaccaucugauacugacgg	agucaccaucugauacugacggaggauggaugugcuccccaaagcacgguccuccgugaggcgucuucugguggcugg	NIGP01001024:51469..51547:-
2_5484	253.4	81 +/- 5%	-	503	502	0	1	yes	-	-	-	-	auccuaccgacugcgcca	gggcuaucggagaucaguuu	auccuaccgacugcgccaguuaaguauugggcuaucggagaucaguuu	2:469173166..469173214:+
1_28950	249	81 +/- 5%	-	487	378	1	108	yes	-	-	-	-	ugaggcgucuucugguggcugg	agucaccaucugauacugacgg	agucaccaucugauacugacggaggauggaugugcuccaugaggcgucuucugguggcugg	1:49864338..49864399:-
2_6736	208.3	81 +/- 5%	-	407	394	1	12	yes	-	-	-	-	ugaggcgucuucugguggcugg	agucaccaucugauacugacg	agucaccaucugauacugacgaaggauggaugugcuccccaaagcacgguccuccgugaggcgucuucugguggcugg	2:81594714..81594792:-
1_30010	194.9	81 +/- 5%	-	381	378	1	2	yes	-	-	-	-	ugaggcgucuucugguggcugg	agucaucaucugauacugacgga	agucaucaucugauacugacggaggauggaugugcuccccaaagcacgguccuccaugaggcgucuucugguggcugg	1:138550308..138550386:-
3_17531	165.2	81 +/- 5%	-	331	222	1	108	no	-	-	-	-	ugaggcgucuucugguggcug	agucaccaucugauacugacgg	agucaccaucugauacugacggacgauggaugagcuccccaaagcacgguccuccgugaggcgucuucugguggcug	3:332799964..332800041:+
1_24206	163.2	81 +/- 5%	-	320	167	0	153	yes	-	-	-	-	uuccaggugggaguuaucugauau	aacagaauuuuccaucugaacgaa	uuccaggugggaguuaucugauaugugaauaugguaccauaacagaauuuuccaucugaacgaa	1:18137947..18138011:+
2_11413	161.7	81 +/- 5%	-	320	167	0	153	yes	-	-	-	-	uuccaggugggaguuaucugauau	aacagaauuuuccaucugaacgaa	uuccaggugggaguuaucugauaugugaauaugguaccauaacagaauuuuccaucugaacgaa	2:400840269..400840333:-
3_22920	159.3	81 +/- 5%	-	310	180	16	114	yes	-	-	-	-	caugggacaauuaugcguuuau	uaaacgcaugucagucccaugu	uaaacgcaugucagucccauguuugcuggauuuccuauucacaugggacaauuaugcguuuau	3:321554186..321554249:-
2_6875	159.3	81 +/- 5%	-	310	180	16	114	yes	-	-	-	-	caugggacaauuaugcguuuau	uaaacgcaugucagucccaugu	uaaacgcaugucagucccauguuugcuggauuuccuauucacaugggacaauuaugcguuuau	2:96368216..96368279:-
3_19500	159.2	81 +/- 5%	-	310	180	16	114	yes	-	-	-	-	caugggacaauuaugcguuuau	uaaacgcaugucagucccaugu	uaaacgcaugucagucccauguuugcuggauuuccuauucacaugggacaauuaugcguuuau	3:88565238..88565301:-
3_20909	159.2	81 +/- 5%	-	310	180	16	114	yes	-	-	-	-	caugggacaauuaugcguuuau	uaaacgcaugucagucccaugu	uaaacgcaugucagucccauguuugcuggauuuccuauucacaugggacaauuaugcguuuau	3:175156682..175156745:-
3_23799	155.9	81 +/- 5%	-	304	280	0	24	yes	-	-	-	-	uucacuaauaccacuaucaggau	ucugauagugguguuaguuu	uucacuaauaccacuaucaggauacgcuaacauugaucguucugauagugguguuaguuu	3:390185748..390185808:-
3_16605	155.1	81 +/- 5%	-	303	173	16	114	yes	-	-	-	-	caugggacaauuaugcguuuau	uaaacgcaugucagucccaugu	uaaacgcaugucagucccauguuugcuggauuuccuauucacaugggacaauuaugcguuuau	3:276197380..276197443:+
3_20253	151.2	81 +/- 5%	-	294	180	0	114	yes	-	-	-	-	caugggacaauuaugcguuuau	uaaacgcaugucagucccaugu	uaaacgcaugucagucccauguuugcagguuuuccuauucacaugggacaauuaugcguuuau	3:135627792..135627855:-
1_28974	148	81 +/- 5%	-	288	277	0	11	yes	-	-	-	-	uucaacccaggcgaaaugacauu	ugucaauucgccuggguugaag	ugucaauucgccuggguugaagcaucgcuaagcuucaacccaggcgaaaugacauu	1:50965989..50966045:-
2_11824	148	81 +/- 5%	-	288	277	0	11	yes	-	-	-	-	uucaacccaggcgaaaugacauu	ugucaauucgccuggguugaag	ugucaauucgccuggguugaagcaucgcuaagcuucaacccaggcgaaaugacauu	2:444684315..444684371:-
2_3553	146.4	81 +/- 5%	-	285	275	0	10	yes	-	-	-	-	uucaacccaggcgaaaugacauu	ugucaauucgccuggguugaag	ugucaauucgccuggguugaagcauugcuaagcuucaacccaggcgaaaugacauu	2:295527094..295527150:+
1_29135	146	81 +/- 5%	-	284	154	16	114	yes	-	-	-	-	caugggacaauuaugcguuuau	uaaacgcaugucagucccaugu	uaaacgcaugucagucccauguuugcuggauuuccuauucacaugggacaauuaugcguuuau	1:64241156..64241219:-
1_26074	143.4	81 +/- 5%	-	290	260	0	30	no	-	-	-	-	aagucucucaauuucuugggaa	uccgaauuauugaggguccgca	aagucucucaauuucuugggaaguacccgcauucuuuccgaauuauugaggguccgca	1:166468022..166468080:+
3_17476	141	81 +/- 5%	-	288	258	0	30	no	-	-	-	-	aagucucucaauuucuugggaa	uccgaauuauugaggguccgca	aagucucucaauuucuugggaauuacccgcauucuuuccgaauuauugaggguccgca	3:327457498..327457556:+
3_18149	140.8	81 +/- 5%	-	274	179	0	95	yes	-	-	-	-	caugggacaauuaugcguuuau	uaaaugcaugucagucccaugu	uaaaugcaugucagucccauguuugcuggguuuccuauguacaugggacaauuaugcguuuau	3:381591744..381591807:+
2_5130	138.4	81 +/- 5%	-	272	180	0	92	yes	-	-	-	-	caugggacaauuaugcguuuau	uaaaugcaugucagucccaugu	uaaaugcaugucagucccauguuugcuggauuuccuggacuauucacaugggacaauuaugcguuuau	2:439296401..439296469:+
1_26379	134.1	81 +/- 5%	-	261	108	1	152	yes	-	-	-	-	agucaccaucugauacugacgg	ugaggcgucuucuggugacugg	agucaccaucugauacugacggaggauggaugugcuccccaaagcacgguccuccgugaggcgucuucuggugacugg	1:194425602..194425680:+
2_3675	132.9	81 +/- 5%	-	268	264	0	4	no	-	-	-	-	ugaggcgucuucugguggcug	agucaccaucugauacugacag	agucaccaucugauacugacagaggauggaugugcuccccaaagcacagucccccgugaggcgucuucugguggcug	2:303898842..303898919:+
3_22131	119.5	81 +/- 5%	-	232	157	0	75	yes	-	-	-	-	ugaaaacuuaaucgauugguc	ccaaucgauuaaguuuucagcu	ugaaaacuuaaucgauuggucucuaaaugguggugaccaaucgauuaaguuuucagcu	3:274267002..274267060:-
3_18431	109	81 +/- 5%	-	214	172	0	42	yes	-	-	-	-	ucuguucuaguuguuauaaccu	auugucgcaacaagaauaggag	ucuguucuaguuguuauaaccuguuguugcggaauaagauugucgcaacaagaauaggag	3:404471513..404471573:+
NIGP01002045_34219	102.1	81 +/- 5%	-	209	208	0	1	no	-	-	-	-	augauauuggaauucggggua	uucgggguuuuggaauucgg	augauauuggaauucgggguaaugucauucggggugauuggucguucgggguuuuggaauucgg	NIGP01002045:68411..68475:-
NIGP01000104_35628	102	81 +/- 5%	-	198	180	16	2	yes	-	-	-	-	caugggacaauuaugcguuuau	aaaugcaugucagucccacguu	aaaugcaugucagucccacguuugcuggauuuccuauucacaugggacaauuaugcguuuau	NIGP01000104:17138..17200:-
1_29676	101.4	81 +/- 5%	-	197	108	0	89	yes	-	-	-	-	agucaccaucugauacugacgg	ugaagcgucuucugguggcugg	agucaccaucugauacugacggaggauggaugugcuccccaaagcacaguccuccgugaagcgucuucugguggcugg	1:108627261..108627339:-
1_29725	101.2	81 +/- 5%	-	197	194	0	3	yes	-	-	-	-	ccaaacacucguuuaagcuga	cagcuuaaacggauguuug	ccaaacacucguuuaagcugaaaaccaaucgauaaaguuuccagcuuaaacggauguuug	1:113736374..113736434:-
2_11490	93.4	81 +/- 5%	-	181	108	0	73	yes	-	-	-	-	agucaccaucugauacugacgg	gugcggcgucuucugguggcugg	agucaccaucugauacugacggaggacagaugugcuccccuaugcacgguccuccgugcggcgucuucugguggcugg	2:406516978..406517056:-
2_9456	93.3	81 +/- 5%	-	181	108	0	73	yes	-	-	-	-	agucaccaucugauacugacgg	gugcggcgucuucugguggcugg	agucaccaucugauacugacggaggauggaugugcucuccaaagcacaguccuccgugcggcgucuucugguggcugg	2:262119204..262119282:-
2_9672	93.3	81 +/- 5%	-	181	108	0	73	yes	-	-	-	-	agucaccaucugauacugacgg	gugcggcgucuucugguggcugg	agucaccaucugauacugacggaggaugaaugugcuccccuaagcacgguccuccgugcggcgucuucugguggcugg	2:276609411..276609489:-
3_15363	92.3	81 +/- 5%	-	179	170	0	9	yes	-	-	-	-	uaagugcucugaagacaccaac	uaggugucuucgggggacuu	uaggugucuucgggggacuuauucuucguaaaucgaagaauaagugcucugaagacaccaac	3:197259876..197259938:+
2_9096	90.5	81 +/- 5%	-	175	172	0	3	yes	-	-	-	-	uaaacaugggacuguuauacg	cauaaccgucccauguuguaugg	cauaaccgucccauguuguaugggauuuccuauaaacaugggacuguuauacg	2:240454737..240454790:-
3_18702	88.2	81 +/- 5%	-	171	108	1	62	yes	-	-	-	-	agucaccaucugauacugacgg	ugaggcaucuucugguggcugga	agucaccaucugauacugacggaggauggaugugcuccccaaagcacgguccuccgugaggcaucuucugguggcugga	3:14180435..14180514:-
2_5049	84.7	81 +/- 5%	-	164	108	1	55	yes	-	-	-	-	agucaccaucugauacugacgg	gugcggugucuucugguggcug	agucaccaucugauacugacggaggaugaaugugcuccccaaagcacgcuccuccgugcggugucuucugguggcug	2:431565088..431565165:+
1_30320	84.2	81 +/- 5%	-	171	108	1	62	no	-	-	-	-	agucaccaucugauacugacgg	ugaggcaucuucugguggcugga	agucaccaucugauacugacggaggauggaugugcuccccaaaccacaguccuccgugaggcaucuucugguggcugga	1:157056931..157057010:-
1_27424	70.3	81 +/- 5%	-	137	130	0	7	yes	-	-	-	-	ugaaaacuuaaucgauugguc	ccaaucuauuaaguuuucagcua	ugaaaacuuaaucgauuggucaucaccagcuagugaccaaucuauuaaguuuucagcua	1:246408565..246408624:+
1_25789	69.2	81 +/- 5%	-	127	95	21	11	yes	-	dme-miR-277-3p	-	-	uaaaugcaugucagucccaugu	caugggacaauuaugcguuugu	uaaaugcaugucagucccauguuugcuggauuuccuauucacaugggacaauuaugcguuugu	1:150294942..150295005:+
2_9735	57.8	81 +/- 5%	-	111	108	1	2	yes	-	-	-	-	agucaccaucugauacugacgg	gugcggugucugcuggugacu	agucaccaucugauacugacggaggaugaaugugcuccccaaagcacgcuccuccgugcggugucugcuggugacu	2:280954631..280954707:-
2_3246	53.2	81 +/- 5%	-	96	95	0	1	yes	-	dme-miR-277-3p	-	-	uaaaugcaugucagucccaugu	caugggacaauuaugcgu	uaaaugcaugucagucccauguuugcuggguuuccuauucacaugggacaauuaugcgu	2:265468552..265468611:+
1_26036	52.6	81 +/- 5%	-	128	117	5	6	no	-	-	-	-	auaauucugugauguuuugugac	agcugauucauaaauugugggu	auaauucugugauguuuugugacuaguuugauaauaauuuugucuuuugaagucagcugauucauaaauugugggu	1:161717234..161717310:+
2_3259	49	81 +/- 5%	-	95	94	0	1	yes	-	-	-	-	aagaaagccuuugagcuacugaa	ugcguagcucaaggguuauca	ugcguagcucaaggguuaucauuauuguagcuaaccuuaaacuucaaggauuaaauaaagaaagccuuugagcuacugaa	2:267465962..267466042:+
NIGP01001880_35021	47.7	81 +/- 5%	-	111	71	24	16	no	-	-	-	-	ccaaucgauuaaguuuucagcu	cuugaaaauuugaacuuuggc	ccaaucgauuaaguuuucagcuuaaaaggauguuugguucuccagauccgugcucuugaaaauuugaacuuuggc	NIGP01001880:33202..33277:-
3_13297	43.1	81 +/- 5%	-	91	90	0	1	no	-	-	-	-	ugaagcgucuucugguggcugg	agucaccaucugaaacugacgg	agucaccaucugaaacugacggaggauggaugugguccccaaagcacaguccucugugaagcgucuucugguggcugg	3:68239266..68239344:+
2_9706	42.2	81 +/- 5%	-	81	69	0	12	yes	-	-	-	-	accaauaccacuaucaggaaga	uuucugauagugguuaguuu	accaauaccacuaucaggaagagcuaacacuaaucuuucugauagugguuaguuu	2:278043240..278043295:-
1_27859	37	81 +/- 5%	-	71	70	0	1	yes	-	-	-	-	ccacgaccguuggguuucggga	agaagccgagcgcucguugau	agaagccgagcgcucguugauggcgaaggccgccacgaccguuggguuucggga	1:279056069..279056123:+
3_13145	35.7	81 +/- 5%	-	69	68	0	1	yes	-	-	-	-	cauaaacauccagcguucgagaa	aucgaacgaugaguguuaugcu	aucgaacgaugaguguuaugcuuuguaagcauaaacauccagcguucgagaa	3:52708563..52708615:+
2_8306	34.3	81 +/- 5%	-	66	56	0	10	yes	-	-	-	-	auaaacgcauaauugucccaugu	ugggacugauaugcuuuauggg	auaaacgcauaauugucccaugugaauaggaaaucaaggagacaugggacugauaugcuuuauggg	2:194674625..194674691:-
2_637	31.9	81 +/- 5%	-	76	75	0	1	no	-	-	-	-	cuguauuuaugacggguaguguaug	auucagcugcguguugcaau	auucagcugcguguugcaauacuuuaucaagcgagucuguauuuaugacggguaguguaug	2:62828025..62828086:+
3_23563	24.9	81 +/- 5%	-	46	23	0	23	yes	-	-	-	-	accuagaggcagcaacagccguu	cggcuguugcugccuuaaggc	accuagaggcagcaacagccguucaaaauuuccuugcgcggcuguugcugccuuaaggc	3:369827454..369827513:-
2_8280	22.8	81 +/- 5%	-	52	51	0	1	no	-	-	-	-	cugcaaugugaccuacucccga	aggggcaggugcagauggaga	aggggcaggugcagauggagaggcuaucacuaguuaggugacucugcaaugugaccuacucccga	2:192515302..192515367:-
2_6907	22.6	81 +/- 5%	-	43	33	0	10	yes	-	-	-	-	ucugauagugguguuaguuu	accaauaccacuauaaggaaga	accaauaccacuauaaggaagagcuaacaccaaucuuucugauagugguguuaguuu	2:99438362..99438419:-
3_16265	22.4	81 +/- 5%	-	42	24	0	18	yes	-	-	-	-	cuagagacagcaacagccgcu	cagcuguugcugccucaaggc	cuagagacagcaacagccgcucaaaauuuccuugcgcagcuguugcugccucaaggc	3:251621773..251621830:+
3_21176	20.3	81 +/- 5%	-	53	52	0	1	no	-	-	-	-	uaugacuguauugcacacgauauu	aucgcugcacgacggucaucu	aucgcugcacgacggucaucuaauuaucgaaaacacuggccaugacgcugcgggaauguaugacuguauugcacacgauauu	3:192489460..192489542:-
1_29321	18.2	81 +/- 5%	-	42	38	0	4	no	-	-	-	-	uucugcuaccgguuugagugacu	gcacucagccguucgcggaaau	uucugcuaccgguuugagugacuguuggucgaucucgguugucuuuuucgcaaaaacggcacucagccguucgcggaaau	1:79507267..79507347:-
1_24293	18	81 +/- 5%	-	58	56	1	1	no	-	-	-	-	auauuaguagugcaaucagaagca	auuuguccccgcugacuauag	auuuguccccgcugacuauagaguuuagagaaaguaauacgauuaaucucaauuuacauauauuaguagugcaaucagaagca	1:27040005..27040088:+
2_11557	17.4	81 +/- 5%	-	32	30	0	2	yes	-	-	-	-	gaggaaacggcggaacacguuu	uucgugugcccgcguuuccgc	gaggaaacggcggaacacguuuuguucgugugcccgcguuuccgc	2:416316140..416316185:-
2_5404	15.7	81 +/- 5%	-	44	43	0	1	no	-	-	-	-	uuuguaguccguugaaaaucguugg	auggauucgguagauuauaca	uuuguaguccguugaaaaucguuggugcaguucucaauucuaccauggauucgguagauuauaca	2:463623975..463624040:+
2_3564	14.6	81 +/- 5%	-	37	32	4	1	no	-	dme-miR-10-5p	-	-	ccccuguaauuaguuauuga	uuggacuguucugcaggcau	ccccuguaauuaguuauugauuuuugaaugaguuguaaaacuuuggcuguaauuauuggacuguucugcaggcau	2:295918273..295918348:+
2_10583	14.1	81 +/- 5%	-	35	34	0	1	no	-	-	-	-	caguugagcgacguugcagc	agcggcgaucucucuaucgca	caguugagcgacguugcagcgauuacucggaugcacaauagugcguacaaucgagcggcgaucucucuaucgca	2:335754447..335754521:-
1_33803	13.6	81 +/- 5%	-	25	24	0	1	yes	-	-	-	-	caagauacccuacuucggaag	uuccgaaguuagguaucua	caagauacccuacuucggaagcagggcgcauuagagcaaauccagaugcgaaucgaaugcuccacuuccgaaguuagguaucua	1:304269571..304269655:-
2_9349	13.6	81 +/- 5%	-	25	24	0	1	yes	-	-	-	-	caagauacccuacuucggaag	uuccgaaguuagguaucua	caagauacccuacuucggaagcagggcgcauuagagcaaauccggaugcgaaucgaaugcuccacuuccgaaguuagguaucua	2:256778446..256778530:-
1_28252	12.5	81 +/- 5%	-	36	26	0	10	no	-	-	-	-	uguagcugccacgaauuccaga	ugguauucaugacugcuacgauu	ugguauucaugacugcuacgauuucgcuaugauaaaguuguagcugccacgaauuccaga	1:363344..363404:-
3_15217	12.2	81 +/- 5%	-	23	22	0	1	yes	-	-	-	-	uucaacccagucgaaaugacagu	aucaauucaccuggguugaagc	aucaauucaccuggguugaagcaucgcuaagcuucaacccagucgaaaugacagu	3:191052300..191052355:+
1_30729	12.2	81 +/- 5%	-	30	28	0	2	no	-	-	-	-	uccuaucggcgcaguucggaau	ucucggcugcggcgaucggccc	uccuaucggcgcaguucggaaucugccuucgaaacucggucucggcugcggcgaucggccc	1:187696631..187696692:-
2_10996	12.2	81 +/- 5%	-	21	9	0	12	yes	-	-	-	-	guccugaaguggaaaaauggua	agcauuuuuucaccucaggac	agcauuuuuucaccucaggacguaggauugcaucgcugccuagcguccugaaguggaaaaauggua	2:369725101..369725167:-
2_7711	11	81 +/- 5%	-	21	11	0	10	yes	-	-	-	-	ucagcccaccaugacggaggauau	uaaccucccuccuggugguguu	ucagcccaccaugacggaggauauugugaaaauguuggaaaauaaccucccuccuggugguguu	2:149899522..149899586:-
3_16113	9.6	81 +/- 5%	-	18	8	0	10	yes	-	-	-	-	uucaacccacucgaaaugacagu	ugucaauucgccuggguugaag	ugucaauucgccuggguugaagcauugcuaagcuucaacccacucgaaaugacagu	3:240801665..240801721:+
1_24179	8.5	81 +/- 6%	-	49	48	0	1	no	-	-	-	-	guaggaguuguuauuuuucgauuac	uauccaaaauuuaagaca	uauccaaaauuuaagacaauuaucuacaaaucauccauacaagucuuuuuuguaggaguuguuauuuuucgauuac	1:16275830..16275906:+
2_9785	7.4	80 +/- 6%	-	15	14	0	1	yes	-	-	-	-	aagaugacgucacguugcgaaag	uucgcagccuugucgucacca	aagaugacgucacguugcgaaagcugcgaacaaaauuuuucgcagccuugucgucacca	2:286139794..286139853:-
3_12572	6.8	79 +/- 5%	-	12	10	0	2	yes	-	-	-	-	gaaugucagucuguaauggaaug	uuccauucuugcugcuauagcu	gaaugucagucuguaauggaauggaauuccuguacauuccauucuugcugcuauagcu	3:6896618..6896676:+
3_13431	5.2	78 +/- 6%	-	133	133	0	0	yes	-	dme-miR-971-3p	-	-	uugguguuauaucuuacaguga	gcuguaaguauuacagcaagc	gcuguaaguauuacagcaagcuugcuauucgaaaggcgcuugguguuauaucuuacaguga	3:82678954..82679015:+
3_13910	4.9	77 +/- 6%	-	10	8	0	2	yes	-	-	-	-	auagucacagugacaagagauguu	acaagucugucggugugaaucgau	auagucacagugacaagagauguucgaagcguugugaaaacguuuccaaaaagcuuuuaacaagucugucggugugaaucgau	3:117277576..117277659:+
3_21916	4.4	77 +/- 6%	-	30	30	0	0	yes	-	dme-miR-995-5p	-	-	uccgaauuauugaggguccgca	aagucucucaauuucucgggaa	aagucucucaauuucucgggaaguacccgcauucuuuccgaauuauugaggguccgca	3:250676811..250676869:-
2_3588	4.4	77 +/- 6%	-	11	11	0	0	yes	-	dme-miR-971-5p	-	-	ucuguaaauugcuuugggauua	aucccaggucgauuuacagaag	ucuguaaauugcuuugggauuaaagaaggauuuccggaagaaucccaggucgauuuacagaag	2:297450483..297450546:+
2_3183	4.3	77 +/- 6%	-	11	11	0	0	yes	-	dme-miR-967-3p	-	-	uuuuuccauaauaugucgaag	ucgguauauuacggaaaaaua	ucgguauauuacggaaaaauaccgacauuuuuccauaauaugucgaag	2:260333072..260333120:+
2_6508	4.3	77 +/- 6%	-	12	12	0	0	yes	-	dme-miR-982-3p	-	-	uuacuugaaucauugcuggacu	uacagucgugauuucaguauac	uacagucgugauuucaguauacgugguagcuucacgucguuacuugaaucauugcuggacu	2:63315306..63315367:-
1_28762	3.5	71 +/- 6%	-	9	8	0	1	yes	-	-	-	-	uuugcguaaugauucuuacga	auuuggauaucauugugu	auuuggauaucauuguguaaugaguuacguaaugaacuagcauugcguaacuaaaaucgguuugcguaaugauucuuacga	1:35552781..35552862:-
1_26194	3.1	71 +/- 6%	-	45	28	0	17	yes	-	-	-	-	gccuagaggcagcaauagccgc	cuguugcugccucuaggcggga	gccuagaggcagcaauagccgcgcaaggaaauuuugagcggcuguugcugccucuaggcggga	1:178880500..178880563:+
3_16247	2.8	74 +/- 5%	-	7	7	0	0	yes	-	dme-miR-9383-5p	-	-	uggugcagccugaggugc	acuucccagaggcgcgcugcu	acuucccagaggcgcgcugcuccgcacaucuuuguguggaauuggugcagccugaggugc	3:249759104..249759164:+
1_24575	2.6	74 +/- 5%	-	81	75	0	6	yes	-	-	-	-	uggagagucacuucacucgagu	acucgagugaagugacucgccg	acucgagugaagugacucgccguguaaaucaaauggagagucacuucacucgagu	1:53984169..53984224:+
2_351	2.5	74 +/- 5%	-	57	57	0	0	yes	-	-	-	-	ugcguccugaggugaaaaaaugc	auuuuuucacuucauaccgcuug	auuuuuucacuucauaccgcuuggcagcgaugcaaucuugcguccugaggugaaaaaaugc	2:29394976..29395037:+
3_21425	2.5	74 +/- 5%	-	45	43	0	2	yes	-	-	-	-	uaagaccaccggaauuucccggag	uauccgguggucacaaaagu	uaagaccaccggaauuucccggaggaaucugucauuggggacaucacagccucccucagggauauccgguggucacaaaagu	3:209425849..209425931:-
3_19428	2.5	74 +/- 5%	-	617	617	0	0	yes	-	-	-	-	cuagaggcagcaacagccgcu	cggcuguugcugucucaaggc	cuagaggcagcaacagccgcucaaaauuuccuugcgcggcuguugcugucucaaggc	3:80360446..80360503:-
2_3901	2.4	74 +/- 5%	-	105	105	0	0	yes	-	-	-	-	auaaaugggacuguuaugcgag	cgcauaacagucccauauuau	cgcauaacagucccauauuauaugggauuucauauauaaaugggacuguuaugcgag	2:322307346..322307403:+
3_13976	2.3	74 +/- 5%	-	45	43	0	2	yes	-	-	-	-	uaagaccaccggaauuucccggag	uauccgguggucacaaaagu	uaagaccaccggaauuucccggaggaaucugucauuggggacaucacagccucccucagggauauccgguggucacaaaagu	3:121551621..121551703:+
1_27790	2.3	74 +/- 5%	-	45	45	0	0	yes	-	-	-	-	uucucucagaauccugagcagga	cugagcaggauucucucagaauc	cugagcaggauucucucagaauccugagcaggauucucucagaauccugagcagga	1:273510317..273510373:+
2_804	2.3	74 +/- 5%	-	42	35	0	7	yes	-	-	-	-	gugaugacgaugacuuggacgc	cccaagccaucgucaucgccg	gugaugacgaugacuuggacgcuucuccgagcggcgaacuacugcgcccaagccaucgucaucgccg	2:75092607..75092674:+
1_28346	2.3	74 +/- 5%	-	169	169	0	0	yes	-	-	-	-	aucccagccgagcacguggauuu	auccacgugcucggcugggauau	auccacgugcucggcugggauauuauauauuguauauaucccagccgagcacguggauuu	1:6175972..6176032:-
NIGP01000976_34313	2.3	74 +/- 5%	-	19	19	0	0	yes	-	-	-	-	gauuugacguuuggcuuggguc	cccaagacaaacgucauaucua	gauuugacguuuggcuugggucguuuuauauugaacugacccaagacaaacgucauaucua	NIGP01000976:26706..26767:-
NIGP01000005_35050	2.3	74 +/- 5%	-	162	162	0	0	yes	-	-	-	-	auagaggcagcaacagccgcu	cggcuguuguugccucaaggc	auagaggcagcaacagccgcucaaaauugccuugcgcggcuguuguugccucaaggc	NIGP01000005:11091..11148:+
2_3002	2.3	74 +/- 5%	-	617	617	0	0	yes	-	-	-	-	cuagaggcagcaacagccgcu	cggcuguugcugccuccagcc	cuagaggcagcaacagccgcucaaaauuucuuugcgcggcuguugcugccuccagcc	2:248093324..248093381:+
3_19103	2.3	74 +/- 5%	-	617	617	0	0	yes	-	-	-	-	cuagaggcagcaacagccgcu	cggcuguugcugccucagcg	cuagaggcagcaacagccgcucaaaauuuccuugcgcggcuguugcugccucagcg	3:51186270..51186326:-
3_14357	2.3	74 +/- 5%	-	25	22	0	3	no	-	-	-	-	cuuauaacaugccuauugcuu	uaugggcaguuuuuucgaacau	uaugggcaguuuuuucgaacaucauuuauuuauuuucauugaguuuugaacauugacuuauaacaugccuauugcuu	3:140023665..140023742:+
2_6059	2.3	74 +/- 5%	-	47	45	0	2	yes	-	-	-	-	uucucucagaaucccgucugggau	aucccgucugggauucucuc	aucccgucugggauucucucagaaucccgucugggauucucucagaaucccgucugggauucucucagaaucccgucugggauucucucagaaucccgucugggau	2:29844399..29844505:-
2_1457	2.2	74 +/- 5%	-	52	51	0	1	yes	-	-	-	-	gauguugcugccucuaggcgg	cuugaugcagcaacagccgc	cuugaugcagcaacagccgcgcaaggaaauuuugagcggauguugcugccucuaggcgg	2:128316705..128316764:+
3_18204	2.2	74 +/- 5%	-	25	25	0	0	yes	-	-	-	-	uuagcauuuuuucacuacgga	cuaagguggaaaaaugcuggca	uuagcauuuuuucacuacggaccgcuuggcagugauccaaucuugcguccuaagguggaaaaaugcuggca	3:387819076..387819147:+
2_6586	2.2	74 +/- 5%	-	32	32	0	0	yes	-	-	-	-	aagauuuuuuaaauacgaggac	ccucguauuuaaaaaaucuuua	ccucguauuuaaaaaaucuuuaauguucaagauuuuuuaaauacgaggac	2:68649838..68649888:-
2_3869	2.2	74 +/- 5%	-	105	105	0	0	yes	-	-	-	-	auaaaugggacuguuaugcgag	cgcauaacagucccauauuau	cgcauaacagucccauauuauaugggauuucauauauaaaugggacuguuaugcgag	2:319674635..319674692:+
2_6060	2.1	74 +/- 5%	-	45	45	0	0	yes	-	-	-	-	uucucucagaaucccgucugggau	cccgucugggauucucucagaauc	cccgucugggauucucucagaaucccgucugggauucucucagaaucccgucugggauucucucagaaucccgucugggau	2:29844468..29844549:-
NIGP01000107_35060	2.1	74 +/- 5%	-	32	22	10	0	yes	-	-	-	-	caccgcucaaacgucaaauagu	uaauuugauguuugugcggugcc	uaauuugauguuugugcggugccgaacucacucguugccauggucacguaaauaaacggcaccgcucaaacgucaaauagu	NIGP01000107:22097..22178:-
1_29762	2.1	74 +/- 5%	-	13	13	0	0	yes	-	-	-	-	acuauuugcgcuguauaagaac	ucuuacgcaaagcaaauaguga	ucuuacgcaaagcaaauagugacgucacuauuugcgcuguauaagaac	1:117212515..117212563:-
NIGP01002001_35044	2.1	74 +/- 5%	-	619	617	0	2	yes	-	-	-	-	cuagaggcagcaacagccgcu	uguugcugccucaaggcggaaa	cuagaggcagcaacagccgcucagaauuuccuugcgcgguuguugcugccucaaggcggaaa	NIGP01002001:14657..14719:+
1_27789	2.1	74 +/- 5%	-	45	45	0	0	yes	-	-	-	-	uucucucagaauccugagcagga	cugagcaggauucucucagaauc	cugagcaggauucucucagaauccugagcagcguucucucagaauccugagcaggauucucucagaauccugagcagga	1:273510271..273510350:+
2_3729	2	74 +/- 5%	-	102	101	0	1	yes	-	-	-	-	auuggcguauuaacuucgaugga	uccaucgaaguuaauacgcca	uccaucgaaguuaauacgccaaucgcgauuggcguauuaacuucgaugga	2:306186766..306186816:+
3_12671	2	74 +/- 5%	-	486	486	0	0	yes	-	-	-	-	aucuggacccgcucuaguguca	acacuugagcggggcacgcucc	acacuugagcggggcacgcucccguaugauggccacgugaucuggacccgcucuaguguca	3:12080396..12080457:+
2_12366	2	74 +/- 5%	-	101	100	1	0	yes	-	-	-	-	uuuaaggccuaagcggggguga	accuucgcuugagccguaaacc	accuucgcuugagccguaaaccacguuuacccauaugauuaaacuagguuuaaggccuaagcggggguga	2:464972254..464972324:-
2_9844	2	74 +/- 5%	-	27	27	0	0	yes	-	-	-	-	ccagagagugccgugucgccg	gcacaccggcggaugggc	gcacaccggcggaugggcgagccggagccgcuuguggcuuugaaucggccagagagugccgugucgccg	2:290889317..290889386:-
2_918	2	74 +/- 5%	-	75	66	8	1	yes	-	-	-	-	uauuugacguuucagcggugcc	ucaaacgucaaauuagugaccu	uauuugacguuucagcggugccguguuauuuaugugaccauggcaacgagugaauucggcacugcucaaacgucaaauuagugaccu	2:85012897..85012984:+
2_8812	2	74 +/- 5%	-	105	105	0	0	yes	-	-	-	-	auaaaugggacuguuaugcgag	cgcaaaacagucccauauuaa	cgcaaaacagucccauauuaaaugggauuucauauauaaaugggacuguuaugcgag	2:222497287..222497344:-
3_20114	2	74 +/- 5%	-	40	40	0	0	yes	-	-	-	-	auuggcguauuaacuucgaugg	aucgaaauuaauacgccaaucg	aucgaaauuaauacgccaaucgcguauuauccucgauuucacuacauuuaaaucgagauaacacgcgauuggcguauuaacuucgaugg	3:125363451..125363540:-
3_13324	2	74 +/- 5%	-	36	36	0	0	yes	-	-	-	-	gagguguucuaugccuucugga	cagagggucucuaacauuucgc	gagguguucuaugccuucuggaaaaaaugaaggccuucuuccagagggucucuaacauuucgc	3:70829606..70829669:+
3_20420	1.9	80 +/- 3%	-	102	69	0	33	yes	-	-	-	-	accaauaccacuaucaggaaga	ucugauagugguguuaguuu	accaauaccacuaucaggaagagcuaacgcuaaucuuucugauagugguguuaguuu	3:138892824..138892881:-
1_29871	1.9	80 +/- 3%	-	45	42	3	0	yes	-	-	-	-	accaaacacccguuugagcug	gucaaacgggaguuugguuc	accaaacacccguuugagcuguuccgaguggcugacaacuuaaucgauuggucacuagcugucaaacgggaguuugguuc	1:125778879..125778959:-
NIGP01001264_35966	1.9	80 +/- 3%	-	38	38	0	0	yes	-	-	-	-	caugggacaaucaugcguuuau	aaacgcaugucagucccuuguu	aaacgcaugucagucccuuguuugcuguauuucauauuacaugggacaaucaugcguuuau	NIGP01001264:4489..4550:-
3_21382	1.9	80 +/- 3%	-	67	67	0	0	yes	-	-	-	-	uccaaauuauauacgcguaa	gcgcgcauauaauuuggcca	gcgcgcauauaauuuggccauuuacggcaaaaucaaauggaaguguccaaauuauauacgcguaa	3:205942510..205942575:-
NIGP01000737_34919	1.9	80 +/- 3%	-	105	105	0	0	yes	-	-	-	-	auaaaugggacuguuaugcgag	cacauaacagucccauauuauau	cacauaacagucccauauuauaucagauuuccuauaaaugggacuguuaugcgag	NIGP01000737:32076..32131:+
1_28740	1.9	80 +/- 3%	-	27	27	0	0	yes	-	-	-	-	aaaucuugcgcuugacuuugcg	caaagucaaccggaagauuuga	caaagucaaccggaagauuugacucguuucaaaucuugcgcuugacuuugcg	1:34125634..34125686:-
1_28696	1.9	80 +/- 3%	-	34	34	0	0	yes	-	-	-	-	uucucagcagaagcucggaagc	uucucagcagaagcucggaagc	uucucagcagaagcucggaagcuucucagcagaagcucggaagcuucucagcagaagcucggaagc	1:28922900..28922966:-
2_9538	1.9	80 +/- 3%	-	275	268	0	7	yes	-	-	-	-	ugugguuuacggcuuaagcgaa	uuaggccuuaaaccugguuua	uuaggccuuaaaccugguuuaaucguaugaguaaaugugguuuacggcuuaagcgaa	2:269339604..269339661:-
1_24513	1.8	80 +/- 3%	-	56	55	1	0	yes	-	-	-	-	gugcggugucuucugguggcug	gucaccaucuuauacugacgg	gucaccaucuuauacugacggaggaugaaugugcuccccaaagcacgcuccuccgugcggugucuucugguggcug	1:46421279..46421355:+
2_424	1.8	80 +/- 3%	-	102	69	0	33	yes	-	-	-	-	accaauaccacuaucaggaaga	ucugauagugguguuaguuu	accaauaccacuaucaggaagagcuaacaucaaucuuucugauagugguguuaguuu	2:37289841..37289898:+
1_24579	1.8	80 +/- 3%	-	62	62	0	0	yes	-	-	-	-	guaaaaaaauacccuuuuugg	aaggaaaggguauuuuuuuaccc	aaggaaaggguauuuuuuuacccauuguggaacagucgaauguacuacaaaauggguaaaaaaauacccuuuuugg	1:54519746..54519822:+
2_10356	1.8	80 +/- 3%	-	46	46	0	0	yes	-	-	-	-	uucaacccaggcgaauugacaa	gucauuuugccuggguugaagc	gucauuuugccuggguugaagcuuagcgaugcuucaacccaggcgaauugacaa	2:323211769..323211823:-
2_1823	1.8	80 +/- 3%	-	21	17	0	4	no	-	-	-	-	uaguuugaacaaauugccuuaag	agaggcaaauuguccaagcauuga	agaggcaaauuguccaagcauugaacguuaaaauuuguguuuaguuugaacaaauugccuuaag	2:157376638..157376702:+
2_929	1.8	80 +/- 3%	-	44	38	0	6	yes	-	-	-	-	cuagaggcagcaacagccgc	uuguuguugcuucaagucgggaa	cuagaggcagcaacagccgcgcaaggaaauuuugagcgauuguuguugcuucaagucgggaa	2:85748396..85748458:+
3_22937	1.8	80 +/- 3%	-	14	14	0	0	yes	-	-	-	-	aacucgagugaagugauucgcc	agagucacuaaacucgagucga	aacucgagugaagugauucgccguguaaaucaaauggagagucacuaaacucgagucga	3:322129503..322129562:-
1_26035	1.8	80 +/- 3%	-	117	117	0	0	yes	-	-	-	-	auaauucugugauguuuugugac	cacaaaacaucacagaauuuuuu	cacaaaacaucacagaauuuuuuuuacacauaguuucuuaucaguuaaaauaauucugugauguuuugugac	1:161717185..161717257:+
NIGP01000555_35186	1.8	80 +/- 3%	-	29	29	0	0	yes	-	-	-	-	uuaagcugaaaacuuaaucgaa	cgauuaguuuucagcucaaac	uuaagcugaaaacuuaaucgaauuggucacucgcuggugggugaccaaucgauuaguuuucagcucaaac	NIGP01000555:18121..18191:+
2_7760	1.8	80 +/- 3%	-	260	254	2	4	yes	-	-	-	-	acugauacagccauaccgugga	uccacgcuaugccugaauca	uccacgcuaugccugaaucaguaaaauuugaaaaucgaaugugcauucgauuuuuaaaauccacugauacagccauaccgugga	2:154129245..154129329:-
NIGP01001076_34737	1.8	80 +/- 3%	-	73	73	0	0	yes	-	-	-	-	gugcggcgucuucugguggcugg	agucaccaucugauacuaacgg	agucaccaucugauacuaacggaggauggaugugcucccccaaagcacgguccuccgugcggcgucuucugguggcugg	NIGP01001076:9555..9634:+
NIGP01002045_34220	1.8	80 +/- 3%	-	235	208	27	0	yes	-	-	-	-	augauauuggaauucggggua	ccccgaauuuaaauuuaucuuga	ccccgaauuuaaauuuaucuugacaugaugauauugaugacauuuccccaugauauuggaauucggggua	NIGP01002045:68454..68524:-
3_22962	1.8	80 +/- 3%	-	151	108	1	42	yes	-	-	-	-	agucaccaucugauacugacgg	gaggcgucuuuugguggcugg	agucaccaucugauacugacggaggauggaugugcuccucaaagcacagaccuccgugaggcgucuuuugguggcugg	3:324055665..324055743:-
2_1749	1.8	80 +/- 3%	-	101	97	0	4	yes	-	-	-	-	uuuaaggccuaagcggggguga	cuucgcuuaagccguaaacca	cuucgcuuaagccguaaaccacguuuacccacaugauuaaacuagauuuaaggccuaagcggggguga	2:151339324..151339392:+
3_15637	1.8	80 +/- 3%	-	27	27	0	0	yes	-	-	-	-	aaaucuugcgcuugacuuugcg	caaagucaaccggaagauuuga	caaagucaaccggaagauuugacucguuucaaaucuugcgcuugacuuugcg	3:215780292..215780344:+
2_4795	1.8	80 +/- 3%	-	56	55	1	0	yes	-	-	-	-	gugcggugucuucugguggcug	gucaccaucugauucuggcgg	gucaccaucugauucuggcggaggaugaaugugcuccccaaagcacgcuccuccgugcggugucuucugguggcug	2:410129301..410129377:+
2_12296	1.8	80 +/- 3%	-	58	58	0	0	yes	-	-	-	-	uucaacccaggcgaauugacaa	gucauuucgccuggguugaagc	gucauuucgccuggguugaagcuuagcgaugcuucaacccaggcgaauugacaa	2:462715772..462715826:-
3_21258	1.8	80 +/- 3%	-	126	126	0	0	yes	-	-	-	-	ugggacugacaugcguuuaugg	auaaacgcauaauuaucccaug	auaaacgcauaauuaucccaugugaauaggaaaucgagcaaacaugggacugacaugcguuuaugg	3:197892774..197892840:-
3_21454	1.7	80 +/- 3%	-	66	66	0	0	yes	-	-	-	-	ugggcugcgugaugcuagcug	gcuagcagcaagcagcccaau	gcuagcagcaagcagcccaauugcuuugaugcucuugcguugggcugcgugaugcuagcug	3:212465308..212465369:-
2_1353	1.7	80 +/- 3%	-	45	45	0	0	yes	-	-	-	-	uaaguccccagaagacaucaacc	uugguguuuucagagcacuuauu	uugguguuuucagagcacuuauucuuugauguacgaagaauaaguccccagaagacaucaacc	2:122115972..122116035:+
2_10566	1.7	80 +/- 3%	-	24	21	0	3	yes	-	-	-	-	cagacuuauuuuugacagauuga	cugucaaauuuaagucugcucug	cugucaaauuuaagucugcucugcagcagacuuauuuuugacagauuga	2:334478791..334478840:-
2_12298	1.7	80 +/- 3%	-	394	394	0	0	yes	-	-	-	-	ugaggcgucuucugguggcugg	agucaccaucugauacugaug	agucaccaucugauacugauggaggauggaugugcuccccaaagcacgggccuccgugaggcgucuucugguggcugg	2:462811669..462811747:-
1_26802	1.7	80 +/- 3%	-	11	11	0	0	yes	-	-	-	-	aauuuggugcuucgccgau	cggcguagcacuucguaag	aauuuggugcuucgccgaugcauaaggaauggcuuugucggcguagcacuucguaag	1:205833274..205833331:+
2_8716	1.7	80 +/- 3%	-	48	48	0	0	yes	-	-	-	-	ugaagacaccgacucgauuugc	gaaucauguugguguauucaga	gaaucauguugguguauucagagcacuuauuccuuggacugugaggaauaaccccgcugaagacaccgacucgauuugc	2:214924284..214924363:-
3_18790	1.7	80 +/- 3%	-	280	277	0	3	yes	-	-	-	-	uucaacccaggcgaaaugacauu	uuugucaauucaccuggguugaa	uuugucaauucaccuggguugaagcaucgccaagcuucaacccaggcgaaaugacauu	3:26536669..26536727:-
3_19903	1.6	80 +/- 3%	-	11	11	0	0	yes	-	-	-	-	uuauaaggauugugaggaagau	cuuccucccaauccuuaugaua	uuauaaggauugugaggaagauuagguauaucuuccucccaauccuuaugaua	3:107787897..107787950:-
2_1129	1.6	80 +/- 3%	-	968	964	4	0	yes	-	-	-	-	uacggcaagggcugauugcugc	agcauuucaggccuuauaauagu	agcauuucaggccuuauaauaguuugauaguagucugaacuacuagacugcaaaacuacggcaagggcugauugcugc	2:102057853..102057931:+
2_2564	1.6	80 +/- 3%	-	21	21	0	0	yes	-	-	-	-	uuucuucacaacccggcgaau	uugccuuugucgaaagaaau	uuucuucacaacccggcgaauuucaacuaugucaggguugaauaguugaauugauuugccuuugucgaaagaaau	2:225767859..225767934:+
1_29802	1.6	80 +/- 3%	-	14	13	1	0	yes	-	-	-	-	cagcacaagcaauauuggaauc	uuccaauuucgaagugcuggg	uuccaauuucgaagugcugggugaagcuucggauaaauucuugggcggcaacucagcacaagcaauauuggaauc	1:119193767..119193842:-
2_10318	1.6	80 +/- 3%	-	171	171	0	0	yes	-	-	-	-	uaaacaugggacuguuauacg	cauacaugucccauauuccaug	cauacaugucccauauuccauggaauuucccauaaacaugggacuguuauacg	2:320107278..320107331:-
2_1023	1.6	80 +/- 3%	-	170	170	0	0	yes	-	-	-	-	uaagugcucugaagacaccaac	aggugccuucaggggacuuauu	aggugccuucaggggacuuauucuucguaaaucaaagaauaagugcucugaagacaccaac	2:93326784..93326845:+
3_16673	1.6	80 +/- 3%	-	42	42	0	0	yes	-	-	-	-	cuucaacccaggcgaauugacu	ucauuucgccuggguugaagcu	ucauuucgccuggguugaagcugcuucaacccaggcgaauugacu	3:282271292..282271337:+
1_24083	1.6	80 +/- 3%	-	275	268	0	7	yes	-	-	-	-	ugugguuuacggcuuaagcgaa	uuaggccuuaaaccugguuua	uuaggccuuaaaccugguuuaaugguauggguaaaugugguuuacggcuuaagcgaa	1:5211383..5211440:+
3_15703	1.6	80 +/- 3%	-	766	762	0	4	yes	-	-	-	-	caccuguccagcgaauugggag	uucccaauucgauagacaugcggcug	uucccaauucgauagacaugcggcugcgguaguugguaacgcaccuguccagcgaauugggag	3:218717122..218717185:+
1_28196	1.6	80 +/- 3%	-	183	144	9	30	yes	-	-	-	-	uauuugacguuuuagcggugcc	caaacgucaaauuagugaacu	uauuugacguuuuagcggugccguguuauuuaugugaccauggaaacuagugaacucggcaccacucaaacgucaaauuagugaacu	1:305741326..305741413:+
3_16419	1.6	80 +/- 3%	-	50	50	0	0	yes	-	-	-	-	uucaacccaggugaauugacaa	gucauuccgccuggguugaagc	gucauuccgccuggguugaagcuuagcagugcuucaacccaggugaauugacaa	3:265020669..265020723:+
1_28187	1.6	80 +/- 3%	-	277	277	0	0	yes	-	-	-	-	uucaacccaggcgaaaugacauu	uuuuauuccuauucgccuggguugaagc	uuuuauuccuauucgccuggguugaagcaucgcuaagcuucaacccaggcgaaaugacauu	1:304676717..304676778:+
3_21681	1.6	80 +/- 3%	-	339	339	0	0	yes	-	-	-	-	cgagagagaagucccccauggu	ugugguguguggauuuuuuucuuucg	cgagagagaagucccccaugguggcauugcuacugugguguguggauuuuuuucuuucg	3:231251965..231252024:-
1_28468	1.6	80 +/- 3%	-	65	65	0	0	yes	-	-	-	-	ugggcugcgugaugcuagcug	gcuagcagcaagcagcccaac	gcuagcagcaagcagcccaacugcuuucaugcuguugcauugggcugcgugaugcuagcug	1:14122186..14122247:-
1_25478	1.5	80 +/- 3%	-	181	181	0	0	yes	-	-	-	-	ucaucaauaccacuaucaggaa	ucugauagugguguaaguuugc	ucaucaauaccacuaucaggaagagcuaaccccaaucuuucugauagugguguaaguuugc	1:129025040..129025101:+
3_18574	1.5	80 +/- 3%	-	70	70	0	0	yes	-	-	-	-	guaggccggcggaaacuacuugc	aagggguuucuuucggccuccag	aagggguuucuuucggccuccagcggcauuagauaguuguaggccggcggaaacuacuugc	3:6069685..6069746:-
3_21840	1.5	80 +/- 3%	-	15	15	0	0	yes	-	-	-	-	auagcgauacggcgacaacac	guugucgucgucgcagucu	guugucgucgucgcagucucgcuaccgacagaccgugaugauagcgauacggcgacaacac	3:240102235..240102296:-
3_22553	1.5	80 +/- 3%	-	56	56	0	0	yes	-	-	-	-	auaaacgcauaauugucccaugu	augggacugacauguguuuauga	auaaacgcauaauugucccaugugaauaggaaaccaagcaaacaugggacugacauguguuuauga	3:295179653..295179719:-
1_25997	1.5	80 +/- 3%	-	55	55	0	0	yes	-	-	-	-	aaauauaguuguuuaugauccu	gaucaaaaacaaucauauauuu	gaucaaaaacaaucauauauuucuuauucuauucuauaaagaaaaaauauaguuguuuaugauccu	1:160180533..160180599:+
3_19592	1.5	80 +/- 3%	-	19	17	0	2	yes	-	-	-	-	uucugaauaagcacagcgg	ugugcuuaugccgcgcagauu	ugugcuuaugccgcgcagauugugacgucacuauuuguucugaauaagcacagcgg	3:95111344..95111400:-
NIGP01002178_34407	1.5	80 +/- 3%	-	6	5	0	1	yes	-	-	-	-	aagauauuguuuguaagu	uuugcuuguaucucagucc	uuugcuuguaucucaguccacgcaaaauuacagguaauuaaugugauugaaagauauuguuuguaagu	NIGP01002178:93265..93333:+
2_4109	1.5	80 +/- 3%	-	83	79	4	0	yes	-	-	-	-	uacgguaagggcugauugcugc	agcauuucaagccuuauagu	agcauuucaagccuuauaguuugauaguagucugaacuacuagacugcagaacuacgguaagggcugauugcugc	2:345258799..345258874:+
3_22989	1.5	80 +/- 3%	-	273	268	0	5	yes	-	-	-	-	ugugguuuacggcuuaagcgaa	uuaggacuuaaaccugguuua	uuaggacuuaaaccugguuuaaucguauggguaaaugugguuuacggcuuaagcgaa	3:325806540..325806597:-
2_8856	1.4	80 +/- 3%	-	16	16	0	0	yes	-	-	-	-	uaagugcgaugaugacaccaau	uagugucuucaccgcacuuauu	uagugucuucaccgcacuuauucagcaugauacgacgaauaagugcgaugaugacaccaau	2:227548975..227549036:-
3_12883	1.4	80 +/- 3%	-	140	140	0	0	yes	-	-	-	-	aaucauucccaacuucugcugu	agcaguaguugugaaugauuga	agcaguaguugugaaugauugauuuuagauuuauacucaaucauucccaacuucugcugu	3:30232281..30232341:+
3_19962	1.4	80 +/- 3%	-	32	32	0	0	yes	-	-	-	-	uauaaaugggacuguuaugcaa	gcauaacagugucauauucuaug	gcauaacagugucauauucuaugagauuuucuauauaaaugggacuguuaugcaa	3:111555618..111555673:-
1_26382	1.4	80 +/- 3%	-	32	32	0	0	yes	-	-	-	-	auucucuacucgagugaaguga	auuucacucgagucgagcuuu	auucucuacucgagugaagugaaucgccguguaugucauauagacucauauagucauauagagucauuucacucgagucgagcuuu	1:194522246..194522332:+
1_33869	1.4	80 +/- 3%	-	12	12	0	0	yes	-	-	-	-	cuggaagagcuucucagaa	cugaaagagcugcucagaa	cuggaagagcuucucagaaucuucugaaagagcugcucagaa	1:306857281..306857323:-
2_12410	1.4	80 +/- 3%	-	28	28	0	0	yes	-	-	-	-	gaaagauugguugaucgggau	cccggucaaccagucaguga	cccggucaaccagucagugauuuucgauagcguuggacaaagaucuauaaagaaaucgaaagauugguugaucgggau	2:469074791..469074869:-
2_3336	1.4	80 +/- 3%	-	69	69	0	0	yes	-	-	-	-	accaauaccacuaucaggaaga	uuucuaauagugguguuaguuu	accaauaccacuaucaggaagagcuaacaccaaucuuucuaauagugguguuaguuu	2:274447802..274447859:+
2_9946	1.4	80 +/- 3%	-	964	964	0	0	yes	-	-	-	-	uacggcaagggcugauugcugc	agcauuucaggucuuaucauagu	agcauuucaggucuuaucauaguuucauaguagucuggaauacuagacuucaaaacuacggcaagggcugauugcugc	2:293067844..293067922:-
3_23086	1.4	80 +/- 3%	-	179	179	0	0	yes	-	-	-	-	aauuuaccucuuguauggaaa	ugcauacaagaggcaaacuca	ugcauacaagaggcaaacucaauaaugcagaugaauuuaccucuuguauggaaa	3:330009159..330009213:-
NIGP01001676_34955	1.3	80 +/- 3%	-	11	11	0	0	yes	-	-	-	-	aacagauguuuggacugcugu	agcagucgaaacauuuguuug	agcagucgaaacauuuguuuggcacaagauaaauuaugauagauuccaacagauguuuggacugcugu	NIGP01001676:9375..9443:+
1_30907	1.3	80 +/- 3%	-	18	18	0	0	yes	-	-	-	-	auugaaugcggauucgcugcc	cuuggauucauguucgaguu	auugaaugcggauucgcugccgcgcggagcugagcuuuaauguaguuuaaguuuuucaguuucgggcugcuuggauucauguucgaguu	1:194636985..194637074:-
1_27011	1.3	80 +/- 3%	-	39	38	0	1	yes	-	-	-	-	ggauccucuuguuuuauucuggau	ggaugcuaggauuccauugu	ggaugcuaggauuccauuguggauccucugggauugcaauguggauccucuuguuuuauucuggau	1:214862902..214862968:+
2_1683	1.3	80 +/- 3%	-	28	28	0	0	yes	-	-	-	-	uucaauccaguugaauugacaa	gucauuucaacuggguugaugc	gucauuucaacuggguugaugcuuagcgaugcuucaauccaguugaauugacaa	2:146371081..146371135:+
2_1913	1.3	80 +/- 3%	-	146	138	0	8	yes	-	-	-	-	agcacuaaaguuaauaccggaau	aucucggauuaaccuuagugcuc	aucucggauuaaccuuagugcuccaaaaucggagcacuaaaguuaauaccggaau	2:165520361..165520416:+
2_4441	1.3	80 +/- 3%	-	45	45	0	0	yes	-	-	-	-	uucagcacaaucgguugucugg	agacaaccguucgcacugaaaa	agacaaccguucgcacugaaaauuugaucgauuugucaccaccagugaguaaaauuuucagcacaaucgguugucugg	2:376174265..376174343:+
2_1647	1.3	80 +/- 3%	-	18	17	0	1	yes	-	-	-	-	caucaaacgucacuuuugcuga	ucagcaaaacaucaaguuuguuu	ucagcaaaacaucaaguuuguuuauagcagcacauaugagugccgcugacaucaaacgucacuuuugcuga	2:143489387..143489458:+
3_17046	1.2	80 +/- 3%	-	18	16	2	0	yes	-	-	-	-	auuugcugguugaaaauacugc	uauauuuuccaccagcacucuuu	auuugcugguugaaaauacugccguuugauuuugcugggaacagcugaucuuuguuuauauuuuccaccagcacucuuu	3:309467290..309467369:+
2_972	1.2	80 +/- 3%	-	12	12	0	0	yes	-	-	-	-	uucacuaauaccacuauca	auagugguguuagcuugcg	uucacuaauaccacuaucaugauagugguguuagcuugcg	2:89972458..89972498:+
3_16569	1.2	80 +/- 3%	-	15	15	0	0	yes	-	-	-	-	uaggagagaaagagagcgauu	ucgcucucuuuugcuuuuaac	ucgcucucuuuugcuuuuaacaaaacuugaaaacaacggugccagaaccugucaaaguugauuucucauaggagagaaagagagcgauu	3:272646031..272646120:+
3_18040	1.2	80 +/- 3%	-	44	40	1	3	yes	-	-	-	-	aaguucuuucaaaaagcuugga	agaaagcuuggaagcuucuu	aaguucuuucaaaaagcuuggaagcuucuuucagaaagcuuggaagcuucuuccagaaagcuuggaagcuucuu	3:372467108..372467182:+
3_13693	1.2	80 +/- 3%	-	18	18	0	0	yes	-	-	-	-	ucacacauccacaguggcagu	cgccgcugacgcuguguuggua	cgccgcugacgcuguguugguaucaaugauuauuaucacacauccacaguggcagu	3:104174072..104174128:+
3_21379	1.1	80 +/- 3%	-	486	486	0	0	yes	-	-	-	-	aucuggacccgcucuaguguca	accgagcugguuuaguaca	aucuggacccgcucuagugucaaaauuauucgaccgagcugguuuaguaca	3:205837595..205837646:-
3_12598	1.1	80 +/- 3%	-	66	63	0	3	yes	-	-	-	-	uuaggccuuaaaucuaguuuaa	ugugguuuacggcuuaagc	uuaggccuuaaaucuaguuuaacuauauggguaagugugguuuacggcuuaagc	3:9070787..9070841:+
1_30513	1.1	80 +/- 3%	-	51	51	0	0	yes	-	-	-	-	uugguugguuugcauacaggag	cuuguauggaaaccaaccgaau	uugguugguuugcauacaggaggcaaacucaaugaugcagauguacuuuccucuuguauggaaaccaaccgaau	1:165718551..165718625:-
2_1893	1.1	80 +/- 3%	-	1906	1906	0	0	yes	-	-	-	-	aauuuaucucuuguauggaaac	uugcauacaagaggcaaacuca	uugcauacaagaggcaaacucaaugugcagagaauuuaucucuuguauggaaac	2:163844421..163844475:+
1_25505	1.1	80 +/- 3%	-	24	24	0	0	yes	-	-	-	-	aagcuucuccaacagcagcaca	uguugcaguugguggccaug	uguugcaguugguggccauggagccuccugguggacuuccaccggauaaagauggacauaagcuucuccaacagcagcaca	1:129529110..129529191:+
3_14334	1.1	80 +/- 3%	-	32	32	0	0	yes	-	-	-	-	guguaaggaaugugcgaagcug	gucaguacaauauuaacgcua	guguaaggaaugugcgaagcuggaaagucaguacaauauuaacgcua	3:138117593..138117640:+
3_16311	1.1	80 +/- 3%	-	268	268	0	0	yes	-	-	-	-	ugugguuuacggcuuaagcgaa	cgcauaggccuuaauccugguu	cgcauaggccuuaauccugguuuaaucguauggguaaaugugguuuacggcuuaagcgaa	3:260478148..260478208:+
2_299	1.1	80 +/- 3%	-	37	36	0	1	yes	-	-	-	-	uacggcaaggguugauugcugc	aagucuuaucauaguuuucu	aagucuuaucauaguuuucuacuggucuggaauacuagacugcaaaauuacggcaaggguugauugcugc	2:21682811..21682881:+
2_1385	1.1	80 +/- 3%	-	12	12	0	0	yes	-	-	-	-	caauuuagccaaccauccaagga	gauggaugguuggguaaacgaa	gauggaugguuggguaaacgaacugcacgaacguucaauuuagccaaccauccaagga	2:123504333..123504391:+
2_11729	1.1	80 +/- 3%	-	183	181	0	2	yes	-	-	-	-	ucaucaauaccacuaucaggaa	uucugauagugggguuaguuuu	ucaucaauaccacuaucaggaagagcuaacaccaaucuuucugauagugggguuaguuuu	2:433270923..433270983:-
1_25746	1.1	80 +/- 3%	-	18	17	0	1	yes	-	-	-	-	agaugccuuuuguaccguacugu	uacggacaauugguauuucgau	agaugccuuuuguaccguacugucgguucagaaagcugguacggacaauugguauuucgau	1:147355236..147355297:+
1_33105	1	80 +/- 3%	-	31	31	0	0	yes	-	-	-	-	gaaggcauacgggugaucgugauu	ucgcgauacgccagcuaguucgg	gaaggcauacgggugaucgugauucuacaugggauuucgcgauacgccagcuaguucgg	1:238012218..238012277:-
3_14042	1	80 +/- 3%	-	33	26	0	7	yes	-	-	-	-	ucuagaggaauuucuggaga	uguguuucuugaggaacugc	uguguuucuugaggaacugcggaggcguuucuagaggaauuucuggaga	3:126303358..126303407:+
3_22040	1	80 +/- 3%	-	64	64	0	0	yes	-	-	-	-	ugagaggcuccaguuugauggaau	cucaucauaucaucuagggcagcucaga	cucaucauaucaucuagggcagcucagauaucaaucugagaggcuccaguuugauggaau	3:262125019..262125079:-
NIGP01000206_34670	1	80 +/- 3%	-	486	486	0	0	yes	-	-	-	-	aucuggacccgcucuaguguca	accgagcugguuuaguacauca	aucuggacccgcucuagugucaaaauucuucgaccgagcugguuuaguacauca	NIGP01000206:16987..17041:+
3_23675	1	80 +/- 3%	-	11	11	0	0	yes	-	-	-	-	gaagugauaauuuucucuaau	uucugagugucgucgucgcuucgc	gaagugauaauuuucucuaaucggaugacgaaacacccuucgcugauccaaguuucugagugucgucgucgcuucgc	3:380785821..380785898:-
1_32726	1	80 +/- 3%	-	262	262	0	0	yes	-	-	-	-	auuggucugcauucugac	ugaaugcauuaucaauuc	ugaaugcauuaucaauuccuuccccuuccccuaauuggucugcauucugac	1:211944693..211944744:-
1_24401	1	80 +/- 3%	-	39	39	0	0	yes	-	-	-	-	auucagcugaacugucgguaau	uaacgacaucggugaagauau	uaacgacaucggugaagauauuuaccgauaaaucgguaaacgagcucaagugcugacuucggugaaauauucagcugaacugucgguaau	1:31959984..31960074:+
3_22480	1	80 +/- 3%	-	16	16	0	0	yes	-	-	-	-	auccuucaguaacccuaca	ggggguucugcaggacuc	ggggguucugcaggacucauagagaggagauccuucaguaacccuaca	3:292108730..292108778:-
1_24395	0.9	58 +/- 3%	-	11	11	0	0	yes	-	-	-	-	cuacccaggcgaauugacaaa	ugucauuucgacuggguugaa	ugucauuucgacuggguugaagcuuagcgaugcuucuacccaggcgaauugacaaa	1:31728084..31728140:+
1_28742	0.9	58 +/- 3%	-	178	178	0	0	yes	-	-	-	-	aauuuaccucuuguauggaaa	ugcauacaagaggcaaacucaauaa	ugcauacaagaggcaaacucaauaaugcaaauuaauuuaccucuuguauggaaa	1:34254676..34254730:-
3_20430	0.9	58 +/- 3%	-	14	14	0	0	yes	-	-	-	-	agaaaaauccaacuucgcuag	uucgaaguuagguuuaacgaa	uucgaaguuagguuuaacgaaucguuucggagaaaaauccaacuucgcuag	3:139770993..139771044:-
3_15457	0.8	58 +/- 3%	-	52	52	0	0	yes	-	-	-	-	uucaacccaggcgaauuggguugu	cugucauuucgacuggguuaaagc	cugucauuucgacuggguuaaagcuuagcgaugcuucaacccaggcgaauuggguugu	3:203235924..203235982:+
1_24195	0.8	58 +/- 3%	-	178	178	0	0	yes	-	-	-	-	aauuuaccucuuguauggaaa	uacauacaagaggcaaacuca	uacauacaagaggcaaacucaaugaugcagauuaauuuaccucuuguauggaaa	1:16536013..16536067:+
3_12999	0.8	58 +/- 3%	-	12	12	0	0	yes	-	-	-	-	uuugugaauugcuaccaguacuu	gacugguuugguucacauaca	gacugguuugguucacauacauggauggauguuugugaauugcuaccaguacuu	3:44969416..44969470:+
2_11770	0.8	58 +/- 3%	-	499	499	0	0	yes	-	-	-	-	ucccauauugucuagugguuaggau	auuacccuuauauacgauguguucggauu	auuacccuuauauacgauguguucggauuugaaaagcaucggguuugaugcgacgucaagucccauauugucuagugguuaggau	2:436972288..436972373:-
3_17505	0.8	58 +/- 3%	-	41	41	0	0	yes	-	-	-	-	auuacguaaauaggcugacaa	aacagccuauuacgauaauaa	aacagccuauuacgauaauaaauugcaaaaaauauauuacguaaauaggcugacaa	3:329615376..329615432:+
2_8908	0.7	58 +/- 3%	-	10	10	0	0	yes	-	-	-	-	aggaaucauauaaaauuggaag	gccaauuuuaguugauucuucg	gccaauuuuaguugauucuucgcaaugauugauccuggacggcaagugcuguuccgaggaaucauauaaaauuggaag	2:229231348..229231426:-
2_9819	0.7	58 +/- 3%	-	251	236	0	15	yes	-	-	-	-	gcucugguauuuugauguucga	ucggaacucaagauaccagauc	gcucugguauuuugauguucgauggauuugauauuacucggaacucaagauaccagauc	2:289697991..289698050:-
3_22120	0.7	58 +/- 3%	-	15	15	0	0	yes	-	-	-	-	gauuugcacgagaacgguugugug	cacgauugauuucuaguaaacaaaucag	cacgauugauuucuaguaaacaaaucaguuuuaaaacggauuugcacgagaacgguugugug	3:272562293..272562355:-
1_24800	0.7	58 +/- 3%	-	10	9	1	0	yes	-	-	-	-	uuccgcugugcuuauucagaac	gcggcauaagcacagcggauga	uuccgcugugcuuauucagaacaaauagugacgucacaaucugcgcggcauaagcacagcggauga	1:70863897..70863963:+
3_22288	0.7	58 +/- 3%	-	1907	1907	0	0	yes	-	-	-	-	aauuuaucucuuguauggaaac	uuucauacaagaggcaaacuca	uuucauacaagaggcaaacucaaugaugcagaugaauuuaucucuuguauggaaac	3:281642892..281642948:-
3_17579	0.7	58 +/- 3%	-	10	8	0	2	yes	-	-	-	-	caguuucgagauggaagaacaag	uuccuucuucgaaccugcggcg	uuccuucuucgaaccugcggcguugggagaaaacgaucgccgcaguuucgagauggaagaacaag	3:337547667..337547732:+
1_28559	0.7	58 +/- 3%	-	72	71	0	1	yes	-	-	-	-	gacuugaagcaacaacaaccgcu	guugcuuucucuaggcggga	gacuugaagcaacaacaaccgcucaaaauuuccuugcacggcuguugcuuucucuaggcggga	1:17461112..17461175:-
2_7813	0.7	58 +/- 3%	-	12	12	0	0	yes	-	-	-	-	uacgcauauuugucccgcggu	caugagauauuuaaguguaga	uacgcauauuugucccgcggucuauaauguuuauauagaacaugagauauuuaaguguaga	2:158454365..158454426:-
2_1339	0.6	58 +/- 3%	-	169	169	0	0	yes	-	-	-	-	uaagugcucugaagacaccaac	cggugucuucagcgggguuauu	cggugucuucagcgggguuauuccucacaguccaacgaauaagugcucugaagacaccaac	2:120130519..120130580:+
1_33418	0.6	58 +/- 3%	-	175	175	0	0	yes	-	-	-	-	aauuuaccucuuguauggaaa	ugcauacaagaggcaaacuca	ugcauacaagaggcaaacucaaugaugcagaugaauuuaccucuuguauggaaa	1:267714406..267714460:-
3_23069	0.6	58 +/- 3%	-	17	17	0	0	yes	-	-	-	-	acgacaucuuuaccugacaguauu	ugcugcccgguaagaugugaaca	acgacaucuuuaccugacaguauuagaaguauuucaaaaauaucuaaugcugcccgguaagaugugaaca	3:328527949..328528019:-
3_19670	0.6	58 +/- 3%	-	19	19	0	0	no	-	dme-miR-980-5p	-	-	uguuuuucggcuguaccauugg	gauucccggccauugaaacuuu	gauucccggccauugaaacuuuucgucaggaauguuuuucggcuguaccauugg	3:102814969..102815023:-
2_6357	0.6	58 +/- 3%	-	16	16	0	0	yes	-	-	-	-	auuuugauucauaacugug	caguugugaaucaacgcua	auuuugauucauaacugugguaugguuuucauugcccacaguugugaaucaacgcua	2:51099962..51100019:-
3_23704	0.6	58 +/- 3%	-	10	9	0	1	yes	-	-	-	-	ugggcugcuugcugcuagcag	cagcagcagcagcagcccg	cagcagcagcagcagcccguuugcuuucaugcuguugcuuugggcugcuugcugcuagcag	3:383046618..383046679:-
1_24517	0.6	58 +/- 3%	-	139	139	0	0	yes	-	-	-	-	aauuuaccucuuguauggaaa	ugcauacaagaggcaagcuca	ugcauacaagaggcaagcucaaugaugcagaugaauuuaccucuuguauggaaa	1:47236923..47236977:+
2_11993	0.6	58 +/- 3%	-	9	8	0	1	yes	-	-	-	-	agacagccguuugugcugaaaauuu	uucagcgcgaaugguugucaggu	agacagccguuugugcugaaaauuuaacucacucgcuggagauuaccaauuauucgaauuuucagcgcgaaugguugucaggu	2:460642143..460642226:-
2_11142	0.5	58 +/- 3%	-	18	18	0	0	yes	-	-	-	-	uacuggaagcgccauggagugc	acucucgguucuucuagugcg	acucucgguucuucuagugcguagaaaguauucguacuggaagcgccauggagugc	2:380824554..380824610:-
1_33203	0.5	58 +/- 3%	-	49	44	2	3	no	-	dme-miR-4908-3p	-	-	uugugcucguugaaucucgcag	gguguuggacgauuuguucgaccguuu	uugugcucguugaaucucgcagaagaaggugaccuugagagucaucuggugguguuggacgauuuguucgaccguuu	1:243845626..243845703:-
2_3626	0.5	58 +/- 3%	-	37	37	0	0	yes	-	-	-	-	aauguuugaaggaauuccugga	caggaauuauuucugcagaaa	aauguuugaaggaauuccuggaggaaagcccaggaauuauuucugcagaaa	2:299650458..299650509:+
1_28290	0.5	58 +/- 3%	-	58	58	0	0	yes	-	-	-	-	uucaacccaggcgaauugacaa	guaauuucgacuggguugaagc	guaauuucgacuggguugaagcuuagcaauacuucaacccaggcgaauugacaa	1:2993143..2993197:-
2_6909	0.5	58 +/- 3%	-	64	64	0	0	yes	-	-	-	-	gugaacugugaguuucguugauggu	cuuucgacaauguugcguuccag	gugaacugugaguuucguugaugguauugucugcuugaaccuuucgacaauguugcguuccag	2:99694138..99694201:-
1_24699	0.5	58 +/- 3%	-	9	9	0	0	yes	-	-	-	-	aaauucuccugaauuuccaagg	agggaaauucuccugaauuucc	agggaaauucuccugaauuuccaagggaaauucuccugaauuuccaagggaaauucuccugaauuuccaagg	1:64779984..64780056:+
1_30150	0.5	58 +/- 3%	-	34	34	0	0	yes	-	-	-	-	cuuaguaccuguuugggaugaga	guaucccaaucagguacugcauu	guaucccaaucagguacugcauuccguaugaaacuuaguaccuguuugggaugaga	1:147704549..147704605:-
1_24491	0.5	58 +/- 3%	-	27	27	0	0	yes	-	-	-	-	aaauguggauccugagauu	uuucaguauacauucugg	uuucaguauacauucugggauucaaauguggauccugagauu	1:43117635..43117677:+
1_24526	0.4	58 +/- 3%	-	9	9	0	0	yes	-	-	-	-	ucaccaauaccacuaucagaa	cugagagugguguugguuugc	ucaccaauaccacuaucagaaagaacaaacaccagucuuucugagagugguguugguuugc	1:49511923..49511984:+
2_2964	0.4	58 +/- 3%	-	39	39	0	0	yes	-	-	-	-	aaugucacuuuuacuugcggaau	uccguacggaaagcagcguaca	aaugucacuuuuacuugcggaauaauuuaguggcacguucuuccguacggaaagcagcguaca	2:246522318..246522381:+
2_504	0.4	58 +/- 3%	-	37	37	0	0	yes	-	-	-	-	cacaaugaaacaagaaauaagu	uuauuuucuucuuucauuguuuc	cacaaugaaacaagaaauaaguguaguauaaauucaauuccaacagaauuuugucuacacuuauuuucuucuuucauuguuuc	2:47851205..47851288:+
2_7736	0.4	58 +/- 3%	-	90	90	0	0	yes	-	-	-	-	guuuuuuacaagggggaaaucugc	agauccccugagaagauaa	guuuuuuacaagggggaaaucugcaaacagauccccugagaagauaa	2:152429048..152429095:-
3_16021	0.4	58 +/- 3%	-	57	57	0	0	yes	-	-	-	-	uuaucaugugugcucuucccgc	gggaauuaacacgcagucaaag	gggaauuaacacgcagucaaagaugguuugucuuuaucaugugugcucuucccgc	3:234055652..234055707:+
2_8110	0.4	58 +/- 3%	-	57	57	0	0	yes	-	-	-	-	uuaucaugugugcucuucccgc	gggaauuaacacgcagucaaag	gggaauuaacacgcagucaaagaugguuugucuuuaucaugugugcucuucccgc	2:178202282..178202337:-
1_25381	0.3	58 +/- 3%	-	55	55	0	0	yes	-	-	-	-	uugauuuacacggcgagucag	gacugccgaacuuaucauug	gacugccgaacuuaucauugucacuugaauugucaauacucgauuugacugaagugacucuccauuugauuuacacggcgagucag	1:118342402..118342488:+
2_2923	0.3	58 +/- 3%	-	268	268	0	0	yes	-	-	-	-	ugugguuuacggcuuaagcgaa	cgcuuaggccuucaaccugguu	cgcuuaggccuucaaccugguuuaaucguauggguaaaugugguuuacggcuuaagcgaa	2:242965850..242965910:+
NIGP01001031_34413	0.3	58 +/- 3%	-	16	10	0	6	no	-	-	-	-	augaugacuccagaaguucauaau	uuaaggacuuggacaucaaacaugcuaa	uuaaggacuuggacaucaaacaugcuaaaggaauuuacgcaaagacucuauucagcaugaugacuccagaaguucauaau	NIGP01001031:46681..46761:+
3_14591	0.3	58 +/- 3%	-	26	26	0	0	yes	-	-	-	-	gaaauaugagauuaugaauuc	auugugauuucguuaguuugcga	auugugauuucguuaguuugcgaugaggcgauacuacaauuggcucuugaaauaugagauuaugaauuc	3:154746031..154746100:+
3_17935	0.3	58 +/- 3%	-	11	11	0	0	yes	-	-	-	-	cucauuucgauuggauauggcg	uuguaucuuguugcugcgguu	uuguaucuuguugcugcgguuguaaaggugaugcaaaacuguauuguaucuagcucauuucgauuggauauggcg	3:363724884..363724959:+
2_1538	0.2	58 +/- 3%	-	29	29	0	0	yes	-	-	-	-	aaaaaaauacggauuacggug	ccgaacaauccguaaaaucuuug	aaaaaaauacggauuacggugaaauuucaccguuaacucaacaccugaagguuuggugaaaaaucaccgaacaauccguaaaaucuuug	2:135273173..135273262:+
2_8827	0.2	58 +/- 3%	-	370	370	0	0	yes	-	-	-	-	aucccacuucugacacca	uugucguguaugugggaauuucc	aucccacuucugacaccaaauugucguguaugugggaauuucc	2:224862812..224862855:-
1_30627	0.2	58 +/- 3%	-	38	33	0	5	yes	-	-	-	-	acccuugguuuugcgaauauccc	uuguucaguagcucaagggcuau	acccuugguuuugcgaauaucccagaagucuguccacuuagaaagaugacgucuucuguaaaauuguucaguagcucaagggcuau	1:176529474..176529560:-
2_1836	0.1	58 +/- 3%	-	9	9	0	0	yes	-	-	-	-	aauuuuggaaaauagguugucg	acaaaauauucuccaaaaucgc	aauuuuggaaaauagguugucgguuuuguacugauauccgacaaaauauucuccaaaaucgc	2:159269286..159269348:+
1_27193	0.1	58 +/- 3%	-	8	8	0	0	yes	-	-	-	-	ugacggcggcuggcuguggag	uucuucagaacagcugucgagcaga	uucuucagaacagcugucgagcagacgacucugaguuugacggcggcuggcuguggag	1:227103511..227103569:+
2_7193	0	58 +/- 3%	-	26	26	0	0	yes	-	-	-	-	ucuagaggaauuucuggaga	uccagaggaacuuuucagaaa	ucuagaggaauuucuggagaaacuaaggaggaaauucggaggacuuagcguaggagcuccagaggaacuuuucagaaa	2:120235157..120235235:-
2_1791	0	58 +/- 3%	-	28	27	1	0	yes	-	-	-	-	uaauucugaggcuuccuccc	aagaaagcuuugcagagaauuc	aagaaagcuuugcagagaauucaaaauaaaauuuugaaaauaauucugaggcuuccuccc	2:156666230..156666290:+
2_3224	0	58 +/- 3%	-	45	45	0	0	no	-	dme-miR-959-5p	-	-	guaguacuagucaaggccaac	cggucgugagugaucgucuaccg	guaguacuagucaaggccaacagccggucgugagugaucgucuaccg	2:262986539..262986586:+
NIGP01001859_35639	0	58 +/- 3%	-	1379	1379	0	0	yes	-	-	-	-	auuucagucacuuccagc	uggaguaugagaaca	auuucagucacuuccagcugguuuugacacgaacacgaucagcuggaguaugagaaca	NIGP01001859:17510..17568:-
1_32852	0	58 +/- 3%	-	21	21	0	0	yes	-	-	-	-	agugagugugaaaauaaaggugauu	uaaccuuucauguuguagaucauuuaccug	uaaccuuucauguuguagaucauuuaccugucagaagugggauuccaacggagugagugugaaaauaaaggugauu	1:218714553..218714629:-
1_25805	0	58 +/- 3%	-	10	10	0	0	yes	-	-	-	-	auuguauaucuauuuguaucguuu	ccgaugcaaccagguagacaaucg	ccgaugcaaccagguagacaaucgucaccaaaugacgauuguauaucuauuuguaucguuu	1:150961596..150961657:+
1_26197	0	58 +/- 3%	-	10	10	0	0	yes	-	-	-	-	gaugcauucaacuggcucgca	ccugccacgucagaaugcagacc	ccugccacgucagaaugcagaccaauuguugaugcauucaacuggcucgca	1:179410137..179410188:+
2_4311	0	58 +/- 3%	-	8	8	0	0	yes	-	dme-miR-9c-3p	-	-	aaaagcuuuugagcaauuucuu	uaaauugcuaagauacuuuacc	uaaauugcuaagauacuuuaccgaacuauuucugacaaguuuccuuuuaaaagcuuuugagcaauuucuu	2:367739873..367739943:+
2_7740	0	58 +/- 3%	-	170	170	0	0	yes	-	-	-	-	uaagugcucugaagacaccaac	agguguuuccgggggacuuauu	agguguuuccgggggacuuauucuucguaaaucaaauaauaagugcucugaagacaccaac	2:152832621..152832682:-



mature miRBase miRNAs detected by miRDeep2
tag id	miRDeep2 score	estimated probability that the miRNA is a true positive	rfam alert	total read count	mature read count	loop read count	star read count	significant randfold p-value	mature miRBase miRNA	example miRBase miRNA with the same seed	UCSC browser	NCBI blastn	consensus mature sequence	consensus star sequence	consensus precursor sequence	precursor coordinate
1_33829	2179575	81 +/- 5%	-	4275134	4274686	9	439	yes	aae-miR-283	dme-miR-283-5p	-	-	caauaucagcugguaauucuggg	cggaauuccaacugauauccac	caauaucagcugguaauucugggcuuaccccaccguuauacgcuucccggaauuccaacugauauccac	1:305625600..305625669:-
1_33825	832688.9	81 +/- 5%	-	1633276	1632876	1	399	yes	aae-miR-12-5p	dme-miR-12-5p	-	-	ugaguauuacaucagguacuggu	caguacuuauguuaugcucucu	ugaguauuacaucagguacuggugucgauauucgaaucaccaacgaaucggguuccuuugauuaacuuaccaguacuuauguuaugcucucu	1:305613548..305613640:-
2_7010	456424.9	81 +/- 5%	-	895249	894344	0	905	yes	aae-miR-2a-5p	dme-miR-2a-3p	-	-	uaucacagccagcuuugaagagcg	acucucaaagugguugugaaaug	acucucaaagugguugugaaaugaguuacucuugaacgaucucauaucacagccagcuuugaagagcg	2:107237501..107237569:-
2_3752	288352.9	81 +/- 5%	-	565593	565448	0	145	no	aae-miR-305-5p	dme-miR-305-5p	-	-	auuguacuucaucaggugcucugg	cggcacauguuggaguacacuu	auuguacuucaucaggugcucugguuguuuucgauacccggcacauguuggaguacacuu	2:307145445..307145505:+
2_11572	263715.3	81 +/- 5%	-	517258	517243	0	15	yes	aae-miR-184	dme-miR-184-3p	-	-	uggacggagaacugauaagggc	ccuuaucauucuugcgccccgu	ccuuaucauucuugcgccccguguuauauuguuggcgacuggacggagaacugauaagggc	2:417599380..417599441:-
3_23932	250491.5	81 +/- 5%	-	491320	491217	0	103	yes	aae-miR-308-5p	dme-miR-2a-3p	-	-	aaucacaggaguauacugugag	cgcgguauauucuuguggcuug	cgcgguauauucuuguggcuugaugcauuugaaaaaucucaaaucacaggaguauacugugag	3:403338483..403338546:-
2_7008	165683.5	81 +/- 5%	-	324972	324133	0	839	yes	aae-miR-2c	dme-miR-2a-3p	-	-	uaucacagccagcuuugaugagcu	acucucaaaguggcugugaaaug	acucucaaaguggcugugaaaugguuugauuuugcucauaucacagccagcuuugaugagcu	2:107235884..107235946:-
3_15085	91727.9	81 +/- 5%	-	179915	179647	1	267	yes	aae-bantam-5p	dme-bantam-3p	-	-	ugagaucauuuugaaagcugauu	ccgguuuucauuuucgaucugacu	ccgguuuucauuuucgaucugacuuauuugauuuaacaagagugagaucauuuugaaagcugauu	3:178082830..178082895:+
1_26819	64587.9	81 +/- 5%	-	126678	126610	3	65	yes	aae-miR-996	dme-miR-279-3p	-	-	ugacuagauuacaugcucgucu	gcgugcaugaaucuggugcacgg	gcgugcaugaaucuggugcacgguuuuccaguuguaauaucgcuucgugacuagauuacaugcucgucu	1:207012536..207012605:+
2_7012	61846	81 +/- 5%	-	121300	118856	2	2442	yes	aae-miR-13-5p	dme-miR-2a-3p	-	-	uaucacagccauuuugacgaguu	ucguaaaaaugguugugcugu	ucguaaaaaugguugugcuguguuguuacgcucgaaauucauaucacagccauuuugacgaguu	2:107237649..107237713:-
3_19364	54312.7	81 +/- 5%	-	106523	106001	0	522	yes	aae-miR-11-5p	dme-miR-2a-3p	-	-	caucacagucugaguucuugcu	cgagaacuccggcugugaccug	cgagaacuccggcugugaccuguguacacuuuauccaaaucacaucacagucugaguucuugcu	3:75489864..75489928:-
2_3747	52163.1	81 +/- 5%	-	102307	102220	0	87	yes	aae-miR-275-5p	dme-miR-275-3p	-	-	ucagguaccugaaguagcgcgcg	cgcgcuaagcaggaaccgagacu	cgcgcuaagcaggaaccgagacuuugucauuugcuagcagucagguaccugaaguagcgcgcg	2:307135668..307135731:+
2_6329	50578.2	81 +/- 5%	-	99199	98869	0	330	yes	aae-miR-190	dme-miR-190-5p	-	-	agauauguuugauauucuugguug	cccaggaaucaaacauauuauu	agauauguuugauauucuugguuguuaaauuuuauauuaucacccaggaaucaaacauauuauu	2:48811878..48811942:-
2_7017	42494.9	81 +/- 5%	-	83350	63153	0	20197	yes	aae-miR-71-5p	-	-	-	agaaagacauggguagugagau	ucucacuaccuugucuuucaug	agaaagacauggguagugagauaguuucacccuauugcacugggaucucacuaccuugucuuucaug	2:107238287..107238354:-
3_19528	41709	81 +/- 5%	-	81802	81749	3	50	yes	aae-miR-92b-3p	dme-miR-92a-3p	-	-	aauugcacuugucccggccugc	aggucgugacuugugcccauuu	aggucgugacuugugcccauuugcugaauuuuaauggucaaauugcacuugucccggccugc	3:93418515..93418577:-
1_30609	32301.3	81 +/- 5%	-	63358	59652	0	3706	no	aae-miR-252-5p	dme-miR-252-5p	-	-	cuaaguacuagugccgcaggag	ccugcugcccaagugcuuaucg	cuaaguacuagugccgcaggagagauuugaaccccugcugcccaagugcuuaucg	1:175818157..175818212:-
1_26817	32152.5	81 +/- 5%	-	63058	62906	0	152	yes	aae-miR-279	dme-miR-279-3p	-	-	ugacuagauccacacucauuaa	gaugggugugaaucuaguguuucac	gaugggugugaaucuaguguuucacaugauuuucgauagccugugacuagauccacacucauuaa	1:207007788..207007853:+
2_6879	31819	81 +/- 5%	-	62403	61303	2	1098	yes	aae-miR-282-5p	dme-miR-282-5p	-	-	uagccucuccuaggcuuugucu	acauagccugacagagguuagg	uagccucuccuaggcuuugucuguuaccuuccuugggaauuccacuagccagacauagccugacagagguuagg	2:96911966..96912040:-
3_21856	22237.5	81 +/- 5%	-	43609	43538	0	71	yes	aae-miR-278-5p	dme-miR-278-3p	-	-	ucggugggacuuucguccguuu	acggacgauagucuucagcggcc	acggacgauagucuucagcggccgugcauuugauagaaguggucggugggacuuucguccguuu	3:243123888..243123952:-
2_4101	18243.3	81 +/- 5%	-	35776	35720	1	55	yes	aae-miR-14	dme-miR-14-3p	-	-	ucagucuuuuucucucuccuau	gggagcgagauuaaggcuugcu	gggagcgagauuaaggcuugcuggucauuuauuacacucgaagucagucuuuuucucucuccuau	2:344767572..344767637:+
2_4415	14863.6	81 +/- 5%	-	29146	29134	0	12	yes	aae-miR-2945-5p	dme-miR-279-3p	-	-	ugacuagaggcagacucguuua	agcggguccguuucuaguguca	agcggguccguuucuagugucaugugcuguauucgaauaucaugacuagaggcagacucguuua	2:374947142..374947206:+
3_19362	14861.4	81 +/- 5%	-	29141	29029	0	112	yes	aae-miR-998	dme-miR-285-3p	-	-	uagcaccaugagauucagcuc	acugaacucucgugggucugc	acugaacucucgugggucugcaguugauauuucgaaagcuuguagcaccaugagauucagcuc	3:75489589..75489652:-
1_33774	14381.5	81 +/- 5%	-	28200	28160	1	39	yes	aae-miR-277-5p	dme-miR-277-3p	-	-	uaaaugcacuaucugguacgaca	cgugucagaagugcauuuaca	cgugucagaagugcauuuacauagguauuucccguuuagcaguauuuguaaaugcacuaucugguacgaca	1:302603812..302603883:-
2_6877	12552.4	81 +/- 5%	-	24613	20985	0	3628	yes	aae-miR-281-5p	dme-miR-281-2-5p	-	-	aagagagcuauccgucgacagu	ugucauggaauugcucucuuua	aagagagcuauccgucgacaguagggauaugauucacugucauggaauugcucucuuua	2:96469361..96469420:-
1_28965	12367.2	81 +/- 5%	-	24249	23400	0	849	yes	aae-miR-33	dme-miR-33-5p	-	-	gugcauuguaguugcauugca	caauacuucugcaaugcaagcc	gugcauuguaguugcauugcacuuuugcguucgauaacacggugcaauacuucugcaaugcaagcc	1:50888880..50888946:-
2_6625	10560.7	81 +/- 5%	-	20706	18815	0	1891	yes	aae-miR-276-5p	dme-miR-276a-3p	-	-	uaggaacuucauaccgugcucu	agcgagguauagaguuccuacg	agcgagguauagaguuccuacguugcgugugcgaaauugguaggaacuucauaccgugcucu	2:73120452..73120514:-
2_10585	9975.2	81 +/- 5%	-	19558	19356	0	202	yes	aae-miR-9b	dme-miR-9a-5p	-	-	ucuuuggugauuuuagcuguaug	uauagcuuuaucaccaaaaacc	ucuuuggugauuuuagcuguaugcugauacguuucugauugcauauagcuuuaucaccaaaaacc	2:335780574..335780639:-
2_6646	9662.1	81 +/- 5%	-	18943	18889	0	54	yes	aae-miR-276-3p	dme-miR-276a-3p	-	-	uaggaacuucauaccgugcucu	agcgagguauagaguuccu	agcgagguauagaguuccuaugcguucggauaaaauauuccauaggaacuucauaccgugcucu	2:73509399..73509463:-
3_19546	8415.6	81 +/- 5%	-	16499	16494	1	4	yes	aae-miR-92a-5p	dme-miR-92a-3p	-	-	uauugcacuugucccggccuau	cgguacggacaggggcaacauug	cgguacggacaggggcaacauugugacauuugaaagcuaauauugcacuugucccggccuau	3:93477596..93477658:-
3_17493	8402.9	81 +/- 5%	-	16475	16428	0	47	yes	aae-miR-8-5p	dme-miR-8-3p	-	-	uaauacugucagguaaagauguc	caucuuaccgggcagcauuaga	caucuuaccgggcagcauuagauauuuuugaaauacuucuaauacugucagguaaagauguc	3:328527955..328528017:+
3_19661	6307.2	81 +/- 5%	-	12370	12366	0	4	yes	aae-miR-2765	-	-	-	ugguaacuccaccaccguuggc	caaugggagcuggaguucccgcg	ugguaacuccaccaccguuggcgauauuugacagccaaugggagcuggaguucccgcg	3:101895454..101895512:-
2_10591	5753.9	81 +/- 5%	-	11278	6789	8	4481	yes	aae-miR-9c-5p	dme-miR-9a-5p	-	-	ucuuugguauucuagcuguaga	uaaagcuuuaguaccagagguc	ucuuugguauucuagcuguagaauguugagcuuugugauaugguaucuucuaaagcuuuaguaccagagguc	2:335810364..335810436:-
3_16170	3563.6	81 +/- 5%	-	6981	3735	0	3246	yes	aae-miR-307	dme-miR-307a-5p	-	-	acucacucaaccugggugugaug	ucacaaccuccuugagugagcga	acucacucaaccugggugugaugcuuauuugaaucaucacaaccuccuugagugagcga	3:244794376..244794435:+
2_10588	3434.9	81 +/- 5%	-	6729	6539	0	190	yes	aae-miR-79-5p	dme-miR-4-3p	-	-	auaaagcuagauuaccaaagcau	cuuuggcgcuuuagcuguauga	cuuuggcgcuuuagcuguaugauagaauuuaauauuucauaaagcuagauuaccaaagcau	2:335780884..335780945:-
1_25947	3393.4	81 +/- 5%	-	6648	6615	0	33	yes	aae-miR-970	dme-miR-970-3p	-	-	ucauaagacacacgcggcuau	agcuugcguuugucuuagcugg	agcuugcguuugucuuagcugguauugaaugugauagguaucauaagacacacgcggcuau	1:157238423..157238484:+
NIGP01000533_34846	3393.4	81 +/- 5%	-	6648	6615	0	33	yes	aae-miR-970	dme-miR-970-3p	-	-	ucauaagacacacgcggcuau	agcuugcguuugucuuagcugg	agcuugcguuugucuuagcugguauugaaugugauagguaucauaagacacacgcggcuau	NIGP01000533:10107..10168:-
2_1027	2762.2	81 +/- 5%	-	5409	5233	0	176	yes	aae-miR-988-5p	dme-miR-988-3p	-	-	ccccuuguugcaaaccucacgc	gugugcuuugugacaaugagau	gugugcuuugugacaaugagauucgguucgauaucauccccuuguugcaaaccucacgc	2:93351380..93351439:+
1_29340	1429	81 +/- 5%	-	2795	2513	0	282	yes	aae-miR-87	dme-miR-87-3p	-	-	gugagcaaauuuucaggugugu	cagccugaaauuugcuaaaccu	cagccugaaauuugcuaaaccuguguguauuugauucaaacaaucaaggugagcaaauuuucaggugugu	1:80682401..80682471:-
2_10414	816.6	81 +/- 5%	-	1600	1595	0	5	yes	aae-miR-11895	-	-	-	uucaugcauucacuucugcuga	agcaggagugaaugcaugaguu	agcaggagugaaugcaugaguuugacaucugaaacuaauucaugcauucacuucugcuga	2:324949494..324949554:-
3_14304	789.7	81 +/- 5%	-	1543	1520	0	23	yes	aae-miR-31	dme-miR-31b-5p	-	-	uggcaagauguuggcauagcuga	agcuauucaacuucuugucuau	uggcaagauguuggcauagcugaaaguuuugaguuuagcuauucaacuucuugucuau	3:136174150..136174208:+
3_22913	630.8	81 +/- 5%	-	1236	425	1	810	yes	aae-miR-10365	-	-	-	aaaaguuuucauauucuugcgg	auuagaauguggaaucuguuuuu	auuagaauguggaaucuguuuuuguacaucaaguguuacgaaacgaagcaaaaaaguuuucauauucuugcgg	3:320775621..320775694:-
NIGP01001634_34874	630.8	81 +/- 5%	-	1236	425	1	810	yes	aae-miR-10365	-	-	-	aaaaguuuucauauucuugcgg	auuagaauguggaaucuguuuuu	auuagaauguggaaucuguuuuuguacaucaaguguuacgaaacgaagcaaaaaaguuuucauauucuugcgg	NIGP01001634:30709..30782:-
1_27147	521.6	81 +/- 5%	-	1025	959	0	66	yes	aae-miR-11900	-	-	-	auuuuuuugacuguaauuuuauag	guaaaauuacguugaaaaaucgu	guaaaauuacguugaaaaaucgucucccucaaaaaaugaaaccugagacuaacaggagauuuuuuugacuguaauuuuauag	1:223944070..223944152:+
NIGP01000443_34785	242.6	81 +/- 5%	-	487	478	0	9	no	aae-miR-11893	-	-	-	uuccugacuuauacgcuuaccu	guaaguagauaaaucagaaag	guaaguagauaaaucagaaagacguuuauaucguuucuuccugacuuauacgcuuaccu	NIGP01000443:52102..52161:+
2_3135	242.6	81 +/- 5%	-	487	478	0	9	no	aae-miR-11893	-	-	-	uuccugacuuauacgcuuaccu	guaaguagauaaaucagaaag	guaaguagauaaaucagaaagacguuuauaucguuucuuccugacuuauacgcuuaccu	2:257889040..257889099:+
3_23510	188.6	81 +/- 5%	-	362	357	0	5	yes	aae-miR-989	dme-miR-989-3p	-	-	ugugaugugacguagugguac	cgccgcuaccucgcuuucacuug	cgccgcuaccucgcuuucacuugguaccgauuucccauaauccaugugaugugacguagugguac	3:366439082..366439147:-
3_13928	136.8	81 +/- 5%	-	265	201	0	64	yes	aae-miR-11917	-	-	-	cugaaaacuuaaucgauugguc	ccaaucgauuaaguuuucagcu	cugaaaacuuaaucgauuggucacucacugggggugcccaaucgauuaaguuuucagcu	3:118588022..118588081:+
2_7071	104.1	81 +/- 5%	-	202	201	0	1	yes	aae-miR-11917	-	-	-	cugaaaacuuaaucgauugguc	ccaaucgauuagguuuccagcu	cugaaaacuuaaucgauuggucacuagcugguggugaccaaucgauuagguuuccagcu	2:112275312..112275371:-
1_26434	103	81 +/- 5%	-	193	192	0	1	yes	aae-miR-929	dme-miR-929-5p	-	-	aaauugacucuaguagggaguc	cucccuaacggagucagauuga	aaauugacucuaguagggaguccuuguguacgagugacucccuaacggagucagauuga	1:198495526..198495585:+
2_60	101.2	81 +/- 5%	-	191	190	0	1	yes	aae-miR-219	dme-miR-219-5p	-	-	ugauuguccaaacgcaauucuug	agaguugugacuggacauccgu	ugauuguccaaacgcaauucuuguuuuauucgaauaugauauccaagaguugugacuggacauccgu	2:3715261..3715328:+
3_16787	34.7	81 +/- 5%	-	66	56	0	10	yes	aae-miR-11926	-	-	-	auaaacgcauaauugucccaugu	uuggacuggcaugcguuuaugg	auaaacgcauaauugucccaugugaauagaaaauccagcaaacauuggacuggcaugcguuuaugg	3:290661310..290661376:+
2_10899	18	81 +/- 5%	-	35	29	0	6	yes	aae-miR-1891	-	-	-	ugaggaguuaauuugcguguuu	acacguccauuaacucugguac	ugaggaguuaauuugcguguuuuuguauuugauuaaacacguccauuaacucugguac	2:360084867..360084925:-
2_11434	17.7	81 +/- 5%	-	27	10	0	17	yes	aae-miR-2944b-5p	dme-miR-2a-3p	-	-	uaucacagcaguaguuaccugaua	gaaggaacucccggugugauau	gaaggaacucccggugugauauaugacucgauuauaucacagcaguaguuaccugaua	2:402152794..402152852:-
2_6068	15.7	81 +/- 5%	-	29	21	0	8	yes	aae-miR-11896	-	-	-	ccacaaggccggauugaucaaga	ucggucaauccggaacuguugg	ucggucaauccggaacuguuggcucggcacaaaagcgaccacaaggccggauugaucaaga	2:30841062..30841123:-
1_27583	5.4	78 +/- 6%	-	54	54	0	0	yes	aae-miR-999	dme-miR-999-3p	-	-	uguuaacuguaagacugugucu	acgcggucgugcaggaaauuauu	acgcggucgugcaggaaauuauuuggcauuagauucaaauguuaacuguaagacugugucu	1:252222293..252222354:+
1_33782	5.2	78 +/- 6%	-	340425	340384	0	41	yes	aae-miR-317	dme-miR-317-3p	-	-	ugaacacagcuggugguaucuca	cgggauacacccugugcucgcu	cgggauacacccugugcucgcuuugcauucgaaacuagugaacacagcuggugguaucuca	1:302667131..302667192:-
3_18526	5.2	78 +/- 6%	-	195	195	0	0	yes	aae-miR-980-5p	dme-miR-980-3p	-	-	uagcugccuagugaagggcaaua	cggccguucauugggucaucuagc	cggccguucauugggucaucuagcucguguuggaaacaguuagcugccuagugaagggcaaua	3:1054522..1054585:-
2_7016	5.1	78 +/- 6%	-	185401	185391	0	10	yes	aae-miR-2c	dme-miR-2a-3p	-	-	uaucacagccagcuuugauga	gcaucaaauuugguuguuuua	gcaucaaauuugguuguuuuaguacgaccucuuugaaaccccuaucacagccagcuuugauga	2:107237998..107238061:-
2_5005	4.9	77 +/- 6%	-	18233	18109	0	124	yes	aae-miR-965	dme-miR-965-3p	-	-	uaagcguauagcuuuucccau	gggggaaauccuguacgcuguaug	gggggaaauccuguacgcuguauguuguauuugaauaauccauaagcguauagcuuuucccau	2:429778749..429778812:+
2_4337	4.8	77 +/- 6%	-	19	19	0	0	yes	aae-miR-124	dme-miR-124-3p	-	-	uaaggcacgcggugaaugcca	guauccacugccggccuauaug	guauccacugccggccuauauguccuauuucgguacucauaaggcacgcggugaaugcca	2:369307280..369307340:+
2_10731	4.8	77 +/- 6%	-	255	255	0	0	yes	aae-miR-263a-5p	dme-miR-263a-5p	-	-	aauggcacuggaagaauucacggg	cguguucuggcaguggcauccc	aauggcacuggaagaauucacggguauauuuugaaauccccguguucuggcaguggcauccc	2:348784448..348784510:-
2_4426	4.8	77 +/- 6%	-	57	57	0	0	yes	aae-let-7	dme-let-7-5p	-	-	ugagguaguugguuguauagu	uaugcaaucugcuagcuuguc	ugagguaguugguuguauaguagugacugauuaaauaucugcuaugcaaucugcuagcuuguc	2:375131497..375131560:+
2_2730	4.7	77 +/- 6%	-	65	65	0	0	yes	aae-miR-932-5p	dme-miR-932-5p	-	-	ucaauuccguagugcauugcagu	ugcaagcaauguggaagugaag	ucaauuccguagugcauugcagugugcuuuagacgaacugcaagcaauguggaagugaag	2:231381156..231381216:+
2_9340	4.7	77 +/- 6%	-	9	8	0	1	yes	aae-miR-11911	-	-	-	gacgagugcuuggaucaucaau	uaguugauccaaguagucuugccu	uaguugauccaaguagucuugccuuuguaagaagacgagugcuuggaucaucaau	2:256106005..256106060:-
1_33874	4.7	77 +/- 6%	-	4083	3622	0	461	yes	aae-miR-1175-5p	dme-miR-958-3p	-	-	ugagauucuacuucuccgacuu	aaguggaguaguggucucaucgcu	aaguggaguaguggucucaucgcuuaguauuagaaaagugagauucuacuucuccgacuu	1:307010046..307010106:-
2_11376	4.6	77 +/- 6%	-	1750	1750	0	0	yes	aae-miR-1	dme-miR-1-3p	-	-	uggaauguaaagaaguauggag	ccaugcuuccuugcauucaaua	ccaugcuuccuugcauucaauagugauucugaaagcauauggaauguaaagaaguauggag	2:399501023..399501084:-
2_2183	4.6	77 +/- 6%	-	45	45	0	0	yes	aae-miR-137	dme-miR-137-3p	-	-	uauugcuugagaauacacguag	acgcguauucuuggguuauuaac	acgcguauucuuggguuauuaacacacuguuuauguuguuauugcuugagaauacacguag	2:189612067..189612128:+
2_3969	4.6	77 +/- 6%	-	296	296	0	0	yes	aae-miR-133	dme-miR-133-3p	-	-	uugguccccuucaaccagcugu	agcugguugacuucgggucaaau	agcugguugacuucgggucaaaucgucaaauauuugcaaagauauuuccucagugaaauuauuugguccccuucaaccagcugu	2:330417065..330417149:+
2_4428	4.6	77 +/- 6%	-	149	149	0	0	yes	aae-miR-125-5p	dme-miR-125-5p	-	-	ucccugagacccuaacuugugac	cacaaguuuugaucuccgguauu	ucccugagacccuaacuugugacuauaguugaaguuucacaaguuuugaucuccgguauu	2:375131781..375131841:+
2_1166	4.5	77 +/- 6%	-	136	112	0	24	yes	aae-miR-9a	dme-miR-9a-5p	-	-	ucuuugguuaucuagcuguauga	aaagcuagcauaccgaaguua	ucuuugguuaucuagcuguaugagugaauuuagaacaucauaaagcuagcauaccgaaguua	2:108461947..108462009:+
3_19349	4.5	77 +/- 6%	-	73	73	0	0	yes	aae-miR-1000	dme-miR-1000-5p	-	-	auauuguccugucacagcagua	cuguuguuucgggacauuuaca	auauuguccugucacagcaguacuguuacaaauuuacuguuguuucgggacauuuaca	3:74204061..74204119:-
2_7749	4.5	77 +/- 6%	-	79	79	0	0	yes	aae-miR-263b-5p	dme-miR-263b-5p	-	-	cuuggcacugggagaauucacag	guggaucuuuucgugccaucgu	cuuggcacugggagaauucacaggcgcuauuugcuaucauucuguggaucuuuucgugccaucgu	2:153371131..153371196:-
2_4057	4.2	77 +/- 6%	-	46	46	0	0	yes	aae-miR-375	dme-miR-375-3p	-	-	uuuguucguuuggcucgaguua	acuuaagcccaacguacagaaacu	acuuaagcccaacguacagaaacuugaaucugaaugccguucuagauuggcuugcuagaaguuuguucguuuggcucgaguua	2:337876532..337876615:+
1_33885	4.1	77 +/- 6%	-	11	10	0	1	yes	aae-miR-iab-4-5p	dme-miR-iab-4-5p	-	-	acguauacugaauguauccuga	uauaccuucaguauacguaaca	acguauacugaauguauccugagugcuaucuauccgguauaccuucaguauacguaaca	1:308965422..308965481:-
3_23970	3.9	71 +/- 6%	-	105	105	0	0	yes	aae-miR-285	dme-miR-285-3p	-	-	uagcaccauucgaaaucaguac	acuggcuuccaaaggugaguaga	acuggcuuccaaaggugaguagauggcauucgauacacucuagcaccauucgaaaucaguac	3:406875046..406875108:-
3_22698	3.8	71 +/- 6%	-	45	45	0	0	yes	aae-miR-309a	dme-miR-3-3p	-	-	ucacugggcaaaguuugucgca	cgacuaacuucguucaguuuggug	cgacuaacuucguucaguuuggugucauacgaagguuuccaguuucaucacugggcaaaguuugucgca	3:309335451..309335520:-
2_2550	3.7	71 +/- 6%	-	48266	48260	0	6	yes	aae-miR-7	dme-miR-7-5p	-	-	uggaagacuagugauuuuguuguu	caauaaaucucaagucuuucua	uggaagacuagugauuuuguuguuuugcuuacgauaauaacaauaaaucucaagucuuucua	2:222802544..222802606:+
2_4424	3.7	71 +/- 6%	-	9	9	0	0	yes	aae-miR-100	dme-miR-100-5p	-	-	aacccguagauccgaacuugug	caagaacggauguaugggauuc	aacccguagauccgaacuugugcugccguuucacauguuacaagaacggauguaugggauuc	2:375117351..375117413:+
1_32959	2.2	74 +/- 5%	-	162	162	0	0	yes	aae-miR-11917	-	-	-	cugaaaacuuaaucgauugguc	ccaaucgauuuaguuuucaacu	cugaaaacuuaaucgauuggucacaagcugguugugaccaaucgauuuaguuuucaacu	1:229469807..229469866:-
2_6436	2.1	74 +/- 5%	-	9204	9169	0	35	yes	aae-miR-11894a	-	-	-	uuuaccauuucaagaugaccua	ucgucuugaaaugguaaagagu	ucgucuugaaaugguaaagagugucaaucaucaucuuuaccauuucaagaugaccua	2:58785158..58785215:-
2_6438	2	74 +/- 5%	-	9204	9169	0	35	yes	aae-miR-11894a	-	-	-	uuuaccauuucaagaugaccua	ucgucuugaaaugguaaagagu	ucgucuugaaaugguaaagagugucaaucaucaucuuuaccauuucaagaugaccua	2:58785850..58785907:-
2_6442	2	74 +/- 5%	-	9204	9169	0	35	yes	aae-miR-11894a	-	-	-	uuuaccauuucaagaugaccua	ucgucuugaaaugguaaagagu	ucgucuugaaaugguaaagagugucaaucaucaucuuuaccauuucaagaugaccua	2:58787426..58787483:-
2_6444	2	74 +/- 5%	-	9204	9169	0	35	yes	aae-miR-11894a	-	-	-	uuuaccauuucaagaugaccua	ucgucuugaaaugguaaagagu	ucgucuugaaaugguaaagagugucaaucaucaucuuuaccauuucaagaugaccua	2:58787948..58788005:-
2_6434	1.9	80 +/- 3%	-	947	947	0	0	yes	aae-miR-11894b	-	-	-	uuuaccauuucaauaugaccua	ggucguauugaaaugguaaaga	ggucguauugaaaugguaaagagugucaaucaucaucuuuaccauuucaauaugaccua	2:58784590..58784649:-
2_6440	1.9	80 +/- 3%	-	9204	9169	0	35	yes	aae-miR-11894a	-	-	-	uuuaccauuucaagaugaccua	ucgucuugaaaugguaaagagu	ucgucuugaaaugguaaagagugucaaucaucaucuuuaccauuucaagaugaccua	2:58786284..58786341:-
NIGP01000397_34789	1.7	80 +/- 3%	-	5	5	0	0	yes	aae-miR-11898	dme-miR-1010-5p	-	-	auaaguggggcaaagacaccaa	aguguuaucaccgcacuuauuc	aguguuaucaccgcacuuauucagcauaagaugacgaauaaguggggcaaagacaccaa	NIGP01000397:30984..31043:+
2_10674	1.6	80 +/- 3%	-	128	128	0	0	yes	aae-miR-11916	-	-	-	gaugccucguaaagcaacugga	caguugcuuuccgagcguagcac	caguugcuuuccgagcguagcacaguuuggaugcgggcccgugcaucguccacggugaugccucguaaagcaacugga	2:344991982..344992060:-
2_9530	1.5	80 +/- 3%	-	53	51	0	2	yes	aae-miR-2946	-	-	-	uaguacggaaaagauauggggauu	gccauauuuuuaccgcuacugc	gccauauuuuuaccgcuacugcauuucauuguaauaauuguaguacggaaaagauauggggauu	2:268456439..268456503:-
2_483	1.4	80 +/- 3%	-	45	45	0	0	yes	aae-miR-11897a	-	-	-	uaguaaaccuugauuuuguagc	uacagaaucgaggcucacgaug	uacagaaucgaggcucacgaugauuuccaaucauaguaaaccuugauuuuguagc	2:46313963..46314018:+
2_11536	1.4	80 +/- 3%	-	11112	11110	0	2	yes	aae-miR-1890	-	-	-	ugaaaucuuugauuaggucugg	agcuaauuggagaguucuuga	agcuaauuggagaguucuugaauaguguugugaaccuucaugaaaucuuugauuaggucugg	2:413654961..413655023:-
1_26265	1.1	80 +/- 3%	-	48	48	0	0	yes	aae-miR-11920	-	-	-	agcauuucagacauugguggac	ccaucaacugcugaacuguuuu	ccaucaacugcugaacuguuuuaggcuucguacgaaagcauuucagacauugguggac	1:188056488..188056546:+
2_1028	1	80 +/- 3%	-	5234	5233	0	1	no	aae-miR-988-3p	dme-miR-988-3p	-	-	ccccuuguugcaaaccucacgc	guaggggcaaugggggcaau	ccccuuguugcaaaccucacgcuugcgguagguuccacaacugcugagagguggcagguaggggcaaugggggcaau	2:93351417..93351494:+
2_9528	0.9	58 +/- 3%	-	273	273	0	0	yes	aae-miR-2941	-	-	-	uaguacggcuagaacuccacggau	ucgugguguuuagacguauuaca	ucgugguguuuagacguauuacaugauuuuuugaacauaacuguaguacggcuagaacuccacggau	2:268456009..268456076:-
2_5989	0	58 +/- 3%	-	8	8	0	0	yes	aae-miR-11903a	-	-	-	aacguuacaaaucguaaggcgag	caccauaugauuuguaacugugc	aacguuacaaaucguaaggcgaguuauauguuuuuugaaacucaccauaugauuuguaacugugc	2:26364064..26364129:-
2_3748	-1	36 +/- 4%	-	102220	102220	0	0	no	aae-miR-275-3p	dme-miR-275-3p	-	-	ucagguaccugaaguagcgcgcg	ucaucaagcgacaacagaggcgugaaa	ucagguaccugaaguagcgcgcgugaucaaacaggaagcgucaucaagcgacaacagaggcgugaaa	2:307135708..307135775:+
2_7400	-2.2	2 +/- 3%	-	132	132	0	0	no	aae-miR-11919	-	-	-	uagcuagguugcggugcacugc	aguguacucugccuggccggc	aguguacucugccuggccggcgcugcugcgagucuagcuagguugcggugcacugc	2:129145074..129145130:-
2_6878	-2.3	2 +/- 3%	-	20985	20985	0	0	no	aae-miR-281-5p	dme-miR-281-2-5p	-	-	aagagagcuauccgucgacagu	cguugacgugggauuuuuuug	cguugacgugggauuuuuuuguucauuuuguucuuucgcugguuucgaauaugaaaauaaagagagcuauccgucgacagu	2:96469398..96469479:-
1_24585	-3.3	0 +/- 1%	-	1066	1063	0	3	no	aae-miR-210	-	-	-	uugugcgugugacaacggcuau	cugcugaccacugcacaagau	cugcugaccacugcacaagauuagauuaugacucuugugcgugugacaacggcuau	1:54892619..54892675:+
3_21842	-3.9	0 +/- 1%	-	12	12	0	0	no	aae-miR-11923	-	-	-	acaacggcagccggaacgaucug	ucucguuccgucguccguaggucg	ucucguuccgucguccguaggucgguuuagccaaugcgacaacggcagccggaacgaucug	3:240286724..240286785:-

#miRBase miRNAs not detected by miRDeep2
miRBase precursor id	total read count	mature read count(s)	star read count	remaining reads	UCSC browser	NCBI blastn	miRBase mature sequence(s)	miRBase star sequence(s)	miRBase precursor sequence
343988	343814	0	174	-	-	cacguuacagauugggguuucc	uaaucucaaauuguaacagugg	-	gagguaaucucaaauuguaacaguggguugauuuuccuggugaaucccggccuuguccuccgucacaagugugacaagugucucgaaaacguguucgcuauacccacguuacagauugggguuucccc	
193567	193567	0	0	-	-	ucagguacugagugacucucag	gagagcaccucgguaucuaagc	-	cauucgcaauuucaccgguucagguacugagugacucucagaugugcauuucucaagcaaucucguccucaggaccugagguugaaaaacccugagagcaccucgguaucuaagccaguguugcgaaaa	
192603	192567	0	36	-	-	ugguuuaucuuaucugucgaggc	gucgacagggagauaaaucacu	-	cauugguuuaucuuaucugucgaggcaaguuauuuuaccggauaguguuucuuuucgugagcaaucaccacuauccagcucuucuugucgacagggagauaaaucacug	
52453	52448	0	5	-	-	caaccacuauccgcccugccgcc	uggcagugugguuagcugguug	-	caaggcaauacgcuauggcagugugguuagcugguuguguagaacuuuggggggcuuccguggcguucgcgcgcacacgggggcucagauucacaaccacuauccgcccugccgccgcgaggugccagg	
175	175	0	0	-	-	ugucuuuuuccgcuuacugccg	-	ccaacauuuugauugauuugucuuuuuccgcuuacugccgguggcauuugaaauucucgacagcaaaccgaaaaaggcgccucaaucaauu	
80	80	0	0	-	-	uuaaguaggcacuugcaggcaaa	-	gauguuaaguaggcacuugcaggcaaauuuguagcuuuaauaugauugacugcuuuuuccuacuuuacauu	
92	70	0	22	-	-	aaaugggacugauaugcgaguau	-	ccauucucgcauaacaguaccauauucuugggauuucucauauaaaugggacugauaugcgaguaugg	
48	48	0	0	-	-	uaguaagcauugauuuuguagc	-	augcuacagaaucgaggcuuacuaugauuuccaaucauaguaagcauugauuuuguagcau	
47	47	0	0	-	-	ugacuagaccgaacacucgcguccu	-	aucguuauuuggggcgauugucggacuagucgcugcguacaaaacggaacuauuucaacuagugacuagaccgaacacucgcguccuaaagcacgau	
48	42	0	6	-	-	caucacagaauuguuuuuacug	-	aaacaucacagaauuguuuuuacugauaaggaacuauguguaaaaauaauucuguaaaguuu	
110	29	0	81	-	-	ucagaucuacuuaauacccau	-	acuccaauucuggguauuuuagauccuuggcauaguuacgugauugaaugcacuguucuucuuugguuuacccaguaucgaacacgcgucaaucugucagaucuacuuaauacccaua	
22	19	0	3	-	-	caugaacgacgacgugacgccg	-	uauaagucccgucgucgccuucaugugcgguggucacaugccacacaugaacgacgacgugacgccgc	
19	17	0	2	-	-	caaaagaucuggcuacacuga	-	uucagugaugucagaucuuuugucggaauagaagcagauuccuccuucuauucagacaaaagaucuggcuacacugaa	
8	7	0	1	-	-	agcauuuuuacaccucaggac	-	ucagcauuuuuacaccucaggacguaagauugcaucgcugccuggagucuugaaguaaaacaaugcuaa	
6	6	0	0	-	-	aauguuggacaacugcaaggu	-	auaaaauguuggacaacugcaagguacuucaagguuuuuauuucgucuuuaauacaggguaucugcagugaucgauuuucucu	
6	6	0	0	-	-	uaugaccgauuuaauauauggcu	-	uguuccauguaugauuucggucauguaugcaguugaaaauaauuauaugaccgauuuaauauauggcuca	
6	5	0	1	-	-	uagaaccugguagaauucggca	-	uuucucggauuuguccucguuucgggugcguuuuuuauuugcguucgacuugcaucguagaaccugguagaauucggcaaa	
6	6	0	0	-	-	uaucacaguaguuguacuuuaa	gaaggaacuucugcugugaucuga	-	cguugaaggaacuucugcugugaucugaguuagauacauaucacaguaguuguacuuuaaug	
6	4	0	2	-	-	accguuacgcgcauauaauuug	-	gcagaccguuacgcgcauauaauuuggccauuuacggcauaauccaauggaaguggccaaacuauauuauaucgcucagu	
5	4	0	1	-	-	ugaacaagaaugcugagaggau	-	gauucugaacaagaaugcugagaggauucugaacgaaaaucuucucaguauuuuugucagaaucc	
6	3	0	3	-	-	caaagcguuuggguucugaaac	-	gguuugcuuuagaauuccuacgcuuuaccgugauuuguugaaaguuuggcaaagcguuuggguucugaaacgaaac	
3	3	0	0	-	-	cgucaaacuccguucaguuggug	ucacugggcauaguuugucgca	-	uuaugcgucaaacuccguucaguugguggagucauuuuccaagucaucacugggcauaguuugucgcauaa	
2	2	0	0	-	-	acccuguagauccgaauuuguu	-	uuuguucuacaucuacccuguagauccgaauuuguuugaauauuuaacaagcgacaaauucgguucuagagagguuuguguggggcauu	
2	2	0	0	-	-	ugaaaccguccaaaacugaggc	-	uccggcguuaguuuugggcggguuuuaguguauuucgauuagaguaucaauugaaaccguccaaaacugaggccggcg	
1	1	0	0	-	-	uucaggagaucaucgagguagc	-	uggcuaucucgaugguccccugaacuacaguugcaacaaaacaaguguucaggagaucaucgagguagcca	
1	1	0	0	-	-	uauucgagacuucacgaguuaau	-	aauguuaucaauucgcuguggucucgaacguaccuacauuggauauuuuugguauucgagacuucacgaguuaauucccauu	
1	1	0	0	-	-	cuuucgagcaguaaucaaaguc	uuuugauuguugcucagaaagc	-	aguguuucuauaaaauuuugauuguugcucagaaagccgugcauuugaaacgggucgcuuucgagcaguaaucaaagucaaauaaaacacca	
5	1	0	4	-	-	ucacuuuuuagugacuugguc	-	caagucacuuuuuagugacuuggucacuuuuuucaaucuggucacuaaaaagucacuau	
3	1	0	2	-	-	cgccauaugauuuguaacucu	-	acagagucacaauucguaugguaaguuacacaauuuauguaacucgccauaugauuuguaacucugc	
6	1	0	5	-	-	gugugugaaccguuggcggc	-	agcagugugugaaccguuggcggcgcaacgccugaugguauugaugcugcu	
1	1	0	0	-	-	uuuuaggaggucaaaaucgcgu	-	gaacgcgguuuuggccuccuaaaaccgugcccauggagguuuuaggaggucaaaaucgcguuc	
6	0	0	6	-	-	cgagauacggagagauugcgaca	-	cagucgccucuucacaucucgauaucgaagggaccaucgagauacggagagauugcgacaa	



9	0	0	9	-	-	uacuggccuacuaagucccaac	-	gcuugcuauguaauuuuuucaaucgaacugggauuuuguggaccagaagauuuccuccauucgauaauagcuacuggccuacuaagucccaacuuguuuggaaauuguccgacagauagcaagc	

1	0	0	1	-	-	uacccuguaguuccgggcuuuu	-	agcgcuccuccgugaccuacccuguaguuccgggcuuuugugguuucuuuuauuguuaauuaucagaagcucguuucuauagagguaucucacagggugaa	
25	0	0	25	-	-	uuccgaaguugggugucucgc	-	ugcaagauacccuacuucggaaguagggcgcauuagagcgcauccggaugcgaaucgaaugcaccacuuccgaaguugggugucucgca	

3	0	0	3	-	-	cugucgagccgguugaaccac	-	ccacugucgagccgguugaaccaccaagccccccauguaaauaaguuccauacaguagcagguaauguuuuucguucccauucguagugc	

