miRDeep2 score	novel miRNAs reported by miRDeep2	novel miRNAs, estimated false positives	novel miRNAs, estimated true positives	known miRNAs in species	known miRNAs in data	known miRNAs detected by miRDeep2	estimated signal-to-noise	excision gearing
10	1	1 +/- 1	0 +/- 0 (38 +/- 49%)	164	94	47 (50%)	27.9	3
9	1	1 +/- 1	0 +/- 0 (36 +/- 48%)	164	94	47 (50%)	26.5	3
8	1	1 +/- 1	0 +/- 0 (35 +/- 48%)	164	94	47 (50%)	25	3
7	1	1 +/- 1	0 +/- 0 (33 +/- 47%)	164	94	48 (51%)	24.5	3
6	1	1 +/- 1	0 +/- 0 (30 +/- 46%)	164	94	48 (51%)	23	3
5	2	2 +/- 1	1 +/- 1 (38 +/- 40%)	164	94	61 (65%)	25.4	3
4	3	2 +/- 1	1 +/- 1 (41 +/- 37%)	164	94	72 (77%)	25.4	3
3	6	3 +/- 2	3 +/- 2 (55 +/- 27%)	164	94	75 (80%)	20.2	3
2	7	4 +/- 2	3 +/- 2 (41 +/- 27%)	164	94	79 (84%)	14.4	3
1	17	7 +/- 3	10 +/- 3 (60 +/- 15%)	164	94	82 (87%)	10.5	3
0	23	13 +/- 3	10 +/- 3 (42 +/- 15%)	164	94	84 (89%)	5.7	3
-1	25	30 +/- 5	1 +/- 1 (2 +/- 6%)	164	94	84 (89%)	2.8	3
-2	32	49 +/- 7	0 +/- 0 (0 +/- 0%)	164	94	85 (90%)	1.9	3
-3	66	74 +/- 8	1 +/- 2 (1 +/- 3%)	164	94	85 (90%)	1.7	3
-4	120	137 +/- 12	0 +/- 1 (0 +/- 1%)	164	94	86 (91%)	1.3	3
-5	163	284 +/- 16	0 +/- 0 (0 +/- 0%)	164	94	87 (93%)	0.8	3
-6	200	438 +/- 17	0 +/- 0 (0 +/- 0%)	164	94	87 (93%)	0.6	3
-7	269	574 +/- 22	0 +/- 0 (0 +/- 0%)	164	94	87 (93%)	0.6	3
-8	391	687 +/- 25	0 +/- 0 (0 +/- 0%)	164	94	87 (93%)	0.7	3
-9	504	783 +/- 26	0 +/- 0 (0 +/- 0%)	164	94	87 (93%)	0.7	3
-10	612	860 +/- 26	0 +/- 0 (0 +/- 0%)	164	94	87 (93%)	0.8	3



novel miRNAs predicted by miRDeep2
provisional id	miRDeep2 score	estimated probability that the miRNA candidate is a true positive	rfam alert	total read count	mature read count	loop read count	star read count	significant randfold p-value	miRBase miRNA	example miRBase miRNA with the same seed	UCSC browser	NCBI blastn	consensus mature sequence	consensus star sequence	consensus precursor sequence	precursor coordinate
3_19655	26.6	38 +/- 49%	-	49	48	0	1	yes	-	-	-	-	cuagaggcagcaacagccgcu	cggcuguugcugccucaaggc	cuagaggcagcaacagccgcucaaaauuuccuugcgcggcuguugcugccucaaggc	3:109885778..109885835:-
2_1926	5	38 +/- 40%	-	2324	2324	0	0	yes	-	dme-miR-932-5p	-	-	acaauuccggagccuguugagu	gcaacagaugauccgggugauuguga	acaauuccggagccuguugaguauagcaacagaugauccgggugauuguga	2:149601880..149601931:+
3_17798	4.2	41 +/- 37%	-	10	9	0	1	yes	-	-	-	-	uuggaagagggaaaaaccccuuuga	aagaggcacaaaaccucuu	uuggaagagggaaaaaccccuuugagugauuucuauagaaaucuuucucaaagaggcacaaaaccucuu	3:381028729..381028798:+
3_21064	3.9	55 +/- 27%	-	7	4	2	1	yes	-	-	-	-	gaccuguggugauggaggaccucuc	uucuucuuccucacuacgguugu	uucuucuuccucacuacgguuguccagggggcguccccccccccugcuccgcccugaccuguggugauggaggaccucuc	3:206846570..206846650:-
1_24753	3.1	55 +/- 27%	-	6	4	0	2	yes	-	-	-	-	agcuguggguccuuguccaggcgac	gguuugguauuccuggauuugcu	gguuugguauuccuggauuugcuguuggaccuuuuuuucuagcuguggguccuuguccaggcgac	1:73134619..73134684:+
2_8413	3	55 +/- 27%	-	52	52	0	0	yes	-	-	-	-	cuagaggcagcaacagccgcu	cggcuguugcugccucuaggc	cuagaggcagcaacagccgcucaaaauuuccuugcgcggcuguugcugccucuaggc	2:192251181..192251238:-
3_15979	2.4	41 +/- 27%	-	7	5	0	2	yes	-	-	-	-	aaggacguuugggcauaauc	guuaucccagaucaucuu	guuaucccagaucaucuucugugcggguugaauauucugcauaaggacguuugggcauaauc	3:255808908..255808970:+
3_23404	1.8	60 +/- 15%	-	11	9	0	2	no	-	-	-	-	uuaggcaggaagccaucgau	ggaggacuuccuggaagguuuc	ggaggacuuccuggaagguuucggcuacaaguacgagcguaucgauggugguaucaccggaacgcuuaggcaggaagccaucgau	3:371111229..371111314:-
3_13463	1.8	60 +/- 15%	-	5	5	0	0	yes	-	dme-miR-971-3p	-	-	uugguguuauaucuuacagugag	ggcuguaaguauuacagcaagc	ggcuguaaguauuacagcaagcuugcuauucgaaaggcgcuugguguuauaucuuacagugag	3:82678953..82679016:+
1_32978	1.4	60 +/- 15%	-	3	3	0	0	yes	-	dme-miR-4978-5p	-	-	accuggaauuccuccagggau	uccuccagggauuccaccugg	uccuccagggauuccaccuggaauuccuccagggauuccaccuggaauuccuccagggauuccaccuggaauuccuccagggau	1:237860732..237860816:-
1_32977	1.3	60 +/- 15%	-	3	3	0	0	yes	-	dme-miR-4978-5p	-	-	accuggaauuccuccagggau	uccuccagggauuccaccugg	uccuccagggauuccaccuggaauuccuccagggauuccaccuggaauuccuccagggauuccaccuggaauuccuccagggau	1:237860684..237860768:-
3_15523	1.2	60 +/- 15%	-	11	11	0	0	yes	-	-	-	-	caccuguccagcgaauugggag	cccaauucgauagacaugcg	cccaauucgauagacaugcggcugcgguaguugguaacgcaccuguccagcgaauugggag	3:218717124..218717185:+
2_8414	1.1	60 +/- 15%	-	52	52	0	0	yes	-	-	-	-	cuagaggcagcaacagccgcu	ucucuguuuucugccgacgagga	ucucuguuuucugccgacgaggauugaauaagccggaagauucccaccuagaggcagcaacagccgcu	2:192251217..192251285:-
1_29079	1.1	60 +/- 15%	-	3	3	0	0	yes	-	dme-miR-4982-3p	-	-	ugcuggaagcuucuccagcuuc	agcuucucgagcuucugcugga	ugcuggaagcuucuccagcuucugcuugaagcuucucgagcuucugcuggaagcuucucgagcuucugcugga	1:65363159..65363232:-
2_5549	1.1	60 +/- 15%	-	11	11	0	0	yes	-	-	-	-	gacgagggcaggaucaaacauaa	uuguuugaucuuccgaccuuaacgc	uuguuugaucuuccgaccuuaacgcuugcuccugcgggagugagugacgagggcaggaucaaacauaa	2:467592485..467592553:+
2_4491	1	60 +/- 15%	-	11	11	0	0	yes	-	-	-	-	aucaaacaugucgcacgucggu	cgguuaguucuguuugaucu	cgguuaguucuguuugaucuaucgaccuugacgcuugcuccuacaggggcgagcgacgaaggcaggaucaaacaugucgcacgucggu	2:360777062..360777150:+
3_16727	1	60 +/- 15%	-	66	66	0	0	yes	-	-	-	-	acguuguuguuguuguuguu	ugacggggcggcguua	ugacggggcggcguuauuacguuguuguuguuguuguu	3:311565113..311565151:+
2_9845	0.7	42 +/- 15%	-	13	13	0	0	yes	-	-	-	-	ugcucugguauuuugauguucg	gaacucaagauaccagaucaug	ugcucugguauuuugauguucgauggauuugauauuacucggaacucaagauaccagaucaug	2:289697988..289698051:-
NIGP01000139_34526	0.7	42 +/- 15%	-	11	11	0	0	yes	-	-	-	-	aaagagcagaaguuugcuguugauc	uggacaguagcuuuugcguguuuucc	aaagagcagaaguuugcuguugaucgauuggacaguagcuuuugcguguuuucc	NIGP01000139:15519..15573:+
3_12661	0.7	42 +/- 15%	-	537	305	232	0	yes	-	-	-	-	ggauuggauuuggauuggauuu	guuugaucgcauuuugguugaa	guuugaucgcauuuugguugaauuucgauuuggauuggauuuggauuggauuugguuuggauuuggauuggauuuggauuuggauggauuggauuggauuuggauuggauuu	3:11761173..11761285:+
1_32899	0.5	42 +/- 15%	-	16	8	7	1	yes	-	-	-	-	aauguaggacauuacagcua	uauauuggguuacuuggguca	aauguaggacauuacagcuauauaauagcccuauaucagcacgcagggugaauuauaguuauauuggguuacuuggguca	1:235481614..235481694:-
1_28511	0.1	42 +/- 15%	-	9	6	0	3	yes	-	-	-	-	aagcuucuaggagaagcuc	aagcuucuagaagaagcuc	aagcuucuaggagaagcucagcaagcuucuagaagaagcuc	1:22825754..22825795:-
3_14493	0	42 +/- 15%	-	147	147	0	0	yes	-	-	-	-	uguaugugugguugaucucucac	accaguucgaccauuggcaca	accaguucgaccauuggcacauguguaugugugguugaucucucac	3:154802672..154802718:+



mature miRBase miRNAs detected by miRDeep2
tag id	miRDeep2 score	estimated probability that the miRNA is a true positive	rfam alert	total read count	mature read count	loop read count	star read count	significant randfold p-value	mature miRBase miRNA	example miRBase miRNA with the same seed	UCSC browser	NCBI blastn	consensus mature sequence	consensus star sequence	consensus precursor sequence	precursor coordinate
1_33779	15360.7	38 +/- 49%	-	30121	30108	0	13	yes	aae-miR-283	dme-miR-283-5p	-	-	caauaucagcugguaauucuggg	cggaauuccaacugauaucca	caauaucagcugguaauucugggcuuaccccaccguuauacgcuucccggaauuccaacugauaucca	1:305625601..305625669:-
1_33771	3657.7	38 +/- 49%	-	7167	7165	0	2	yes	aae-miR-12-5p	dme-miR-12-5p	-	-	ugaguauuacaucagguacuggu	ccaguacuuauguuaugcucuc	ugaguauuacaucagguacuggugucgauauucgaaucaccaacgaaucggguuccuuugauuaacuuaccaguacuuauguuaugcucuc	1:305613549..305613640:-
2_7150	3493.7	38 +/- 49%	-	6844	6842	0	2	yes	aae-miR-2a-5p	dme-miR-2a-3p	-	-	uaucacagccagcuuugaagagcg	acucucaaagugguugugaaaug	acucucaaagugguugugaaaugaguuacucuugaacgaucucauaucacagccagcuuugaagagcg	2:107237501..107237569:-
2_6588	3402.9	38 +/- 49%	-	6672	6661	0	11	yes	aae-miR-11894a	-	-	-	uuuaccauuucaagaugaccua	ggucgucuugaaaugguaaaga	ggucgucuugaaaugguaaagagugucaaucaucaucuuuaccauuucaagaugaccua	2:58785158..58785217:-
2_6592	3402.8	38 +/- 49%	-	6672	6661	0	11	yes	aae-miR-11894a	-	-	-	uuuaccauuucaagaugaccua	ggucgucuugaaaugguaaaga	ggucgucuugaaaugguaaagagugucaaucaucaucuuuaccauuucaagaugaccua	2:58786284..58786343:-
2_6590	3402.8	38 +/- 49%	-	6672	6661	0	11	yes	aae-miR-11894a	-	-	-	uuuaccauuucaagaugaccua	ggucgucuugaaaugguaaaga	ggucgucuugaaaugguaaagagugucaaucaucaucuuuaccauuucaagaugaccua	2:58785850..58785909:-
2_6596	3402.7	38 +/- 49%	-	6672	6661	0	11	yes	aae-miR-11894a	-	-	-	uuuaccauuucaagaugaccua	ggucgucuugaaaugguaaaga	ggucgucuugaaaugguaaagagugucaaucaucaucuuuaccauuucaagaugaccua	2:58787948..58788007:-
2_6594	3402.7	38 +/- 49%	-	6672	6661	0	11	yes	aae-miR-11894a	-	-	-	uuuaccauuucaagaugaccua	ggucgucuugaaaugguaaaga	ggucgucuugaaaugguaaagagugucaaucaucaucuuuaccauuucaagaugaccua	2:58787426..58787485:-
2_6584	3397.7	38 +/- 49%	-	6662	6661	0	1	yes	aae-miR-11894a	-	-	-	uuuaccauuucaagaugaccua	gguugucuugaaaugguaaaga	gguugucuugaaaugguaaagagugucaaccaucaucuuuaccauuucaagaugaccua	2:58783350..58783409:-
2_3924	1709.6	38 +/- 49%	-	3347	3342	0	5	yes	aae-miR-305-5p	dme-miR-305-5p	-	-	auuguacuucaucaggugcucugg	cggcacauguuggaguacacuu	auuguacuucaucaggugcucugguuguuuucgauacccggcacauguuggaguacacuu	2:307145445..307145505:+
3_23760	1699.4	38 +/- 49%	-	3325	3312	0	13	yes	aae-miR-308-5p	dme-miR-2a-3p	-	-	aaucacaggaguauacugugag	cgcgguauauucuuguggcuug	cgcgguauauucuuguggcuugaugcauuugaaaaaucucaaaucacaggaguauacugugag	3:403338483..403338546:-
2_7148	1224.6	38 +/- 49%	-	2393	2389	0	4	yes	aae-miR-2c	dme-miR-2a-3p	-	-	uaucacagccagcuuugaugagcu	acucucaaaguggcugugaaaug	acucucaaaguggcugugaaaugguuugauuuugcucauaucacagccagcuuugaugagcu	2:107235884..107235946:-
1_33720	641.7	38 +/- 49%	-	1250	1244	0	6	yes	aae-miR-277-5p	dme-miR-277-3p	-	-	uaaaugcacuaucugguacgaca	cgugucagaagugcauuuaca	cgugucagaagugcauuuacauagguauuucccguuuagcaguauuuguaaaugcacuaucugguacgaca	1:302603812..302603883:-
2_3921	551	38 +/- 49%	-	1072	1070	0	2	yes	aae-miR-275-5p	dme-miR-275-3p	-	-	ucagguaccugaaguagcgcgcg	cgcgcuaagcaggaaccgagacu	cgcgcuaagcaggaaccgagacuuugucauuugcuagcagucagguaccugaaguagcgcgcg	2:307135668..307135731:+
3_14935	541.1	38 +/- 49%	-	1056	1049	0	7	yes	aae-bantam-5p	dme-bantam-3p	-	-	ugagaucauuuugaaagcugauu	ccgguuuucauuuucgaucugacu	ccgguuuucauuuucgaucugacuuauuugauuuaacaagagugagaucauuuugaaagcugauu	3:178082830..178082895:+
2_6586	534.9	38 +/- 49%	-	1047	1046	0	1	yes	aae-miR-11894b	-	-	-	uuuaccauuucaauaugaccua	ggucguauugaaaugguaaaga	ggucguauugaaaugguaaagagugucaaucaucaucuuuaccauuucaauaugaccua	2:58784590..58784649:-
2_7152	323.9	38 +/- 49%	-	627	589	0	38	yes	aae-miR-13-5p	dme-miR-2a-3p	-	-	uaucacagccauuuugacgaguu	ucguaaaaaugguugugcugu	ucguaaaaaugguugugcuguguuguuacgcucgaaauucauaucacagccauuuugacgaguu	2:107237649..107237713:-
1_26759	307.6	38 +/- 49%	-	595	594	0	1	yes	aae-miR-996	dme-miR-279-3p	-	-	ugacuagauuacaugcucgucu	gcgugcaugaaucuggugcacg	gcgugcaugaaucuggugcacgguuuuccaguuguaauaucgcuucgugacuagauuacaugcucgucu	1:207012536..207012605:+
2_6489	279.8	38 +/- 49%	-	541	540	0	1	yes	aae-miR-190	dme-miR-190-5p	-	-	agauauguuugauauucuugguug	cccaggaaucaaacauauuauua	agauauguuugauauucuugguuguuaaauuuuauauuaucacccaggaaucaaacauauuauua	2:48811877..48811942:-
1_30505	269.6	38 +/- 49%	-	522	486	0	36	yes	aae-miR-252-5p	dme-miR-252-5p	-	-	cuaaguacuagugccgcagga	ccugcugcccaagugcuuaucg	cuaaguacuagugccgcaggagagauuugaaccccugcugcccaagugcuuaucg	1:175818157..175818212:-
3_19054	267.1	38 +/- 49%	-	515	504	0	11	yes	aae-miR-11-5p	dme-miR-2a-3p	-	-	caucacagucugaguucuugcu	cgagaacuccggcugugaccug	cgagaacuccggcugugaccuguguacacuuuauccaaaucacaucacagucugaguucuugcu	3:75489864..75489928:-
2_7157	230.9	38 +/- 49%	-	451	373	0	78	yes	aae-miR-71-5p	-	-	-	agaaagacauggguagugagau	ucucacuaccuugucuuucaug	agaaagacauggguagugagauaguuucacccuauugcacugggaucucacuaccuugucuuucaug	2:107238287..107238354:-
2_6995	206.7	38 +/- 49%	-	397	391	0	6	yes	aae-miR-282-5p	dme-miR-282-5p	-	-	uagccucuccuaggcuuugucu	acauagccugacagagguuagg	uagccucuccuaggcuuugucuguuaccuuccuugggaauuccacuagccagacauagccugacagagguuagg	2:96911966..96912040:-
2_6993	173.9	38 +/- 49%	-	333	299	0	34	yes	aae-miR-281-5p	dme-miR-281-2-5p	-	-	aagagagcuauccgucgacagu	ugucauggaauugcucucuuua	aagagagcuauccgucgacaguagggauaugauucacugucauggaauugcucucuuua	2:96469361..96469420:-
1_26757	142.1	38 +/- 49%	-	271	267	0	4	yes	aae-miR-279	dme-miR-279-3p	-	-	ugacuagauccacacucauuaa	gaugggugugaaucuagu	gaugggugugaaucuaguguuucacaugauuuucgauagccugugacuagauccacacucauuaa	1:207007788..207007853:+
3_19052	106	38 +/- 49%	-	199	198	0	1	yes	aae-miR-998	dme-miR-285-3p	-	-	uagcaccaugagauucagcuc	acugaacucucgugggucugca	acugaacucucgugggucugcaguugauauuucgaaagcuuguagcaccaugagauucagcuc	3:75489589..75489652:-
2_6778	104.7	38 +/- 49%	-	197	176	0	21	yes	aae-miR-276-5p	dme-miR-276a-3p	-	-	uaggaacuucauaccgugcucu	agcgagguauagaguuccuacg	agcgagguauagaguuccuacguugcgugugcgaaauugguaggaacuucauaccgugcucu	2:73120452..73120514:-
2_6794	95.2	38 +/- 49%	-	178	176	0	2	yes	aae-miR-276-3p	dme-miR-276a-3p	-	-	uaggaacuucauaccgugcucu	agcgagguauagaguuccuaug	agcgagguauagaguuccuaugcguucggauaaaauauuccauaggaacuucauaccgugcucu	2:73509399..73509463:-
2_4311	90.5	38 +/- 49%	-	170	168	0	2	yes	aae-miR-14	dme-miR-14-3p	-	-	ucagucuuuuucucucuccuau	gggagcgagauuaaggcuugcu	gggagcgagauuaaggcuugcuggucauuuauuacacucgaagucagucuuuuucucucuccuau	2:344767572..344767637:+
3_19254	53	38 +/- 49%	-	96	95	0	1	yes	aae-miR-92a-5p	dme-miR-92a-3p	-	-	uauugcacuugucccggccuau	cgguacggacaggggcaacauug	cgguacggacaggggcaacauugugacauuugaaagcuaauauugcacuugucccggccuau	3:93477596..93477658:-
2_10613	51.5	38 +/- 49%	-	93	66	0	27	yes	aae-miR-9c-5p	dme-miR-9a-5p	-	-	ucuuugguauucuagcuguaga	uaaagcuuuaguaccagagguc	ucuuugguauucuagcuguagaauguugagcuuugugauaugguaucuucuaaagcuuuaguaccagagguc	2:335810364..335810436:-
3_15879	30.5	38 +/- 49%	-	51	35	0	16	yes	aae-miR-307	dme-miR-307a-3p	-	-	ucacaaccuccuugagugagcga	acucacucaaccugggugugaug	acucacucaaccugggugugaugcuuauuugaaucaucacaaccuccuugagugagcga	3:244794376..244794435:+
2_1109	29.5	38 +/- 49%	-	49	43	0	6	yes	aae-miR-988-5p	dme-miR-988-3p	-	-	ccccuuguugcaaaccucacgc	gugugcuuugugacaaugagau	gugugcuuugugacaaugagauucgguucgauaucauccccuuguugcaaaccucacgc	2:93351380..93351439:+
2_1262	12.9	38 +/- 49%	-	18	17	0	1	yes	aae-miR-9a	dme-miR-9a-5p	-	-	ucuuugguuaucuagcuguaug	auaaagcuagcauaccgaagu	ucuuugguuaucuagcuguaugagugaauuuagaacaucauaaagcuagcauaccgaagu	2:108461947..108462007:+
1_29264	11.2	38 +/- 49%	-	14	13	0	1	yes	aae-miR-87	dme-miR-87-3p	-	-	gugagcaaauuuucaggugugu	cagccugaaauuugcuaaaccu	cagccugaaauuugcuaaaccuguguguauuugauucaaacaaucaaggugagcaaauuuucaggugugu	1:80682401..80682471:-
NIGP01001634_34895	7.3	33 +/- 47%	-	6	4	0	2	yes	aae-miR-10365	dme-miR-927-5p	-	-	auuagaauguggaaucuguuuuu	aaaaguuuucauauucuugcgg	auuagaauguggaaucuguuuuuguacaucaaguguuacgaaacgaagcaaaaaaguuuucauauucuugcgg	NIGP01001634:30709..30782:-
1_26246	5.4	38 +/- 40%	-	12	12	0	0	yes	aae-miR-929	dme-miR-929-5p	-	-	aaauugacucuaguagggagu	ucccuaacggagucagauuga	aaauugacucuaguagggaguccuuguguacgagugacucccuaacggagucagauuga	1:198495526..198495585:+
3_21588	5.3	38 +/- 40%	-	524	524	0	0	yes	aae-miR-278-5p	dme-miR-278-3p	-	-	ucggugggacuuucguccguuu	acggacgauagucuucagcggcc	acggacgauagucuucagcggccgugcauuugauagaaguggucggugggacuuucguccguuu	3:243123888..243123952:-
1_28875	5.3	38 +/- 40%	-	218	211	0	7	yes	aae-miR-33	dme-miR-33-5p	-	-	gugcauuguaguugcauugca	ugcaauacuucugcaaugcaag	gugcauuguaguugcauugcacuuuugcguucgauaacacggugcaauacuucugcaaugcaag	1:50888882..50888946:-
3_18188	5.2	38 +/- 40%	-	14	14	0	0	yes	aae-miR-980-5p	dme-miR-980-3p	-	-	uagcugccuagugaagggcaau	ggccguucauugggucaucuagc	ggccguucauugggucaucuagcucguguuggaaacaguuagcugccuagugaagggcaau	3:1054523..1054584:-
1_33724	5.1	38 +/- 40%	-	1869	1869	0	0	yes	aae-miR-317	dme-miR-317-3p	-	-	ugaacacagcuggugguaucuc	gauacacccugugcucgcu	gauacacccugugcucgcuuugcauucgaaacuagugaacacagcuggugguaucuc	1:302667132..302667189:-
2_7156	5.1	38 +/- 40%	-	1460	1460	0	0	yes	aae-miR-2c	dme-miR-2a-3p	-	-	uaucacagccagcuuugauga	aucaaauuugguuguuuuagu	aucaaauuugguuguuuuaguacgaccucuuugaaaccccuaucacagccagcuuugauga	2:107237998..107238059:-
2_4639	5.1	38 +/- 40%	-	135	135	0	0	yes	aae-miR-2945-5p	dme-miR-279-3p	-	-	ugacuagaggcagacucguuua	agcggguccguuucuagugucaug	agcggguccguuucuagugucaugugcuguauucgaauaucaugacuagaggcagacucguuua	2:374947142..374947206:+
3_19244	5.1	38 +/- 40%	-	580	580	0	0	yes	aae-miR-92b-3p	dme-miR-92a-3p	-	-	aauugcacuugucccggccugc	aggucgugacuugugcccauuug	aggucgugacuugugcccauuugcugaauuuuaauggucaaauugcacuugucccggccugc	3:93418515..93418577:-
2_11560	5	38 +/- 40%	-	9349	9349	0	0	yes	aae-miR-184	dme-miR-184-3p	-	-	uggacggagaacugauaagggc	ccuuaucauucuugcgccccgu	ccuuaucauucuugcgccccguguuauauuguuggcgacuggacggagaacugauaagggc	2:417599380..417599441:-
2_10608	5	38 +/- 40%	-	46	46	0	0	yes	aae-miR-79-5p	dme-miR-9a-3p	-	-	uaaagcuagauuaccaaagcau	gcuuuggcgcuuuagcuguaug	gcuuuggcgcuuuagcuguaugauagaauuuaauauuucauaaagcuagauuaccaaagcau	2:335780884..335780946:-
2_10605	4.9	41 +/- 37%	-	128	128	0	0	yes	aae-miR-9b	dme-miR-9a-5p	-	-	ucuuuggugauuuuagcuguaug	uauagcuuuaucaccaaaaacc	ucuuuggugauuuuagcuguaugcugauacguuucugauugcauauagcuuuaucaccaaaaacc	2:335780574..335780639:-
1_25767	4.9	41 +/- 37%	-	63	63	0	0	yes	aae-miR-970	dme-miR-970-3p	-	-	ucauaagacacacgcggcuau	agcuugcguuugucuuagcuggua	agcuugcguuugucuuagcugguauugaaugugauagguaucauaagacacacgcggcuau	1:157238423..157238484:+
2_5073	4.9	41 +/- 37%	-	200	200	0	0	yes	aae-miR-965	dme-miR-965-3p	-	-	uaagcguauagcuuuucccau	gggaaauccuguacgcuguaug	gggaaauccuguacgcuguauguuguauuugaauaauccauaagcguauagcuuuucccau	2:429778751..429778812:+
2_4557	4.8	41 +/- 37%	-	13	13	0	0	yes	aae-miR-124	dme-miR-124-3p	-	-	uaaggcacgcggugaaugcca	guauccacugccggccuauaug	guauccacugccggccuauauguccuauuucgguacucauaaggcacgcggugaaugcca	2:369307280..369307340:+
3_23280	4.8	41 +/- 37%	-	19	19	0	0	yes	aae-miR-989	dme-miR-989-3p	-	-	ugugaugugacguagugguac	gccgcuaccucgcuuucacuug	gccgcuaccucgcuuucacuugguaccgauuucccauaauccaugugaugugacguagugguac	3:366439082..366439146:-
1_33834	4.7	41 +/- 37%	-	108	102	0	6	yes	aae-miR-1175-5p	dme-miR-958-3p	-	-	ugagauucuacuucuccgacuu	aaguggaguaguggucucaucgc	aaguggaguaguggucucaucgcuuaguauuagaaaagugagauucuacuucuccgacuu	1:307010046..307010106:-
2_4179	4.7	41 +/- 37%	-	20	20	0	0	yes	aae-miR-133	dme-miR-133-3p	-	-	uugguccccuucaaccagcugu	agcugguugacuucgggucaaau	agcugguugacuucgggucaaaucgucaaauauuugcaaagauauuuccucagugaaauuauuugguccccuucaaccagcugu	2:330417065..330417149:+
2_11352	4.6	41 +/- 37%	-	142	142	0	0	yes	aae-miR-1	dme-miR-1-3p	-	-	uggaauguaaagaaguaugga	caugcuuccuugcauucaaua	caugcuuccuugcauucaauagugauucugaaagcauauggaauguaaagaaguaugga	2:399501024..399501083:-
3_17123	4.2	41 +/- 37%	-	311	311	0	0	yes	aae-miR-8-5p	dme-miR-8-3p	-	-	uaauacugucagguaaagauguc	caucuuaccgggcagcauuaga	caucuuaccgggcagcauuagauauuuuugaaauacuucuaauacugucagguaaagauguc	3:328527955..328528017:+
3_14222	3.8	55 +/- 27%	-	46	46	0	0	yes	aae-miR-31	dme-miR-31b-5p	-	-	uggcaagauguuggcauagcug	gcuauucaacuucuugucuau	uggcaagauguuggcauagcugaaaguuuugaguuuagcuauucaacuucuugucuau	3:136174150..136174208:+
2_2760	3.7	55 +/- 27%	-	298	298	0	0	yes	aae-miR-7	dme-miR-7-5p	-	-	uggaagacuagugauuuuguuguu	uaacaauaaaucucaagucuuucuac	uggaagacuagugauuuuguuguuuugcuuacgauaauaacaauaaaucucaagucuuucuac	2:222802544..222802607:+
2_4644	3.2	55 +/- 27%	-	9	9	0	0	yes	aae-miR-125-5p	dme-miR-125-5p	-	-	ucccugagacccuaacuugugac	cacaaguuuugaucuccgguauu	ucccugagacccuaacuugugacuauaguugaaguuucacaaguuuugaucuccgguauu	2:375131781..375131841:+
2_4642	2.9	41 +/- 27%	-	8	8	0	0	yes	aae-let-7	dme-let-7-5p	-	-	ugagguaguugguuguauagu	uaugcaaucugcuagcuuguc	ugagguaguugguuguauaguagugacugauuaaauaucugcuaugcaaucugcuagcuuguc	2:375131497..375131560:+
2_2882	2.8	41 +/- 27%	-	8	8	0	0	yes	aae-miR-932-5p	dme-miR-932-5p	-	-	ucaauuccguagugcauugca	caagcaauguggaagugaag	ucaauuccguagugcauugcagugugcuuuagacgaacugcaagcaauguggaagugaag	2:231381156..231381216:+
2_44	2.7	41 +/- 27%	-	8	8	0	0	yes	aae-miR-219	dme-miR-219-5p	-	-	ugauuguccaaacgcaauucuu	gaguugugacuggacauccgug	ugauuguccaaacgcaauucuuguuuuauucgaauaugauauccaagaguugugacuggacauccgug	2:3715261..3715329:+
2_10440	1.7	60 +/- 15%	-	6727	6727	0	0	yes	aae-miR-11895	-	-	-	uucaugcauucacuucugcuga	agcaggagugaaugcaugaguu	agcaggagugaaugcaugaguuugacaucugaaacuaauucaugcauucacuucugcuga	2:324949494..324949554:-
2_11530	1.4	60 +/- 15%	-	85	85	0	0	yes	aae-miR-1890	-	-	-	ugaaaucuuugauuaggucugg	agagcuaauuggagaguucuug	agagcuaauuggagaguucuugaauaguguugugaaccuucaugaaaucuuugauuaggucugg	2:413654961..413655025:-
3_19389	1.4	60 +/- 15%	-	85	85	0	0	yes	aae-miR-2765	-	-	-	ugguaacuccaccaccguugg	aaugggagcuggaguucccgcg	ugguaacuccaccaccguuggcgauauuugacagccaaugggagcuggaguucccgcg	3:101895454..101895512:-
2_1110	1	60 +/- 15%	-	43	43	0	0	no	aae-miR-988-3p	dme-miR-988-3p	-	-	ccccuuguugcaaaccucacgc	ggcagguaggggcaaugggggc	ccccuuguugcaaaccucacgcuugcgguagguuccacaacugcugagagguggcagguaggggcaaugggggc	2:93351417..93351491:+
1_33853	0.6	42 +/- 15%	-	4	4	0	0	yes	aae-miR-iab-4-5p	dme-miR-iab-4-5p	-	-	acguauacugaauguauccuga	gguauaccuucaguauacguaa	acguauacugaauguauccugagugcuaucuauccgguauaccuucaguauacguaa	1:308965424..308965481:-
2_3922	-1	2 +/- 6%	-	1070	1070	0	0	no	aae-miR-275-3p	dme-miR-275-3p	-	-	ucagguaccugaaguagcgcgcg	ucaucaagcgacaacagaggcgugaaa	ucagguaccugaaguagcgcgcgugaucaaacaggaagcgucaucaagcgacaacagaggcgugaaa	2:307135708..307135775:+
2_11351	-1.4	0 +/- 0%	-	142	142	0	0	no	aae-miR-1	dme-miR-1-3p	-	-	uggaauguaaagaaguaugga	uucuucaaaaaacggaaccaag	uggaauguaaagaaguauggagcgcucgggcaaacucgacgugggaucuucuucaaaaaacggaaccaag	2:399500975..399501045:-
2_9562	-1.5	0 +/- 0%	-	7	7	0	0	yes	aae-miR-2941	-	-	-	uaguacggcuagaacuccacgga	cgugaagcucagcugcauuaca	cgugaagcucagcugcauuacacgauauggaauacgguuuguaguacggcuagaacuccacgga	2:268456314..268456378:-
2_6994	-2.3	1 +/- 3%	-	299	299	0	0	no	aae-miR-281-5p	dme-miR-281-2-5p	-	-	aagagagcuauccgucgacagu	cguugacgugggauuuuuuug	cguugacgugggauuuuuuuguucauuuuguucuuucgcugguuucgaauaugaaaauaaagagagcuauccgucgacagu	2:96469398..96469479:-
1_24465	-3.3	0 +/- 1%	-	32	32	0	0	no	aae-miR-210	-	-	-	uugugcgugugacaacggcuau	agcugcugaccacugcacaaga	agcugcugaccacugcacaagauuagauuaugacucuugugcgugugacaacggcuau	1:54892617..54892675:+
2_3319	-4.8	0 +/- 0%	-	12	12	0	0	no	aae-miR-11893	-	-	-	uuccugacuuauacgcuuaccu	guaaguagauaaaucagaaaga	guaaguagauaaaucagaaagacguuuauaucguuucuuccugacuuauacgcuuaccu	2:257889040..257889099:+

#miRBase miRNAs not detected by miRDeep2
miRBase precursor id	total read count	mature read count(s)	star read count	remaining reads	UCSC browser	NCBI blastn	miRBase mature sequence(s)	miRBase star sequence(s)	miRBase precursor sequence
2060	2060	0	0	-	-	ucagguacugagugacucucag	gagagcaccucgguaucuaagc	-	cauucgcaauuucaccgguucagguacugagugacucucagaugugcauuucucaagcaaucucguccucaggaccugagguugaaaaacccugagagcaccucgguaucuaagccaguguugcgaaaa	
1819	1819	0	0	-	-	cacguuacagauugggguuucc	uaaucucaaauuguaacagugg	-	gagguaaucucaaauuguaacaguggguugauuuuccuggugaaucccggccuuguccuccgucacaagugugacaagugucucgaaaacguguucgcuauacccacguuacagauugggguuucccc	
1405	1405	0	0	-	-	ugguuuaucuuaucugucgaggc	gucgacagggagauaaaucacu	-	cauugguuuaucuuaucugucgaggcaaguuauuuuaccggauaguguuucuuuucgugagcaaucaccacuauccagcucuucuugucgacagggagauaaaucacug	
565	565	0	0	-	-	caaccacuauccgcccugccgcc	uggcagugugguuagcugguug	-	caaggcaauacgcuauggcagugugguuagcugguuguguagaacuuuggggggcuuccguggcguucgcgcgcacacgggggcucagauucacaaccacuauccgcccugccgccgcgaggugccagg	
32	32	0	0	-	-	ugucuuuuuccgcuuacugccg	-	ccaacauuuugauugauuugucuuuuuccgcuuacugccgguggcauuugaaauucucgacagcaaaccgaaaaaggcgccucaaucaauu	
7	4	0	3	-	-	ugaggaguuaauuugcguguuu	-	aucuuuuuccgucauguugaggaguuaauuugcguguuuuuguauuugauuaaacacguccauuaacucugguacaugaugauaaaagccaa	
4	4	0	0	-	-	aacccguagauccgaacuugug	-	gcguagugguuguaguuacccauuugcaggaacccguagauccgaacuugugcugccguuucacauguuacaagaacggauguaugggauucugccgauguauggcuaaagcaucgaucgauuugu	
4	4	0	0	-	-	uagcaccauucgaaaucaguac	-	guuaaucuuccuaaguacuggcuuccaaaggugaguagauggcauucgauacacucuagcaccauucgaaaucaguacugaaggcgaagauuuguucugcguga	
3	3	0	0	-	-	aauggcacuggaagaauucacgg	cguguucuggcaguggcauccc	-	uccuaguacacguaauggcacuggaagaauucacggguauauuuugaaauccccguguucuggcaguggcaucccugguacuaaggugauucaucag	
3	3	0	0	-	-	uggaucuuuucgugccaucgu	cuuggcacugggagaauucacag	-	gaccaauuacgaaccuuggcacugggagaauucacaggcgcuauuugcuaucauucuguggaucuuuucgugccaucguuuaaauucgguc	
7	3	0	4	-	-	cugaaaacuuaaucgauugguc	-	uaaccugaaaacuuaaucgauuggucacuagcugcgcggugaccaaucgauuaaguuuucagcuua	
2	2	0	0	-	-	ucagaucuacuuaauacccau	-	acuccaauucuggguauuuuagauccuuggcauaguuacgugauugaaugcacuguucuucuuugguuuacccaguaucgaacacgcgucaaucugucagaucuacuuaauacccaua	
2	2	0	0	-	-	caugaacgacgacgugacgccg	-	uauaagucccgucgucgccuucaugugcgguggucacaugccacacaugaacgacgacgugacgccgc	
2	2	0	0	-	-	uucguugucgacgaaaccugca	-	aaaccuugccuggaucggguuucgcggcgaacgggcuuccaccaugaugaauagcaguucguugucgacgaaaccugcacauugcaaggca	
2	2	0	0	-	-	acccuguagauccgaauuuguu	-	uuuguucuacaucuacccuguagauccgaauuuguuugaauauuuaacaagcgacaaauucgguucuagagagguuuguguggggcauu	
11	2	0	9	-	-	gugugugaaccguuggcggc	-	agcagugugugaaccguuggcggcgcaacgccugaugguauugaugcugcu	
2	2	0	0	-	-	uguuaacuguaagacugugucu	-	gcagggacgcggucgugcaggaaauuauuuggcauuagauucaaauguuaacuguaagacugugucuuugcgggugauc	
1	1	0	0	-	-	gaaggaacucccggugugauaua	uaucacagcaguaguuaccuga	-	aucgaaggaacucccggugugauauaugacucgauuauaucacagcaguaguuaccugauau	
1	1	0	0	-	-	aaaugggacugauaugcgaguau	-	ccauucucgcauaacaguaccauauucuugggauuucucauauaaaugggacugauaugcgaguaugg	
1	1	0	0	-	-	caucacagaauuguuuuuacug	-	aaacaucacagaauuguuuuuacugauaaggaacuauguguaaaaauaauucuguaaaguuu	
1	1	0	0	-	-	uaugaccgauuuaauauauggcu	-	uguuccauguaugauuucggucauguaugcaguugaaaauaauuauaugaccgauuuaauauauggcuca	
1	1	0	0	-	-	uagcuagguugcggugcacugcu	-	gaagucaguguacucugccuggccggcgcugcugcgagucuagcuagguugcggugcacugcuuc	





5	0	0	5	-	-	cgagauacggagagauugcgaca	-	cagucgccucuucacaucucgauaucgaagggaccaucgagauacggagagauugcgacaa	



2	0	0	2	-	-	aauguuggacaacugcaaggu	-	auaaaauguuggacaacugcaagguacuucaagguuuuuauuucgucuuuaauacaggguaucugcagugaucgauuuucucu	

2	0	0	2	-	-	cccaucaacugcugaacuguuuu	-	ucccccaucaacugcugaacuguuuuaggcuucguacgaaagcauuucagacauugguggacga	











3	0	0	3	-	-	ucacuuuuuagugacuugguc	-	caagucacuuuuuagugacuuggucacuuuuuucaaucuggucacuaaaaagucacuau	












1	0	0	1	-	-	auuuuuuugacuguaauuuuauag	-	augguaaaauuacguugaaaaaucgucucccucaaaaaaugaaaccugagacuaacaggagauuuuuuugacuguaauuuuauagu	




1	0	0	1	-	-	uuaaguaggcacuugcaggcaaa	-	gauguuaaguaggcacuugcaggcaaauuuguagcuuuaauaugauugacugcuuuuuccuacuuuacauu	

1	0	0	1	-	-	uuggacuggcaugcguuuaugg	-	cccauaaacgcauaauugucccaugugaauagaaaauccagccacauuggacuggcaugcguuuauggg	
